2026-03-04 13:41:37,459 - main - INFO - === Logging system initialized ===
2026-03-04 13:41:37,459 - main - INFO - Log file: logs/app_20260304_134137.log
2026-03-04 13:41:37,459 - main - INFO - Log level: INFO
2026-03-04 13:41:37,459 - main - INFO - Timestamp: 20260304_134137
2026-03-04 13:41:37,488 - main - INFO - === Logging system initialized ===
2026-03-04 13:41:37,488 - main - INFO - Log file: logs/app_20260304_134137.log
2026-03-04 13:41:37,488 - main - INFO - Log level: INFO
2026-03-04 13:41:37,488 - main - INFO - Timestamp: 20260304_134137
2026-03-04 13:41:37,521 - main - INFO - === Logging system initialized ===
2026-03-04 13:41:37,521 - main - INFO - Log file: logs/app_20260304_134137.log
2026-03-04 13:41:37,521 - main - INFO - Log level: INFO
2026-03-04 13:41:37,521 - main - INFO - Timestamp: 20260304_134137
2026-03-04 13:41:37,570 - main - INFO - === Logging system initialized ===
2026-03-04 13:41:37,570 - main - INFO - Log file: logs/app_20260304_134137.log
2026-03-04 13:41:37,570 - main - INFO - Log level: INFO
2026-03-04 13:41:37,570 - main - INFO - Timestamp: 20260304_134137
2026-03-04 13:41:38,057 - main - INFO - Included router: routers.aihub.router
2026-03-04 13:41:38,093 - main - INFO - Included router: routers.aihub.router
2026-03-04 13:41:38,094 - main - INFO - Included router: routers.auth.router
2026-03-04 13:41:38,095 - main - INFO - Included router: routers.health.router
2026-03-04 13:41:38,106 - main - INFO - Included router: routers.orders.router
2026-03-04 13:41:38,113 - main - INFO - Included router: routers.aihub.router
2026-03-04 13:41:38,134 - main - INFO - Included router: routers.auth.router
2026-03-04 13:41:38,135 - main - INFO - Included router: routers.health.router
2026-03-04 13:41:38,146 - main - INFO - Included router: routers.orders.router
2026-03-04 13:41:38,150 - main - INFO - Included router: routers.auth.router
2026-03-04 13:41:38,151 - main - INFO - Included router: routers.health.router
2026-03-04 13:41:38,161 - main - INFO - Included router: routers.aihub.router
2026-03-04 13:41:38,162 - main - INFO - Included router: routers.orders.router
2026-03-04 13:41:38,173 - main - INFO - Included router: routers.products.router
2026-03-04 13:41:38,209 - main - INFO - Included router: routers.settings.router
2026-03-04 13:41:38,218 - main - INFO - Included router: routers.auth.router
2026-03-04 13:41:38,218 - main - INFO - Included router: routers.health.router
2026-03-04 13:41:38,234 - main - INFO - Included router: routers.products.router
2026-03-04 13:41:38,236 - main - INFO - Included router: routers.orders.router
2026-03-04 13:41:38,245 - main - INFO - Included router: routers.products.router
2026-03-04 13:41:38,259 - main - INFO - Included router: routers.settings.router
2026-03-04 13:41:38,273 - main - INFO - Included router: routers.settings.router
2026-03-04 13:41:38,274 - main - INFO - Included router: routers.storage.router
2026-03-04 13:41:38,282 - main - INFO - Included router: routers.user.router
2026-03-04 13:41:38,283 - main - INFO - === Application startup initiated ===
2026-03-04 13:41:38,283 - services.database - DEBUG - [DB_OP] Starting database initialization
2026-03-04 13:41:38,283 - services.database - INFO - 🔧 Starting database initialization...
2026-03-04 13:41:38,284 - core.database - INFO - Starting database initialization...
2026-03-04 13:41:38,284 - core.database - INFO - Normalizing database URL for async compatibility...
2026-03-04 13:41:38,285 - core.database - DEBUG - Database exists:./test.db
2026-03-04 13:41:38,286 - core.database - WARNING - Adjusted database URL driver for async compatibility
2026-03-04 13:41:38,286 - core.database - INFO - Creating async database engine...
2026-03-04 13:41:38,286 - core.database - INFO - Using NullPool for sqlite+aiosqlite environment
2026-03-04 13:41:38,308 - main - INFO - Included router: routers.products.router
2026-03-04 13:41:38,315 - core.database - INFO - Database engine created successfully
2026-03-04 13:41:38,315 - core.database - INFO - Creating async session maker...
2026-03-04 13:41:38,316 - core.database - INFO - Async session maker created successfully
2026-03-04 13:41:38,316 - main - INFO - Included router: routers.storage.router
2026-03-04 13:41:38,316 - core.database - INFO - Database connection initialized successfully
2026-03-04 13:41:38,316 - services.database - INFO - 🔧 Database connection initialized, now creating tables if tables not exist...
2026-03-04 13:41:38,317 - core.database - DEBUG - [DB_OP] Starting create_tables
2026-03-04 13:41:38,317 - core.database - INFO - 🔧 Starting table creation...
2026-03-04 13:41:38,318 - aiosqlite - DEBUG - executing <function connect.<locals>.connector at 0x000001CBFAF8D940>
2026-03-04 13:41:38,319 - aiosqlite - DEBUG - operation <function connect.<locals>.connector at 0x000001CBFAF8D940> completed
2026-03-04 13:41:38,319 - aiosqlite - DEBUG - executing functools.partial(<built-in method create_function of sqlite3.Connection object at 0x000001CBFAF37B50>, 'regexp', 2, <function SQLiteDialect_pysqlite.on_connect.<locals>.regexp at 0x000001CBFAF8CC20>, deterministic=True)
2026-03-04 13:41:38,320 - aiosqlite - DEBUG - operation functools.partial(<built-in method create_function of sqlite3.Connection object at 0x000001CBFAF37B50>, 'regexp', 2, <function SQLiteDialect_pysqlite.on_connect.<locals>.regexp at 0x000001CBFAF8CC20>, deterministic=True) completed
2026-03-04 13:41:38,322 - aiosqlite - DEBUG - executing functools.partial(<built-in method create_function of sqlite3.Connection object at 0x000001CBFAF37B50>, 'floor', 1, <built-in function floor>, deterministic=True)
2026-03-04 13:41:38,322 - aiosqlite - DEBUG - operation functools.partial(<built-in method create_function of sqlite3.Connection object at 0x000001CBFAF37B50>, 'floor', 1, <built-in function floor>, deterministic=True) completed
2026-03-04 13:41:38,322 - aiosqlite - DEBUG - executing functools.partial(<built-in method cursor of sqlite3.Connection object at 0x000001CBFAF37B50>)
2026-03-04 13:41:38,323 - aiosqlite - DEBUG - operation functools.partial(<built-in method cursor of sqlite3.Connection object at 0x000001CBFAF37B50>) completed
2026-03-04 13:41:38,323 - aiosqlite - DEBUG - executing functools.partial(<built-in method execute of sqlite3.Cursor object at 0x000001CBFAFA4340>, 'PRAGMA read_uncommitted', [])
2026-03-04 13:41:38,323 - aiosqlite - DEBUG - operation functools.partial(<built-in method execute of sqlite3.Cursor object at 0x000001CBFAFA4340>, 'PRAGMA read_uncommitted', []) completed
2026-03-04 13:41:38,324 - aiosqlite - DEBUG - executing functools.partial(<built-in method fetchall of sqlite3.Cursor object at 0x000001CBFAFA4340>)
2026-03-04 13:41:38,324 - aiosqlite - DEBUG - operation functools.partial(<built-in method fetchall of sqlite3.Cursor object at 0x000001CBFAFA4340>) completed
2026-03-04 13:41:38,324 - aiosqlite - DEBUG - executing functools.partial(<built-in method close of sqlite3.Cursor object at 0x000001CBFAFA4340>)
2026-03-04 13:41:38,325 - aiosqlite - DEBUG - operation functools.partial(<built-in method close of sqlite3.Cursor object at 0x000001CBFAFA4340>) completed
2026-03-04 13:41:38,325 - aiosqlite - DEBUG - executing functools.partial(<built-in method rollback of sqlite3.Connection object at 0x000001CBFAF37B50>)
2026-03-04 13:41:38,325 - aiosqlite - DEBUG - operation functools.partial(<built-in method rollback of sqlite3.Connection object at 0x000001CBFAF37B50>) completed
2026-03-04 13:41:38,326 - aiosqlite - DEBUG - executing functools.partial(<built-in method cursor of sqlite3.Connection object at 0x000001CBFAF37B50>)
2026-03-04 13:41:38,327 - aiosqlite - DEBUG - operation functools.partial(<built-in method cursor of sqlite3.Connection object at 0x000001CBFAF37B50>) completed
2026-03-04 13:41:38,327 - aiosqlite - DEBUG - executing functools.partial(<built-in method execute of sqlite3.Cursor object at 0x000001CBFAFA4440>, 'PRAGMA main.table_info("users")', ())
2026-03-04 13:41:38,327 - main - INFO - Included router: routers.user.router
2026-03-04 13:41:38,328 - aiosqlite - DEBUG - operation functools.partial(<built-in method execute of sqlite3.Cursor object at 0x000001CBFAFA4440>, 'PRAGMA main.table_info("users")', ()) completed
2026-03-04 13:41:38,329 - aiosqlite - DEBUG - executing functools.partial(<built-in method fetchall of sqlite3.Cursor object at 0x000001CBFAFA4440>)
2026-03-04 13:41:38,329 - main - INFO - === Application startup initiated ===
2026-03-04 13:41:38,329 - aiosqlite - DEBUG - operation functools.partial(<built-in method fetchall of sqlite3.Cursor object at 0x000001CBFAFA4440>) completed
2026-03-04 13:41:38,329 - services.database - DEBUG - [DB_OP] Starting database initialization
2026-03-04 13:41:38,329 - aiosqlite - DEBUG - executing functools.partial(<built-in method close of sqlite3.Cursor object at 0x000001CBFAFA4440>)
2026-03-04 13:41:38,330 - services.database - INFO - 🔧 Starting database initialization...
2026-03-04 13:41:38,330 - aiosqlite - DEBUG - operation functools.partial(<built-in method close of sqlite3.Cursor object at 0x000001CBFAFA4440>) completed
2026-03-04 13:41:38,330 - core.database - INFO - Starting database initialization...
2026-03-04 13:41:38,330 - core.database - INFO - Normalizing database URL for async compatibility...
2026-03-04 13:41:38,330 - main - INFO - Included router: routers.storage.router
2026-03-04 13:41:38,330 - aiosqlite - DEBUG - executing functools.partial(<built-in method cursor of sqlite3.Connection object at 0x000001CBFAF37B50>)
2026-03-04 13:41:38,331 - aiosqlite - DEBUG - operation functools.partial(<built-in method cursor of sqlite3.Connection object at 0x000001CBFAF37B50>) completed
2026-03-04 13:41:38,331 - aiosqlite - DEBUG - executing functools.partial(<built-in method execute of sqlite3.Cursor object at 0x000001CBFAFA4440>, 'PRAGMA main.table_info("oidc_states")', ())
2026-03-04 13:41:38,331 - aiosqlite - DEBUG - operation functools.partial(<built-in method execute of sqlite3.Cursor object at 0x000001CBFAFA4440>, 'PRAGMA main.table_info("oidc_states")', ()) completed
2026-03-04 13:41:38,331 - core.database - DEBUG - Database exists:./test.db
2026-03-04 13:41:38,332 - core.database - WARNING - Adjusted database URL driver for async compatibility
ite3.Cursor object at 0x000001CBFAFA4440>)
2026-03-04 13:41:38,332 - aiosqlite - DEBUG - operation functools.partial(<built-in method fetchall of sqlite3.Cursor object at 0x000001CBFAFA4440>) completed
2026-03-04 13:41:38,332 - core.database - INFO - Creating async database engine...
2026-03-04 13:41:38,332 - aiosqlite - DEBUG - executing functools.partial(<built-in method close of sqlite3.Cursor object at 0x000001CBFAFA4440>)
2026-03-04 13:41:38,332 - core.database - INFO - Using NullPool for sqlite+aiosqlite environment
2026-03-04 13:41:38,332 - aiosqlite - DEBUG - operation functools.partial(<built-in method close of sqlite3.Cursor object at 0x000001CBFAFA4440>) completed
2026-03-04 13:41:38,333 - aiosqlite - DEBUG - executing functools.partial(<built-in method cursor of sqlite3.Connection object at 0x000001CBFAF37B50>)
2026-03-04 13:41:38,333 - aiosqlite - DEBUG - operation functools.partial(<built-in method cursor of sqlite3.Connection object at 0x000001CBFAF37B50>) completed
2026-03-04 13:41:38,334 - aiosqlite - DEBUG - executing functools.partial(<built-in method execute of sqlite3.Cursor object at 0x000001CBFAFA4440>, 'PRAGMA main.table_info("orders")', ())
2026-03-04 13:41:38,334 - main - INFO - Included router: routers.settings.router
2026-03-04 13:41:38,334 - aiosqlite - DEBUG - operation functools.partial(<built-in method execute of sqlite3.Cursor object at 0x000001CBFAFA4440>, 'PRAGMA main.table_info("orders")', ()) completed
2026-03-04 13:41:38,335 - aiosqlite - DEBUG - executing functools.partial(<built-in method fetchall of sqlite3.Cursor object at 0x000001CBFAFA4440>)
2026-03-04 13:41:38,335 - aiosqlite - DEBUG - operation functools.partial(<built-in method fetchall of sqlite3.Cursor object at 0x000001CBFAFA4440>) completed
2026-03-04 13:41:38,336 - aiosqlite - DEBUG - executing functools.partial(<built-in method close of sqlite3.Cursor object at 0x000001CBFAFA4440>)
2026-03-04 13:41:38,336 - aiosqlite - DEBUG - operation functools.partial(<built-in method close of sqlite3.Cursor object at 0x000001CBFAFA4440>) completed
2026-03-04 13:41:38,336 - aiosqlite - DEBUG - executing functools.partial(<built-in method cursor of sqlite3.Connection object at 0x000001CBFAF37B50>)
2026-03-04 13:41:38,336 - aiosqlite - DEBUG - operation functools.partial(<built-in method cursor of sqlite3.Connection object at 0x000001CBFAF37B50>) completed
2026-03-04 13:41:38,337 - aiosqlite - DEBUG - executing functools.partial(<built-in method execute of sqlite3.Cursor object at 0x000001CBFAFA4440>, 'PRAGMA main.table_info("products")', ())
2026-03-04 13:41:38,338 - aiosqlite - DEBUG - operation functools.partial(<built-in method execute of sqlite3.Cursor object at 0x000001CBFAFA4440>, 'PRAGMA main.table_info("products")', ()) completed
2026-03-04 13:41:38,340 - aiosqlite - DEBUG - executing functools.partial(<built-in method fetchall of sqlite3.Cursor object at 0x000001CBFAFA4440>)
2026-03-04 13:41:38,341 - aiosqlite - DEBUG - operation functools.partial(<built-in method fetchall of sqlite3.Cursor object at 0x000001CBFAFA4440>) completed
2026-03-04 13:41:38,342 - aiosqlite - DEBUG - executing functools.partial(<built-in method close of sqlite3.Cursor object at 0x000001CBFAFA4440>)
2026-03-04 13:41:38,342 - main - INFO - Included router: routers.user.router
2026-03-04 13:41:38,343 - aiosqlite - DEBUG - operation functools.partial(<built-in method close of sqlite3.Cursor object at 0x000001CBFAFA4440>) completed
2026-03-04 13:41:38,343 - core.database - INFO - Tables initialized successfully
2026-03-04 13:41:38,344 - core.database - DEBUG - [DB_OP] Create tables completed in 0.0273s
2026-03-04 13:41:38,344 - aiosqlite - DEBUG - executing functools.partial(<built-in method commit of sqlite3.Connection object at 0x000001CBFAF37B50>)
2026-03-04 13:41:38,344 - aiosqlite - DEBUG - operation functools.partial(<built-in method commit of sqlite3.Connection object at 0x000001CBFAF37B50>) completed
2026-03-04 13:41:38,345 - aiosqlite - DEBUG - executing functools.partial(<built-in method rollback of sqlite3.Connection object at 0x000001CBFAF37B50>)
2026-03-04 13:41:38,345 - aiosqlite - DEBUG - operation functools.partial(<built-in method rollback of sqlite3.Connection object at 0x000001CBFAF37B50>) completed
2026-03-04 13:41:38,346 - aiosqlite - DEBUG - executing functools.partial(<built-in method close of sqlite3.Connection object at 0x000001CBFAF37B50>)
2026-03-04 13:41:38,346 - main - INFO - === Application startup initiated ===
2026-03-04 13:41:38,346 - aiosqlite - DEBUG - operation functools.partial(<built-in method close of sqlite3.Connection object at 0x000001CBFAF37B50>) completed
2026-03-04 13:41:38,346 - services.database - DEBUG - [DB_OP] Starting database initialization
2026-03-04 13:41:38,346 - services.database - INFO - 🔧 Table creation completed
2026-03-04 13:41:38,346 - services.database - INFO - 🔧 Starting database initialization...
2026-03-04 13:41:38,347 - services.database - INFO - Database initialized successfully
2026-03-04 13:41:38,347 - core.database - INFO - Starting database initialization...
2026-03-04 13:41:38,347 - services.database - DEBUG - [DB_OP] Database initialization completed in 0.0635s
2026-03-04 13:41:38,348 - core.database - INFO - Normalizing database URL for async compatibility...
2026-03-04 13:41:38,348 - services.mock_data - INFO - Processing mock data file products.json for table products
2026-03-04 13:41:38,349 - core.database - DEBUG - Database exists:./test.db
2026-03-04 13:41:38,349 - aiosqlite - DEBUG - executing <function connect.<locals>.connector at 0x000001CBFAF8D9E0>
2026-03-04 13:41:38,350 - core.database - WARNING - Adjusted database URL driver for async compatibility
2026-03-04 13:41:38,350 - aiosqlite - DEBUG - operation <function connect.<locals>.connector at 0x000001CBFAF8D9E0> completed
2026-03-04 13:41:38,350 - core.database - INFO - Creating async database engine...
2026-03-04 13:41:38,351 - core.database - INFO - Using NullPool for sqlite+aiosqlite environment
2026-03-04 13:41:38,351 - aiosqlite - DEBUG - executing functools.partial(<built-in method create_function of sqlite3.Connection object at 0x000001CBFAFA9F30>, 'regexp', 2, <function SQLiteDialect_pysqlite.on_connect.<locals>.regexp at 0x000001CBFAF8CC20>, deterministic=True)
2026-03-04 13:41:38,351 - aiosqlite - DEBUG - operation functools.partial(<built-in method create_function of sqlite3.Connection object at 0x000001CBFAFA9F30>, 'regexp', 2, <function SQLiteDialect_pysqlite.on_connect.<locals>.regexp at 0x000001CBFAF8CC20>, deterministic=True) completed
2026-03-04 13:41:38,352 - aiosqlite - DEBUG - executing functools.partial(<built-in method create_function of sqlite3.Connection object at 0x000001CBFAFA9F30>, 'floor', 1, <built-in function floor>, deterministic=True)
2026-03-04 13:41:38,353 - aiosqlite - DEBUG - operation functools.partial(<built-in method create_function of sqlite3.Connection object at 0x000001CBFAFA9F30>, 'floor', 1, <built-in function floor>, deterministic=True) completed
2026-03-04 13:41:38,354 - aiosqlite - DEBUG - executing functools.partial(<built-in method cursor of sqlite3.Connection object at 0x000001CBFAFA9F30>)
2026-03-04 13:41:38,354 - aiosqlite - DEBUG - operation functools.partial(<built-in method cursor of sqlite3.Connection object at 0x000001CBFAFA9F30>) completed
2026-03-04 13:41:38,355 - aiosqlite - DEBUG - executing functools.partial(<built-in method execute of sqlite3.Cursor object at 0x000001CBFAFA4CC0>, 'PRAGMA main.table_xinfo("products")', ())
2026-03-04 13:41:38,356 - aiosqlite - DEBUG - operation functools.partial(<built-in method execute of sqlite3.Cursor object at 0x000001CBFAFA4CC0>, 'PRAGMA main.table_xinfo("products")', ()) completed
2026-03-04 13:41:38,357 - aiosqlite - DEBUG - executing functools.partial(<built-in method fetchall of sqlite3.Cursor object at 0x000001CBFAFA4CC0>)
2026-03-04 13:41:38,358 - aiosqlite - DEBUG - operation functools.partial(<built-in method fetchall of sqlite3.Cursor object at 0x000001CBFAFA4CC0>) completed
2026-03-04 13:41:38,359 - aiosqlite - DEBUG - executing functools.partial(<built-in method close of sqlite3.Cursor object at 0x000001CBFAFA4CC0>)
2026-03-04 13:41:38,359 - aiosqlite - DEBUG - operation functools.partial(<built-in method close of sqlite3.Cursor object at 0x000001CBFAFA4CC0>) completed
2026-03-04 13:41:38,360 - aiosqlite - DEBUG - executing functools.partial(<built-in method cursor of sqlite3.Connection object at 0x000001CBFAFA9F30>)
2026-03-04 13:41:38,360 - aiosqlite - DEBUG - operation functools.partial(<built-in method cursor of sqlite3.Connection object at 0x000001CBFAFA9F30>) completed
2026-03-04 13:41:38,361 - aiosqlite - DEBUG - executing functools.partial(<built-in method execute of sqlite3.Cursor object at 0x000001CBFAFA4CC0>, "SELECT sql FROM  (SELECT * FROM sqlite_master UNION ALL   SELECT * FROM sqlite_temp_master) WHERE name = ? AND type in ('table', 'view')", ('products',))
2026-03-04 13:41:38,362 - core.database - INFO - Database engine created successfully
2026-03-04 13:41:38,363 - core.database - INFO - Creating async session maker...
2026-03-04 13:41:38,363 - core.database - INFO - Async session maker created successfully
2026-03-04 13:41:38,363 - core.database - INFO - Database connection initialized successfully
ute of sqlite3.Cursor object at 0x000001CBFAFA4CC0>, "SELECT sql FROM  (SELECT * FROM sqlite_master UNION ALL   SELECT * FROM sqlite_temp_master) WHERE name = ? AND type in ('table', 'view')", ('products',)) completed
2026-03-04 13:41:38,363 - services.database - INFO - 🔧 Database connection initialized, now creating tables if tables not exist...
2026-03-04 13:41:38,364 - core.database - DEBUG - [DB_OP] Starting create_tables
2026-03-04 13:41:38,364 - aiosqlite - DEBUG - executing functools.partial(<built-in method fetchall of sqlite3.Cursor object at 0x000001CBFAFA4CC0>)
2026-03-04 13:41:38,364 - core.database - INFO - 🔧 Starting table creation...
2026-03-04 13:41:38,364 - aiosqlite - DEBUG - operation functools.partial(<built-in method fetchall of sqlite3.Cursor object at 0x000001CBFAFA4CC0>) completed
2026-03-04 13:41:38,365 - aiosqlite - DEBUG - executing functools.partial(<built-in method close of sqlite3.Cursor object at 0x000001CBFAFA4CC0>)
2026-03-04 13:41:38,365 - aiosqlite - DEBUG - operation functools.partial(<built-in method close of sqlite3.Cursor object at 0x000001CBFAFA4CC0>) completed
2026-03-04 13:41:38,365 - aiosqlite - DEBUG - executing <function connect.<locals>.connector at 0x000002244720D940>
2026-03-04 13:41:38,366 - aiosqlite - DEBUG - executing functools.partial(<built-in method cursor of sqlite3.Connection object at 0x000001CBFAFA9F30>)
2026-03-04 13:41:38,366 - aiosqlite - DEBUG - operation <function connect.<locals>.connector at 0x000002244720D940> completed
2026-03-04 13:41:38,366 - aiosqlite - DEBUG - operation functools.partial(<built-in method cursor of sqlite3.Connection object at 0x000001CBFAFA9F30>) completed
2026-03-04 13:41:38,366 - aiosqlite - DEBUG - executing functools.partial(<built-in method create_function of sqlite3.Connection object at 0x00000224471B7B50>, 'regexp', 2, <function SQLiteDialect_pysqlite.on_connect.<locals>.regexp at 0x000002244720CC20>, deterministic=True)
2026-03-04 13:41:38,367 - aiosqlite - DEBUG - operation functools.partial(<built-in method execute of sqlite3.Cursor object at 0x000001CBFAFA4CC0>, 'PRAGMA main.foreign_key_list("products")', ()) completed
2026-03-04 13:41:38,367 - aiosqlite - DEBUG - operation functools.partial(<built-in method create_function of sqlite3.Connection object at 0x00000224471B7B50>, 'regexp', 2, <function SQLiteDialect_pysqlite.on_connect.<locals>.regexp at 0x000002244720CC20>, deterministic=True) completed
2026-03-04 13:41:38,368 - aiosqlite - DEBUG - executing functools.partial(<built-in method create_function of sqlite3.Connection object at 0x00000224471B7B50>, 'floor', 1, <built-in function floor>, deterministic=True)
2026-03-04 13:41:38,368 - aiosqlite - DEBUG - executing functools.partial(<built-in method fetchall of sqlite3.Cursor object at 0x000001CBFAFA4CC0>)
2026-03-04 13:41:38,369 - aiosqlite - DEBUG - operation functools.partial(<built-in method create_function of sqlite3.Connection object at 0x00000224471B7B50>, 'floor', 1, <built-in function floor>, deterministic=True) completed
2026-03-04 13:41:38,370 - aiosqlite - DEBUG - executing functools.partial(<built-in method cursor of sqlite3.Connection object at 0x00000224471B7B50>)
2026-03-04 13:41:38,370 - aiosqlite - DEBUG - operation functools.partial(<built-in method fetchall of sqlite3.Cursor object at 0x000001CBFAFA4CC0>) completed
2026-03-04 13:41:38,370 - aiosqlite - DEBUG - operation functools.partial(<built-in method cursor of sqlite3.Connection object at 0x00000224471B7B50>) completed
2026-03-04 13:41:38,370 - aiosqlite - DEBUG - executing functools.partial(<built-in method close of sqlite3.Cursor object at 0x000001CBFAFA4CC0>)
2026-03-04 13:41:38,371 - aiosqlite - DEBUG - executing functools.partial(<built-in method execute of sqlite3.Cursor object at 0x0000022447224340>, 'PRAGMA read_uncommitted', [])
2026-03-04 13:41:38,371 - aiosqlite - DEBUG - operation functools.partial(<built-in method close of sqlite3.Cursor object at 0x000001CBFAFA4CC0>) completed
2026-03-04 13:41:38,372 - aiosqlite - DEBUG - operation functools.partial(<built-in method execute of sqlite3.Cursor object at 0x0000022447224340>, 'PRAGMA read_uncommitted', []) completed
2026-03-04 13:41:38,372 - aiosqlite - DEBUG - executing functools.partial(<built-in method cursor of sqlite3.Connection object at 0x000001CBFAFA9F30>)
2026-03-04 13:41:38,372 - aiosqlite - DEBUG - executing functools.partial(<built-in method fetchall of sqlite3.Cursor object at 0x0000022447224340>)
2026-03-04 13:41:38,372 - aiosqlite - DEBUG - operation functools.partial(<built-in method cursor of sqlite3.Connection object at 0x000001CBFAFA9F30>) completed
2026-03-04 13:41:38,373 - aiosqlite - DEBUG - operation functools.partial(<built-in method fetchall of sqlite3.Cursor object at 0x0000022447224340>) completed
2026-03-04 13:41:38,373 - aiosqlite - DEBUG - executing functools.partial(<built-in method close of sqlite3.Cursor object at 0x0000022447224340>)
2026-03-04 13:41:38,373 - aiosqlite - DEBUG - executing functools.partial(<built-in method execute of sqlite3.Cursor object at 0x000001CBFAFA4CC0>, 'PRAGMA temp.foreign_key_list("products")', ())
2026-03-04 13:41:38,373 - aiosqlite - DEBUG - operation functools.partial(<built-in method close of sqlite3.Cursor object at 0x0000022447224340>) completed
2026-03-04 13:41:38,374 - aiosqlite - DEBUG - operation functools.partial(<built-in method execute of sqlite3.Cursor object at 0x000001CBFAFA4CC0>, 'PRAGMA temp.foreign_key_list("products")', ()) completed
2026-03-04 13:41:38,374 - aiosqlite - DEBUG - executing functools.partial(<built-in method rollback of sqlite3.Connection object at 0x00000224471B7B50>)
2026-03-04 13:41:38,374 - aiosqlite - DEBUG - executing functools.partial(<built-in method fetchall of sqlite3.Cursor object at 0x000001CBFAFA4CC0>)
2026-03-04 13:41:38,374 - aiosqlite - DEBUG - operation functools.partial(<built-in method rollback of sqlite3.Connection object at 0x00000224471B7B50>) completed
2026-03-04 13:41:38,375 - aiosqlite - DEBUG - operation functools.partial(<built-in method fetchall of sqlite3.Cursor object at 0x000001CBFAFA4CC0>) completed
2026-03-04 13:41:38,375 - aiosqlite - DEBUG - executing functools.partial(<built-in method close of sqlite3.Cursor object at 0x000001CBFAFA4CC0>)
2026-03-04 13:41:38,376 - aiosqlite - DEBUG - operation functools.partial(<built-in method close of sqlite3.Cursor object at 0x000001CBFAFA4CC0>) completed
2026-03-04 13:41:38,376 - aiosqlite - DEBUG - executing functools.partial(<built-in method cursor of sqlite3.Connection object at 0x00000224471B7B50>)
2026-03-04 13:41:38,376 - aiosqlite - DEBUG - executing functools.partial(<built-in method cursor of sqlite3.Connection object at 0x000001CBFAFA9F30>)
2026-03-04 13:41:38,377 - aiosqlite - DEBUG - operation functools.partial(<built-in method cursor of sqlite3.Connection object at 0x00000224471B7B50>) completed
2026-03-04 13:41:38,377 - aiosqlite - DEBUG - operation functools.partial(<built-in method cursor of sqlite3.Connection object at 0x000001CBFAFA9F30>) completed
2026-03-04 13:41:38,377 - aiosqlite - DEBUG - executing functools.partial(<built-in method execute of sqlite3.Cursor object at 0x0000022447224440>, 'PRAGMA main.table_info("users")', ())
2026-03-04 13:41:38,377 - aiosqlite - DEBUG - executing functools.partial(<built-in method execute of sqlite3.Cursor object at 0x000001CBFAFA4CC0>, "SELECT sql FROM  (SELECT * FROM sqlite_master UNION ALL   SELECT * FROM sqlite_temp_master) WHERE name = ? AND type in ('table', 'view')", ('products',))
2026-03-04 13:41:38,379 - aiosqlite - DEBUG - operation functools.partial(<built-in method execute of sqlite3.Cursor object at 0x0000022447224440>, 'PRAGMA main.table_info("users")', ()) completed
2026-03-04 13:41:38,380 - aiosqlite - DEBUG - operation functools.partial(<built-in method execute of sqlite3.Cursor object at 0x000001CBFAFA4CC0>, "SELECT sql FROM  (SELECT * FROM sqlite_master UNION ALL   SELECT * FROM sqlite_temp_master) WHERE name = ? AND type in ('table', 'view')", ('products',)) completed
2026-03-04 13:41:38,380 - aiosqlite - DEBUG - executing functools.partial(<built-in method fetchall of sqlite3.Cursor object at 0x0000022447224440>)
2026-03-04 13:41:38,380 - aiosqlite - DEBUG - executing functools.partial(<built-in method fetchall of sqlite3.Cursor object at 0x000001CBFAFA4CC0>)
2026-03-04 13:41:38,382 - aiosqlite - DEBUG - operation functools.partial(<built-in method fetchall of sqlite3.Cursor object at 0x0000022447224440>) completed
2026-03-04 13:41:38,382 - aiosqlite - DEBUG - operation functools.partial(<built-in method fetchall of sqlite3.Cursor object at 0x000001CBFAFA4CC0>) completed
2026-03-04 13:41:38,383 - aiosqlite - DEBUG - executing functools.partial(<built-in method close of sqlite3.Cursor object at 0x0000022447224440>)
2026-03-04 13:41:38,383 - aiosqlite - DEBUG - executing functools.partial(<built-in method close of sqlite3.Cursor object at 0x000001CBFAFA4CC0>)
2026-03-04 13:41:38,383 - aiosqlite - DEBUG - operation functools.partial(<built-in method close of sqlite3.Cursor object at 0x0000022447224440>) completed
2026-03-04 13:41:38,384 - aiosqlite - DEBUG - operation functools.partial(<built-in method close of sqlite3.Cursor object at 0x000001CBFAFA4CC0>) completed
2026-03-04 13:41:38,385 - core.database - INFO - Creating async session maker...
2026-03-04 13:41:38,385 - core.database - INFO - Async session maker created successfully
2026-03-04 13:41:38,385 - aiosqlite - DEBUG - executing functools.partial(<built-in method cursor of sqlite3.Connection object at 0x00000224471B7B50>)
2026-03-04 13:41:38,385 - core.database - INFO - Database connection initialized successfully
2026-03-04 13:41:38,386 - aiosqlite - DEBUG - operation functools.partial(<built-in method cursor of sqlite3.Connection object at 0x00000224471B7B50>) completed
2026-03-04 13:41:38,386 - services.database - INFO - 🔧 Database connection initialized, now creating tables if tables not exist...
2026-03-04 13:41:38,386 - core.database - DEBUG - [DB_OP] Starting create_tables
2026-03-04 13:41:38,387 - core.database - INFO - 🔧 Starting table creation...
2026-03-04 13:41:38,387 - aiosqlite - DEBUG - executing functools.partial(<built-in method execute of sqlite3.Cursor object at 0x0000022447224440>, 'PRAGMA main.table_info("oidc_states")', ())
2026-03-04 13:41:38,388 - aiosqlite - DEBUG - operation functools.partial(<built-in method execute of sqlite3.Cursor object at 0x0000022447224440>, 'PRAGMA main.table_info("oidc_states")', ()) completed
2026-03-04 13:41:38,388 - aiosqlite - DEBUG - executing functools.partial(<built-in method cursor of sqlite3.Connection object at 0x000001CBFAFA9F30>)
2026-03-04 13:41:38,389 - aiosqlite - DEBUG - executing functools.partial(<built-in method fetchall of sqlite3.Cursor object at 0x0000022447224440>)
2026-03-04 13:41:38,389 - aiosqlite - DEBUG - executing <function connect.<locals>.connector at 0x000001A369F2D940>
2026-03-04 13:41:38,389 - aiosqlite - DEBUG - operation functools.partial(<built-in method cursor of sqlite3.Connection object at 0x000001CBFAFA9F30>) completed
2026-03-04 13:41:38,389 - aiosqlite - DEBUG - operation functools.partial(<built-in method fetchall of sqlite3.Cursor object at 0x0000022447224440>) completed
2026-03-04 13:41:38,390 - aiosqlite - DEBUG - operation <function connect.<locals>.connector at 0x000001A369F2D940> completed
2026-03-04 13:41:38,390 - aiosqlite - DEBUG - executing functools.partial(<built-in method execute of sqlite3.Cursor object at 0x000001CBFAFA4CC0>, 'PRAGMA main.index_list("products")', ())
2026-03-04 13:41:38,390 - aiosqlite - DEBUG - executing functools.partial(<built-in method close of sqlite3.Cursor object at 0x0000022447224440>)
2026-03-04 13:41:38,390 - aiosqlite - DEBUG - operation functools.partial(<built-in method execute of sqlite3.Cursor object at 0x000001CBFAFA4CC0>, 'PRAGMA main.index_list("products")', ()) completed
2026-03-04 13:41:38,391 - aiosqlite - DEBUG - executing functools.partial(<built-in method create_function of sqlite3.Connection object at 0x000001A369ED7B50>, 'regexp', 2, <function SQLiteDialect_pysqlite.on_connect.<locals>.regexp at 0x000001A369F2CC20>, deterministic=True)
2026-03-04 13:41:38,391 - aiosqlite - DEBUG - operation functools.partial(<built-in method close of sqlite3.Cursor object at 0x0000022447224440>) completed
2026-03-04 13:41:38,391 - aiosqlite - DEBUG - executing functools.partial(<built-in method fetchall of sqlite3.Cursor object at 0x000001CBFAFA4CC0>)
2026-03-04 13:41:38,391 - aiosqlite - DEBUG - operation functools.partial(<built-in method create_function of sqlite3.Connection object at 0x000001A369ED7B50>, 'regexp', 2, <function SQLiteDialect_pysqlite.on_connect.<locals>.regexp at 0x000001A369F2CC20>, deterministic=True) completed
2026-03-04 13:41:38,392 - aiosqlite - DEBUG - operation functools.partial(<built-in method fetchall of sqlite3.Cursor object at 0x000001CBFAFA4CC0>) completed
2026-03-04 13:41:38,392 - aiosqlite - DEBUG - executing functools.partial(<built-in method cursor of sqlite3.Connection object at 0x00000224471B7B50>)
2026-03-04 13:41:38,392 - aiosqlite - DEBUG - executing functools.partial(<built-in method create_function of sqlite3.Connection object at 0x000001A369ED7B50>, 'floor', 1, <built-in function floor>, deterministic=True)
2026-03-04 13:41:38,392 - aiosqlite - DEBUG - executing functools.partial(<built-in method close of sqlite3.Cursor object at 0x000001CBFAFA4CC0>)
2026-03-04 13:41:38,393 - aiosqlite - DEBUG - operation functools.partial(<built-in method cursor of sqlite3.Connection object at 0x00000224471B7B50>) completed
2026-03-04 13:41:38,393 - aiosqlite - DEBUG - operation functools.partial(<built-in method close of sqlite3.Cursor object at 0x000001CBFAFA4CC0>) completed
2026-03-04 13:41:38,393 - aiosqlite - DEBUG - operation functools.partial(<built-in method create_function of sqlite3.Connection object at 0x000001A369ED7B50>, 'floor', 1, <built-in function floor>, deterministic=True) completed
2026-03-04 13:41:38,393 - aiosqlite - DEBUG - executing functools.partial(<built-in method execute of sqlite3.Cursor object at 0x0000022447224440>, 'PRAGMA main.table_info("orders")', ())
2026-03-04 13:41:38,394 - aiosqlite - DEBUG - executing functools.partial(<built-in method cursor of sqlite3.Connection object at 0x000001A369ED7B50>)
2026-03-04 13:41:38,394 - aiosqlite - DEBUG - operation functools.partial(<built-in method execute of sqlite3.Cursor object at 0x0000022447224440>, 'PRAGMA main.table_info("orders")', ()) completed
2026-03-04 13:41:38,394 - aiosqlite - DEBUG - executing functools.partial(<built-in method cursor of sqlite3.Connection object at 0x000001CBFAFA9F30>)
2026-03-04 13:41:38,394 - aiosqlite - DEBUG - operation functools.partial(<built-in method cursor of sqlite3.Connection object at 0x000001A369ED7B50>) completed
2026-03-04 13:41:38,395 - aiosqlite - DEBUG - operation functools.partial(<built-in method cursor of sqlite3.Connection object at 0x000001CBFAFA9F30>) completed
2026-03-04 13:41:38,395 - aiosqlite - DEBUG - executing functools.partial(<built-in method fetchall of sqlite3.Cursor object at 0x0000022447224440>)
2026-03-04 13:41:38,395 - aiosqlite - DEBUG - executing functools.partial(<built-in method execute of sqlite3.Cursor object at 0x000001CBFAFA4CC0>, 'PRAGMA main.index_info("ix_products_id")', ())
2026-03-04 13:41:38,396 - aiosqlite - DEBUG - executing functools.partial(<built-in method execute of sqlite3.Cursor object at 0x000001A369F442C0>, 'PRAGMA read_uncommitted', [])
2026-03-04 13:41:38,396 - aiosqlite - DEBUG - operation functools.partial(<built-in method fetchall of sqlite3.Cursor object at 0x0000022447224440>) completed
2026-03-04 13:41:38,396 - aiosqlite - DEBUG - operation functools.partial(<built-in method execute of sqlite3.Cursor object at 0x000001A369F442C0>, 'PRAGMA read_uncommitted', []) completed
2026-03-04 13:41:38,396 - aiosqlite - DEBUG - operation functools.partial(<built-in method execute of sqlite3.Cursor object at 0x000001CBFAFA4CC0>, 'PRAGMA main.index_info("ix_products_id")', ()) completed
2026-03-04 13:41:38,396 - aiosqlite - DEBUG - executing functools.partial(<built-in method close of sqlite3.Cursor object at 0x0000022447224440>)
2026-03-04 13:41:38,397 - aiosqlite - DEBUG - executing functools.partial(<built-in method fetchall of sqlite3.Cursor object at 0x000001A369F442C0>)
2026-03-04 13:41:38,397 - aiosqlite - DEBUG - operation functools.partial(<built-in method close of sqlite3.Cursor object at 0x0000022447224440>) completed
2026-03-04 13:41:38,397 - aiosqlite - DEBUG - executing functools.partial(<built-in method fetchall of sqlite3.Cursor object at 0x000001CBFAFA4CC0>)
2026-03-04 13:41:38,397 - aiosqlite - DEBUG - operation functools.partial(<built-in method fetchall of sqlite3.Cursor object at 0x000001A369F442C0>) completed
2026-03-04 13:41:38,397 - aiosqlite - DEBUG - operation functools.partial(<built-in method fetchall of sqlite3.Cursor object at 0x000001CBFAFA4CC0>) completed
2026-03-04 13:41:38,398 - aiosqlite - DEBUG - executing functools.partial(<built-in method cursor of sqlite3.Connection object at 0x00000224471B7B50>)
2026-03-04 13:41:38,398 - aiosqlite - DEBUG - executing functools.partial(<built-in method close of sqlite3.Cursor object at 0x000001CBFAFA4CC0>)
2026-03-04 13:41:38,398 - aiosqlite - DEBUG - operation functools.partial(<built-in method close of sqlite3.Cursor object at 0x000001A369F442C0>) completed
2026-03-04 13:41:38,398 - aiosqlite - DEBUG - operation functools.partial(<built-in method cursor of sqlite3.Connection object at 0x00000224471B7B50>) completed
2026-03-04 13:41:38,399 - aiosqlite - DEBUG - executing functools.partial(<built-in method rollback of sqlite3.Connection object at 0x000001A369ED7B50>)
2026-03-04 13:41:38,399 - aiosqlite - DEBUG - operation functools.partial(<built-in method close of sqlite3.Cursor object at 0x000001CBFAFA4CC0>) completed
2026-03-04 13:41:38,399 - aiosqlite - DEBUG - executing functools.partial(<built-in method execute of sqlite3.Cursor object at 0x0000022447224440>, 'PRAGMA main.table_info("products")', ())
2026-03-04 13:41:38,399 - aiosqlite - DEBUG - operation functools.partial(<built-in method rollback of sqlite3.Connection object at 0x000001A369ED7B50>) completed
2026-03-04 13:41:38,399 - aiosqlite - DEBUG - executing functools.partial(<built-in method cursor of sqlite3.Connection object at 0x000001CBFAFA9F30>)
2026-03-04 13:41:38,399 - aiosqlite - DEBUG - operation functools.partial(<built-in method execute of sqlite3.Cursor object at 0x0000022447224440>, 'PRAGMA main.table_info("products")', ()) completed
2026-03-04 13:41:38,400 - aiosqlite - DEBUG - operation functools.partial(<built-in method cursor of sqlite3.Connection object at 0x000001CBFAFA9F30>) completed
2026-03-04 13:41:38,400 - aiosqlite - DEBUG - executing functools.partial(<built-in method fetchall of sqlite3.Cursor object at 0x0000022447224440>)
2026-03-04 13:41:38,400 - aiosqlite - DEBUG - executing functools.partial(<built-in method cursor of sqlite3.Connection object at 0x000001A369ED7B50>)
2026-03-04 13:41:38,400 - aiosqlite - DEBUG - operation functools.partial(<built-in method fetchall of sqlite3.Cursor object at 0x0000022447224440>) completed
2026-03-04 13:41:38,400 - aiosqlite - DEBUG - executing functools.partial(<built-in method execute of sqlite3.Cursor object at 0x000001CBFAFA4CC0>, 'PRAGMA main.index_list("products")', ())
2026-03-04 13:41:38,401 - aiosqlite - DEBUG - operation functools.partial(<built-in method cursor of sqlite3.Connection object at 0x000001A369ED7B50>) completed
2026-03-04 13:41:38,401 - aiosqlite - DEBUG - operation functools.partial(<built-in method execute of sqlite3.Cursor object at 0x000001CBFAFA4CC0>, 'PRAGMA main.index_list("products")', ()) completed
2026-03-04 13:41:38,401 - aiosqlite - DEBUG - executing functools.partial(<built-in method close of sqlite3.Cursor object at 0x0000022447224440>)
2026-03-04 13:41:38,401 - aiosqlite - DEBUG - executing functools.partial(<built-in method execute of sqlite3.Cursor object at 0x000001A369F443C0>, 'PRAGMA main.table_info("users")', ())
2026-03-04 13:41:38,402 - aiosqlite - DEBUG - executing functools.partial(<built-in method fetchall of sqlite3.Cursor object at 0x000001CBFAFA4CC0>)
leted
2026-03-04 13:41:38,402 - aiosqlite - DEBUG - operation functools.partial(<built-in method fetchall of sqlite3.Cursor object at 0x000001CBFAFA4CC0>) completed
2026-03-04 13:41:38,402 - aiosqlite - DEBUG - operation functools.partial(<built-in method execute of sqlite3.Cursor object at 0x000001A369F443C0>, 'PRAGMA main.table_info("users")', ()) completed
2026-03-04 13:41:38,402 - core.database - INFO - Tables initialized successfully
2026-03-04 13:41:38,403 - core.database - DEBUG - [DB_OP] Create tables completed in 0.0393s
2026-03-04 13:41:38,403 - aiosqlite - DEBUG - executing functools.partial(<built-in method close of sqlite3.Cursor object at 0x000001CBFAFA4CC0>)
2026-03-04 13:41:38,403 - aiosqlite - DEBUG - executing functools.partial(<built-in method fetchall of sqlite3.Cursor object at 0x000001A369F443C0>)
2026-03-04 13:41:38,404 - aiosqlite - DEBUG - operation functools.partial(<built-in method close of sqlite3.Cursor object at 0x000001CBFAFA4CC0>) completed
2026-03-04 13:41:38,404 - aiosqlite - DEBUG - operation functools.partial(<built-in method fetchall of sqlite3.Cursor object at 0x000001A369F443C0>) completed
2026-03-04 13:41:38,404 - aiosqlite - DEBUG - executing functools.partial(<built-in method commit of sqlite3.Connection object at 0x00000224471B7B50>)
2026-03-04 13:41:38,404 - aiosqlite - DEBUG - executing functools.partial(<built-in method cursor of sqlite3.Connection object at 0x000001CBFAFA9F30>)
2026-03-04 13:41:38,405 - aiosqlite - DEBUG - executing functools.partial(<built-in method close of sqlite3.Cursor object at 0x000001A369F443C0>)
2026-03-04 13:41:38,405 - aiosqlite - DEBUG - operation functools.partial(<built-in method commit of sqlite3.Connection object at 0x00000224471B7B50>) completed
2026-03-04 13:41:38,405 - aiosqlite - DEBUG - operation functools.partial(<built-in method cursor of sqlite3.Connection object at 0x000001CBFAFA9F30>) completed
2026-03-04 13:41:38,405 - aiosqlite - DEBUG - operation functools.partial(<built-in method close of sqlite3.Cursor object at 0x000001A369F443C0>) completed
2026-03-04 13:41:38,406 - aiosqlite - DEBUG - executing functools.partial(<built-in method rollback of sqlite3.Connection object at 0x00000224471B7B50>)
2026-03-04 13:41:38,406 - aiosqlite - DEBUG - executing functools.partial(<built-in method execute of sqlite3.Cursor object at 0x000001CBFAFA4CC0>, 'PRAGMA main.index_info("ix_products_id")', ())
2026-03-04 13:41:38,406 - aiosqlite - DEBUG - operation functools.partial(<built-in method rollback of sqlite3.Connection object at 0x00000224471B7B50>) completed
2026-03-04 13:41:38,406 - aiosqlite - DEBUG - executing functools.partial(<built-in method cursor of sqlite3.Connection object at 0x000001A369ED7B50>)
2026-03-04 13:41:38,406 - aiosqlite - DEBUG - executing functools.partial(<built-in method close of sqlite3.Connection object at 0x00000224471B7B50>)
2026-03-04 13:41:38,407 - aiosqlite - DEBUG - operation functools.partial(<built-in method execute of sqlite3.Cursor object at 0x000001CBFAFA4CC0>, 'PRAGMA main.index_info("ix_products_id")', ()) completed
2026-03-04 13:41:38,407 - aiosqlite - DEBUG - operation functools.partial(<built-in method cursor of sqlite3.Connection object at 0x000001A369ED7B50>) completed
2026-03-04 13:41:38,407 - aiosqlite - DEBUG - operation functools.partial(<built-in method close of sqlite3.Connection object at 0x00000224471B7B50>) completed
2026-03-04 13:41:38,407 - aiosqlite - DEBUG - executing functools.partial(<built-in method fetchall of sqlite3.Cursor object at 0x000001CBFAFA4CC0>)
2026-03-04 13:41:38,408 - aiosqlite - DEBUG - executing functools.partial(<built-in method execute of sqlite3.Cursor object at 0x000001A369F443C0>, 'PRAGMA main.table_info("oidc_states")', ())
2026-03-04 13:41:38,408 - services.database - INFO - 🔧 Table creation completed
2026-03-04 13:41:38,408 - aiosqlite - DEBUG - operation functools.partial(<built-in method fetchall of sqlite3.Cursor object at 0x000001CBFAFA4CC0>) completed
2026-03-04 13:41:38,408 - aiosqlite - DEBUG - operation functools.partial(<built-in method execute of sqlite3.Cursor object at 0x000001A369F443C0>, 'PRAGMA main.table_info("oidc_states")', ()) completed
2026-03-04 13:41:38,408 - services.database - INFO - Database initialized successfully
2026-03-04 13:41:38,410 - aiosqlite - DEBUG - executing functools.partial(<built-in method fetchall of sqlite3.Cursor object at 0x000001A369F443C0>)
2026-03-04 13:41:38,410 - services.database - DEBUG - [DB_OP] Database initialization completed in 0.0810s
2026-03-04 13:41:38,410 - aiosqlite - DEBUG - operation functools.partial(<built-in method fetchall of sqlite3.Cursor object at 0x000001A369F443C0>) completed
2026-03-04 13:41:38,410 - aiosqlite - DEBUG - executing functools.partial(<built-in method close of sqlite3.Cursor object at 0x000001A369F443C0>)
2026-03-04 13:41:38,410 - aiosqlite - DEBUG - executing functools.partial(<built-in method close of sqlite3.Cursor object at 0x000001CBFAFA4CC0>)
2026-03-04 13:41:38,411 - services.mock_data - INFO - Processing mock data file products.json for table products
2026-03-04 13:41:38,411 - aiosqlite - DEBUG - operation functools.partial(<built-in method close of sqlite3.Cursor object at 0x000001A369F443C0>) completed
2026-03-04 13:41:38,411 - aiosqlite - DEBUG - operation functools.partial(<built-in method close of sqlite3.Cursor object at 0x000001CBFAFA4CC0>) completed
2026-03-04 13:41:38,412 - aiosqlite - DEBUG - executing <function connect.<locals>.connector at 0x000002244720D9E0>
2026-03-04 13:41:38,412 - aiosqlite - DEBUG - executing functools.partial(<built-in method cursor of sqlite3.Connection object at 0x000001A369ED7B50>)
2026-03-04 13:41:38,412 - aiosqlite - DEBUG - executing functools.partial(<built-in method cursor of sqlite3.Connection object at 0x000001CBFAFA9F30>)
2026-03-04 13:41:38,412 - aiosqlite - DEBUG - operation functools.partial(<built-in method cursor of sqlite3.Connection object at 0x000001A369ED7B50>) completed
2026-03-04 13:41:38,412 - aiosqlite - DEBUG - operation functools.partial(<built-in method cursor of sqlite3.Connection object at 0x000001CBFAFA9F30>) completed
2026-03-04 13:41:38,412 - aiosqlite - DEBUG - operation <function connect.<locals>.connector at 0x000002244720D9E0> completed
2026-03-04 13:41:38,413 - aiosqlite - DEBUG - executing functools.partial(<built-in method create_function of sqlite3.Connection object at 0x0000022447229F30>, 'regexp', 2, <function SQLiteDialect_pysqlite.on_connect.<locals>.regexp at 0x000002244720CC20>, deterministic=True)
2026-03-04 13:41:38,413 - aiosqlite - DEBUG - executing functools.partial(<built-in method execute of sqlite3.Cursor object at 0x000001CBFAFA4CC0>, "SELECT sql FROM  (SELECT * FROM sqlite_master UNION ALL   SELECT * FROM sqlite_temp_master) WHERE name = ? AND type in ('table', 'view')", ('products',))
2026-03-04 13:41:38,413 - aiosqlite - DEBUG - executing functools.partial(<built-in method execute of sqlite3.Cursor object at 0x000001A369F443C0>, 'PRAGMA main.table_info("orders")', ())
2026-03-04 13:41:38,414 - aiosqlite - DEBUG - operation functools.partial(<built-in method execute of sqlite3.Cursor object at 0x000001CBFAFA4CC0>, "SELECT sql FROM  (SELECT * FROM sqlite_master UNION ALL   SELECT * FROM sqlite_temp_master) WHERE name = ? AND type in ('table', 'view')", ('products',)) completed
2026-03-04 13:41:38,414 - aiosqlite - DEBUG - operation functools.partial(<built-in method execute of sqlite3.Cursor object at 0x000001A369F443C0>, 'PRAGMA main.table_info("orders")', ()) completed
2026-03-04 13:41:38,414 - aiosqlite - DEBUG - operation functools.partial(<built-in method create_function of sqlite3.Connection object at 0x0000022447229F30>, 'regexp', 2, <function SQLiteDialect_pysqlite.on_connect.<locals>.regexp at 0x000002244720CC20>, deterministic=True) completed
2026-03-04 13:41:38,414 - aiosqlite - DEBUG - executing functools.partial(<built-in method fetchall of sqlite3.Cursor object at 0x000001CBFAFA4CC0>)
2026-03-04 13:41:38,415 - aiosqlite - DEBUG - executing functools.partial(<built-in method create_function of sqlite3.Connection object at 0x0000022447229F30>, 'floor', 1, <built-in function floor>, deterministic=True)
2026-03-04 13:41:38,415 - aiosqlite - DEBUG - operation functools.partial(<built-in method fetchall of sqlite3.Cursor object at 0x000001CBFAFA4CC0>) completed
2026-03-04 13:41:38,415 - aiosqlite - DEBUG - executing functools.partial(<built-in method fetchall of sqlite3.Cursor object at 0x000001A369F443C0>)
2026-03-04 13:41:38,415 - aiosqlite - DEBUG - operation functools.partial(<built-in method fetchall of sqlite3.Cursor object at 0x000001A369F443C0>) completed
'floor', 1, <built-in function floor>, deterministic=True) completed
2026-03-04 13:41:38,415 - aiosqlite - DEBUG - executing functools.partial(<built-in method close of sqlite3.Cursor object at 0x000001CBFAFA4CC0>)
2026-03-04 13:41:38,416 - aiosqlite - DEBUG - executing functools.partial(<built-in method close of sqlite3.Cursor object at 0x000001A369F443C0>)
2026-03-04 13:41:38,416 - aiosqlite - DEBUG - operation functools.partial(<built-in method close of sqlite3.Cursor object at 0x000001CBFAFA4CC0>) completed
2026-03-04 13:41:38,416 - aiosqlite - DEBUG - operation functools.partial(<built-in method close of sqlite3.Cursor object at 0x000001A369F443C0>) completed
2026-03-04 13:41:38,417 - aiosqlite - DEBUG - executing functools.partial(<built-in method cursor of sqlite3.Connection object at 0x0000022447229F30>)
2026-03-04 13:41:38,417 - aiosqlite - DEBUG - operation functools.partial(<built-in method cursor of sqlite3.Connection object at 0x0000022447229F30>) completed
2026-03-04 13:41:38,417 - aiosqlite - DEBUG - executing functools.partial(<built-in method cursor of sqlite3.Connection object at 0x000001A369ED7B50>)
2026-03-04 13:41:38,417 - aiosqlite - DEBUG - executing functools.partial(<built-in method execute of sqlite3.Cursor object at 0x0000022447224CC0>, 'PRAGMA main.table_xinfo("products")', ())
2026-03-04 13:41:38,417 - aiosqlite - DEBUG - operation functools.partial(<built-in method cursor of sqlite3.Connection object at 0x000001A369ED7B50>) completed
2026-03-04 13:41:38,418 - aiosqlite - DEBUG - executing functools.partial(<built-in method execute of sqlite3.Cursor object at 0x000001A369F443C0>, 'PRAGMA main.table_info("products")', ())
2026-03-04 13:41:38,418 - aiosqlite - DEBUG - operation functools.partial(<built-in method execute of sqlite3.Cursor object at 0x0000022447224CC0>, 'PRAGMA main.table_xinfo("products")', ()) completed
2026-03-04 13:41:38,418 - aiosqlite - DEBUG - operation functools.partial(<built-in method execute of sqlite3.Cursor object at 0x000001A369F443C0>, 'PRAGMA main.table_info("products")', ()) completed
2026-03-04 13:41:38,418 - aiosqlite - DEBUG - executing functools.partial(<built-in method fetchall of sqlite3.Cursor object at 0x0000022447224CC0>)
2026-03-04 13:41:38,419 - aiosqlite - DEBUG - executing functools.partial(<built-in method fetchall of sqlite3.Cursor object at 0x000001A369F443C0>)
2026-03-04 13:41:38,419 - aiosqlite - DEBUG - operation functools.partial(<built-in method fetchall of sqlite3.Cursor object at 0x0000022447224CC0>) completed
2026-03-04 13:41:38,419 - aiosqlite - DEBUG - operation functools.partial(<built-in method fetchall of sqlite3.Cursor object at 0x000001A369F443C0>) completed
2026-03-04 13:41:38,419 - aiosqlite - DEBUG - executing functools.partial(<built-in method close of sqlite3.Cursor object at 0x0000022447224CC0>)
2026-03-04 13:41:38,419 - aiosqlite - DEBUG - executing functools.partial(<built-in method close of sqlite3.Cursor object at 0x000001A369F443C0>)
2026-03-04 13:41:38,419 - aiosqlite - DEBUG - operation functools.partial(<built-in method close of sqlite3.Cursor object at 0x0000022447224CC0>) completed
2026-03-04 13:41:38,420 - aiosqlite - DEBUG - operation functools.partial(<built-in method close of sqlite3.Cursor object at 0x000001A369F443C0>) completed
2026-03-04 13:41:38,420 - aiosqlite - DEBUG - executing functools.partial(<built-in method cursor of sqlite3.Connection object at 0x0000022447229F30>)
2026-03-04 13:41:38,420 - core.database - INFO - Tables initialized successfully
2026-03-04 13:41:38,421 - aiosqlite - DEBUG - operation functools.partial(<built-in method cursor of sqlite3.Connection object at 0x0000022447229F30>) completed
2026-03-04 13:41:38,421 - core.database - DEBUG - [DB_OP] Create tables completed in 0.0354s
2026-03-04 13:41:38,421 - aiosqlite - DEBUG - executing functools.partial(<built-in method cursor of sqlite3.Connection object at 0x000001CBFAFA9F30>)
2026-03-04 13:41:38,421 - aiosqlite - DEBUG - executing functools.partial(<built-in method commit of sqlite3.Connection object at 0x000001A369ED7B50>)
2026-03-04 13:41:38,421 - aiosqlite - DEBUG - executing functools.partial(<built-in method execute of sqlite3.Cursor object at 0x0000022447224CC0>, "SELECT sql FROM  (SELECT * FROM sqlite_master UNION ALL   SELECT * FROM sqlite_temp_master) WHERE name = ? AND type in ('table', 'view')", ('products',))
2026-03-04 13:41:38,421 - aiosqlite - DEBUG - operation functools.partial(<built-in method cursor of sqlite3.Connection object at 0x000001CBFAFA9F30>) completed
2026-03-04 13:41:38,422 - aiosqlite - DEBUG - operation functools.partial(<built-in method commit of sqlite3.Connection object at 0x000001A369ED7B50>) completed
2026-03-04 13:41:38,422 - aiosqlite - DEBUG - executing functools.partial(<built-in method rollback of sqlite3.Connection object at 0x000001A369ED7B50>)
2026-03-04 13:41:38,422 - aiosqlite - DEBUG - operation functools.partial(<built-in method execute of sqlite3.Cursor object at 0x0000022447224CC0>, "SELECT sql FROM  (SELECT * FROM sqlite_master UNION ALL   SELECT * FROM sqlite_temp_master) WHERE name = ? AND type in ('table', 'view')", ('products',)) completed
2026-03-04 13:41:38,422 - aiosqlite - DEBUG - operation functools.partial(<built-in method rollback of sqlite3.Connection object at 0x000001A369ED7B50>) completed
2026-03-04 13:41:38,422 - aiosqlite - DEBUG - executing functools.partial(<built-in method fetchall of sqlite3.Cursor object at 0x0000022447224CC0>)
2026-03-04 13:41:38,422 - aiosqlite - DEBUG - executing functools.partial(<built-in method execute of sqlite3.Cursor object at 0x000001CBFAF1BDC0>, 'SELECT count(*) AS count_1 \nFROM products', ())
2026-03-04 13:41:38,422 - aiosqlite - DEBUG - operation functools.partial(<built-in method fetchall of sqlite3.Cursor object at 0x0000022447224CC0>) completed
2026-03-04 13:41:38,422 - aiosqlite - DEBUG - operation functools.partial(<built-in method execute of sqlite3.Cursor object at 0x000001CBFAF1BDC0>, 'SELECT count(*) AS count_1 \nFROM products', ()) completed
2026-03-04 13:41:38,422 - aiosqlite - DEBUG - executing functools.partial(<built-in method close of sqlite3.Connection object at 0x000001A369ED7B50>)
2026-03-04 13:41:38,422 - aiosqlite - DEBUG - operation functools.partial(<built-in method close of sqlite3.Connection object at 0x000001A369ED7B50>) completed
2026-03-04 13:41:38,422 - aiosqlite - DEBUG - executing functools.partial(<built-in method close of sqlite3.Cursor object at 0x0000022447224CC0>)
2026-03-04 13:41:38,422 - aiosqlite - DEBUG - executing functools.partial(<built-in method fetchall of sqlite3.Cursor object at 0x000001CBFAF1BDC0>)
2026-03-04 13:41:38,422 - services.database - INFO - 🔧 Table creation completed
2026-03-04 13:41:38,422 - aiosqlite - DEBUG - operation functools.partial(<built-in method close of sqlite3.Cursor object at 0x0000022447224CC0>) completed
2026-03-04 13:41:38,422 - aiosqlite - DEBUG - operation functools.partial(<built-in method fetchall of sqlite3.Cursor object at 0x000001CBFAF1BDC0>) completed
2026-03-04 13:41:38,427 - services.database - INFO - Database initialized successfully
2026-03-04 13:41:38,427 - services.database - DEBUG - [DB_OP] Database initialization completed in 0.0815s
2026-03-04 13:41:38,427 - main - INFO - Included router: routers.storage.router
2026-03-04 13:41:38,427 - aiosqlite - DEBUG - executing functools.partial(<built-in method cursor of sqlite3.Connection object at 0x0000022447229F30>)
2026-03-04 13:41:38,427 - aiosqlite - DEBUG - executing functools.partial(<built-in method close of sqlite3.Cursor object at 0x000001CBFAF1BDC0>)
2026-03-04 13:41:38,427 - services.mock_data - INFO - Processing mock data file products.json for table products
2026-03-04 13:41:38,427 - aiosqlite - DEBUG - operation functools.partial(<built-in method cursor of sqlite3.Connection object at 0x0000022447229F30>) completed
2026-03-04 13:41:38,427 - aiosqlite - DEBUG - operation functools.partial(<built-in method close of sqlite3.Cursor object at 0x000001CBFAF1BDC0>) completed
2026-03-04 13:41:38,427 - aiosqlite - DEBUG - executing functools.partial(<built-in method execute of sqlite3.Cursor object at 0x0000022447224CC0>, 'PRAGMA main.foreign_key_list("products")', ())
2026-03-04 13:41:38,427 - services.mock_data - INFO - Table products already has 8 rows; skipping mock insert
9E0>
2026-03-04 13:41:38,427 - aiosqlite - DEBUG - operation functools.partial(<built-in method execute of sqlite3.Cursor object at 0x0000022447224CC0>, 'PRAGMA main.foreign_key_list("products")', ()) completed
2026-03-04 13:41:38,430 - aiosqlite - DEBUG - executing functools.partial(<built-in method commit of sqlite3.Connection object at 0x000001CBFAFA9F30>)
2026-03-04 13:41:38,430 - aiosqlite - DEBUG - operation <function connect.<locals>.connector at 0x000001A369F2D9E0> completed
2026-03-04 13:41:38,431 - aiosqlite - DEBUG - executing functools.partial(<built-in method fetchall of sqlite3.Cursor object at 0x0000022447224CC0>)
2026-03-04 13:41:38,432 - aiosqlite - DEBUG - operation functools.partial(<built-in method commit of sqlite3.Connection object at 0x000001CBFAFA9F30>) completed
2026-03-04 13:41:38,432 - aiosqlite - DEBUG - executing functools.partial(<built-in method create_function of sqlite3.Connection object at 0x000001A369F49F30>, 'regexp', 2, <function SQLiteDialect_pysqlite.on_connect.<locals>.regexp at 0x000001A369F2CC20>, deterministic=True)
2026-03-04 13:41:38,432 - aiosqlite - DEBUG - operation functools.partial(<built-in method fetchall of sqlite3.Cursor object at 0x0000022447224CC0>) completed
2026-03-04 13:41:38,433 - aiosqlite - DEBUG - operation functools.partial(<built-in method create_function of sqlite3.Connection object at 0x000001A369F49F30>, 'regexp', 2, <function SQLiteDialect_pysqlite.on_connect.<locals>.regexp at 0x000001A369F2CC20>, deterministic=True) completed
2026-03-04 13:41:38,433 - aiosqlite - DEBUG - executing functools.partial(<built-in method rollback of sqlite3.Connection object at 0x000001CBFAFA9F30>)
2026-03-04 13:41:38,434 - aiosqlite - DEBUG - executing functools.partial(<built-in method close of sqlite3.Cursor object at 0x0000022447224CC0>)
2026-03-04 13:41:38,434 - aiosqlite - DEBUG - operation functools.partial(<built-in method rollback of sqlite3.Connection object at 0x000001CBFAFA9F30>) completed
2026-03-04 13:41:38,434 - aiosqlite - DEBUG - executing functools.partial(<built-in method create_function of sqlite3.Connection object at 0x000001A369F49F30>, 'floor', 1, <built-in function floor>, deterministic=True)
2026-03-04 13:41:38,434 - aiosqlite - DEBUG - operation functools.partial(<built-in method close of sqlite3.Cursor object at 0x0000022447224CC0>) completed
2026-03-04 13:41:38,435 - aiosqlite - DEBUG - executing functools.partial(<built-in method close of sqlite3.Connection object at 0x000001CBFAFA9F30>)
2026-03-04 13:41:38,435 - aiosqlite - DEBUG - operation functools.partial(<built-in method create_function of sqlite3.Connection object at 0x000001A369F49F30>, 'floor', 1, <built-in function floor>, deterministic=True) completed
2026-03-04 13:41:38,435 - aiosqlite - DEBUG - operation functools.partial(<built-in method close of sqlite3.Connection object at 0x000001CBFAFA9F30>) completed
2026-03-04 13:41:38,435 - aiosqlite - DEBUG - executing functools.partial(<built-in method cursor of sqlite3.Connection object at 0x0000022447229F30>)
2026-03-04 13:41:38,435 - aiosqlite - DEBUG - operation functools.partial(<built-in method cursor of sqlite3.Connection object at 0x0000022447229F30>) completed
2026-03-04 13:41:38,435 - services.database - DEBUG - [DB_OP] Starting database initialization
2026-03-04 13:41:38,435 - aiosqlite - DEBUG - executing functools.partial(<built-in method cursor of sqlite3.Connection object at 0x000001A369F49F30>)
2026-03-04 13:41:38,437 - aiosqlite - DEBUG - executing functools.partial(<built-in method execute of sqlite3.Cursor object at 0x0000022447224CC0>, 'PRAGMA temp.foreign_key_list("products")', ())
2026-03-04 13:41:38,437 - services.database - INFO - 🔧 Starting database initialization...
2026-03-04 13:41:38,437 - aiosqlite - DEBUG - operation functools.partial(<built-in method execute of sqlite3.Cursor object at 0x0000022447224CC0>, 'PRAGMA temp.foreign_key_list("products")', ()) completed
2026-03-04 13:41:38,437 - aiosqlite - DEBUG - operation functools.partial(<built-in method cursor of sqlite3.Connection object at 0x000001A369F49F30>) completed
2026-03-04 13:41:38,439 - core.database - INFO - Starting database initialization...
2026-03-04 13:41:38,440 - core.database - INFO - Database already initialized
2026-03-04 13:41:38,441 - aiosqlite - DEBUG - executing functools.partial(<built-in method fetchall of sqlite3.Cursor object at 0x0000022447224CC0>)
2026-03-04 13:41:38,441 - aiosqlite - DEBUG - executing functools.partial(<built-in method execute of sqlite3.Cursor object at 0x000001A369F44C40>, 'PRAGMA main.table_xinfo("products")', ())
2026-03-04 13:41:38,441 - aiosqlite - DEBUG - operation functools.partial(<built-in method fetchall of sqlite3.Cursor object at 0x0000022447224CC0>) completed
2026-03-04 13:41:38,441 - core.database - DEBUG - [DB_OP] Starting create_tables
2026-03-04 13:41:38,442 - core.database - INFO - Tables already initialized
2026-03-04 13:41:38,442 - aiosqlite - DEBUG - executing functools.partial(<built-in method close of sqlite3.Cursor object at 0x0000022447224CC0>)
2026-03-04 13:41:38,442 - aiosqlite - DEBUG - operation functools.partial(<built-in method execute of sqlite3.Cursor object at 0x000001A369F44C40>, 'PRAGMA main.table_xinfo("products")', ()) completed
2026-03-04 13:41:38,442 - services.database - INFO - 🔧 Table creation completed
2026-03-04 13:41:38,442 - aiosqlite - DEBUG - operation functools.partial(<built-in method close of sqlite3.Cursor object at 0x0000022447224CC0>) completed
2026-03-04 13:41:38,443 - services.database - INFO - Database initialized successfully
2026-03-04 13:41:38,443 - aiosqlite - DEBUG - executing functools.partial(<built-in method fetchall of sqlite3.Cursor object at 0x000001A369F44C40>)
2026-03-04 13:41:38,443 - services.database - DEBUG - [DB_OP] Database initialization completed in 0.0084s
2026-03-04 13:41:38,443 - aiosqlite - DEBUG - operation functools.partial(<built-in method fetchall of sqlite3.Cursor object at 0x000001A369F44C40>) completed
2026-03-04 13:41:38,444 - aiosqlite - DEBUG - executing functools.partial(<built-in method cursor of sqlite3.Connection object at 0x0000022447229F30>)
2026-03-04 13:41:38,444 - services.auth - WARNING - Admin user ID or email not configured, skipping admin initialization
2026-03-04 13:41:38,444 - aiosqlite - DEBUG - operation functools.partial(<built-in method cursor of sqlite3.Connection object at 0x0000022447229F30>) completed
2026-03-04 13:41:38,445 - aiosqlite - DEBUG - executing functools.partial(<built-in method close of sqlite3.Cursor object at 0x000001A369F44C40>)
2026-03-04 13:41:38,445 - main - INFO - === Application startup completed successfully ===
2026-03-04 13:41:38,445 - aiosqlite - DEBUG - operation functools.partial(<built-in method close of sqlite3.Cursor object at 0x000001A369F44C40>) completed
2026-03-04 13:41:38,445 - aiosqlite - DEBUG - executing functools.partial(<built-in method execute of sqlite3.Cursor object at 0x0000022447224CC0>, "SELECT sql FROM  (SELECT * FROM sqlite_master UNION ALL   SELECT * FROM sqlite_temp_master) WHERE name = ? AND type in ('table', 'view')", ('products',))
2026-03-04 13:41:38,446 - aiosqlite - DEBUG - operation functools.partial(<built-in method execute of sqlite3.Cursor object at 0x0000022447224CC0>, "SELECT sql FROM  (SELECT * FROM sqlite_master UNION ALL   SELECT * FROM sqlite_temp_master) WHERE name = ? AND type in ('table', 'view')", ('products',)) completed
2026-03-04 13:41:38,447 - aiosqlite - DEBUG - executing functools.partial(<built-in method cursor of sqlite3.Connection object at 0x000001A369F49F30>)
2026-03-04 13:41:38,447 - aiosqlite - DEBUG - executing functools.partial(<built-in method fetchall of sqlite3.Cursor object at 0x0000022447224CC0>)
2026-03-04 13:41:38,447 - aiosqlite - DEBUG - operation functools.partial(<built-in method cursor of sqlite3.Connection object at 0x000001A369F49F30>) completed
2026-03-04 13:41:38,447 - aiosqlite - DEBUG - operation functools.partial(<built-in method fetchall of sqlite3.Cursor object at 0x0000022447224CC0>) completed
2026-03-04 13:41:38,448 - aiosqlite - DEBUG - executing functools.partial(<built-in method close of sqlite3.Cursor object at 0x0000022447224CC0>)
 "SELECT sql FROM  (SELECT * FROM sqlite_master UNION ALL   SELECT * FROM sqlite_temp_master) WHERE name = ? AND type in ('table', 'view')", ('products',))
2026-03-04 13:41:38,448 - aiosqlite - DEBUG - operation functools.partial(<built-in method close of sqlite3.Cursor object at 0x0000022447224CC0>) completed
2026-03-04 13:41:38,448 - aiosqlite - DEBUG - operation functools.partial(<built-in method execute of sqlite3.Cursor object at 0x000001A369F44C40>, "SELECT sql FROM  (SELECT * FROM sqlite_master UNION ALL   SELECT * FROM sqlite_temp_master) WHERE name = ? AND type in ('table', 'view')", ('products',)) completed
2026-03-04 13:41:38,449 - main - INFO - Included router: routers.user.router
2026-03-04 13:41:38,449 - aiosqlite - DEBUG - executing functools.partial(<built-in method fetchall of sqlite3.Cursor object at 0x000001A369F44C40>)
2026-03-04 13:41:38,449 - aiosqlite - DEBUG - operation functools.partial(<built-in method fetchall of sqlite3.Cursor object at 0x000001A369F44C40>) completed
2026-03-04 13:41:38,450 - aiosqlite - DEBUG - executing functools.partial(<built-in method close of sqlite3.Cursor object at 0x000001A369F44C40>)
2026-03-04 13:41:38,450 - aiosqlite - DEBUG - operation functools.partial(<built-in method close of sqlite3.Cursor object at 0x000001A369F44C40>) completed
2026-03-04 13:41:38,450 - aiosqlite - DEBUG - executing functools.partial(<built-in method cursor of sqlite3.Connection object at 0x0000022447229F30>)
2026-03-04 13:41:38,451 - aiosqlite - DEBUG - operation functools.partial(<built-in method cursor of sqlite3.Connection object at 0x0000022447229F30>) completed
2026-03-04 13:41:38,451 - main - INFO - === Application startup initiated ===
2026-03-04 13:41:38,452 - aiosqlite - DEBUG - executing functools.partial(<built-in method cursor of sqlite3.Connection object at 0x000001A369F49F30>)
2026-03-04 13:41:38,452 - aiosqlite - DEBUG - executing functools.partial(<built-in method execute of sqlite3.Cursor object at 0x0000022447224CC0>, 'PRAGMA main.index_list("products")', ())
2026-03-04 13:41:38,452 - aiosqlite - DEBUG - operation functools.partial(<built-in method cursor of sqlite3.Connection object at 0x000001A369F49F30>) completed
2026-03-04 13:41:38,452 - services.database - DEBUG - [DB_OP] Starting database initialization
2026-03-04 13:41:38,453 - aiosqlite - DEBUG - operation functools.partial(<built-in method execute of sqlite3.Cursor object at 0x0000022447224CC0>, 'PRAGMA main.index_list("products")', ()) completed
2026-03-04 13:41:38,453 - aiosqlite - DEBUG - executing functools.partial(<built-in method execute of sqlite3.Cursor object at 0x000001A369F44C40>, 'PRAGMA main.foreign_key_list("products")', ())
2026-03-04 13:41:38,453 - services.database - INFO - 🔧 Starting database initialization...
2026-03-04 13:41:38,454 - aiosqlite - DEBUG - executing functools.partial(<built-in method fetchall of sqlite3.Cursor object at 0x0000022447224CC0>)
2026-03-04 13:41:38,454 - aiosqlite - DEBUG - operation functools.partial(<built-in method execute of sqlite3.Cursor object at 0x000001A369F44C40>, 'PRAGMA main.foreign_key_list("products")', ()) completed
2026-03-04 13:41:38,454 - aiosqlite - DEBUG - operation functools.partial(<built-in method fetchall of sqlite3.Cursor object at 0x0000022447224CC0>) completed
2026-03-04 13:41:38,454 - core.database - INFO - Starting database initialization...
2026-03-04 13:41:38,455 - aiosqlite - DEBUG - executing functools.partial(<built-in method fetchall of sqlite3.Cursor object at 0x000001A369F44C40>)
2026-03-04 13:41:38,455 - core.database - INFO - Normalizing database URL for async compatibility...
2026-03-04 13:41:38,455 - aiosqlite - DEBUG - executing functools.partial(<built-in method close of sqlite3.Cursor object at 0x0000022447224CC0>)
2026-03-04 13:41:38,455 - aiosqlite - DEBUG - operation functools.partial(<built-in method fetchall of sqlite3.Cursor object at 0x000001A369F44C40>) completed
2026-03-04 13:41:38,455 - aiosqlite - DEBUG - operation functools.partial(<built-in method close of sqlite3.Cursor object at 0x0000022447224CC0>) completed
2026-03-04 13:41:38,455 - aiosqlite - DEBUG - executing functools.partial(<built-in method close of sqlite3.Cursor object at 0x000001A369F44C40>)
2026-03-04 13:41:38,456 - aiosqlite - DEBUG - operation functools.partial(<built-in method close of sqlite3.Cursor object at 0x000001A369F44C40>) completed
2026-03-04 13:41:38,456 - aiosqlite - DEBUG - executing functools.partial(<built-in method cursor of sqlite3.Connection object at 0x0000022447229F30>)
2026-03-04 13:41:38,456 - aiosqlite - DEBUG - executing functools.partial(<built-in method cursor of sqlite3.Connection object at 0x000001A369F49F30>)
2026-03-04 13:41:38,457 - aiosqlite - DEBUG - operation functools.partial(<built-in method cursor of sqlite3.Connection object at 0x000001A369F49F30>) completed
2026-03-04 13:41:38,457 - core.database - DEBUG - Database exists:./test.db
2026-03-04 13:41:38,457 - aiosqlite - DEBUG - executing functools.partial(<built-in method execute of sqlite3.Cursor object at 0x000001A369F44C40>, 'PRAGMA temp.foreign_key_list("products")', ())
2026-03-04 13:41:38,457 - aiosqlite - DEBUG - operation functools.partial(<built-in method cursor of sqlite3.Connection object at 0x0000022447229F30>) completed
2026-03-04 13:41:38,458 - aiosqlite - DEBUG - operation functools.partial(<built-in method execute of sqlite3.Cursor object at 0x000001A369F44C40>, 'PRAGMA temp.foreign_key_list("products")', ()) completed
2026-03-04 13:41:38,458 - core.database - WARNING - Adjusted database URL driver for async compatibility
2026-03-04 13:41:38,458 - aiosqlite - DEBUG - executing functools.partial(<built-in method execute of sqlite3.Cursor object at 0x0000022447224CC0>, 'PRAGMA main.index_info("ix_products_id")', ())
2026-03-04 13:41:38,459 - aiosqlite - DEBUG - executing functools.partial(<built-in method fetchall of sqlite3.Cursor object at 0x000001A369F44C40>)
2026-03-04 13:41:38,459 - core.database - INFO - Creating async database engine...
2026-03-04 13:41:38,459 - aiosqlite - DEBUG - operation functools.partial(<built-in method fetchall of sqlite3.Cursor object at 0x000001A369F44C40>) completed
2026-03-04 13:41:38,459 - aiosqlite - DEBUG - operation functools.partial(<built-in method execute of sqlite3.Cursor object at 0x0000022447224CC0>, 'PRAGMA main.index_info("ix_products_id")', ()) completed
2026-03-04 13:41:38,459 - core.database - INFO - Using NullPool for sqlite+aiosqlite environment
2026-03-04 13:41:38,460 - aiosqlite - DEBUG - executing functools.partial(<built-in method close of sqlite3.Cursor object at 0x000001A369F44C40>)
2026-03-04 13:41:38,460 - aiosqlite - DEBUG - executing functools.partial(<built-in method fetchall of sqlite3.Cursor object at 0x0000022447224CC0>)
2026-03-04 13:41:38,460 - aiosqlite - DEBUG - operation functools.partial(<built-in method fetchall of sqlite3.Cursor object at 0x0000022447224CC0>) completed
2026-03-04 13:41:38,460 - aiosqlite - DEBUG - operation functools.partial(<built-in method close of sqlite3.Cursor object at 0x000001A369F44C40>) completed
2026-03-04 13:41:38,461 - aiosqlite - DEBUG - executing functools.partial(<built-in method close of sqlite3.Cursor object at 0x0000022447224CC0>)
2026-03-04 13:41:38,461 - aiosqlite - DEBUG - operation functools.partial(<built-in method close of sqlite3.Cursor object at 0x0000022447224CC0>) completed
2026-03-04 13:41:38,461 - aiosqlite - DEBUG - executing functools.partial(<built-in method cursor of sqlite3.Connection object at 0x000001A369F49F30>)
2026-03-04 13:41:38,461 - aiosqlite - DEBUG - operation functools.partial(<built-in method cursor of sqlite3.Connection object at 0x000001A369F49F30>) completed
2026-03-04 13:41:38,461 - aiosqlite - DEBUG - executing functools.partial(<built-in method cursor of sqlite3.Connection object at 0x0000022447229F30>)
2026-03-04 13:41:38,462 - aiosqlite - DEBUG - executing functools.partial(<built-in method execute of sqlite3.Cursor object at 0x000001A369F44C40>, "SELECT sql FROM  (SELECT * FROM sqlite_master UNION ALL   SELECT * FROM sqlite_temp_master) WHERE name = ? AND type in ('table', 'view')", ('products',))
2026-03-04 13:41:38,462 - aiosqlite - DEBUG - operation functools.partial(<built-in method cursor of sqlite3.Connection object at 0x0000022447229F30>) completed
2026-03-04 13:41:38,462 - aiosqlite - DEBUG - executing functools.partial(<built-in method execute of sqlite3.Cursor object at 0x0000022447224CC0>, 'PRAGMA main.index_list("products")', ())
2026-03-04 13:41:38,462 - aiosqlite - DEBUG - operation functools.partial(<built-in method execute of sqlite3.Cursor object at 0x000001A369F44C40>, "SELECT sql FROM  (SELECT * FROM sqlite_master UNION ALL   SELECT * FROM sqlite_temp_master) WHERE name = ? AND type in ('table', 'view')", ('products',)) completed
2026-03-04 13:41:38,462 - aiosqlite - DEBUG - operation functools.partial(<built-in method execute of sqlite3.Cursor object at 0x0000022447224CC0>, 'PRAGMA main.index_list("products")', ()) completed
2026-03-04 13:41:38,463 - aiosqlite - DEBUG - executing functools.partial(<built-in method fetchall of sqlite3.Cursor object at 0x000001A369F44C40>)
2026-03-04 13:41:38,463 - aiosqlite - DEBUG - executing functools.partial(<built-in method fetchall of sqlite3.Cursor object at 0x0000022447224CC0>)
2026-03-04 13:41:38,463 - aiosqlite - DEBUG - operation functools.partial(<built-in method fetchall of sqlite3.Cursor object at 0x000001A369F44C40>) completed
2026-03-04 13:41:38,463 - aiosqlite - DEBUG - operation functools.partial(<built-in method fetchall of sqlite3.Cursor object at 0x0000022447224CC0>) completed
2026-03-04 13:41:38,464 - aiosqlite - DEBUG - executing functools.partial(<built-in method close of sqlite3.Cursor object at 0x000001A369F44C40>)
2026-03-04 13:41:38,464 - aiosqlite - DEBUG - executing functools.partial(<built-in method close of sqlite3.Cursor object at 0x0000022447224CC0>)
2026-03-04 13:41:38,464 - aiosqlite - DEBUG - operation functools.partial(<built-in method close of sqlite3.Cursor object at 0x000001A369F44C40>) completed
2026-03-04 13:41:38,464 - aiosqlite - DEBUG - operation functools.partial(<built-in method close of sqlite3.Cursor object at 0x0000022447224CC0>) completed
2026-03-04 13:41:38,465 - aiosqlite - DEBUG - executing functools.partial(<built-in method cursor of sqlite3.Connection object at 0x0000022447229F30>)
2026-03-04 13:41:38,466 - aiosqlite - DEBUG - operation functools.partial(<built-in method cursor of sqlite3.Connection object at 0x0000022447229F30>) completed
2026-03-04 13:41:38,466 - aiosqlite - DEBUG - executing functools.partial(<built-in method cursor of sqlite3.Connection object at 0x000001A369F49F30>)
2026-03-04 13:41:38,467 - aiosqlite - DEBUG - executing functools.partial(<built-in method execute of sqlite3.Cursor object at 0x0000022447224CC0>, 'PRAGMA main.index_info("ix_products_id")', ())
2026-03-04 13:41:38,467 - aiosqlite - DEBUG - operation functools.partial(<built-in method cursor of sqlite3.Connection object at 0x000001A369F49F30>) completed
2026-03-04 13:41:38,467 - aiosqlite - DEBUG - operation functools.partial(<built-in method execute of sqlite3.Cursor object at 0x0000022447224CC0>, 'PRAGMA main.index_info("ix_products_id")', ()) completed
2026-03-04 13:41:38,468 - aiosqlite - DEBUG - executing functools.partial(<built-in method execute of sqlite3.Cursor object at 0x000001A369F44C40>, 'PRAGMA main.index_list("products")', ())
2026-03-04 13:41:38,468 - aiosqlite - DEBUG - executing functools.partial(<built-in method fetchall of sqlite3.Cursor object at 0x0000022447224CC0>)
2026-03-04 13:41:38,468 - aiosqlite - DEBUG - operation functools.partial(<built-in method execute of sqlite3.Cursor object at 0x000001A369F44C40>, 'PRAGMA main.index_list("products")', ()) completed
2026-03-04 13:41:38,468 - aiosqlite - DEBUG - operation functools.partial(<built-in method fetchall of sqlite3.Cursor object at 0x0000022447224CC0>) completed
2026-03-04 13:41:38,469 - aiosqlite - DEBUG - executing functools.partial(<built-in method close of sqlite3.Cursor object at 0x0000022447224CC0>)
2026-03-04 13:41:38,469 - aiosqlite - DEBUG - executing functools.partial(<built-in method fetchall of sqlite3.Cursor object at 0x000001A369F44C40>)
2026-03-04 13:41:38,469 - aiosqlite - DEBUG - operation functools.partial(<built-in method close of sqlite3.Cursor object at 0x0000022447224CC0>) completed
2026-03-04 13:41:38,469 - aiosqlite - DEBUG - operation functools.partial(<built-in method fetchall of sqlite3.Cursor object at 0x000001A369F44C40>) completed
2026-03-04 13:41:38,469 - aiosqlite - DEBUG - executing functools.partial(<built-in method close of sqlite3.Cursor object at 0x000001A369F44C40>)
2026-03-04 13:41:38,469 - aiosqlite - DEBUG - executing functools.partial(<built-in method cursor of sqlite3.Connection object at 0x0000022447229F30>)
2026-03-04 13:41:38,470 - aiosqlite - DEBUG - operation functools.partial(<built-in method close of sqlite3.Cursor object at 0x000001A369F44C40>) completed
2026-03-04 13:41:38,470 - aiosqlite - DEBUG - operation functools.partial(<built-in method cursor of sqlite3.Connection object at 0x0000022447229F30>) completed
2026-03-04 13:41:38,470 - aiosqlite - DEBUG - executing functools.partial(<built-in method execute of sqlite3.Cursor object at 0x0000022447224CC0>, "SELECT sql FROM  (SELECT * FROM sqlite_master UNION ALL   SELECT * FROM sqlite_temp_master) WHERE name = ? AND type in ('table', 'view')", ('products',))
2026-03-04 13:41:38,470 - aiosqlite - DEBUG - executing functools.partial(<built-in method cursor of sqlite3.Connection object at 0x000001A369F49F30>)
2026-03-04 13:41:38,470 - aiosqlite - DEBUG - operation functools.partial(<built-in method execute of sqlite3.Cursor object at 0x0000022447224CC0>, "SELECT sql FROM  (SELECT * FROM sqlite_master UNION ALL   SELECT * FROM sqlite_temp_master) WHERE name = ? AND type in ('table', 'view')", ('products',)) completed
2026-03-04 13:41:38,471 - aiosqlite - DEBUG - operation functools.partial(<built-in method cursor of sqlite3.Connection object at 0x000001A369F49F30>) completed
2026-03-04 13:41:38,471 - aiosqlite - DEBUG - executing functools.partial(<built-in method fetchall of sqlite3.Cursor object at 0x0000022447224CC0>)
RAGMA main.index_info("ix_products_id")', ())
2026-03-04 13:41:38,472 - aiosqlite - DEBUG - operation functools.partial(<built-in method execute of sqlite3.Cursor object at 0x000001A369F44C40>, 'PRAGMA main.index_info("ix_products_id")', ()) completed
2026-03-04 13:41:38,473 - aiosqlite - DEBUG - executing functools.partial(<built-in method fetchall of sqlite3.Cursor object at 0x000001A369F44C40>)
2026-03-04 13:41:38,475 - aiosqlite - DEBUG - operation functools.partial(<built-in method fetchall of sqlite3.Cursor object at 0x0000022447224CC0>) completed
2026-03-04 13:41:38,476 - aiosqlite - DEBUG - executing functools.partial(<built-in method close of sqlite3.Cursor object at 0x0000022447224CC0>)
) completed
2026-03-04 13:41:38,476 - aiosqlite - DEBUG - operation functools.partial(<built-in method close of sqlite3.Cursor object at 0x0000022447224CC0>) completed
2026-03-04 13:41:38,476 - aiosqlite - DEBUG - executing functools.partial(<built-in method close of sqlite3.Cursor object at 0x000001A369F44C40>)
2026-03-04 13:41:38,476 - aiosqlite - DEBUG - operation functools.partial(<built-in method close of sqlite3.Cursor object at 0x000001A369F44C40>) completed
2026-03-04 13:41:38,477 - aiosqlite - DEBUG - executing functools.partial(<built-in method cursor of sqlite3.Connection object at 0x000001A369F49F30>)
2026-03-04 13:41:38,477 - aiosqlite - DEBUG - operation functools.partial(<built-in method cursor of sqlite3.Connection object at 0x000001A369F49F30>) completed
2026-03-04 13:41:38,478 - aiosqlite - DEBUG - executing functools.partial(<built-in method execute of sqlite3.Cursor object at 0x000001A369F44C40>, 'PRAGMA main.index_list("products")', ())
2026-03-04 13:41:38,478 - aiosqlite - DEBUG - operation functools.partial(<built-in method execute of sqlite3.Cursor object at 0x000001A369F44C40>, 'PRAGMA main.index_list("products")', ()) completed
2026-03-04 13:41:38,479 - aiosqlite - DEBUG - executing functools.partial(<built-in method fetchall of sqlite3.Cursor object at 0x000001A369F44C40>)
2026-03-04 13:41:38,479 - aiosqlite - DEBUG - operation functools.partial(<built-in method fetchall of sqlite3.Cursor object at 0x000001A369F44C40>) completed
2026-03-04 13:41:38,480 - aiosqlite - DEBUG - executing functools.partial(<built-in method close of sqlite3.Cursor object at 0x000001A369F44C40>)
2026-03-04 13:41:38,481 - aiosqlite - DEBUG - operation functools.partial(<built-in method close of sqlite3.Cursor object at 0x000001A369F44C40>) completed
2026-03-04 13:41:38,481 - aiosqlite - DEBUG - executing functools.partial(<built-in method cursor of sqlite3.Connection object at 0x0000022447229F30>)
2026-03-04 13:41:38,481 - aiosqlite - DEBUG - operation functools.partial(<built-in method cursor of sqlite3.Connection object at 0x0000022447229F30>) completed
2026-03-04 13:41:38,481 - aiosqlite - DEBUG - executing functools.partial(<built-in method cursor of sqlite3.Connection object at 0x000001A369F49F30>)
2026-03-04 13:41:38,481 - aiosqlite - DEBUG - operation functools.partial(<built-in method cursor of sqlite3.Connection object at 0x000001A369F49F30>) completed
2026-03-04 13:41:38,482 - aiosqlite - DEBUG - executing functools.partial(<built-in method execute of sqlite3.Cursor object at 0x000002244719BDC0>, 'SELECT count(*) AS count_1 \nFROM products', ())
2026-03-04 13:41:38,482 - aiosqlite - DEBUG - executing functools.partial(<built-in method execute of sqlite3.Cursor object at 0x000001A369F44C40>, 'PRAGMA main.index_info("ix_products_id")', ())
2026-03-04 13:41:38,482 - aiosqlite - DEBUG - operation functools.partial(<built-in method execute of sqlite3.Cursor object at 0x000002244719BDC0>, 'SELECT count(*) AS count_1 \nFROM products', ()) completed
2026-03-04 13:41:38,482 - aiosqlite - DEBUG - operation functools.partial(<built-in method execute of sqlite3.Cursor object at 0x000001A369F44C40>, 'PRAGMA main.index_info("ix_products_id")', ()) completed
2026-03-04 13:41:38,482 - aiosqlite - DEBUG - executing functools.partial(<built-in method fetchall of sqlite3.Cursor object at 0x000002244719BDC0>)
2026-03-04 13:41:38,483 - aiosqlite - DEBUG - executing functools.partial(<built-in method fetchall of sqlite3.Cursor object at 0x000001A369F44C40>)
2026-03-04 13:41:38,483 - aiosqlite - DEBUG - operation functools.partial(<built-in method fetchall of sqlite3.Cursor object at 0x000002244719BDC0>) completed
2026-03-04 13:41:38,483 - aiosqlite - DEBUG - operation functools.partial(<built-in method fetchall of sqlite3.Cursor object at 0x000001A369F44C40>) completed
2026-03-04 13:41:38,483 - aiosqlite - DEBUG - executing functools.partial(<built-in method close of sqlite3.Cursor object at 0x000002244719BDC0>)
2026-03-04 13:41:38,483 - aiosqlite - DEBUG - executing functools.partial(<built-in method close of sqlite3.Cursor object at 0x000001A369F44C40>)
2026-03-04 13:41:38,483 - aiosqlite - DEBUG - operation functools.partial(<built-in method close of sqlite3.Cursor object at 0x000002244719BDC0>) completed
2026-03-04 13:41:38,483 - aiosqlite - DEBUG - operation functools.partial(<built-in method close of sqlite3.Cursor object at 0x000001A369F44C40>) completed
2026-03-04 13:41:38,484 - services.mock_data - INFO - Table products already has 8 rows; skipping mock insert
2026-03-04 13:41:38,484 - aiosqlite - DEBUG - executing functools.partial(<built-in method cursor of sqlite3.Connection object at 0x000001A369F49F30>)
2026-03-04 13:41:38,484 - aiosqlite - DEBUG - executing functools.partial(<built-in method commit of sqlite3.Connection object at 0x0000022447229F30>)
2026-03-04 13:41:38,484 - aiosqlite - DEBUG - operation functools.partial(<built-in method cursor of sqlite3.Connection object at 0x000001A369F49F30>) completed
2026-03-04 13:41:38,484 - aiosqlite - DEBUG - operation functools.partial(<built-in method commit of sqlite3.Connection object at 0x0000022447229F30>) completed
2026-03-04 13:41:38,485 - aiosqlite - DEBUG - executing functools.partial(<built-in method execute of sqlite3.Cursor object at 0x000001A369F44C40>, "SELECT sql FROM  (SELECT * FROM sqlite_master UNION ALL   SELECT * FROM sqlite_temp_master) WHERE name = ? AND type in ('table', 'view')", ('products',))
2026-03-04 13:41:38,485 - aiosqlite - DEBUG - executing functools.partial(<built-in method rollback of sqlite3.Connection object at 0x0000022447229F30>)
2026-03-04 13:41:38,485 - aiosqlite - DEBUG - operation functools.partial(<built-in method rollback of sqlite3.Connection object at 0x0000022447229F30>) completed
2026-03-04 13:41:38,485 - aiosqlite - DEBUG - operation functools.partial(<built-in method execute of sqlite3.Cursor object at 0x000001A369F44C40>, "SELECT sql FROM  (SELECT * FROM sqlite_master UNION ALL   SELECT * FROM sqlite_temp_master) WHERE name = ? AND type in ('table', 'view')", ('products',)) completed
2026-03-04 13:41:38,486 - aiosqlite - DEBUG - executing functools.partial(<built-in method close of sqlite3.Connection object at 0x0000022447229F30>)
2026-03-04 13:41:38,487 - aiosqlite - DEBUG - operation functools.partial(<built-in method close of sqlite3.Connection object at 0x0000022447229F30>) completed
2026-03-04 13:41:38,487 - aiosqlite - DEBUG - executing functools.partial(<built-in method fetchall of sqlite3.Cursor object at 0x000001A369F44C40>)
2026-03-04 13:41:38,487 - aiosqlite - DEBUG - operation functools.partial(<built-in method fetchall of sqlite3.Cursor object at 0x000001A369F44C40>) completed
2026-03-04 13:41:38,488 - services.database - DEBUG - [DB_OP] Starting database initialization
2026-03-04 13:41:38,488 - services.database - INFO - 🔧 Starting database initialization...
2026-03-04 13:41:38,488 - aiosqlite - DEBUG - executing functools.partial(<built-in method close of sqlite3.Cursor object at 0x000001A369F44C40>)
2026-03-04 13:41:38,488 - core.database - INFO - Starting database initialization...
2026-03-04 13:41:38,489 - aiosqlite - DEBUG - operation functools.partial(<built-in method close of sqlite3.Cursor object at 0x000001A369F44C40>) completed
2026-03-04 13:41:38,489 - core.database - INFO - Database already initialized
2026-03-04 13:41:38,489 - services.database - INFO - 🔧 Database connection initialized, now creating tables if tables not exist...
2026-03-04 13:41:38,489 - core.database - DEBUG - [DB_OP] Starting create_tables
2026-03-04 13:41:38,489 - core.database - INFO - Tables already initialized
2026-03-04 13:41:38,490 - services.database - INFO - 🔧 Table creation completed
2026-03-04 13:41:38,490 - services.database - INFO - Database initialized successfully
2026-03-04 13:41:38,490 - services.database - DEBUG - [DB_OP] Database initialization completed in 0.0020s
2026-03-04 13:41:38,490 - services.auth - WARNING - Admin user ID or email not configured, skipping admin initialization
2026-03-04 13:41:38,491 - main - INFO - === Application startup completed successfully ===
2026-03-04 13:41:38,491 - core.database - INFO - Database engine created successfully
2026-03-04 13:41:38,492 - core.database - INFO - Creating async session maker...
2026-03-04 13:41:38,492 - core.database - INFO - Async session maker created successfully
2026-03-04 13:41:38,492 - core.database - INFO - Database connection initialized successfully
2026-03-04 13:41:38,493 - services.database - INFO - 🔧 Database connection initialized, now creating tables if tables not exist...
2026-03-04 13:41:38,493 - core.database - DEBUG - [DB_OP] Starting create_tables
2026-03-04 13:41:38,493 - core.database - INFO - 🔧 Starting table creation...
2026-03-04 13:41:38,494 - aiosqlite - DEBUG - executing functools.partial(<built-in method cursor of sqlite3.Connection object at 0x000001A369F49F30>)
2026-03-04 13:41:38,494 - aiosqlite - DEBUG - operation functools.partial(<built-in method cursor of sqlite3.Connection object at 0x000001A369F49F30>) completed
2026-03-04 13:41:38,494 - aiosqlite - DEBUG - executing functools.partial(<built-in method execute of sqlite3.Cursor object at 0x000001A369EBBD40>, 'SELECT count(*) AS count_1 \nFROM products', ())
2026-03-04 13:41:38,495 - aiosqlite - DEBUG - executing <function connect.<locals>.connector at 0x00000237BE91D940>
2026-03-04 13:41:38,495 - aiosqlite - DEBUG - operation functools.partial(<built-in method execute of sqlite3.Cursor object at 0x000001A369EBBD40>, 'SELECT count(*) AS count_1 \nFROM products', ()) completed
2026-03-04 13:41:38,495 - aiosqlite - DEBUG - operation <function connect.<locals>.connector at 0x00000237BE91D940> completed
2026-03-04 13:41:38,496 - aiosqlite - DEBUG - executing functools.partial(<built-in method fetchall of sqlite3.Cursor object at 0x000001A369EBBD40>)
2026-03-04 13:41:38,496 - aiosqlite - DEBUG - operation functools.partial(<built-in method fetchall of sqlite3.Cursor object at 0x000001A369EBBD40>) completed
2026-03-04 13:41:38,496 - aiosqlite - DEBUG - executing functools.partial(<built-in method create_function of sqlite3.Connection object at 0x00000237BE8C7B50>, 'regexp', 2, <function SQLiteDialect_pysqlite.on_connect.<locals>.regexp at 0x00000237BE91CC20>, deterministic=True)
2026-03-04 13:41:38,496 - aiosqlite - DEBUG - operation functools.partial(<built-in method create_function of sqlite3.Connection object at 0x00000237BE8C7B50>, 'regexp', 2, <function SQLiteDialect_pysqlite.on_connect.<locals>.regexp at 0x00000237BE91CC20>, deterministic=True) completed
2026-03-04 13:41:38,497 - aiosqlite - DEBUG - executing functools.partial(<built-in method close of sqlite3.Cursor object at 0x000001A369EBBD40>)
2026-03-04 13:41:38,497 - aiosqlite - DEBUG - operation functools.partial(<built-in method close of sqlite3.Cursor object at 0x000001A369EBBD40>) completed
2026-03-04 13:41:38,497 - aiosqlite - DEBUG - executing functools.partial(<built-in method create_function of sqlite3.Connection object at 0x00000237BE8C7B50>, 'floor', 1, <built-in function floor>, deterministic=True)
2026-03-04 13:41:38,497 - services.mock_data - INFO - Table products already has 8 rows; skipping mock insert
2026-03-04 13:41:38,497 - aiosqlite - DEBUG - operation functools.partial(<built-in method create_function of sqlite3.Connection object at 0x00000237BE8C7B50>, 'floor', 1, <built-in function floor>, deterministic=True) completed
2026-03-04 13:41:38,498 - aiosqlite - DEBUG - executing functools.partial(<built-in method commit of sqlite3.Connection object at 0x000001A369F49F30>)
2026-03-04 13:41:38,498 - aiosqlite - DEBUG - operation functools.partial(<built-in method commit of sqlite3.Connection object at 0x000001A369F49F30>) completed
2026-03-04 13:41:38,498 - aiosqlite - DEBUG - executing functools.partial(<built-in method cursor of sqlite3.Connection object at 0x00000237BE8C7B50>)
2026-03-04 13:41:38,498 - aiosqlite - DEBUG - operation functools.partial(<built-in method cursor of sqlite3.Connection object at 0x00000237BE8C7B50>) completed
2026-03-04 13:41:38,499 - aiosqlite - DEBUG - executing functools.partial(<built-in method rollback of sqlite3.Connection object at 0x000001A369F49F30>)
2026-03-04 13:41:38,499 - aiosqlite - DEBUG - executing functools.partial(<built-in method execute of sqlite3.Cursor object at 0x00000237BE934340>, 'PRAGMA read_uncommitted', [])
2026-03-04 13:41:38,499 - aiosqlite - DEBUG - operation functools.partial(<built-in method rollback of sqlite3.Connection object at 0x000001A369F49F30>) completed
2026-03-04 13:41:38,500 - aiosqlite - DEBUG - operation functools.partial(<built-in method execute of sqlite3.Cursor object at 0x00000237BE934340>, 'PRAGMA read_uncommitted', []) completed
2026-03-04 13:41:38,500 - aiosqlite - DEBUG - executing functools.partial(<built-in method close of sqlite3.Connection object at 0x000001A369F49F30>)
2026-03-04 13:41:38,500 - aiosqlite - DEBUG - operation functools.partial(<built-in method close of sqlite3.Connection object at 0x000001A369F49F30>) completed
2026-03-04 13:41:38,501 - aiosqlite - DEBUG - executing functools.partial(<built-in method fetchall of sqlite3.Cursor object at 0x00000237BE934340>)
2026-03-04 13:41:38,501 - aiosqlite - DEBUG - operation functools.partial(<built-in method fetchall of sqlite3.Cursor object at 0x00000237BE934340>) completed
2026-03-04 13:41:38,501 - services.database - DEBUG - [DB_OP] Starting database initialization
2026-03-04 13:41:38,501 - services.database - INFO - 🔧 Starting database initialization...
2026-03-04 13:41:38,501 - aiosqlite - DEBUG - executing functools.partial(<built-in method close of sqlite3.Cursor object at 0x00000237BE934340>)
2026-03-04 13:41:38,502 - core.database - INFO - Starting database initialization...
2026-03-04 13:41:38,502 - aiosqlite - DEBUG - operation functools.partial(<built-in method close of sqlite3.Cursor object at 0x00000237BE934340>) completed
2026-03-04 13:41:38,502 - core.database - INFO - Database already initialized
2026-03-04 13:41:38,502 - services.database - INFO - 🔧 Database connection initialized, now creating tables if tables not exist...
2026-03-04 13:41:38,502 - aiosqlite - DEBUG - executing functools.partial(<built-in method rollback of sqlite3.Connection object at 0x00000237BE8C7B50>)
2026-03-04 13:41:38,502 - core.database - DEBUG - [DB_OP] Starting create_tables
2026-03-04 13:41:38,502 - aiosqlite - DEBUG - operation functools.partial(<built-in method rollback of sqlite3.Connection object at 0x00000237BE8C7B50>) completed
2026-03-04 13:41:38,503 - core.database - INFO - Tables already initialized
2026-03-04 13:41:38,503 - services.database - INFO - 🔧 Table creation completed
2026-03-04 13:41:38,503 - services.database - INFO - Database initialized successfully
2026-03-04 13:41:38,503 - services.database - DEBUG - [DB_OP] Database initialization completed in 0.0020s
2026-03-04 13:41:38,504 - services.auth - WARNING - Admin user ID or email not configured, skipping admin initialization
2026-03-04 13:41:38,504 - main - INFO - === Application startup completed successfully ===
2026-03-04 13:41:38,504 - aiosqlite - DEBUG - executing functools.partial(<built-in method cursor of sqlite3.Connection object at 0x00000237BE8C7B50>)
2026-03-04 13:41:38,505 - aiosqlite - DEBUG - operation functools.partial(<built-in method cursor of sqlite3.Connection object at 0x00000237BE8C7B50>) completed
2026-03-04 13:41:38,505 - aiosqlite - DEBUG - executing functools.partial(<built-in method execute of sqlite3.Cursor object at 0x00000237BE934440>, 'PRAGMA main.table_info("users")', ())
2026-03-04 13:41:38,506 - aiosqlite - DEBUG - operation functools.partial(<built-in method execute of sqlite3.Cursor object at 0x00000237BE934440>, 'PRAGMA main.table_info("users")', ()) completed
2026-03-04 13:41:38,507 - aiosqlite - DEBUG - executing functools.partial(<built-in method fetchall of sqlite3.Cursor object at 0x00000237BE934440>)
2026-03-04 13:41:38,508 - aiosqlite - DEBUG - operation functools.partial(<built-in method fetchall of sqlite3.Cursor object at 0x00000237BE934440>) completed
2026-03-04 13:41:38,509 - aiosqlite - DEBUG - executing functools.partial(<built-in method close of sqlite3.Cursor object at 0x00000237BE934440>)
2026-03-04 13:41:38,509 - aiosqlite - DEBUG - operation functools.partial(<built-in method close of sqlite3.Cursor object at 0x00000237BE934440>) completed
2026-03-04 13:41:38,510 - aiosqlite - DEBUG - executing functools.partial(<built-in method cursor of sqlite3.Connection object at 0x00000237BE8C7B50>)
2026-03-04 13:41:38,510 - aiosqlite - DEBUG - operation functools.partial(<built-in method cursor of sqlite3.Connection object at 0x00000237BE8C7B50>) completed
2026-03-04 13:41:38,511 - aiosqlite - DEBUG - executing functools.partial(<built-in method execute of sqlite3.Cursor object at 0x00000237BE934440>, 'PRAGMA main.table_info("oidc_states")', ())
2026-03-04 13:41:38,511 - aiosqlite - DEBUG - operation functools.partial(<built-in method execute of sqlite3.Cursor object at 0x00000237BE934440>, 'PRAGMA main.table_info("oidc_states")', ()) completed
2026-03-04 13:41:38,512 - aiosqlite - DEBUG - executing functools.partial(<built-in method fetchall of sqlite3.Cursor object at 0x00000237BE934440>)
2026-03-04 13:41:38,512 - aiosqlite - DEBUG - operation functools.partial(<built-in method fetchall of sqlite3.Cursor object at 0x00000237BE934440>) completed
2026-03-04 13:41:38,513 - aiosqlite - DEBUG - executing functools.partial(<built-in method close of sqlite3.Cursor object at 0x00000237BE934440>)
2026-03-04 13:41:38,515 - aiosqlite - DEBUG - operation functools.partial(<built-in method close of sqlite3.Cursor object at 0x00000237BE934440>) completed
2026-03-04 13:41:38,517 - aiosqlite - DEBUG - executing functools.partial(<built-in method cursor of sqlite3.Connection object at 0x00000237BE8C7B50>)
2026-03-04 13:41:38,517 - aiosqlite - DEBUG - operation functools.partial(<built-in method cursor of sqlite3.Connection object at 0x00000237BE8C7B50>) completed
2026-03-04 13:41:38,517 - aiosqlite - DEBUG - executing functools.partial(<built-in method execute of sqlite3.Cursor object at 0x00000237BE934440>, 'PRAGMA main.table_info("orders")', ())
2026-03-04 13:41:38,517 - aiosqlite - DEBUG - operation functools.partial(<built-in method execute of sqlite3.Cursor object at 0x00000237BE934440>, 'PRAGMA main.table_info("orders")', ()) completed
2026-03-04 13:41:38,517 - aiosqlite - DEBUG - executing functools.partial(<built-in method fetchall of sqlite3.Cursor object at 0x00000237BE934440>)
2026-03-04 13:41:38,517 - aiosqlite - DEBUG - operation functools.partial(<built-in method fetchall of sqlite3.Cursor object at 0x00000237BE934440>) completed
2026-03-04 13:41:38,517 - aiosqlite - DEBUG - executing functools.partial(<built-in method close of sqlite3.Cursor object at 0x00000237BE934440>)
2026-03-04 13:41:38,517 - aiosqlite - DEBUG - operation functools.partial(<built-in method close of sqlite3.Cursor object at 0x00000237BE934440>) completed
2026-03-04 13:41:38,521 - aiosqlite - DEBUG - executing functools.partial(<built-in method cursor of sqlite3.Connection object at 0x00000237BE8C7B50>)
2026-03-04 13:41:38,521 - aiosqlite - DEBUG - operation functools.partial(<built-in method cursor of sqlite3.Connection object at 0x00000237BE8C7B50>) completed
2026-03-04 13:41:38,521 - aiosqlite - DEBUG - executing functools.partial(<built-in method execute of sqlite3.Cursor object at 0x00000237BE934440>, 'PRAGMA main.table_info("products")', ())
2026-03-04 13:41:38,522 - aiosqlite - DEBUG - operation functools.partial(<built-in method execute of sqlite3.Cursor object at 0x00000237BE934440>, 'PRAGMA main.table_info("products")', ()) completed
2026-03-04 13:41:38,523 - aiosqlite - DEBUG - executing functools.partial(<built-in method fetchall of sqlite3.Cursor object at 0x00000237BE934440>)
2026-03-04 13:41:38,524 - aiosqlite - DEBUG - operation functools.partial(<built-in method fetchall of sqlite3.Cursor object at 0x00000237BE934440>) completed
2026-03-04 13:41:38,525 - aiosqlite - DEBUG - executing functools.partial(<built-in method close of sqlite3.Cursor object at 0x00000237BE934440>)
2026-03-04 13:41:38,525 - aiosqlite - DEBUG - operation functools.partial(<built-in method close of sqlite3.Cursor object at 0x00000237BE934440>) completed
2026-03-04 13:41:38,526 - core.database - INFO - Tables initialized successfully
2026-03-04 13:41:38,526 - core.database - DEBUG - [DB_OP] Create tables completed in 0.0331s
2026-03-04 13:41:38,526 - aiosqlite - DEBUG - executing functools.partial(<built-in method commit of sqlite3.Connection object at 0x00000237BE8C7B50>)
2026-03-04 13:41:38,526 - aiosqlite - DEBUG - operation functools.partial(<built-in method commit of sqlite3.Connection object at 0x00000237BE8C7B50>) completed
2026-03-04 13:41:38,528 - aiosqlite - DEBUG - executing functools.partial(<built-in method rollback of sqlite3.Connection object at 0x00000237BE8C7B50>)
2026-03-04 13:41:38,529 - aiosqlite - DEBUG - operation functools.partial(<built-in method rollback of sqlite3.Connection object at 0x00000237BE8C7B50>) completed
2026-03-04 13:41:38,530 - aiosqlite - DEBUG - executing functools.partial(<built-in method close of sqlite3.Connection object at 0x00000237BE8C7B50>)
2026-03-04 13:41:38,531 - aiosqlite - DEBUG - operation functools.partial(<built-in method close of sqlite3.Connection object at 0x00000237BE8C7B50>) completed
2026-03-04 13:41:38,531 - services.database - INFO - 🔧 Table creation completed
2026-03-04 13:41:38,531 - services.database - INFO - Database initialized successfully
2026-03-04 13:41:38,532 - services.database - DEBUG - [DB_OP] Database initialization completed in 0.0799s
2026-03-04 13:41:38,533 - services.mock_data - INFO - Processing mock data file products.json for table products
2026-03-04 13:41:38,533 - aiosqlite - DEBUG - executing <function connect.<locals>.connector at 0x00000237BE91D9E0>
2026-03-04 13:41:38,534 - aiosqlite - DEBUG - operation <function connect.<locals>.connector at 0x00000237BE91D9E0> completed
2026-03-04 13:41:38,535 - aiosqlite - DEBUG - executing functools.partial(<built-in method create_function of sqlite3.Connection object at 0x00000237BE939F30>, 'regexp', 2, <function SQLiteDialect_pysqlite.on_connect.<locals>.regexp at 0x00000237BE91CC20>, deterministic=True)
2026-03-04 13:41:38,536 - aiosqlite - DEBUG - operation functools.partial(<built-in method create_function of sqlite3.Connection object at 0x00000237BE939F30>, 'regexp', 2, <function SQLiteDialect_pysqlite.on_connect.<locals>.regexp at 0x00000237BE91CC20>, deterministic=True) completed
2026-03-04 13:41:38,537 - aiosqlite - DEBUG - executing functools.partial(<built-in method create_function of sqlite3.Connection object at 0x00000237BE939F30>, 'floor', 1, <built-in function floor>, deterministic=True)
2026-03-04 13:41:38,537 - aiosqlite - DEBUG - operation functools.partial(<built-in method create_function of sqlite3.Connection object at 0x00000237BE939F30>, 'floor', 1, <built-in function floor>, deterministic=True) completed
2026-03-04 13:41:38,538 - aiosqlite - DEBUG - executing functools.partial(<built-in method cursor of sqlite3.Connection object at 0x00000237BE939F30>)
2026-03-04 13:41:38,538 - aiosqlite - DEBUG - operation functools.partial(<built-in method cursor of sqlite3.Connection object at 0x00000237BE939F30>) completed
2026-03-04 13:41:38,539 - aiosqlite - DEBUG - executing functools.partial(<built-in method execute of sqlite3.Cursor object at 0x00000237BE934CC0>, 'PRAGMA main.table_xinfo("products")', ())
2026-03-04 13:41:38,540 - aiosqlite - DEBUG - operation functools.partial(<built-in method execute of sqlite3.Cursor object at 0x00000237BE934CC0>, 'PRAGMA main.table_xinfo("products")', ()) completed
2026-03-04 13:41:38,540 - aiosqlite - DEBUG - executing functools.partial(<built-in method fetchall of sqlite3.Cursor object at 0x00000237BE934CC0>)
2026-03-04 13:41:38,541 - aiosqlite - DEBUG - operation functools.partial(<built-in method fetchall of sqlite3.Cursor object at 0x00000237BE934CC0>) completed
2026-03-04 13:41:38,543 - aiosqlite - DEBUG - executing functools.partial(<built-in method close of sqlite3.Cursor object at 0x00000237BE934CC0>)
2026-03-04 13:41:38,543 - aiosqlite - DEBUG - operation functools.partial(<built-in method close of sqlite3.Cursor object at 0x00000237BE934CC0>) completed
2026-03-04 13:41:38,544 - aiosqlite - DEBUG - executing functools.partial(<built-in method cursor of sqlite3.Connection object at 0x00000237BE939F30>)
2026-03-04 13:41:38,544 - aiosqlite - DEBUG - operation functools.partial(<built-in method cursor of sqlite3.Connection object at 0x00000237BE939F30>) completed
2026-03-04 13:41:38,545 - aiosqlite - DEBUG - executing functools.partial(<built-in method execute of sqlite3.Cursor object at 0x00000237BE934CC0>, "SELECT sql FROM  (SELECT * FROM sqlite_master UNION ALL   SELECT * FROM sqlite_temp_master) WHERE name = ? AND type in ('table', 'view')", ('products',))
2026-03-04 13:41:38,545 - aiosqlite - DEBUG - operation functools.partial(<built-in method execute of sqlite3.Cursor object at 0x00000237BE934CC0>, "SELECT sql FROM  (SELECT * FROM sqlite_master UNION ALL   SELECT * FROM sqlite_temp_master) WHERE name = ? AND type in ('table', 'view')", ('products',)) completed
2026-03-04 13:41:38,546 - aiosqlite - DEBUG - executing functools.partial(<built-in method fetchall of sqlite3.Cursor object at 0x00000237BE934CC0>)
2026-03-04 13:41:38,546 - aiosqlite - DEBUG - operation functools.partial(<built-in method fetchall of sqlite3.Cursor object at 0x00000237BE934CC0>) completed
2026-03-04 13:41:38,547 - aiosqlite - DEBUG - executing functools.partial(<built-in method close of sqlite3.Cursor object at 0x00000237BE934CC0>)
2026-03-04 13:41:38,547 - aiosqlite - DEBUG - operation functools.partial(<built-in method close of sqlite3.Cursor object at 0x00000237BE934CC0>) completed
2026-03-04 13:41:38,548 - aiosqlite - DEBUG - executing functools.partial(<built-in method cursor of sqlite3.Connection object at 0x00000237BE939F30>)
2026-03-04 13:41:38,548 - aiosqlite - DEBUG - operation functools.partial(<built-in method cursor of sqlite3.Connection object at 0x00000237BE939F30>) completed
2026-03-04 13:41:38,548 - aiosqlite - DEBUG - executing functools.partial(<built-in method execute of sqlite3.Cursor object at 0x00000237BE934CC0>, 'PRAGMA main.foreign_key_list("products")', ())
2026-03-04 13:41:38,549 - aiosqlite - DEBUG - operation functools.partial(<built-in method execute of sqlite3.Cursor object at 0x00000237BE934CC0>, 'PRAGMA main.foreign_key_list("products")', ()) completed
2026-03-04 13:41:38,549 - aiosqlite - DEBUG - executing functools.partial(<built-in method fetchall of sqlite3.Cursor object at 0x00000237BE934CC0>)
2026-03-04 13:41:38,549 - aiosqlite - DEBUG - operation functools.partial(<built-in method fetchall of sqlite3.Cursor object at 0x00000237BE934CC0>) completed
2026-03-04 13:41:38,550 - aiosqlite - DEBUG - executing functools.partial(<built-in method close of sqlite3.Cursor object at 0x00000237BE934CC0>)
2026-03-04 13:41:38,550 - aiosqlite - DEBUG - operation functools.partial(<built-in method close of sqlite3.Cursor object at 0x00000237BE934CC0>) completed
2026-03-04 13:41:38,550 - aiosqlite - DEBUG - executing functools.partial(<built-in method cursor of sqlite3.Connection object at 0x00000237BE939F30>)
2026-03-04 13:41:38,551 - aiosqlite - DEBUG - operation functools.partial(<built-in method cursor of sqlite3.Connection object at 0x00000237BE939F30>) completed
2026-03-04 13:41:38,552 - aiosqlite - DEBUG - executing functools.partial(<built-in method execute of sqlite3.Cursor object at 0x00000237BE934CC0>, 'PRAGMA temp.foreign_key_list("products")', ())
2026-03-04 13:41:38,552 - aiosqlite - DEBUG - operation functools.partial(<built-in method execute of sqlite3.Cursor object at 0x00000237BE934CC0>, 'PRAGMA temp.foreign_key_list("products")', ()) completed
2026-03-04 13:41:38,552 - aiosqlite - DEBUG - executing functools.partial(<built-in method fetchall of sqlite3.Cursor object at 0x00000237BE934CC0>)
2026-03-04 13:41:38,553 - aiosqlite - DEBUG - operation functools.partial(<built-in method fetchall of sqlite3.Cursor object at 0x00000237BE934CC0>) completed
2026-03-04 13:41:38,553 - aiosqlite - DEBUG - executing functools.partial(<built-in method close of sqlite3.Cursor object at 0x00000237BE934CC0>)
2026-03-04 13:41:38,553 - aiosqlite - DEBUG - operation functools.partial(<built-in method close of sqlite3.Cursor object at 0x00000237BE934CC0>) completed
2026-03-04 13:41:38,554 - aiosqlite - DEBUG - executing functools.partial(<built-in method cursor of sqlite3.Connection object at 0x00000237BE939F30>)
2026-03-04 13:41:38,554 - aiosqlite - DEBUG - operation functools.partial(<built-in method cursor of sqlite3.Connection object at 0x00000237BE939F30>) completed
2026-03-04 13:41:38,555 - aiosqlite - DEBUG - executing functools.partial(<built-in method execute of sqlite3.Cursor object at 0x00000237BE934CC0>, "SELECT sql FROM  (SELECT * FROM sqlite_master UNION ALL   SELECT * FROM sqlite_temp_master) WHERE name = ? AND type in ('table', 'view')", ('products',))
2026-03-04 13:41:38,555 - aiosqlite - DEBUG - operation functools.partial(<built-in method execute of sqlite3.Cursor object at 0x00000237BE934CC0>, "SELECT sql FROM  (SELECT * FROM sqlite_master UNION ALL   SELECT * FROM sqlite_temp_master) WHERE name = ? AND type in ('table', 'view')", ('products',)) completed
2026-03-04 13:41:38,557 - aiosqlite - DEBUG - executing functools.partial(<built-in method fetchall of sqlite3.Cursor object at 0x00000237BE934CC0>)
2026-03-04 13:41:38,559 - aiosqlite - DEBUG - operation functools.partial(<built-in method fetchall of sqlite3.Cursor object at 0x00000237BE934CC0>) completed
2026-03-04 13:41:38,560 - aiosqlite - DEBUG - executing functools.partial(<built-in method close of sqlite3.Cursor object at 0x00000237BE934CC0>)
2026-03-04 13:41:38,560 - aiosqlite - DEBUG - operation functools.partial(<built-in method close of sqlite3.Cursor object at 0x00000237BE934CC0>) completed
2026-03-04 13:41:38,563 - aiosqlite - DEBUG - executing functools.partial(<built-in method cursor of sqlite3.Connection object at 0x00000237BE939F30>)
2026-03-04 13:41:38,563 - aiosqlite - DEBUG - operation functools.partial(<built-in method cursor of sqlite3.Connection object at 0x00000237BE939F30>) completed
2026-03-04 13:41:38,564 - aiosqlite - DEBUG - executing functools.partial(<built-in method execute of sqlite3.Cursor object at 0x00000237BE934CC0>, 'PRAGMA main.index_list("products")', ())
2026-03-04 13:41:38,565 - aiosqlite - DEBUG - operation functools.partial(<built-in method execute of sqlite3.Cursor object at 0x00000237BE934CC0>, 'PRAGMA main.index_list("products")', ()) completed
2026-03-04 13:41:38,565 - aiosqlite - DEBUG - executing functools.partial(<built-in method fetchall of sqlite3.Cursor object at 0x00000237BE934CC0>)
2026-03-04 13:41:38,566 - aiosqlite - DEBUG - operation functools.partial(<built-in method fetchall of sqlite3.Cursor object at 0x00000237BE934CC0>) completed
2026-03-04 13:41:38,566 - aiosqlite - DEBUG - executing functools.partial(<built-in method close of sqlite3.Cursor object at 0x00000237BE934CC0>)
2026-03-04 13:41:38,566 - aiosqlite - DEBUG - operation functools.partial(<built-in method close of sqlite3.Cursor object at 0x00000237BE934CC0>) completed
2026-03-04 13:41:38,567 - aiosqlite - DEBUG - executing functools.partial(<built-in method cursor of sqlite3.Connection object at 0x00000237BE939F30>)
2026-03-04 13:41:38,567 - aiosqlite - DEBUG - operation functools.partial(<built-in method cursor of sqlite3.Connection object at 0x00000237BE939F30>) completed
2026-03-04 13:41:38,568 - aiosqlite - DEBUG - executing functools.partial(<built-in method execute of sqlite3.Cursor object at 0x00000237BE934CC0>, 'PRAGMA main.index_info("ix_products_id")', ())
2026-03-04 13:41:38,568 - aiosqlite - DEBUG - operation functools.partial(<built-in method execute of sqlite3.Cursor object at 0x00000237BE934CC0>, 'PRAGMA main.index_info("ix_products_id")', ()) completed
2026-03-04 13:41:38,569 - aiosqlite - DEBUG - executing functools.partial(<built-in method fetchall of sqlite3.Cursor object at 0x00000237BE934CC0>)
2026-03-04 13:41:38,570 - aiosqlite - DEBUG - operation functools.partial(<built-in method fetchall of sqlite3.Cursor object at 0x00000237BE934CC0>) completed
2026-03-04 13:41:38,570 - aiosqlite - DEBUG - executing functools.partial(<built-in method close of sqlite3.Cursor object at 0x00000237BE934CC0>)
2026-03-04 13:41:38,570 - aiosqlite - DEBUG - operation functools.partial(<built-in method close of sqlite3.Cursor object at 0x00000237BE934CC0>) completed
2026-03-04 13:41:38,571 - aiosqlite - DEBUG - executing functools.partial(<built-in method cursor of sqlite3.Connection object at 0x00000237BE939F30>)
2026-03-04 13:41:38,571 - aiosqlite - DEBUG - operation functools.partial(<built-in method cursor of sqlite3.Connection object at 0x00000237BE939F30>) completed
2026-03-04 13:41:38,572 - aiosqlite - DEBUG - executing functools.partial(<built-in method execute of sqlite3.Cursor object at 0x00000237BE934CC0>, 'PRAGMA main.index_list("products")', ())
2026-03-04 13:41:38,572 - aiosqlite - DEBUG - operation functools.partial(<built-in method execute of sqlite3.Cursor object at 0x00000237BE934CC0>, 'PRAGMA main.index_list("products")', ()) completed
2026-03-04 13:41:38,572 - aiosqlite - DEBUG - executing functools.partial(<built-in method fetchall of sqlite3.Cursor object at 0x00000237BE934CC0>)
2026-03-04 13:41:38,572 - aiosqlite - DEBUG - operation functools.partial(<built-in method fetchall of sqlite3.Cursor object at 0x00000237BE934CC0>) completed
2026-03-04 13:41:38,573 - aiosqlite - DEBUG - executing functools.partial(<built-in method close of sqlite3.Cursor object at 0x00000237BE934CC0>)
2026-03-04 13:41:38,573 - aiosqlite - DEBUG - operation functools.partial(<built-in method close of sqlite3.Cursor object at 0x00000237BE934CC0>) completed
2026-03-04 13:41:38,573 - aiosqlite - DEBUG - executing functools.partial(<built-in method cursor of sqlite3.Connection object at 0x00000237BE939F30>)
2026-03-04 13:41:38,574 - aiosqlite - DEBUG - operation functools.partial(<built-in method cursor of sqlite3.Connection object at 0x00000237BE939F30>) completed
2026-03-04 13:41:38,574 - aiosqlite - DEBUG - executing functools.partial(<built-in method execute of sqlite3.Cursor object at 0x00000237BE934CC0>, 'PRAGMA main.index_info("ix_products_id")', ())
2026-03-04 13:41:38,575 - aiosqlite - DEBUG - operation functools.partial(<built-in method execute of sqlite3.Cursor object at 0x00000237BE934CC0>, 'PRAGMA main.index_info("ix_products_id")', ()) completed
2026-03-04 13:41:38,575 - aiosqlite - DEBUG - executing functools.partial(<built-in method fetchall of sqlite3.Cursor object at 0x00000237BE934CC0>)
2026-03-04 13:41:38,575 - aiosqlite - DEBUG - operation functools.partial(<built-in method fetchall of sqlite3.Cursor object at 0x00000237BE934CC0>) completed
2026-03-04 13:41:38,576 - aiosqlite - DEBUG - executing functools.partial(<built-in method close of sqlite3.Cursor object at 0x00000237BE934CC0>)
2026-03-04 13:41:38,576 - aiosqlite - DEBUG - operation functools.partial(<built-in method close of sqlite3.Cursor object at 0x00000237BE934CC0>) completed
2026-03-04 13:41:38,576 - aiosqlite - DEBUG - executing functools.partial(<built-in method cursor of sqlite3.Connection object at 0x00000237BE939F30>)
2026-03-04 13:41:38,577 - aiosqlite - DEBUG - operation functools.partial(<built-in method cursor of sqlite3.Connection object at 0x00000237BE939F30>) completed
2026-03-04 13:41:38,577 - aiosqlite - DEBUG - executing functools.partial(<built-in method execute of sqlite3.Cursor object at 0x00000237BE934CC0>, "SELECT sql FROM  (SELECT * FROM sqlite_master UNION ALL   SELECT * FROM sqlite_temp_master) WHERE name = ? AND type in ('table', 'view')", ('products',))
2026-03-04 13:41:38,578 - aiosqlite - DEBUG - operation functools.partial(<built-in method execute of sqlite3.Cursor object at 0x00000237BE934CC0>, "SELECT sql FROM  (SELECT * FROM sqlite_master UNION ALL   SELECT * FROM sqlite_temp_master) WHERE name = ? AND type in ('table', 'view')", ('products',)) completed
2026-03-04 13:41:38,578 - aiosqlite - DEBUG - executing functools.partial(<built-in method fetchall of sqlite3.Cursor object at 0x00000237BE934CC0>)
2026-03-04 13:41:38,578 - aiosqlite - DEBUG - operation functools.partial(<built-in method fetchall of sqlite3.Cursor object at 0x00000237BE934CC0>) completed
2026-03-04 13:41:38,579 - aiosqlite - DEBUG - executing functools.partial(<built-in method close of sqlite3.Cursor object at 0x00000237BE934CC0>)
2026-03-04 13:41:38,579 - aiosqlite - DEBUG - operation functools.partial(<built-in method close of sqlite3.Cursor object at 0x00000237BE934CC0>) completed
2026-03-04 13:41:38,583 - aiosqlite - DEBUG - executing functools.partial(<built-in method cursor of sqlite3.Connection object at 0x00000237BE939F30>)
2026-03-04 13:41:38,583 - aiosqlite - DEBUG - operation functools.partial(<built-in method cursor of sqlite3.Connection object at 0x00000237BE939F30>) completed
2026-03-04 13:41:38,583 - aiosqlite - DEBUG - executing functools.partial(<built-in method execute of sqlite3.Cursor object at 0x00000237BE8ABDC0>, 'SELECT count(*) AS count_1 \nFROM products', ())
2026-03-04 13:41:38,584 - aiosqlite - DEBUG - operation functools.partial(<built-in method execute of sqlite3.Cursor object at 0x00000237BE8ABDC0>, 'SELECT count(*) AS count_1 \nFROM products', ()) completed
2026-03-04 13:41:38,584 - aiosqlite - DEBUG - executing functools.partial(<built-in method fetchall of sqlite3.Cursor object at 0x00000237BE8ABDC0>)
2026-03-04 13:41:38,584 - aiosqlite - DEBUG - operation functools.partial(<built-in method fetchall of sqlite3.Cursor object at 0x00000237BE8ABDC0>) completed
2026-03-04 13:41:38,585 - aiosqlite - DEBUG - executing functools.partial(<built-in method close of sqlite3.Cursor object at 0x00000237BE8ABDC0>)
2026-03-04 13:41:38,585 - aiosqlite - DEBUG - operation functools.partial(<built-in method close of sqlite3.Cursor object at 0x00000237BE8ABDC0>) completed
2026-03-04 13:41:38,585 - services.mock_data - INFO - Table products already has 8 rows; skipping mock insert
2026-03-04 13:41:38,586 - aiosqlite - DEBUG - executing functools.partial(<built-in method commit of sqlite3.Connection object at 0x00000237BE939F30>)
2026-03-04 13:41:38,586 - aiosqlite - DEBUG - operation functools.partial(<built-in method commit of sqlite3.Connection object at 0x00000237BE939F30>) completed
2026-03-04 13:41:38,586 - aiosqlite - DEBUG - executing functools.partial(<built-in method rollback of sqlite3.Connection object at 0x00000237BE939F30>)
2026-03-04 13:41:38,587 - aiosqlite - DEBUG - operation functools.partial(<built-in method rollback of sqlite3.Connection object at 0x00000237BE939F30>) completed
2026-03-04 13:41:38,587 - aiosqlite - DEBUG - executing functools.partial(<built-in method close of sqlite3.Connection object at 0x00000237BE939F30>)
2026-03-04 13:41:38,587 - aiosqlite - DEBUG - operation functools.partial(<built-in method close of sqlite3.Connection object at 0x00000237BE939F30>) completed
2026-03-04 13:41:38,588 - services.database - DEBUG - [DB_OP] Starting database initialization
2026-03-04 13:41:38,588 - services.database - INFO - 🔧 Starting database initialization...
2026-03-04 13:41:38,588 - core.database - INFO - Starting database initialization...
2026-03-04 13:41:38,589 - core.database - INFO - Database already initialized
2026-03-04 13:41:38,589 - services.database - INFO - 🔧 Database connection initialized, now creating tables if tables not exist...
2026-03-04 13:41:38,589 - core.database - DEBUG - [DB_OP] Starting create_tables
2026-03-04 13:41:38,589 - core.database - INFO - Tables already initialized
2026-03-04 13:41:38,590 - services.database - INFO - 🔧 Table creation completed
2026-03-04 13:41:38,590 - services.database - INFO - Database initialized successfully
2026-03-04 13:41:38,591 - services.database - DEBUG - [DB_OP] Database initialization completed in 0.0023s
2026-03-04 13:41:38,591 - services.auth - WARNING - Admin user ID or email not configured, skipping admin initialization
2026-03-04 13:41:38,591 - main - INFO - === Application startup completed successfully ===
