2026-03-03 17:24:36,620 - main - INFO - === Logging system initialized ===
2026-03-03 17:24:36,620 - main - INFO - Log file: logs/app_20260303_172436.log
2026-03-03 17:24:36,620 - main - INFO - Log level: INFO
2026-03-03 17:24:36,625 - main - INFO - Timestamp: 20260303_172436
2026-03-03 17:24:37,072 - main - INFO - Included router: routers.aihub.router
2026-03-03 17:24:37,102 - passlib.utils.compat - DEBUG - loaded lazy attr 'SafeConfigParser': <class 'configparser.ConfigParser'>
2026-03-03 17:24:37,102 - passlib.utils.compat - DEBUG - loaded lazy attr 'NativeStringIO': <class '_io.StringIO'>
2026-03-03 17:24:37,102 - passlib.utils.compat - DEBUG - loaded lazy attr 'BytesIO': <class '_io.BytesIO'>
2026-03-03 17:24:37,110 - passlib.registry - DEBUG - registered 'bcrypt' handler: <class 'passlib.handlers.bcrypt.bcrypt'>
2026-03-03 17:24:37,118 - main - INFO - Included router: routers.auth.router
2026-03-03 17:24:37,118 - main - INFO - Included router: routers.health.router
2026-03-03 17:24:37,134 - main - INFO - Included router: routers.orders.router
2026-03-03 17:24:37,195 - main - INFO - Included router: routers.products.router
2026-03-03 17:24:37,195 - main - WARNING - Failed to import module 'routers.settings': cannot import name 'get_admin_user' from 'dependencies.auth' (D:\ASM1\backend\dependencies\auth.py)
2026-03-03 17:24:37,195 - main - WARNING - Failed to import module 'routers.storage': cannot import name 'get_admin_user' from 'dependencies.auth' (D:\ASM1\backend\dependencies\auth.py)
2026-03-03 17:24:37,214 - main - INFO - Included router: routers.user.router
2026-03-03 17:24:37,214 - main - INFO - === Application startup initiated ===
2026-03-03 17:24:37,214 - services.database - DEBUG - [DB_OP] Starting database initialization
2026-03-03 17:24:37,214 - services.database - INFO - 🔧 Starting database initialization...
2026-03-03 17:24:37,214 - core.database - INFO - Starting database initialization...
2026-03-03 17:24:37,214 - core.database - INFO - Normalizing database URL for async compatibility...
2026-03-03 17:24:37,214 - core.database - DEBUG - Database exists:./test.db
2026-03-03 17:24:37,214 - core.database - WARNING - Adjusted database URL driver for async compatibility
2026-03-03 17:24:37,214 - core.database - INFO - Creating async database engine...
2026-03-03 17:24:37,214 - core.database - INFO - Using NullPool for sqlite+aiosqlite environment
2026-03-03 17:24:37,250 - core.database - INFO - Database engine created successfully
2026-03-03 17:24:37,250 - core.database - INFO - Creating async session maker...
2026-03-03 17:24:37,250 - core.database - INFO - Async session maker created successfully
2026-03-03 17:24:37,250 - core.database - INFO - Database connection initialized successfully
2026-03-03 17:24:37,250 - services.database - INFO - 🔧 Database connection initialized, now creating tables if tables not exist...
2026-03-03 17:24:37,250 - core.database - DEBUG - [DB_OP] Starting create_tables
2026-03-03 17:24:37,250 - core.database - INFO - 🔧 Starting table creation...
2026-03-03 17:24:37,250 - aiosqlite - DEBUG - executing <function connect.<locals>.connector at 0x0000024919788E00>
2026-03-03 17:24:37,250 - aiosqlite - DEBUG - operation <function connect.<locals>.connector at 0x0000024919788E00> completed
2026-03-03 17:24:37,250 - aiosqlite - DEBUG - executing functools.partial(<built-in method create_function of sqlite3.Connection object at 0x00000249197616C0>, 'regexp', 2, <function SQLiteDialect_pysqlite.on_connect.<locals>.regexp at 0x00000249197880E0>, deterministic=True)
2026-03-03 17:24:37,255 - aiosqlite - DEBUG - operation functools.partial(<built-in method create_function of sqlite3.Connection object at 0x00000249197616C0>, 'regexp', 2, <function SQLiteDialect_pysqlite.on_connect.<locals>.regexp at 0x00000249197880E0>, deterministic=True) completed
2026-03-03 17:24:37,255 - aiosqlite - DEBUG - executing functools.partial(<built-in method create_function of sqlite3.Connection object at 0x00000249197616C0>, 'floor', 1, <built-in function floor>, deterministic=True)
2026-03-03 17:24:37,255 - aiosqlite - DEBUG - operation functools.partial(<built-in method create_function of sqlite3.Connection object at 0x00000249197616C0>, 'floor', 1, <built-in function floor>, deterministic=True) completed
2026-03-03 17:24:37,255 - aiosqlite - DEBUG - executing functools.partial(<built-in method cursor of sqlite3.Connection object at 0x00000249197616C0>)
2026-03-03 17:24:37,255 - aiosqlite - DEBUG - operation functools.partial(<built-in method cursor of sqlite3.Connection object at 0x00000249197616C0>) completed
2026-03-03 17:24:37,255 - aiosqlite - DEBUG - executing functools.partial(<built-in method execute of sqlite3.Cursor object at 0x0000024919752740>, 'PRAGMA read_uncommitted', [])
2026-03-03 17:24:37,255 - aiosqlite - DEBUG - operation functools.partial(<built-in method execute of sqlite3.Cursor object at 0x0000024919752740>, 'PRAGMA read_uncommitted', []) completed
2026-03-03 17:24:37,255 - aiosqlite - DEBUG - executing functools.partial(<built-in method fetchall of sqlite3.Cursor object at 0x0000024919752740>)
2026-03-03 17:24:37,255 - aiosqlite - DEBUG - operation functools.partial(<built-in method fetchall of sqlite3.Cursor object at 0x0000024919752740>) completed
2026-03-03 17:24:37,255 - aiosqlite - DEBUG - executing functools.partial(<built-in method close of sqlite3.Cursor object at 0x0000024919752740>)
2026-03-03 17:24:37,255 - aiosqlite - DEBUG - operation functools.partial(<built-in method close of sqlite3.Cursor object at 0x0000024919752740>) completed
2026-03-03 17:24:37,255 - aiosqlite - DEBUG - executing functools.partial(<built-in method rollback of sqlite3.Connection object at 0x00000249197616C0>)
2026-03-03 17:24:37,255 - aiosqlite - DEBUG - operation functools.partial(<built-in method rollback of sqlite3.Connection object at 0x00000249197616C0>) completed
2026-03-03 17:24:37,265 - aiosqlite - DEBUG - executing functools.partial(<built-in method cursor of sqlite3.Connection object at 0x00000249197616C0>)
2026-03-03 17:24:37,265 - aiosqlite - DEBUG - operation functools.partial(<built-in method cursor of sqlite3.Connection object at 0x00000249197616C0>) completed
2026-03-03 17:24:37,265 - aiosqlite - DEBUG - executing functools.partial(<built-in method execute of sqlite3.Cursor object at 0x0000024919752840>, 'PRAGMA main.table_info("users")', ())
2026-03-03 17:24:37,265 - aiosqlite - DEBUG - operation functools.partial(<built-in method execute of sqlite3.Cursor object at 0x0000024919752840>, 'PRAGMA main.table_info("users")', ()) completed
2026-03-03 17:24:37,265 - aiosqlite - DEBUG - executing functools.partial(<built-in method fetchall of sqlite3.Cursor object at 0x0000024919752840>)
2026-03-03 17:24:37,265 - aiosqlite - DEBUG - operation functools.partial(<built-in method fetchall of sqlite3.Cursor object at 0x0000024919752840>) completed
2026-03-03 17:24:37,265 - aiosqlite - DEBUG - executing functools.partial(<built-in method close of sqlite3.Cursor object at 0x0000024919752840>)
2026-03-03 17:24:37,265 - aiosqlite - DEBUG - operation functools.partial(<built-in method close of sqlite3.Cursor object at 0x0000024919752840>) completed
2026-03-03 17:24:37,265 - aiosqlite - DEBUG - executing functools.partial(<built-in method cursor of sqlite3.Connection object at 0x00000249197616C0>)
2026-03-03 17:24:37,265 - aiosqlite - DEBUG - operation functools.partial(<built-in method cursor of sqlite3.Connection object at 0x00000249197616C0>) completed
2026-03-03 17:24:37,265 - aiosqlite - DEBUG - executing functools.partial(<built-in method execute of sqlite3.Cursor object at 0x0000024919752840>, 'PRAGMA main.table_info("oidc_states")', ())
2026-03-03 17:24:37,265 - aiosqlite - DEBUG - operation functools.partial(<built-in method execute of sqlite3.Cursor object at 0x0000024919752840>, 'PRAGMA main.table_info("oidc_states")', ()) completed
2026-03-03 17:24:37,265 - aiosqlite - DEBUG - executing functools.partial(<built-in method fetchall of sqlite3.Cursor object at 0x0000024919752840>)
2026-03-03 17:24:37,265 - aiosqlite - DEBUG - operation functools.partial(<built-in method fetchall of sqlite3.Cursor object at 0x0000024919752840>) completed
2026-03-03 17:24:37,265 - aiosqlite - DEBUG - executing functools.partial(<built-in method close of sqlite3.Cursor object at 0x0000024919752840>)
2026-03-03 17:24:37,265 - aiosqlite - DEBUG - operation functools.partial(<built-in method close of sqlite3.Cursor object at 0x0000024919752840>) completed
2026-03-03 17:24:37,265 - aiosqlite - DEBUG - executing functools.partial(<built-in method cursor of sqlite3.Connection object at 0x00000249197616C0>)
2026-03-03 17:24:37,265 - aiosqlite - DEBUG - operation functools.partial(<built-in method cursor of sqlite3.Connection object at 0x00000249197616C0>) completed
2026-03-03 17:24:37,274 - aiosqlite - DEBUG - executing functools.partial(<built-in method execute of sqlite3.Cursor object at 0x0000024919752840>, 'PRAGMA main.table_info("orders")', ())
2026-03-03 17:24:37,274 - aiosqlite - DEBUG - operation functools.partial(<built-in method execute of sqlite3.Cursor object at 0x0000024919752840>, 'PRAGMA main.table_info("orders")', ()) completed
2026-03-03 17:24:37,274 - aiosqlite - DEBUG - executing functools.partial(<built-in method fetchall of sqlite3.Cursor object at 0x0000024919752840>)
2026-03-03 17:24:37,274 - aiosqlite - DEBUG - operation functools.partial(<built-in method fetchall of sqlite3.Cursor object at 0x0000024919752840>) completed
2026-03-03 17:24:37,274 - aiosqlite - DEBUG - executing functools.partial(<built-in method close of sqlite3.Cursor object at 0x0000024919752840>)
2026-03-03 17:24:37,274 - aiosqlite - DEBUG - operation functools.partial(<built-in method close of sqlite3.Cursor object at 0x0000024919752840>) completed
2026-03-03 17:24:37,274 - aiosqlite - DEBUG - executing functools.partial(<built-in method cursor of sqlite3.Connection object at 0x00000249197616C0>)
2026-03-03 17:24:37,274 - aiosqlite - DEBUG - operation functools.partial(<built-in method cursor of sqlite3.Connection object at 0x00000249197616C0>) completed
2026-03-03 17:24:37,274 - aiosqlite - DEBUG - executing functools.partial(<built-in method execute of sqlite3.Cursor object at 0x0000024919752840>, 'PRAGMA main.table_info("products")', ())
2026-03-03 17:24:37,274 - aiosqlite - DEBUG - operation functools.partial(<built-in method execute of sqlite3.Cursor object at 0x0000024919752840>, 'PRAGMA main.table_info("products")', ()) completed
2026-03-03 17:24:37,274 - aiosqlite - DEBUG - executing functools.partial(<built-in method fetchall of sqlite3.Cursor object at 0x0000024919752840>)
2026-03-03 17:24:37,274 - aiosqlite - DEBUG - operation functools.partial(<built-in method fetchall of sqlite3.Cursor object at 0x0000024919752840>) completed
2026-03-03 17:24:37,274 - aiosqlite - DEBUG - executing functools.partial(<built-in method close of sqlite3.Cursor object at 0x0000024919752840>)
2026-03-03 17:24:37,274 - aiosqlite - DEBUG - operation functools.partial(<built-in method close of sqlite3.Cursor object at 0x0000024919752840>) completed
2026-03-03 17:24:37,274 - core.database - INFO - Tables initialized successfully
2026-03-03 17:24:37,274 - core.database - DEBUG - [DB_OP] Create tables completed in 0.0241s
2026-03-03 17:24:37,274 - aiosqlite - DEBUG - executing functools.partial(<built-in method commit of sqlite3.Connection object at 0x00000249197616C0>)
2026-03-03 17:24:37,283 - aiosqlite - DEBUG - operation functools.partial(<built-in method commit of sqlite3.Connection object at 0x00000249197616C0>) completed
2026-03-03 17:24:37,283 - aiosqlite - DEBUG - executing functools.partial(<built-in method rollback of sqlite3.Connection object at 0x00000249197616C0>)
2026-03-03 17:24:37,284 - aiosqlite - DEBUG - operation functools.partial(<built-in method rollback of sqlite3.Connection object at 0x00000249197616C0>) completed
2026-03-03 17:24:37,284 - aiosqlite - DEBUG - executing functools.partial(<built-in method close of sqlite3.Connection object at 0x00000249197616C0>)
2026-03-03 17:24:37,284 - aiosqlite - DEBUG - operation functools.partial(<built-in method close of sqlite3.Connection object at 0x00000249197616C0>) completed
2026-03-03 17:24:37,284 - services.database - INFO - 🔧 Table creation completed
2026-03-03 17:24:37,284 - services.database - INFO - Database initialized successfully
2026-03-03 17:24:37,284 - services.database - DEBUG - [DB_OP] Database initialization completed in 0.0707s
2026-03-03 17:24:37,284 - services.mock_data - INFO - Processing mock data file products.json for table products
2026-03-03 17:24:37,284 - aiosqlite - DEBUG - executing <function connect.<locals>.connector at 0x0000024919788EA0>
2026-03-03 17:24:37,284 - aiosqlite - DEBUG - operation <function connect.<locals>.connector at 0x0000024919788EA0> completed
2026-03-03 17:24:37,284 - aiosqlite - DEBUG - executing functools.partial(<built-in method create_function of sqlite3.Connection object at 0x00000249197617B0>, 'regexp', 2, <function SQLiteDialect_pysqlite.on_connect.<locals>.regexp at 0x00000249197880E0>, deterministic=True)
2026-03-03 17:24:37,284 - aiosqlite - DEBUG - operation functools.partial(<built-in method create_function of sqlite3.Connection object at 0x00000249197617B0>, 'regexp', 2, <function SQLiteDialect_pysqlite.on_connect.<locals>.regexp at 0x00000249197880E0>, deterministic=True) completed
2026-03-03 17:24:37,294 - aiosqlite - DEBUG - executing functools.partial(<built-in method create_function of sqlite3.Connection object at 0x00000249197617B0>, 'floor', 1, <built-in function floor>, deterministic=True)
2026-03-03 17:24:37,294 - aiosqlite - DEBUG - operation functools.partial(<built-in method create_function of sqlite3.Connection object at 0x00000249197617B0>, 'floor', 1, <built-in function floor>, deterministic=True) completed
2026-03-03 17:24:37,294 - aiosqlite - DEBUG - executing functools.partial(<built-in method cursor of sqlite3.Connection object at 0x00000249197617B0>)
2026-03-03 17:24:37,294 - aiosqlite - DEBUG - operation functools.partial(<built-in method cursor of sqlite3.Connection object at 0x00000249197617B0>) completed
2026-03-03 17:24:37,294 - aiosqlite - DEBUG - executing functools.partial(<built-in method execute of sqlite3.Cursor object at 0x0000024919752C40>, 'PRAGMA main.table_xinfo("products")', ())
2026-03-03 17:24:37,294 - aiosqlite - DEBUG - operation functools.partial(<built-in method execute of sqlite3.Cursor object at 0x0000024919752C40>, 'PRAGMA main.table_xinfo("products")', ()) completed
2026-03-03 17:24:37,294 - aiosqlite - DEBUG - executing functools.partial(<built-in method fetchall of sqlite3.Cursor object at 0x0000024919752C40>)
2026-03-03 17:24:37,294 - aiosqlite - DEBUG - operation functools.partial(<built-in method fetchall of sqlite3.Cursor object at 0x0000024919752C40>) completed
2026-03-03 17:24:37,294 - aiosqlite - DEBUG - executing functools.partial(<built-in method close of sqlite3.Cursor object at 0x0000024919752C40>)
2026-03-03 17:24:37,294 - aiosqlite - DEBUG - operation functools.partial(<built-in method close of sqlite3.Cursor object at 0x0000024919752C40>) completed
2026-03-03 17:24:37,294 - aiosqlite - DEBUG - executing functools.partial(<built-in method cursor of sqlite3.Connection object at 0x00000249197617B0>)
2026-03-03 17:24:37,294 - aiosqlite - DEBUG - operation functools.partial(<built-in method cursor of sqlite3.Connection object at 0x00000249197617B0>) completed
2026-03-03 17:24:37,294 - aiosqlite - DEBUG - executing functools.partial(<built-in method execute of sqlite3.Cursor object at 0x0000024919752C40>, "SELECT sql FROM  (SELECT * FROM sqlite_master UNION ALL   SELECT * FROM sqlite_temp_master) WHERE name = ? AND type in ('table', 'view')", ('products',))
2026-03-03 17:24:37,294 - aiosqlite - DEBUG - operation functools.partial(<built-in method execute of sqlite3.Cursor object at 0x0000024919752C40>, "SELECT sql FROM  (SELECT * FROM sqlite_master UNION ALL   SELECT * FROM sqlite_temp_master) WHERE name = ? AND type in ('table', 'view')", ('products',)) completed
2026-03-03 17:24:37,294 - aiosqlite - DEBUG - executing functools.partial(<built-in method fetchall of sqlite3.Cursor object at 0x0000024919752C40>)
2026-03-03 17:24:37,294 - aiosqlite - DEBUG - operation functools.partial(<built-in method fetchall of sqlite3.Cursor object at 0x0000024919752C40>) completed
2026-03-03 17:24:37,294 - aiosqlite - DEBUG - executing functools.partial(<built-in method close of sqlite3.Cursor object at 0x0000024919752C40>)
2026-03-03 17:24:37,294 - aiosqlite - DEBUG - operation functools.partial(<built-in method close of sqlite3.Cursor object at 0x0000024919752C40>) completed
2026-03-03 17:24:37,294 - aiosqlite - DEBUG - executing functools.partial(<built-in method cursor of sqlite3.Connection object at 0x00000249197617B0>)
2026-03-03 17:24:37,294 - aiosqlite - DEBUG - operation functools.partial(<built-in method cursor of sqlite3.Connection object at 0x00000249197617B0>) completed
2026-03-03 17:24:37,305 - aiosqlite - DEBUG - executing functools.partial(<built-in method execute of sqlite3.Cursor object at 0x0000024919752C40>, 'PRAGMA main.foreign_key_list("products")', ())
2026-03-03 17:24:37,305 - aiosqlite - DEBUG - operation functools.partial(<built-in method execute of sqlite3.Cursor object at 0x0000024919752C40>, 'PRAGMA main.foreign_key_list("products")', ()) completed
2026-03-03 17:24:37,305 - aiosqlite - DEBUG - executing functools.partial(<built-in method fetchall of sqlite3.Cursor object at 0x0000024919752C40>)
2026-03-03 17:24:37,305 - aiosqlite - DEBUG - operation functools.partial(<built-in method fetchall of sqlite3.Cursor object at 0x0000024919752C40>) completed
2026-03-03 17:24:37,305 - aiosqlite - DEBUG - executing functools.partial(<built-in method close of sqlite3.Cursor object at 0x0000024919752C40>)
2026-03-03 17:24:37,305 - aiosqlite - DEBUG - operation functools.partial(<built-in method close of sqlite3.Cursor object at 0x0000024919752C40>) completed
2026-03-03 17:24:37,305 - aiosqlite - DEBUG - executing functools.partial(<built-in method cursor of sqlite3.Connection object at 0x00000249197617B0>)
2026-03-03 17:24:37,305 - aiosqlite - DEBUG - operation functools.partial(<built-in method cursor of sqlite3.Connection object at 0x00000249197617B0>) completed
2026-03-03 17:24:37,305 - aiosqlite - DEBUG - executing functools.partial(<built-in method execute of sqlite3.Cursor object at 0x0000024919752C40>, 'PRAGMA temp.foreign_key_list("products")', ())
2026-03-03 17:24:37,305 - aiosqlite - DEBUG - operation functools.partial(<built-in method execute of sqlite3.Cursor object at 0x0000024919752C40>, 'PRAGMA temp.foreign_key_list("products")', ()) completed
2026-03-03 17:24:37,305 - aiosqlite - DEBUG - executing functools.partial(<built-in method fetchall of sqlite3.Cursor object at 0x0000024919752C40>)
2026-03-03 17:24:37,305 - aiosqlite - DEBUG - operation functools.partial(<built-in method fetchall of sqlite3.Cursor object at 0x0000024919752C40>) completed
2026-03-03 17:24:37,305 - aiosqlite - DEBUG - executing functools.partial(<built-in method close of sqlite3.Cursor object at 0x0000024919752C40>)
2026-03-03 17:24:37,305 - aiosqlite - DEBUG - operation functools.partial(<built-in method close of sqlite3.Cursor object at 0x0000024919752C40>) completed
2026-03-03 17:24:37,305 - aiosqlite - DEBUG - executing functools.partial(<built-in method cursor of sqlite3.Connection object at 0x00000249197617B0>)
2026-03-03 17:24:37,305 - aiosqlite - DEBUG - operation functools.partial(<built-in method cursor of sqlite3.Connection object at 0x00000249197617B0>) completed
2026-03-03 17:24:37,305 - aiosqlite - DEBUG - executing functools.partial(<built-in method execute of sqlite3.Cursor object at 0x0000024919752C40>, "SELECT sql FROM  (SELECT * FROM sqlite_master UNION ALL   SELECT * FROM sqlite_temp_master) WHERE name = ? AND type in ('table', 'view')", ('products',))
2026-03-03 17:24:37,314 - aiosqlite - DEBUG - operation functools.partial(<built-in method execute of sqlite3.Cursor object at 0x0000024919752C40>, "SELECT sql FROM  (SELECT * FROM sqlite_master UNION ALL   SELECT * FROM sqlite_temp_master) WHERE name = ? AND type in ('table', 'view')", ('products',)) completed
2026-03-03 17:24:37,314 - aiosqlite - DEBUG - executing functools.partial(<built-in method fetchall of sqlite3.Cursor object at 0x0000024919752C40>)
2026-03-03 17:24:37,314 - aiosqlite - DEBUG - operation functools.partial(<built-in method fetchall of sqlite3.Cursor object at 0x0000024919752C40>) completed
2026-03-03 17:24:37,314 - aiosqlite - DEBUG - executing functools.partial(<built-in method close of sqlite3.Cursor object at 0x0000024919752C40>)
2026-03-03 17:24:37,314 - aiosqlite - DEBUG - operation functools.partial(<built-in method close of sqlite3.Cursor object at 0x0000024919752C40>) completed
2026-03-03 17:24:37,314 - aiosqlite - DEBUG - executing functools.partial(<built-in method cursor of sqlite3.Connection object at 0x00000249197617B0>)
2026-03-03 17:24:37,314 - aiosqlite - DEBUG - operation functools.partial(<built-in method cursor of sqlite3.Connection object at 0x00000249197617B0>) completed
2026-03-03 17:24:37,314 - aiosqlite - DEBUG - executing functools.partial(<built-in method execute of sqlite3.Cursor object at 0x0000024919752C40>, 'PRAGMA main.index_list("products")', ())
2026-03-03 17:24:37,314 - aiosqlite - DEBUG - operation functools.partial(<built-in method execute of sqlite3.Cursor object at 0x0000024919752C40>, 'PRAGMA main.index_list("products")', ()) completed
2026-03-03 17:24:37,322 - aiosqlite - DEBUG - executing functools.partial(<built-in method fetchall of sqlite3.Cursor object at 0x0000024919752C40>)
2026-03-03 17:24:37,322 - aiosqlite - DEBUG - operation functools.partial(<built-in method fetchall of sqlite3.Cursor object at 0x0000024919752C40>) completed
2026-03-03 17:24:37,322 - aiosqlite - DEBUG - executing functools.partial(<built-in method close of sqlite3.Cursor object at 0x0000024919752C40>)
2026-03-03 17:24:37,322 - aiosqlite - DEBUG - operation functools.partial(<built-in method close of sqlite3.Cursor object at 0x0000024919752C40>) completed
2026-03-03 17:24:37,322 - aiosqlite - DEBUG - executing functools.partial(<built-in method cursor of sqlite3.Connection object at 0x00000249197617B0>)
2026-03-03 17:24:37,322 - aiosqlite - DEBUG - operation functools.partial(<built-in method cursor of sqlite3.Connection object at 0x00000249197617B0>) completed
2026-03-03 17:24:37,322 - aiosqlite - DEBUG - executing functools.partial(<built-in method execute of sqlite3.Cursor object at 0x0000024919752C40>, 'PRAGMA main.index_info("ix_products_id")', ())
2026-03-03 17:24:37,322 - aiosqlite - DEBUG - operation functools.partial(<built-in method execute of sqlite3.Cursor object at 0x0000024919752C40>, 'PRAGMA main.index_info("ix_products_id")', ()) completed
2026-03-03 17:24:37,322 - aiosqlite - DEBUG - executing functools.partial(<built-in method fetchall of sqlite3.Cursor object at 0x0000024919752C40>)
2026-03-03 17:24:37,322 - aiosqlite - DEBUG - operation functools.partial(<built-in method fetchall of sqlite3.Cursor object at 0x0000024919752C40>) completed
2026-03-03 17:24:37,322 - aiosqlite - DEBUG - executing functools.partial(<built-in method close of sqlite3.Cursor object at 0x0000024919752C40>)
2026-03-03 17:24:37,322 - aiosqlite - DEBUG - operation functools.partial(<built-in method close of sqlite3.Cursor object at 0x0000024919752C40>) completed
2026-03-03 17:24:37,330 - aiosqlite - DEBUG - executing functools.partial(<built-in method cursor of sqlite3.Connection object at 0x00000249197617B0>)
2026-03-03 17:24:37,330 - aiosqlite - DEBUG - operation functools.partial(<built-in method cursor of sqlite3.Connection object at 0x00000249197617B0>) completed
2026-03-03 17:24:37,330 - aiosqlite - DEBUG - executing functools.partial(<built-in method execute of sqlite3.Cursor object at 0x0000024919752C40>, 'PRAGMA main.index_list("products")', ())
2026-03-03 17:24:37,330 - aiosqlite - DEBUG - operation functools.partial(<built-in method execute of sqlite3.Cursor object at 0x0000024919752C40>, 'PRAGMA main.index_list("products")', ()) completed
2026-03-03 17:24:37,330 - aiosqlite - DEBUG - executing functools.partial(<built-in method fetchall of sqlite3.Cursor object at 0x0000024919752C40>)
2026-03-03 17:24:37,330 - aiosqlite - DEBUG - operation functools.partial(<built-in method fetchall of sqlite3.Cursor object at 0x0000024919752C40>) completed
2026-03-03 17:24:37,330 - aiosqlite - DEBUG - executing functools.partial(<built-in method close of sqlite3.Cursor object at 0x0000024919752C40>)
2026-03-03 17:24:37,330 - aiosqlite - DEBUG - operation functools.partial(<built-in method close of sqlite3.Cursor object at 0x0000024919752C40>) completed
2026-03-03 17:24:37,330 - aiosqlite - DEBUG - executing functools.partial(<built-in method cursor of sqlite3.Connection object at 0x00000249197617B0>)
2026-03-03 17:24:37,330 - aiosqlite - DEBUG - operation functools.partial(<built-in method cursor of sqlite3.Connection object at 0x00000249197617B0>) completed
2026-03-03 17:24:37,330 - aiosqlite - DEBUG - executing functools.partial(<built-in method execute of sqlite3.Cursor object at 0x0000024919752C40>, 'PRAGMA main.index_info("ix_products_id")', ())
2026-03-03 17:24:37,330 - aiosqlite - DEBUG - operation functools.partial(<built-in method execute of sqlite3.Cursor object at 0x0000024919752C40>, 'PRAGMA main.index_info("ix_products_id")', ()) completed
2026-03-03 17:24:37,330 - aiosqlite - DEBUG - executing functools.partial(<built-in method fetchall of sqlite3.Cursor object at 0x0000024919752C40>)
2026-03-03 17:24:37,330 - aiosqlite - DEBUG - operation functools.partial(<built-in method fetchall of sqlite3.Cursor object at 0x0000024919752C40>) completed
2026-03-03 17:24:37,330 - aiosqlite - DEBUG - executing functools.partial(<built-in method close of sqlite3.Cursor object at 0x0000024919752C40>)
2026-03-03 17:24:37,338 - aiosqlite - DEBUG - operation functools.partial(<built-in method close of sqlite3.Cursor object at 0x0000024919752C40>) completed
2026-03-03 17:24:37,338 - aiosqlite - DEBUG - executing functools.partial(<built-in method cursor of sqlite3.Connection object at 0x00000249197617B0>)
2026-03-03 17:24:37,338 - aiosqlite - DEBUG - operation functools.partial(<built-in method cursor of sqlite3.Connection object at 0x00000249197617B0>) completed
2026-03-03 17:24:37,338 - aiosqlite - DEBUG - executing functools.partial(<built-in method execute of sqlite3.Cursor object at 0x0000024919752C40>, "SELECT sql FROM  (SELECT * FROM sqlite_master UNION ALL   SELECT * FROM sqlite_temp_master) WHERE name = ? AND type in ('table', 'view')", ('products',))
2026-03-03 17:24:37,338 - aiosqlite - DEBUG - operation functools.partial(<built-in method execute of sqlite3.Cursor object at 0x0000024919752C40>, "SELECT sql FROM  (SELECT * FROM sqlite_master UNION ALL   SELECT * FROM sqlite_temp_master) WHERE name = ? AND type in ('table', 'view')", ('products',)) completed
2026-03-03 17:24:37,338 - aiosqlite - DEBUG - executing functools.partial(<built-in method fetchall of sqlite3.Cursor object at 0x0000024919752C40>)
2026-03-03 17:24:37,338 - aiosqlite - DEBUG - operation functools.partial(<built-in method fetchall of sqlite3.Cursor object at 0x0000024919752C40>) completed
2026-03-03 17:24:37,338 - aiosqlite - DEBUG - executing functools.partial(<built-in method close of sqlite3.Cursor object at 0x0000024919752C40>)
2026-03-03 17:24:37,338 - aiosqlite - DEBUG - operation functools.partial(<built-in method close of sqlite3.Cursor object at 0x0000024919752C40>) completed
2026-03-03 17:24:37,346 - aiosqlite - DEBUG - executing functools.partial(<built-in method cursor of sqlite3.Connection object at 0x00000249197617B0>)
2026-03-03 17:24:37,346 - aiosqlite - DEBUG - operation functools.partial(<built-in method cursor of sqlite3.Connection object at 0x00000249197617B0>) completed
2026-03-03 17:24:37,346 - aiosqlite - DEBUG - executing functools.partial(<built-in method execute of sqlite3.Cursor object at 0x0000024919707040>, 'SELECT count(*) AS count_1 \nFROM products', ())
2026-03-03 17:24:37,346 - aiosqlite - DEBUG - operation functools.partial(<built-in method execute of sqlite3.Cursor object at 0x0000024919707040>, 'SELECT count(*) AS count_1 \nFROM products', ()) completed
2026-03-03 17:24:37,346 - aiosqlite - DEBUG - executing functools.partial(<built-in method fetchall of sqlite3.Cursor object at 0x0000024919707040>)
2026-03-03 17:24:37,346 - aiosqlite - DEBUG - operation functools.partial(<built-in method fetchall of sqlite3.Cursor object at 0x0000024919707040>) completed
2026-03-03 17:24:37,346 - aiosqlite - DEBUG - executing functools.partial(<built-in method close of sqlite3.Cursor object at 0x0000024919707040>)
2026-03-03 17:24:37,346 - aiosqlite - DEBUG - operation functools.partial(<built-in method close of sqlite3.Cursor object at 0x0000024919707040>) completed
2026-03-03 17:24:37,346 - services.mock_data - INFO - Table products already has 15 rows; skipping mock insert
2026-03-03 17:24:37,346 - aiosqlite - DEBUG - executing functools.partial(<built-in method commit of sqlite3.Connection object at 0x00000249197617B0>)
2026-03-03 17:24:37,346 - aiosqlite - DEBUG - operation functools.partial(<built-in method commit of sqlite3.Connection object at 0x00000249197617B0>) completed
2026-03-03 17:24:37,346 - aiosqlite - DEBUG - executing functools.partial(<built-in method rollback of sqlite3.Connection object at 0x00000249197617B0>)
2026-03-03 17:24:37,346 - aiosqlite - DEBUG - operation functools.partial(<built-in method rollback of sqlite3.Connection object at 0x00000249197617B0>) completed
2026-03-03 17:24:37,346 - aiosqlite - DEBUG - executing functools.partial(<built-in method close of sqlite3.Connection object at 0x00000249197617B0>)
2026-03-03 17:24:37,346 - aiosqlite - DEBUG - operation functools.partial(<built-in method close of sqlite3.Connection object at 0x00000249197617B0>) completed
2026-03-03 17:24:37,354 - services.database - DEBUG - [DB_OP] Starting database initialization
2026-03-03 17:24:37,354 - services.database - INFO - 🔧 Starting database initialization...
2026-03-03 17:24:37,354 - core.database - INFO - Starting database initialization...
2026-03-03 17:24:37,354 - core.database - INFO - Database already initialized
2026-03-03 17:24:37,354 - services.database - INFO - 🔧 Database connection initialized, now creating tables if tables not exist...
2026-03-03 17:24:37,354 - core.database - DEBUG - [DB_OP] Starting create_tables
2026-03-03 17:24:37,354 - core.database - INFO - Tables already initialized
2026-03-03 17:24:37,354 - services.database - INFO - 🔧 Table creation completed
2026-03-03 17:24:37,354 - services.database - INFO - Database initialized successfully
2026-03-03 17:24:37,354 - services.database - DEBUG - [DB_OP] Database initialization completed in 0.0005s
2026-03-03 17:24:37,354 - services.auth - WARNING - Admin user ID or email not configured, skipping admin initialization
2026-03-03 17:24:37,354 - main - INFO - === Application startup completed successfully ===
2026-03-03 17:27:11,845 - core.database - DEBUG - [DB_OP] Starting get_db session creation
2026-03-03 17:27:11,845 - core.database - DEBUG - [DB_OP] Database session created successfully in 0.0000s
2026-03-03 17:27:11,854 - aiosqlite - DEBUG - executing <function connect.<locals>.connector at 0x00000249197A4D60>
2026-03-03 17:27:11,854 - aiosqlite - DEBUG - operation <function connect.<locals>.connector at 0x00000249197A4D60> completed
2026-03-03 17:27:11,854 - aiosqlite - DEBUG - executing functools.partial(<built-in method create_function of sqlite3.Connection object at 0x000002491978F1F0>, 'regexp', 2, <function SQLiteDialect_pysqlite.on_connect.<locals>.regexp at 0x00000249197880E0>, deterministic=True)
2026-03-03 17:27:11,854 - aiosqlite - DEBUG - operation functools.partial(<built-in method create_function of sqlite3.Connection object at 0x000002491978F1F0>, 'regexp', 2, <function SQLiteDialect_pysqlite.on_connect.<locals>.regexp at 0x00000249197880E0>, deterministic=True) completed
2026-03-03 17:27:11,854 - aiosqlite - DEBUG - executing functools.partial(<built-in method create_function of sqlite3.Connection object at 0x000002491978F1F0>, 'floor', 1, <built-in function floor>, deterministic=True)
2026-03-03 17:27:11,854 - aiosqlite - DEBUG - operation functools.partial(<built-in method create_function of sqlite3.Connection object at 0x000002491978F1F0>, 'floor', 1, <built-in function floor>, deterministic=True) completed
2026-03-03 17:27:11,865 - aiosqlite - DEBUG - executing functools.partial(<built-in method cursor of sqlite3.Connection object at 0x000002491978F1F0>)
2026-03-03 17:27:11,865 - aiosqlite - DEBUG - operation functools.partial(<built-in method cursor of sqlite3.Connection object at 0x000002491978F1F0>) completed
2026-03-03 17:27:11,865 - aiosqlite - DEBUG - executing functools.partial(<built-in method execute of sqlite3.Cursor object at 0x00000249197EC1C0>, 'SELECT users.id, users.email, users.name, users.role, users.created_at, users.last_login, users.hashed_password \nFROM users \nWHERE users.email = ?', ('admin@gmail.com',))
2026-03-03 17:27:11,865 - aiosqlite - DEBUG - returning exception no such column: users.hashed_password
2026-03-03 17:27:11,865 - core.database - ERROR - Database session error: (sqlite3.OperationalError) no such column: users.hashed_password
[SQL: SELECT users.id, users.email, users.name, users.role, users.created_at, users.last_login, users.hashed_password 
FROM users 
WHERE users.email = ?]
[parameters: ('admin@gmail.com',)]
(Background on this error at: https://sqlalche.me/e/20/e3q8)
Traceback (most recent call last):
  File "D:\ASM1\.venv\Lib\site-packages\sqlalchemy\engine\base.py", line 1967, in _exec_single_context
    self.dialect.do_execute(
  File "D:\ASM1\.venv\Lib\site-packages\sqlalchemy\engine\default.py", line 941, in do_execute
    cursor.execute(statement, parameters)
  File "D:\ASM1\.venv\Lib\site-packages\sqlalchemy\dialects\sqlite\aiosqlite.py", line 147, in execute
    self._adapt_connection._handle_exception(error)
  File "D:\ASM1\.venv\Lib\site-packages\sqlalchemy\dialects\sqlite\aiosqlite.py", line 298, in _handle_exception
    raise error
  File "D:\ASM1\.venv\Lib\site-packages\sqlalchemy\dialects\sqlite\aiosqlite.py", line 129, in execute
    self.await_(_cursor.execute(operation, parameters))
  File "D:\ASM1\.venv\Lib\site-packages\sqlalchemy\util\_concurrency_py3k.py", line 132, in await_only
    return current.parent.switch(awaitable)  # type: ignore[no-any-return,attr-defined] # noqa: E501
           ^^^^^^^^^^^^^^^^^^^^^^^^^^^^^^^^
  File "D:\ASM1\.venv\Lib\site-packages\sqlalchemy\util\_concurrency_py3k.py", line 196, in greenlet_spawn
    value = await result
            ^^^^^^^^^^^^
  File "D:\ASM1\.venv\Lib\site-packages\aiosqlite\cursor.py", line 48, in execute
    await self._execute(self._cursor.execute, sql, parameters)
  File "D:\ASM1\.venv\Lib\site-packages\aiosqlite\cursor.py", line 40, in _execute
    return await self._conn._execute(fn, *args, **kwargs)
           ^^^^^^^^^^^^^^^^^^^^^^^^^^^^^^^^^^^^^^^^^^^^^^
  File "D:\ASM1\.venv\Lib\site-packages\aiosqlite\core.py", line 132, in _execute
    return await future
           ^^^^^^^^^^^^
  File "D:\ASM1\.venv\Lib\site-packages\aiosqlite\core.py", line 115, in run
    result = function()
             ^^^^^^^^^^
sqlite3.OperationalError: no such column: users.hashed_password

The above exception was the direct cause of the following exception:

Traceback (most recent call last):
  File "D:\ASM1\backend\core\database.py", line 542, in get_db
    yield session
  File "D:\ASM1\.venv\Lib\site-packages\fastapi\routing.py", line 301, in app
    raw_response = await run_endpoint_function(
                   ^^^^^^^^^^^^^^^^^^^^^^^^^^^^
  File "D:\ASM1\.venv\Lib\site-packages\fastapi\routing.py", line 212, in run_endpoint_function
    return await dependant.call(**values)
           ^^^^^^^^^^^^^^^^^^^^^^^^^^^^^^
  File "D:\ASM1\backend\routers\auth.py", line 349, in login_password
    result = await db.execute(select(User).where(User.email == clean_email))
             ^^^^^^^^^^^^^^^^^^^^^^^^^^^^^^^^^^^^^^^^^^^^^^^^^^^^^^^^^^^^^^^
  File "D:\ASM1\.venv\Lib\site-packages\sqlalchemy\ext\asyncio\session.py", line 461, in execute
    result = await greenlet_spawn(
             ^^^^^^^^^^^^^^^^^^^^^
  File "D:\ASM1\.venv\Lib\site-packages\sqlalchemy\util\_concurrency_py3k.py", line 201, in greenlet_spawn
    result = context.throw(*sys.exc_info())
             ^^^^^^^^^^^^^^^^^^^^^^^^^^^^^^
  File "D:\ASM1\.venv\Lib\site-packages\sqlalchemy\orm\session.py", line 2362, in execute
    return self._execute_internal(
           ^^^^^^^^^^^^^^^^^^^^^^^
  File "D:\ASM1\.venv\Lib\site-packages\sqlalchemy\orm\session.py", line 2247, in _execute_internal
    result: Result[Any] = compile_state_cls.orm_execute_statement(
                          ^^^^^^^^^^^^^^^^^^^^^^^^^^^^^^^^^^^^^^^^
  File "D:\ASM1\.venv\Lib\site-packages\sqlalchemy\orm\context.py", line 305, in orm_execute_statement
    result = conn.execute(
             ^^^^^^^^^^^^^
  File "D:\ASM1\.venv\Lib\site-packages\sqlalchemy\engine\base.py", line 1418, in execute
    return meth(
           ^^^^^
  File "D:\ASM1\.venv\Lib\site-packages\sqlalchemy\sql\elements.py", line 515, in _execute_on_connection
    return connection._execute_clauseelement(
           ^^^^^^^^^^^^^^^^^^^^^^^^^^^^^^^^^^
  File "D:\ASM1\.venv\Lib\site-packages\sqlalchemy\engine\base.py", line 1640, in _execute_clauseelement
    ret = self._execute_context(
          ^^^^^^^^^^^^^^^^^^^^^^
  File "D:\ASM1\.venv\Lib\site-packages\sqlalchemy\engine\base.py", line 1846, in _execute_context
    return self._exec_single_context(
           ^^^^^^^^^^^^^^^^^^^^^^^^^^
  File "D:\ASM1\.venv\Lib\site-packages\sqlalchemy\engine\base.py", line 1986, in _exec_single_context
    self._handle_dbapi_exception(
  File "D:\ASM1\.venv\Lib\site-packages\sqlalchemy\engine\base.py", line 2355, in _handle_dbapi_exception
    raise sqlalchemy_exception.with_traceback(exc_info[2]) from e
  File "D:\ASM1\.venv\Lib\site-packages\sqlalchemy\engine\base.py", line 1967, in _exec_single_context
    self.dialect.do_execute(
  File "D:\ASM1\.venv\Lib\site-packages\sqlalchemy\engine\default.py", line 941, in do_execute
    cursor.execute(statement, parameters)
  File "D:\ASM1\.venv\Lib\site-packages\sqlalchemy\dialects\sqlite\aiosqlite.py", line 147, in execute
    self._adapt_connection._handle_exception(error)
  File "D:\ASM1\.venv\Lib\site-packages\sqlalchemy\dialects\sqlite\aiosqlite.py", line 298, in _handle_exception
    raise error
  File "D:\ASM1\.venv\Lib\site-packages\sqlalchemy\dialects\sqlite\aiosqlite.py", line 129, in execute
    self.await_(_cursor.execute(operation, parameters))
  File "D:\ASM1\.venv\Lib\site-packages\sqlalchemy\util\_concurrency_py3k.py", line 132, in await_only
    return current.parent.switch(awaitable)  # type: ignore[no-any-return,attr-defined] # noqa: E501
           ^^^^^^^^^^^^^^^^^^^^^^^^^^^^^^^^
  File "D:\ASM1\.venv\Lib\site-packages\sqlalchemy\util\_concurrency_py3k.py", line 196, in greenlet_spawn
    value = await result
            ^^^^^^^^^^^^
  File "D:\ASM1\.venv\Lib\site-packages\aiosqlite\cursor.py", line 48, in execute
    await self._execute(self._cursor.execute, sql, parameters)
  File "D:\ASM1\.venv\Lib\site-packages\aiosqlite\cursor.py", line 40, in _execute
    return await self._conn._execute(fn, *args, **kwargs)
           ^^^^^^^^^^^^^^^^^^^^^^^^^^^^^^^^^^^^^^^^^^^^^^
  File "D:\ASM1\.venv\Lib\site-packages\aiosqlite\core.py", line 132, in _execute
    return await future
           ^^^^^^^^^^^^
  File "D:\ASM1\.venv\Lib\site-packages\aiosqlite\core.py", line 115, in run
    result = function()
             ^^^^^^^^^^
sqlalchemy.exc.OperationalError: (sqlite3.OperationalError) no such column: users.hashed_password
[SQL: SELECT users.id, users.email, users.name, users.role, users.created_at, users.last_login, users.hashed_password 
FROM users 
WHERE users.email = ?]
[parameters: ('admin@gmail.com',)]
(Background on this error at: https://sqlalche.me/e/20/e3q8)
2026-03-03 17:27:11,894 - core.database - DEBUG - [DB_OP] Database session cleanup after 0.0497s
2026-03-03 17:27:11,894 - aiosqlite - DEBUG - executing functools.partial(<built-in method rollback of sqlite3.Connection object at 0x000002491978F1F0>)
2026-03-03 17:27:11,894 - aiosqlite - DEBUG - operation functools.partial(<built-in method rollback of sqlite3.Connection object at 0x000002491978F1F0>) completed
2026-03-03 17:27:11,894 - aiosqlite - DEBUG - executing functools.partial(<built-in method rollback of sqlite3.Connection object at 0x000002491978F1F0>)
2026-03-03 17:27:11,894 - aiosqlite - DEBUG - operation functools.partial(<built-in method rollback of sqlite3.Connection object at 0x000002491978F1F0>) completed
2026-03-03 17:27:11,894 - aiosqlite - DEBUG - executing functools.partial(<built-in method close of sqlite3.Connection object at 0x000002491978F1F0>)
2026-03-03 17:27:11,894 - aiosqlite - DEBUG - operation functools.partial(<built-in method close of sqlite3.Connection object at 0x000002491978F1F0>) completed
2026-03-03 17:27:11,894 - core.database - ERROR - Failed to create database session: (sqlite3.OperationalError) no such column: users.hashed_password
[SQL: SELECT users.id, users.email, users.name, users.role, users.created_at, users.last_login, users.hashed_password 
FROM users 
WHERE users.email = ?]
[parameters: ('admin@gmail.com',)]
(Background on this error at: https://sqlalche.me/e/20/e3q8)
Traceback (most recent call last):
  File "D:\ASM1\.venv\Lib\site-packages\sqlalchemy\engine\base.py", line 1967, in _exec_single_context
    self.dialect.do_execute(
  File "D:\ASM1\.venv\Lib\site-packages\sqlalchemy\engine\default.py", line 941, in do_execute
    cursor.execute(statement, parameters)
  File "D:\ASM1\.venv\Lib\site-packages\sqlalchemy\dialects\sqlite\aiosqlite.py", line 147, in execute
    self._adapt_connection._handle_exception(error)
  File "D:\ASM1\.venv\Lib\site-packages\sqlalchemy\dialects\sqlite\aiosqlite.py", line 298, in _handle_exception
    raise error
  File "D:\ASM1\.venv\Lib\site-packages\sqlalchemy\dialects\sqlite\aiosqlite.py", line 129, in execute
    self.await_(_cursor.execute(operation, parameters))
  File "D:\ASM1\.venv\Lib\site-packages\sqlalchemy\util\_concurrency_py3k.py", line 132, in await_only
    return current.parent.switch(awaitable)  # type: ignore[no-any-return,attr-defined] # noqa: E501
           ^^^^^^^^^^^^^^^^^^^^^^^^^^^^^^^^
  File "D:\ASM1\.venv\Lib\site-packages\sqlalchemy\util\_concurrency_py3k.py", line 196, in greenlet_spawn
    value = await result
            ^^^^^^^^^^^^
  File "D:\ASM1\.venv\Lib\site-packages\aiosqlite\cursor.py", line 48, in execute
    await self._execute(self._cursor.execute, sql, parameters)
  File "D:\ASM1\.venv\Lib\site-packages\aiosqlite\cursor.py", line 40, in _execute
    return await self._conn._execute(fn, *args, **kwargs)
           ^^^^^^^^^^^^^^^^^^^^^^^^^^^^^^^^^^^^^^^^^^^^^^
  File "D:\ASM1\.venv\Lib\site-packages\aiosqlite\core.py", line 132, in _execute
    return await future
           ^^^^^^^^^^^^
  File "D:\ASM1\.venv\Lib\site-packages\aiosqlite\core.py", line 115, in run
    result = function()
             ^^^^^^^^^^
sqlite3.OperationalError: no such column: users.hashed_password

The above exception was the direct cause of the following exception:

Traceback (most recent call last):
  File "D:\ASM1\backend\core\database.py", line 542, in get_db
    yield session
  File "D:\ASM1\.venv\Lib\site-packages\fastapi\routing.py", line 301, in app
    raw_response = await run_endpoint_function(
                   ^^^^^^^^^^^^^^^^^^^^^^^^^^^^
  File "D:\ASM1\.venv\Lib\site-packages\fastapi\routing.py", line 212, in run_endpoint_function
    return await dependant.call(**values)
           ^^^^^^^^^^^^^^^^^^^^^^^^^^^^^^
  File "D:\ASM1\backend\routers\auth.py", line 349, in login_password
    result = await db.execute(select(User).where(User.email == clean_email))
             ^^^^^^^^^^^^^^^^^^^^^^^^^^^^^^^^^^^^^^^^^^^^^^^^^^^^^^^^^^^^^^^
  File "D:\ASM1\.venv\Lib\site-packages\sqlalchemy\ext\asyncio\session.py", line 461, in execute
    result = await greenlet_spawn(
             ^^^^^^^^^^^^^^^^^^^^^
  File "D:\ASM1\.venv\Lib\site-packages\sqlalchemy\util\_concurrency_py3k.py", line 201, in greenlet_spawn
    result = context.throw(*sys.exc_info())
             ^^^^^^^^^^^^^^^^^^^^^^^^^^^^^^
  File "D:\ASM1\.venv\Lib\site-packages\sqlalchemy\orm\session.py", line 2362, in execute
    return self._execute_internal(
           ^^^^^^^^^^^^^^^^^^^^^^^
  File "D:\ASM1\.venv\Lib\site-packages\sqlalchemy\orm\session.py", line 2247, in _execute_internal
    result: Result[Any] = compile_state_cls.orm_execute_statement(
                          ^^^^^^^^^^^^^^^^^^^^^^^^^^^^^^^^^^^^^^^^
  File "D:\ASM1\.venv\Lib\site-packages\sqlalchemy\orm\context.py", line 305, in orm_execute_statement
    result = conn.execute(
             ^^^^^^^^^^^^^
  File "D:\ASM1\.venv\Lib\site-packages\sqlalchemy\engine\base.py", line 1418, in execute
    return meth(
           ^^^^^
  File "D:\ASM1\.venv\Lib\site-packages\sqlalchemy\sql\elements.py", line 515, in _execute_on_connection
    return connection._execute_clauseelement(
           ^^^^^^^^^^^^^^^^^^^^^^^^^^^^^^^^^^
  File "D:\ASM1\.venv\Lib\site-packages\sqlalchemy\engine\base.py", line 1640, in _execute_clauseelement
    ret = self._execute_context(
          ^^^^^^^^^^^^^^^^^^^^^^
  File "D:\ASM1\.venv\Lib\site-packages\sqlalchemy\engine\base.py", line 1846, in _execute_context
    return self._exec_single_context(
           ^^^^^^^^^^^^^^^^^^^^^^^^^^
  File "D:\ASM1\.venv\Lib\site-packages\sqlalchemy\engine\base.py", line 1986, in _exec_single_context
    self._handle_dbapi_exception(
  File "D:\ASM1\.venv\Lib\site-packages\sqlalchemy\engine\base.py", line 2355, in _handle_dbapi_exception
    raise sqlalchemy_exception.with_traceback(exc_info[2]) from e
  File "D:\ASM1\.venv\Lib\site-packages\sqlalchemy\engine\base.py", line 1967, in _exec_single_context
    self.dialect.do_execute(
  File "D:\ASM1\.venv\Lib\site-packages\sqlalchemy\engine\default.py", line 941, in do_execute
    cursor.execute(statement, parameters)
  File "D:\ASM1\.venv\Lib\site-packages\sqlalchemy\dialects\sqlite\aiosqlite.py", line 147, in execute
    self._adapt_connection._handle_exception(error)
  File "D:\ASM1\.venv\Lib\site-packages\sqlalchemy\dialects\sqlite\aiosqlite.py", line 298, in _handle_exception
    raise error
  File "D:\ASM1\.venv\Lib\site-packages\sqlalchemy\dialects\sqlite\aiosqlite.py", line 129, in execute
    self.await_(_cursor.execute(operation, parameters))
  File "D:\ASM1\.venv\Lib\site-packages\sqlalchemy\util\_concurrency_py3k.py", line 132, in await_only
    return current.parent.switch(awaitable)  # type: ignore[no-any-return,attr-defined] # noqa: E501
           ^^^^^^^^^^^^^^^^^^^^^^^^^^^^^^^^
  File "D:\ASM1\.venv\Lib\site-packages\sqlalchemy\util\_concurrency_py3k.py", line 196, in greenlet_spawn
    value = await result
            ^^^^^^^^^^^^
  File "D:\ASM1\.venv\Lib\site-packages\aiosqlite\cursor.py", line 48, in execute
    await self._execute(self._cursor.execute, sql, parameters)
  File "D:\ASM1\.venv\Lib\site-packages\aiosqlite\cursor.py", line 40, in _execute
    return await self._conn._execute(fn, *args, **kwargs)
           ^^^^^^^^^^^^^^^^^^^^^^^^^^^^^^^^^^^^^^^^^^^^^^
  File "D:\ASM1\.venv\Lib\site-packages\aiosqlite\core.py", line 132, in _execute
    return await future
           ^^^^^^^^^^^^
  File "D:\ASM1\.venv\Lib\site-packages\aiosqlite\core.py", line 115, in run
    result = function()
             ^^^^^^^^^^
sqlalchemy.exc.OperationalError: (sqlite3.OperationalError) no such column: users.hashed_password
[SQL: SELECT users.id, users.email, users.name, users.role, users.created_at, users.last_login, users.hashed_password 
FROM users 
WHERE users.email = ?]
[parameters: ('admin@gmail.com',)]
(Background on this error at: https://sqlalche.me/e/20/e3q8)
2026-03-03 17:27:12,304 - core.database - DEBUG - [DB_OP] Starting get_db session creation
2026-03-03 17:27:12,304 - core.database - DEBUG - [DB_OP] Database session created successfully in 0.0000s
2026-03-03 17:27:12,304 - aiosqlite - DEBUG - executing <function connect.<locals>.connector at 0x0000024919A5A020>
2026-03-03 17:27:12,304 - aiosqlite - DEBUG - operation <function connect.<locals>.connector at 0x0000024919A5A020> completed
2026-03-03 17:27:12,304 - aiosqlite - DEBUG - executing functools.partial(<built-in method create_function of sqlite3.Connection object at 0x00000249197F25C0>, 'regexp', 2, <function SQLiteDialect_pysqlite.on_connect.<locals>.regexp at 0x00000249197880E0>, deterministic=True)
2026-03-03 17:27:12,312 - aiosqlite - DEBUG - operation functools.partial(<built-in method create_function of sqlite3.Connection object at 0x00000249197F25C0>, 'regexp', 2, <function SQLiteDialect_pysqlite.on_connect.<locals>.regexp at 0x00000249197880E0>, deterministic=True) completed
2026-03-03 17:27:12,312 - aiosqlite - DEBUG - executing functools.partial(<built-in method create_function of sqlite3.Connection object at 0x00000249197F25C0>, 'floor', 1, <built-in function floor>, deterministic=True)
2026-03-03 17:27:12,312 - aiosqlite - DEBUG - operation functools.partial(<built-in method create_function of sqlite3.Connection object at 0x00000249197F25C0>, 'floor', 1, <built-in function floor>, deterministic=True) completed
2026-03-03 17:27:12,312 - aiosqlite - DEBUG - executing functools.partial(<built-in method cursor of sqlite3.Connection object at 0x00000249197F25C0>)
2026-03-03 17:27:12,312 - aiosqlite - DEBUG - operation functools.partial(<built-in method cursor of sqlite3.Connection object at 0x00000249197F25C0>) completed
2026-03-03 17:27:12,312 - aiosqlite - DEBUG - executing functools.partial(<built-in method execute of sqlite3.Cursor object at 0x0000024919A9E0C0>, 'SELECT users.id, users.email, users.name, users.role, users.created_at, users.last_login, users.hashed_password \nFROM users \nWHERE users.email = ?', ('admin@gmail.com',))
2026-03-03 17:27:12,312 - aiosqlite - DEBUG - returning exception no such column: users.hashed_password
2026-03-03 17:27:12,312 - core.database - ERROR - Database session error: (sqlite3.OperationalError) no such column: users.hashed_password
[SQL: SELECT users.id, users.email, users.name, users.role, users.created_at, users.last_login, users.hashed_password 
FROM users 
WHERE users.email = ?]
[parameters: ('admin@gmail.com',)]
(Background on this error at: https://sqlalche.me/e/20/e3q8)
Traceback (most recent call last):
  File "D:\ASM1\.venv\Lib\site-packages\sqlalchemy\engine\base.py", line 1967, in _exec_single_context
    self.dialect.do_execute(
  File "D:\ASM1\.venv\Lib\site-packages\sqlalchemy\engine\default.py", line 941, in do_execute
    cursor.execute(statement, parameters)
  File "D:\ASM1\.venv\Lib\site-packages\sqlalchemy\dialects\sqlite\aiosqlite.py", line 147, in execute
    self._adapt_connection._handle_exception(error)
  File "D:\ASM1\.venv\Lib\site-packages\sqlalchemy\dialects\sqlite\aiosqlite.py", line 298, in _handle_exception
    raise error
  File "D:\ASM1\.venv\Lib\site-packages\sqlalchemy\dialects\sqlite\aiosqlite.py", line 129, in execute
    self.await_(_cursor.execute(operation, parameters))
  File "D:\ASM1\.venv\Lib\site-packages\sqlalchemy\util\_concurrency_py3k.py", line 132, in await_only
    return current.parent.switch(awaitable)  # type: ignore[no-any-return,attr-defined] # noqa: E501
           ^^^^^^^^^^^^^^^^^^^^^^^^^^^^^^^^
  File "D:\ASM1\.venv\Lib\site-packages\sqlalchemy\util\_concurrency_py3k.py", line 196, in greenlet_spawn
    value = await result
            ^^^^^^^^^^^^
  File "D:\ASM1\.venv\Lib\site-packages\aiosqlite\cursor.py", line 48, in execute
    await self._execute(self._cursor.execute, sql, parameters)
  File "D:\ASM1\.venv\Lib\site-packages\aiosqlite\cursor.py", line 40, in _execute
    return await self._conn._execute(fn, *args, **kwargs)
           ^^^^^^^^^^^^^^^^^^^^^^^^^^^^^^^^^^^^^^^^^^^^^^
  File "D:\ASM1\.venv\Lib\site-packages\aiosqlite\core.py", line 132, in _execute
    return await future
           ^^^^^^^^^^^^
  File "D:\ASM1\.venv\Lib\site-packages\aiosqlite\core.py", line 115, in run
    result = function()
             ^^^^^^^^^^
sqlite3.OperationalError: no such column: users.hashed_password

The above exception was the direct cause of the following exception:

Traceback (most recent call last):
  File "D:\ASM1\backend\core\database.py", line 542, in get_db
    yield session
  File "D:\ASM1\.venv\Lib\site-packages\fastapi\routing.py", line 301, in app
    raw_response = await run_endpoint_function(
                   ^^^^^^^^^^^^^^^^^^^^^^^^^^^^
  File "D:\ASM1\.venv\Lib\site-packages\fastapi\routing.py", line 212, in run_endpoint_function
    return await dependant.call(**values)
           ^^^^^^^^^^^^^^^^^^^^^^^^^^^^^^
  File "D:\ASM1\backend\routers\auth.py", line 349, in login_password
    result = await db.execute(select(User).where(User.email == clean_email))
             ^^^^^^^^^^^^^^^^^^^^^^^^^^^^^^^^^^^^^^^^^^^^^^^^^^^^^^^^^^^^^^^
  File "D:\ASM1\.venv\Lib\site-packages\sqlalchemy\ext\asyncio\session.py", line 461, in execute
    result = await greenlet_spawn(
             ^^^^^^^^^^^^^^^^^^^^^
  File "D:\ASM1\.venv\Lib\site-packages\sqlalchemy\util\_concurrency_py3k.py", line 201, in greenlet_spawn
    result = context.throw(*sys.exc_info())
             ^^^^^^^^^^^^^^^^^^^^^^^^^^^^^^
  File "D:\ASM1\.venv\Lib\site-packages\sqlalchemy\orm\session.py", line 2362, in execute
    return self._execute_internal(
           ^^^^^^^^^^^^^^^^^^^^^^^
  File "D:\ASM1\.venv\Lib\site-packages\sqlalchemy\orm\session.py", line 2247, in _execute_internal
    result: Result[Any] = compile_state_cls.orm_execute_statement(
                          ^^^^^^^^^^^^^^^^^^^^^^^^^^^^^^^^^^^^^^^^
  File "D:\ASM1\.venv\Lib\site-packages\sqlalchemy\orm\context.py", line 305, in orm_execute_statement
    result = conn.execute(
             ^^^^^^^^^^^^^
  File "D:\ASM1\.venv\Lib\site-packages\sqlalchemy\engine\base.py", line 1418, in execute
    return meth(
           ^^^^^
  File "D:\ASM1\.venv\Lib\site-packages\sqlalchemy\sql\elements.py", line 515, in _execute_on_connection
    return connection._execute_clauseelement(
           ^^^^^^^^^^^^^^^^^^^^^^^^^^^^^^^^^^
  File "D:\ASM1\.venv\Lib\site-packages\sqlalchemy\engine\base.py", line 1640, in _execute_clauseelement
    ret = self._execute_context(
          ^^^^^^^^^^^^^^^^^^^^^^
  File "D:\ASM1\.venv\Lib\site-packages\sqlalchemy\engine\base.py", line 1846, in _execute_context
    return self._exec_single_context(
           ^^^^^^^^^^^^^^^^^^^^^^^^^^
  File "D:\ASM1\.venv\Lib\site-packages\sqlalchemy\engine\base.py", line 1986, in _exec_single_context
    self._handle_dbapi_exception(
  File "D:\ASM1\.venv\Lib\site-packages\sqlalchemy\engine\base.py", line 2355, in _handle_dbapi_exception
    raise sqlalchemy_exception.with_traceback(exc_info[2]) from e
  File "D:\ASM1\.venv\Lib\site-packages\sqlalchemy\engine\base.py", line 1967, in _exec_single_context
    self.dialect.do_execute(
  File "D:\ASM1\.venv\Lib\site-packages\sqlalchemy\engine\default.py", line 941, in do_execute
    cursor.execute(statement, parameters)
  File "D:\ASM1\.venv\Lib\site-packages\sqlalchemy\dialects\sqlite\aiosqlite.py", line 147, in execute
    self._adapt_connection._handle_exception(error)
  File "D:\ASM1\.venv\Lib\site-packages\sqlalchemy\dialects\sqlite\aiosqlite.py", line 298, in _handle_exception
    raise error
  File "D:\ASM1\.venv\Lib\site-packages\sqlalchemy\dialects\sqlite\aiosqlite.py", line 129, in execute
    self.await_(_cursor.execute(operation, parameters))
  File "D:\ASM1\.venv\Lib\site-packages\sqlalchemy\util\_concurrency_py3k.py", line 132, in await_only
    return current.parent.switch(awaitable)  # type: ignore[no-any-return,attr-defined] # noqa: E501
           ^^^^^^^^^^^^^^^^^^^^^^^^^^^^^^^^
  File "D:\ASM1\.venv\Lib\site-packages\sqlalchemy\util\_concurrency_py3k.py", line 196, in greenlet_spawn
    value = await result
            ^^^^^^^^^^^^
  File "D:\ASM1\.venv\Lib\site-packages\aiosqlite\cursor.py", line 48, in execute
    await self._execute(self._cursor.execute, sql, parameters)
  File "D:\ASM1\.venv\Lib\site-packages\aiosqlite\cursor.py", line 40, in _execute
    return await self._conn._execute(fn, *args, **kwargs)
           ^^^^^^^^^^^^^^^^^^^^^^^^^^^^^^^^^^^^^^^^^^^^^^
  File "D:\ASM1\.venv\Lib\site-packages\aiosqlite\core.py", line 132, in _execute
    return await future
           ^^^^^^^^^^^^
  File "D:\ASM1\.venv\Lib\site-packages\aiosqlite\core.py", line 115, in run
    result = function()
             ^^^^^^^^^^
sqlalchemy.exc.OperationalError: (sqlite3.OperationalError) no such column: users.hashed_password
[SQL: SELECT users.id, users.email, users.name, users.role, users.created_at, users.last_login, users.hashed_password 
FROM users 
WHERE users.email = ?]
[parameters: ('admin@gmail.com',)]
(Background on this error at: https://sqlalche.me/e/20/e3q8)
2026-03-03 17:27:12,324 - core.database - DEBUG - [DB_OP] Database session cleanup after 0.0203s
2026-03-03 17:27:12,324 - aiosqlite - DEBUG - executing functools.partial(<built-in method rollback of sqlite3.Connection object at 0x00000249197F25C0>)
2026-03-03 17:27:12,324 - aiosqlite - DEBUG - operation functools.partial(<built-in method rollback of sqlite3.Connection object at 0x00000249197F25C0>) completed
2026-03-03 17:27:12,324 - aiosqlite - DEBUG - executing functools.partial(<built-in method rollback of sqlite3.Connection object at 0x00000249197F25C0>)
2026-03-03 17:27:12,324 - aiosqlite - DEBUG - operation functools.partial(<built-in method rollback of sqlite3.Connection object at 0x00000249197F25C0>) completed
2026-03-03 17:27:12,324 - aiosqlite - DEBUG - executing functools.partial(<built-in method close of sqlite3.Connection object at 0x00000249197F25C0>)
2026-03-03 17:27:12,324 - aiosqlite - DEBUG - operation functools.partial(<built-in method close of sqlite3.Connection object at 0x00000249197F25C0>) completed
2026-03-03 17:27:12,324 - core.database - ERROR - Failed to create database session: (sqlite3.OperationalError) no such column: users.hashed_password
[SQL: SELECT users.id, users.email, users.name, users.role, users.created_at, users.last_login, users.hashed_password 
FROM users 
WHERE users.email = ?]
[parameters: ('admin@gmail.com',)]
(Background on this error at: https://sqlalche.me/e/20/e3q8)
Traceback (most recent call last):
  File "D:\ASM1\.venv\Lib\site-packages\sqlalchemy\engine\base.py", line 1967, in _exec_single_context
    self.dialect.do_execute(
  File "D:\ASM1\.venv\Lib\site-packages\sqlalchemy\engine\default.py", line 941, in do_execute
    cursor.execute(statement, parameters)
  File "D:\ASM1\.venv\Lib\site-packages\sqlalchemy\dialects\sqlite\aiosqlite.py", line 147, in execute
    self._adapt_connection._handle_exception(error)
  File "D:\ASM1\.venv\Lib\site-packages\sqlalchemy\dialects\sqlite\aiosqlite.py", line 298, in _handle_exception
    raise error
  File "D:\ASM1\.venv\Lib\site-packages\sqlalchemy\dialects\sqlite\aiosqlite.py", line 129, in execute
    self.await_(_cursor.execute(operation, parameters))
  File "D:\ASM1\.venv\Lib\site-packages\sqlalchemy\util\_concurrency_py3k.py", line 132, in await_only
    return current.parent.switch(awaitable)  # type: ignore[no-any-return,attr-defined] # noqa: E501
           ^^^^^^^^^^^^^^^^^^^^^^^^^^^^^^^^
  File "D:\ASM1\.venv\Lib\site-packages\sqlalchemy\util\_concurrency_py3k.py", line 196, in greenlet_spawn
    value = await result
            ^^^^^^^^^^^^
  File "D:\ASM1\.venv\Lib\site-packages\aiosqlite\cursor.py", line 48, in execute
    await self._execute(self._cursor.execute, sql, parameters)
  File "D:\ASM1\.venv\Lib\site-packages\aiosqlite\cursor.py", line 40, in _execute
    return await self._conn._execute(fn, *args, **kwargs)
           ^^^^^^^^^^^^^^^^^^^^^^^^^^^^^^^^^^^^^^^^^^^^^^
  File "D:\ASM1\.venv\Lib\site-packages\aiosqlite\core.py", line 132, in _execute
    return await future
           ^^^^^^^^^^^^
  File "D:\ASM1\.venv\Lib\site-packages\aiosqlite\core.py", line 115, in run
    result = function()
             ^^^^^^^^^^
sqlite3.OperationalError: no such column: users.hashed_password

The above exception was the direct cause of the following exception:

Traceback (most recent call last):
  File "D:\ASM1\backend\core\database.py", line 542, in get_db
    yield session
  File "D:\ASM1\.venv\Lib\site-packages\fastapi\routing.py", line 301, in app
    raw_response = await run_endpoint_function(
                   ^^^^^^^^^^^^^^^^^^^^^^^^^^^^
  File "D:\ASM1\.venv\Lib\site-packages\fastapi\routing.py", line 212, in run_endpoint_function
    return await dependant.call(**values)
           ^^^^^^^^^^^^^^^^^^^^^^^^^^^^^^
  File "D:\ASM1\backend\routers\auth.py", line 349, in login_password
    result = await db.execute(select(User).where(User.email == clean_email))
             ^^^^^^^^^^^^^^^^^^^^^^^^^^^^^^^^^^^^^^^^^^^^^^^^^^^^^^^^^^^^^^^
  File "D:\ASM1\.venv\Lib\site-packages\sqlalchemy\ext\asyncio\session.py", line 461, in execute
    result = await greenlet_spawn(
             ^^^^^^^^^^^^^^^^^^^^^
  File "D:\ASM1\.venv\Lib\site-packages\sqlalchemy\util\_concurrency_py3k.py", line 201, in greenlet_spawn
    result = context.throw(*sys.exc_info())
             ^^^^^^^^^^^^^^^^^^^^^^^^^^^^^^
  File "D:\ASM1\.venv\Lib\site-packages\sqlalchemy\orm\session.py", line 2362, in execute
    return self._execute_internal(
           ^^^^^^^^^^^^^^^^^^^^^^^
  File "D:\ASM1\.venv\Lib\site-packages\sqlalchemy\orm\session.py", line 2247, in _execute_internal
    result: Result[Any] = compile_state_cls.orm_execute_statement(
                          ^^^^^^^^^^^^^^^^^^^^^^^^^^^^^^^^^^^^^^^^
  File "D:\ASM1\.venv\Lib\site-packages\sqlalchemy\orm\context.py", line 305, in orm_execute_statement
    result = conn.execute(
             ^^^^^^^^^^^^^
  File "D:\ASM1\.venv\Lib\site-packages\sqlalchemy\engine\base.py", line 1418, in execute
    return meth(
           ^^^^^
  File "D:\ASM1\.venv\Lib\site-packages\sqlalchemy\sql\elements.py", line 515, in _execute_on_connection
    return connection._execute_clauseelement(
           ^^^^^^^^^^^^^^^^^^^^^^^^^^^^^^^^^^
  File "D:\ASM1\.venv\Lib\site-packages\sqlalchemy\engine\base.py", line 1640, in _execute_clauseelement
    ret = self._execute_context(
          ^^^^^^^^^^^^^^^^^^^^^^
  File "D:\ASM1\.venv\Lib\site-packages\sqlalchemy\engine\base.py", line 1846, in _execute_context
    return self._exec_single_context(
           ^^^^^^^^^^^^^^^^^^^^^^^^^^
  File "D:\ASM1\.venv\Lib\site-packages\sqlalchemy\engine\base.py", line 1986, in _exec_single_context
    self._handle_dbapi_exception(
  File "D:\ASM1\.venv\Lib\site-packages\sqlalchemy\engine\base.py", line 2355, in _handle_dbapi_exception
    raise sqlalchemy_exception.with_traceback(exc_info[2]) from e
  File "D:\ASM1\.venv\Lib\site-packages\sqlalchemy\engine\base.py", line 1967, in _exec_single_context
    self.dialect.do_execute(
  File "D:\ASM1\.venv\Lib\site-packages\sqlalchemy\engine\default.py", line 941, in do_execute
    cursor.execute(statement, parameters)
  File "D:\ASM1\.venv\Lib\site-packages\sqlalchemy\dialects\sqlite\aiosqlite.py", line 147, in execute
    self._adapt_connection._handle_exception(error)
  File "D:\ASM1\.venv\Lib\site-packages\sqlalchemy\dialects\sqlite\aiosqlite.py", line 298, in _handle_exception
    raise error
  File "D:\ASM1\.venv\Lib\site-packages\sqlalchemy\dialects\sqlite\aiosqlite.py", line 129, in execute
    self.await_(_cursor.execute(operation, parameters))
  File "D:\ASM1\.venv\Lib\site-packages\sqlalchemy\util\_concurrency_py3k.py", line 132, in await_only
    return current.parent.switch(awaitable)  # type: ignore[no-any-return,attr-defined] # noqa: E501
           ^^^^^^^^^^^^^^^^^^^^^^^^^^^^^^^^
  File "D:\ASM1\.venv\Lib\site-packages\sqlalchemy\util\_concurrency_py3k.py", line 196, in greenlet_spawn
    value = await result
            ^^^^^^^^^^^^
  File "D:\ASM1\.venv\Lib\site-packages\aiosqlite\cursor.py", line 48, in execute
    await self._execute(self._cursor.execute, sql, parameters)
  File "D:\ASM1\.venv\Lib\site-packages\aiosqlite\cursor.py", line 40, in _execute
    return await self._conn._execute(fn, *args, **kwargs)
           ^^^^^^^^^^^^^^^^^^^^^^^^^^^^^^^^^^^^^^^^^^^^^^
  File "D:\ASM1\.venv\Lib\site-packages\aiosqlite\core.py", line 132, in _execute
    return await future
           ^^^^^^^^^^^^
  File "D:\ASM1\.venv\Lib\site-packages\aiosqlite\core.py", line 115, in run
    result = function()
             ^^^^^^^^^^
sqlalchemy.exc.OperationalError: (sqlite3.OperationalError) no such column: users.hashed_password
[SQL: SELECT users.id, users.email, users.name, users.role, users.created_at, users.last_login, users.hashed_password 
FROM users 
WHERE users.email = ?]
[parameters: ('admin@gmail.com',)]
(Background on this error at: https://sqlalche.me/e/20/e3q8)
2026-03-03 17:27:12,456 - core.database - DEBUG - [DB_OP] Starting get_db session creation
2026-03-03 17:27:12,456 - core.database - DEBUG - [DB_OP] Database session created successfully in 0.0000s
2026-03-03 17:27:12,456 - aiosqlite - DEBUG - executing <function connect.<locals>.connector at 0x0000024919A5A700>
2026-03-03 17:27:12,456 - aiosqlite - DEBUG - operation <function connect.<locals>.connector at 0x0000024919A5A700> completed
2026-03-03 17:27:12,464 - aiosqlite - DEBUG - executing functools.partial(<built-in method create_function of sqlite3.Connection object at 0x00000249197F35B0>, 'regexp', 2, <function SQLiteDialect_pysqlite.on_connect.<locals>.regexp at 0x00000249197880E0>, deterministic=True)
2026-03-03 17:27:12,464 - aiosqlite - DEBUG - operation functools.partial(<built-in method create_function of sqlite3.Connection object at 0x00000249197F35B0>, 'regexp', 2, <function SQLiteDialect_pysqlite.on_connect.<locals>.regexp at 0x00000249197880E0>, deterministic=True) completed
2026-03-03 17:27:12,464 - aiosqlite - DEBUG - executing functools.partial(<built-in method create_function of sqlite3.Connection object at 0x00000249197F35B0>, 'floor', 1, <built-in function floor>, deterministic=True)
2026-03-03 17:27:12,464 - aiosqlite - DEBUG - operation functools.partial(<built-in method create_function of sqlite3.Connection object at 0x00000249197F35B0>, 'floor', 1, <built-in function floor>, deterministic=True) completed
2026-03-03 17:27:12,464 - aiosqlite - DEBUG - executing functools.partial(<built-in method cursor of sqlite3.Connection object at 0x00000249197F35B0>)
2026-03-03 17:27:12,464 - aiosqlite - DEBUG - operation functools.partial(<built-in method cursor of sqlite3.Connection object at 0x00000249197F35B0>) completed
2026-03-03 17:27:12,464 - aiosqlite - DEBUG - executing functools.partial(<built-in method execute of sqlite3.Cursor object at 0x0000024919A9EC40>, 'SELECT users.id, users.email, users.name, users.role, users.created_at, users.last_login, users.hashed_password \nFROM users \nWHERE users.email = ?', ('admin@gmail.com',))
2026-03-03 17:27:12,464 - aiosqlite - DEBUG - returning exception no such column: users.hashed_password
2026-03-03 17:27:12,464 - core.database - ERROR - Database session error: (sqlite3.OperationalError) no such column: users.hashed_password
[SQL: SELECT users.id, users.email, users.name, users.role, users.created_at, users.last_login, users.hashed_password 
FROM users 
WHERE users.email = ?]
[parameters: ('admin@gmail.com',)]
(Background on this error at: https://sqlalche.me/e/20/e3q8)
Traceback (most recent call last):
  File "D:\ASM1\.venv\Lib\site-packages\sqlalchemy\engine\base.py", line 1967, in _exec_single_context
    self.dialect.do_execute(
  File "D:\ASM1\.venv\Lib\site-packages\sqlalchemy\engine\default.py", line 941, in do_execute
    cursor.execute(statement, parameters)
  File "D:\ASM1\.venv\Lib\site-packages\sqlalchemy\dialects\sqlite\aiosqlite.py", line 147, in execute
    self._adapt_connection._handle_exception(error)
  File "D:\ASM1\.venv\Lib\site-packages\sqlalchemy\dialects\sqlite\aiosqlite.py", line 298, in _handle_exception
    raise error
  File "D:\ASM1\.venv\Lib\site-packages\sqlalchemy\dialects\sqlite\aiosqlite.py", line 129, in execute
    self.await_(_cursor.execute(operation, parameters))
  File "D:\ASM1\.venv\Lib\site-packages\sqlalchemy\util\_concurrency_py3k.py", line 132, in await_only
    return current.parent.switch(awaitable)  # type: ignore[no-any-return,attr-defined] # noqa: E501
           ^^^^^^^^^^^^^^^^^^^^^^^^^^^^^^^^
  File "D:\ASM1\.venv\Lib\site-packages\sqlalchemy\util\_concurrency_py3k.py", line 196, in greenlet_spawn
    value = await result
            ^^^^^^^^^^^^
  File "D:\ASM1\.venv\Lib\site-packages\aiosqlite\cursor.py", line 48, in execute
    await self._execute(self._cursor.execute, sql, parameters)
  File "D:\ASM1\.venv\Lib\site-packages\aiosqlite\cursor.py", line 40, in _execute
    return await self._conn._execute(fn, *args, **kwargs)
           ^^^^^^^^^^^^^^^^^^^^^^^^^^^^^^^^^^^^^^^^^^^^^^
  File "D:\ASM1\.venv\Lib\site-packages\aiosqlite\core.py", line 132, in _execute
    return await future
           ^^^^^^^^^^^^
  File "D:\ASM1\.venv\Lib\site-packages\aiosqlite\core.py", line 115, in run
    result = function()
             ^^^^^^^^^^
sqlite3.OperationalError: no such column: users.hashed_password

The above exception was the direct cause of the following exception:

Traceback (most recent call last):
  File "D:\ASM1\backend\core\database.py", line 542, in get_db
    yield session
  File "D:\ASM1\.venv\Lib\site-packages\fastapi\routing.py", line 301, in app
    raw_response = await run_endpoint_function(
                   ^^^^^^^^^^^^^^^^^^^^^^^^^^^^
  File "D:\ASM1\.venv\Lib\site-packages\fastapi\routing.py", line 212, in run_endpoint_function
    return await dependant.call(**values)
           ^^^^^^^^^^^^^^^^^^^^^^^^^^^^^^
  File "D:\ASM1\backend\routers\auth.py", line 349, in login_password
    result = await db.execute(select(User).where(User.email == clean_email))
             ^^^^^^^^^^^^^^^^^^^^^^^^^^^^^^^^^^^^^^^^^^^^^^^^^^^^^^^^^^^^^^^
  File "D:\ASM1\.venv\Lib\site-packages\sqlalchemy\ext\asyncio\session.py", line 461, in execute
    result = await greenlet_spawn(
             ^^^^^^^^^^^^^^^^^^^^^
  File "D:\ASM1\.venv\Lib\site-packages\sqlalchemy\util\_concurrency_py3k.py", line 201, in greenlet_spawn
    result = context.throw(*sys.exc_info())
             ^^^^^^^^^^^^^^^^^^^^^^^^^^^^^^
  File "D:\ASM1\.venv\Lib\site-packages\sqlalchemy\orm\session.py", line 2362, in execute
    return self._execute_internal(
           ^^^^^^^^^^^^^^^^^^^^^^^
  File "D:\ASM1\.venv\Lib\site-packages\sqlalchemy\orm\session.py", line 2247, in _execute_internal
    result: Result[Any] = compile_state_cls.orm_execute_statement(
                          ^^^^^^^^^^^^^^^^^^^^^^^^^^^^^^^^^^^^^^^^
  File "D:\ASM1\.venv\Lib\site-packages\sqlalchemy\orm\context.py", line 305, in orm_execute_statement
    result = conn.execute(
             ^^^^^^^^^^^^^
  File "D:\ASM1\.venv\Lib\site-packages\sqlalchemy\engine\base.py", line 1418, in execute
    return meth(
           ^^^^^
  File "D:\ASM1\.venv\Lib\site-packages\sqlalchemy\sql\elements.py", line 515, in _execute_on_connection
    return connection._execute_clauseelement(
           ^^^^^^^^^^^^^^^^^^^^^^^^^^^^^^^^^^
  File "D:\ASM1\.venv\Lib\site-packages\sqlalchemy\engine\base.py", line 1640, in _execute_clauseelement
    ret = self._execute_context(
          ^^^^^^^^^^^^^^^^^^^^^^
  File "D:\ASM1\.venv\Lib\site-packages\sqlalchemy\engine\base.py", line 1846, in _execute_context
    return self._exec_single_context(
           ^^^^^^^^^^^^^^^^^^^^^^^^^^
  File "D:\ASM1\.venv\Lib\site-packages\sqlalchemy\engine\base.py", line 1986, in _exec_single_context
    self._handle_dbapi_exception(
  File "D:\ASM1\.venv\Lib\site-packages\sqlalchemy\engine\base.py", line 2355, in _handle_dbapi_exception
    raise sqlalchemy_exception.with_traceback(exc_info[2]) from e
  File "D:\ASM1\.venv\Lib\site-packages\sqlalchemy\engine\base.py", line 1967, in _exec_single_context
    self.dialect.do_execute(
  File "D:\ASM1\.venv\Lib\site-packages\sqlalchemy\engine\default.py", line 941, in do_execute
    cursor.execute(statement, parameters)
  File "D:\ASM1\.venv\Lib\site-packages\sqlalchemy\dialects\sqlite\aiosqlite.py", line 147, in execute
    self._adapt_connection._handle_exception(error)
  File "D:\ASM1\.venv\Lib\site-packages\sqlalchemy\dialects\sqlite\aiosqlite.py", line 298, in _handle_exception
    raise error
  File "D:\ASM1\.venv\Lib\site-packages\sqlalchemy\dialects\sqlite\aiosqlite.py", line 129, in execute
    self.await_(_cursor.execute(operation, parameters))
  File "D:\ASM1\.venv\Lib\site-packages\sqlalchemy\util\_concurrency_py3k.py", line 132, in await_only
    return current.parent.switch(awaitable)  # type: ignore[no-any-return,attr-defined] # noqa: E501
           ^^^^^^^^^^^^^^^^^^^^^^^^^^^^^^^^
  File "D:\ASM1\.venv\Lib\site-packages\sqlalchemy\util\_concurrency_py3k.py", line 196, in greenlet_spawn
    value = await result
            ^^^^^^^^^^^^
  File "D:\ASM1\.venv\Lib\site-packages\aiosqlite\cursor.py", line 48, in execute
    await self._execute(self._cursor.execute, sql, parameters)
  File "D:\ASM1\.venv\Lib\site-packages\aiosqlite\cursor.py", line 40, in _execute
    return await self._conn._execute(fn, *args, **kwargs)
           ^^^^^^^^^^^^^^^^^^^^^^^^^^^^^^^^^^^^^^^^^^^^^^
  File "D:\ASM1\.venv\Lib\site-packages\aiosqlite\core.py", line 132, in _execute
    return await future
           ^^^^^^^^^^^^
  File "D:\ASM1\.venv\Lib\site-packages\aiosqlite\core.py", line 115, in run
    result = function()
             ^^^^^^^^^^
sqlalchemy.exc.OperationalError: (sqlite3.OperationalError) no such column: users.hashed_password
[SQL: SELECT users.id, users.email, users.name, users.role, users.created_at, users.last_login, users.hashed_password 
FROM users 
WHERE users.email = ?]
[parameters: ('admin@gmail.com',)]
(Background on this error at: https://sqlalche.me/e/20/e3q8)
2026-03-03 17:27:12,482 - core.database - DEBUG - [DB_OP] Database session cleanup after 0.0252s
2026-03-03 17:27:12,482 - aiosqlite - DEBUG - executing functools.partial(<built-in method rollback of sqlite3.Connection object at 0x00000249197F35B0>)
2026-03-03 17:27:12,482 - aiosqlite - DEBUG - operation functools.partial(<built-in method rollback of sqlite3.Connection object at 0x00000249197F35B0>) completed
2026-03-03 17:27:12,482 - aiosqlite - DEBUG - executing functools.partial(<built-in method rollback of sqlite3.Connection object at 0x00000249197F35B0>)
2026-03-03 17:27:12,482 - aiosqlite - DEBUG - operation functools.partial(<built-in method rollback of sqlite3.Connection object at 0x00000249197F35B0>) completed
2026-03-03 17:27:12,482 - aiosqlite - DEBUG - executing functools.partial(<built-in method close of sqlite3.Connection object at 0x00000249197F35B0>)
2026-03-03 17:27:12,482 - aiosqlite - DEBUG - operation functools.partial(<built-in method close of sqlite3.Connection object at 0x00000249197F35B0>) completed
2026-03-03 17:27:12,490 - core.database - ERROR - Failed to create database session: (sqlite3.OperationalError) no such column: users.hashed_password
[SQL: SELECT users.id, users.email, users.name, users.role, users.created_at, users.last_login, users.hashed_password 
FROM users 
WHERE users.email = ?]
[parameters: ('admin@gmail.com',)]
(Background on this error at: https://sqlalche.me/e/20/e3q8)
Traceback (most recent call last):
  File "D:\ASM1\.venv\Lib\site-packages\sqlalchemy\engine\base.py", line 1967, in _exec_single_context
    self.dialect.do_execute(
  File "D:\ASM1\.venv\Lib\site-packages\sqlalchemy\engine\default.py", line 941, in do_execute
    cursor.execute(statement, parameters)
  File "D:\ASM1\.venv\Lib\site-packages\sqlalchemy\dialects\sqlite\aiosqlite.py", line 147, in execute
    self._adapt_connection._handle_exception(error)
  File "D:\ASM1\.venv\Lib\site-packages\sqlalchemy\dialects\sqlite\aiosqlite.py", line 298, in _handle_exception
    raise error
  File "D:\ASM1\.venv\Lib\site-packages\sqlalchemy\dialects\sqlite\aiosqlite.py", line 129, in execute
    self.await_(_cursor.execute(operation, parameters))
  File "D:\ASM1\.venv\Lib\site-packages\sqlalchemy\util\_concurrency_py3k.py", line 132, in await_only
    return current.parent.switch(awaitable)  # type: ignore[no-any-return,attr-defined] # noqa: E501
           ^^^^^^^^^^^^^^^^^^^^^^^^^^^^^^^^
  File "D:\ASM1\.venv\Lib\site-packages\sqlalchemy\util\_concurrency_py3k.py", line 196, in greenlet_spawn
    value = await result
            ^^^^^^^^^^^^
  File "D:\ASM1\.venv\Lib\site-packages\aiosqlite\cursor.py", line 48, in execute
    await self._execute(self._cursor.execute, sql, parameters)
  File "D:\ASM1\.venv\Lib\site-packages\aiosqlite\cursor.py", line 40, in _execute
    return await self._conn._execute(fn, *args, **kwargs)
           ^^^^^^^^^^^^^^^^^^^^^^^^^^^^^^^^^^^^^^^^^^^^^^
  File "D:\ASM1\.venv\Lib\site-packages\aiosqlite\core.py", line 132, in _execute
    return await future
           ^^^^^^^^^^^^
  File "D:\ASM1\.venv\Lib\site-packages\aiosqlite\core.py", line 115, in run
    result = function()
             ^^^^^^^^^^
sqlite3.OperationalError: no such column: users.hashed_password

The above exception was the direct cause of the following exception:

Traceback (most recent call last):
  File "D:\ASM1\backend\core\database.py", line 542, in get_db
    yield session
  File "D:\ASM1\.venv\Lib\site-packages\fastapi\routing.py", line 301, in app
    raw_response = await run_endpoint_function(
                   ^^^^^^^^^^^^^^^^^^^^^^^^^^^^
  File "D:\ASM1\.venv\Lib\site-packages\fastapi\routing.py", line 212, in run_endpoint_function
    return await dependant.call(**values)
           ^^^^^^^^^^^^^^^^^^^^^^^^^^^^^^
  File "D:\ASM1\backend\routers\auth.py", line 349, in login_password
    result = await db.execute(select(User).where(User.email == clean_email))
             ^^^^^^^^^^^^^^^^^^^^^^^^^^^^^^^^^^^^^^^^^^^^^^^^^^^^^^^^^^^^^^^
  File "D:\ASM1\.venv\Lib\site-packages\sqlalchemy\ext\asyncio\session.py", line 461, in execute
    result = await greenlet_spawn(
             ^^^^^^^^^^^^^^^^^^^^^
  File "D:\ASM1\.venv\Lib\site-packages\sqlalchemy\util\_concurrency_py3k.py", line 201, in greenlet_spawn
    result = context.throw(*sys.exc_info())
             ^^^^^^^^^^^^^^^^^^^^^^^^^^^^^^
  File "D:\ASM1\.venv\Lib\site-packages\sqlalchemy\orm\session.py", line 2362, in execute
    return self._execute_internal(
           ^^^^^^^^^^^^^^^^^^^^^^^
  File "D:\ASM1\.venv\Lib\site-packages\sqlalchemy\orm\session.py", line 2247, in _execute_internal
    result: Result[Any] = compile_state_cls.orm_execute_statement(
                          ^^^^^^^^^^^^^^^^^^^^^^^^^^^^^^^^^^^^^^^^
  File "D:\ASM1\.venv\Lib\site-packages\sqlalchemy\orm\context.py", line 305, in orm_execute_statement
    result = conn.execute(
             ^^^^^^^^^^^^^
  File "D:\ASM1\.venv\Lib\site-packages\sqlalchemy\engine\base.py", line 1418, in execute
    return meth(
           ^^^^^
  File "D:\ASM1\.venv\Lib\site-packages\sqlalchemy\sql\elements.py", line 515, in _execute_on_connection
    return connection._execute_clauseelement(
           ^^^^^^^^^^^^^^^^^^^^^^^^^^^^^^^^^^
  File "D:\ASM1\.venv\Lib\site-packages\sqlalchemy\engine\base.py", line 1640, in _execute_clauseelement
    ret = self._execute_context(
          ^^^^^^^^^^^^^^^^^^^^^^
  File "D:\ASM1\.venv\Lib\site-packages\sqlalchemy\engine\base.py", line 1846, in _execute_context
    return self._exec_single_context(
           ^^^^^^^^^^^^^^^^^^^^^^^^^^
  File "D:\ASM1\.venv\Lib\site-packages\sqlalchemy\engine\base.py", line 1986, in _exec_single_context
    self._handle_dbapi_exception(
  File "D:\ASM1\.venv\Lib\site-packages\sqlalchemy\engine\base.py", line 2355, in _handle_dbapi_exception
    raise sqlalchemy_exception.with_traceback(exc_info[2]) from e
  File "D:\ASM1\.venv\Lib\site-packages\sqlalchemy\engine\base.py", line 1967, in _exec_single_context
    self.dialect.do_execute(
  File "D:\ASM1\.venv\Lib\site-packages\sqlalchemy\engine\default.py", line 941, in do_execute
    cursor.execute(statement, parameters)
  File "D:\ASM1\.venv\Lib\site-packages\sqlalchemy\dialects\sqlite\aiosqlite.py", line 147, in execute
    self._adapt_connection._handle_exception(error)
  File "D:\ASM1\.venv\Lib\site-packages\sqlalchemy\dialects\sqlite\aiosqlite.py", line 298, in _handle_exception
    raise error
  File "D:\ASM1\.venv\Lib\site-packages\sqlalchemy\dialects\sqlite\aiosqlite.py", line 129, in execute
    self.await_(_cursor.execute(operation, parameters))
  File "D:\ASM1\.venv\Lib\site-packages\sqlalchemy\util\_concurrency_py3k.py", line 132, in await_only
    return current.parent.switch(awaitable)  # type: ignore[no-any-return,attr-defined] # noqa: E501
           ^^^^^^^^^^^^^^^^^^^^^^^^^^^^^^^^
  File "D:\ASM1\.venv\Lib\site-packages\sqlalchemy\util\_concurrency_py3k.py", line 196, in greenlet_spawn
    value = await result
            ^^^^^^^^^^^^
  File "D:\ASM1\.venv\Lib\site-packages\aiosqlite\cursor.py", line 48, in execute
    await self._execute(self._cursor.execute, sql, parameters)
  File "D:\ASM1\.venv\Lib\site-packages\aiosqlite\cursor.py", line 40, in _execute
    return await self._conn._execute(fn, *args, **kwargs)
           ^^^^^^^^^^^^^^^^^^^^^^^^^^^^^^^^^^^^^^^^^^^^^^
  File "D:\ASM1\.venv\Lib\site-packages\aiosqlite\core.py", line 132, in _execute
    return await future
           ^^^^^^^^^^^^
  File "D:\ASM1\.venv\Lib\site-packages\aiosqlite\core.py", line 115, in run
    result = function()
             ^^^^^^^^^^
sqlalchemy.exc.OperationalError: (sqlite3.OperationalError) no such column: users.hashed_password
[SQL: SELECT users.id, users.email, users.name, users.role, users.created_at, users.last_login, users.hashed_password 
FROM users 
WHERE users.email = ?]
[parameters: ('admin@gmail.com',)]
(Background on this error at: https://sqlalche.me/e/20/e3q8)
2026-03-03 17:27:12,605 - core.database - DEBUG - [DB_OP] Starting get_db session creation
2026-03-03 17:27:12,605 - core.database - DEBUG - [DB_OP] Database session created successfully in 0.0000s
2026-03-03 17:27:12,615 - aiosqlite - DEBUG - executing <function connect.<locals>.connector at 0x0000024919A5A200>
2026-03-03 17:27:12,615 - aiosqlite - DEBUG - operation <function connect.<locals>.connector at 0x0000024919A5A200> completed
2026-03-03 17:27:12,615 - aiosqlite - DEBUG - executing functools.partial(<built-in method create_function of sqlite3.Connection object at 0x00000249197F1990>, 'regexp', 2, <function SQLiteDialect_pysqlite.on_connect.<locals>.regexp at 0x00000249197880E0>, deterministic=True)
2026-03-03 17:27:12,615 - aiosqlite - DEBUG - operation functools.partial(<built-in method create_function of sqlite3.Connection object at 0x00000249197F1990>, 'regexp', 2, <function SQLiteDialect_pysqlite.on_connect.<locals>.regexp at 0x00000249197880E0>, deterministic=True) completed
2026-03-03 17:27:12,615 - aiosqlite - DEBUG - executing functools.partial(<built-in method create_function of sqlite3.Connection object at 0x00000249197F1990>, 'floor', 1, <built-in function floor>, deterministic=True)
2026-03-03 17:27:12,615 - aiosqlite - DEBUG - operation functools.partial(<built-in method create_function of sqlite3.Connection object at 0x00000249197F1990>, 'floor', 1, <built-in function floor>, deterministic=True) completed
2026-03-03 17:27:12,615 - aiosqlite - DEBUG - executing functools.partial(<built-in method cursor of sqlite3.Connection object at 0x00000249197F1990>)
2026-03-03 17:27:12,615 - aiosqlite - DEBUG - operation functools.partial(<built-in method cursor of sqlite3.Connection object at 0x00000249197F1990>) completed
2026-03-03 17:27:12,615 - aiosqlite - DEBUG - executing functools.partial(<built-in method execute of sqlite3.Cursor object at 0x0000024919752640>, 'SELECT users.id, users.email, users.name, users.role, users.created_at, users.last_login, users.hashed_password \nFROM users \nWHERE users.email = ?', ('admin@gmail.com',))
2026-03-03 17:27:12,615 - aiosqlite - DEBUG - returning exception no such column: users.hashed_password
2026-03-03 17:27:12,615 - core.database - ERROR - Database session error: (sqlite3.OperationalError) no such column: users.hashed_password
[SQL: SELECT users.id, users.email, users.name, users.role, users.created_at, users.last_login, users.hashed_password 
FROM users 
WHERE users.email = ?]
[parameters: ('admin@gmail.com',)]
(Background on this error at: https://sqlalche.me/e/20/e3q8)
Traceback (most recent call last):
  File "D:\ASM1\.venv\Lib\site-packages\sqlalchemy\engine\base.py", line 1967, in _exec_single_context
    self.dialect.do_execute(
  File "D:\ASM1\.venv\Lib\site-packages\sqlalchemy\engine\default.py", line 941, in do_execute
    cursor.execute(statement, parameters)
  File "D:\ASM1\.venv\Lib\site-packages\sqlalchemy\dialects\sqlite\aiosqlite.py", line 147, in execute
    self._adapt_connection._handle_exception(error)
  File "D:\ASM1\.venv\Lib\site-packages\sqlalchemy\dialects\sqlite\aiosqlite.py", line 298, in _handle_exception
    raise error
  File "D:\ASM1\.venv\Lib\site-packages\sqlalchemy\dialects\sqlite\aiosqlite.py", line 129, in execute
    self.await_(_cursor.execute(operation, parameters))
  File "D:\ASM1\.venv\Lib\site-packages\sqlalchemy\util\_concurrency_py3k.py", line 132, in await_only
    return current.parent.switch(awaitable)  # type: ignore[no-any-return,attr-defined] # noqa: E501
           ^^^^^^^^^^^^^^^^^^^^^^^^^^^^^^^^
  File "D:\ASM1\.venv\Lib\site-packages\sqlalchemy\util\_concurrency_py3k.py", line 196, in greenlet_spawn
    value = await result
            ^^^^^^^^^^^^
  File "D:\ASM1\.venv\Lib\site-packages\aiosqlite\cursor.py", line 48, in execute
    await self._execute(self._cursor.execute, sql, parameters)
  File "D:\ASM1\.venv\Lib\site-packages\aiosqlite\cursor.py", line 40, in _execute
    return await self._conn._execute(fn, *args, **kwargs)
           ^^^^^^^^^^^^^^^^^^^^^^^^^^^^^^^^^^^^^^^^^^^^^^
  File "D:\ASM1\.venv\Lib\site-packages\aiosqlite\core.py", line 132, in _execute
    return await future
           ^^^^^^^^^^^^
  File "D:\ASM1\.venv\Lib\site-packages\aiosqlite\core.py", line 115, in run
    result = function()
             ^^^^^^^^^^
sqlite3.OperationalError: no such column: users.hashed_password

The above exception was the direct cause of the following exception:

Traceback (most recent call last):
  File "D:\ASM1\backend\core\database.py", line 542, in get_db
    yield session
  File "D:\ASM1\.venv\Lib\site-packages\fastapi\routing.py", line 301, in app
    raw_response = await run_endpoint_function(
                   ^^^^^^^^^^^^^^^^^^^^^^^^^^^^
  File "D:\ASM1\.venv\Lib\site-packages\fastapi\routing.py", line 212, in run_endpoint_function
    return await dependant.call(**values)
           ^^^^^^^^^^^^^^^^^^^^^^^^^^^^^^
  File "D:\ASM1\backend\routers\auth.py", line 349, in login_password
    result = await db.execute(select(User).where(User.email == clean_email))
             ^^^^^^^^^^^^^^^^^^^^^^^^^^^^^^^^^^^^^^^^^^^^^^^^^^^^^^^^^^^^^^^
  File "D:\ASM1\.venv\Lib\site-packages\sqlalchemy\ext\asyncio\session.py", line 461, in execute
    result = await greenlet_spawn(
             ^^^^^^^^^^^^^^^^^^^^^
  File "D:\ASM1\.venv\Lib\site-packages\sqlalchemy\util\_concurrency_py3k.py", line 201, in greenlet_spawn
    result = context.throw(*sys.exc_info())
             ^^^^^^^^^^^^^^^^^^^^^^^^^^^^^^
  File "D:\ASM1\.venv\Lib\site-packages\sqlalchemy\orm\session.py", line 2362, in execute
    return self._execute_internal(
           ^^^^^^^^^^^^^^^^^^^^^^^
  File "D:\ASM1\.venv\Lib\site-packages\sqlalchemy\orm\session.py", line 2247, in _execute_internal
    result: Result[Any] = compile_state_cls.orm_execute_statement(
                          ^^^^^^^^^^^^^^^^^^^^^^^^^^^^^^^^^^^^^^^^
  File "D:\ASM1\.venv\Lib\site-packages\sqlalchemy\orm\context.py", line 305, in orm_execute_statement
    result = conn.execute(
             ^^^^^^^^^^^^^
  File "D:\ASM1\.venv\Lib\site-packages\sqlalchemy\engine\base.py", line 1418, in execute
    return meth(
           ^^^^^
  File "D:\ASM1\.venv\Lib\site-packages\sqlalchemy\sql\elements.py", line 515, in _execute_on_connection
    return connection._execute_clauseelement(
           ^^^^^^^^^^^^^^^^^^^^^^^^^^^^^^^^^^
  File "D:\ASM1\.venv\Lib\site-packages\sqlalchemy\engine\base.py", line 1640, in _execute_clauseelement
    ret = self._execute_context(
          ^^^^^^^^^^^^^^^^^^^^^^
  File "D:\ASM1\.venv\Lib\site-packages\sqlalchemy\engine\base.py", line 1846, in _execute_context
    return self._exec_single_context(
           ^^^^^^^^^^^^^^^^^^^^^^^^^^
  File "D:\ASM1\.venv\Lib\site-packages\sqlalchemy\engine\base.py", line 1986, in _exec_single_context
    self._handle_dbapi_exception(
  File "D:\ASM1\.venv\Lib\site-packages\sqlalchemy\engine\base.py", line 2355, in _handle_dbapi_exception
    raise sqlalchemy_exception.with_traceback(exc_info[2]) from e
  File "D:\ASM1\.venv\Lib\site-packages\sqlalchemy\engine\base.py", line 1967, in _exec_single_context
    self.dialect.do_execute(
  File "D:\ASM1\.venv\Lib\site-packages\sqlalchemy\engine\default.py", line 941, in do_execute
    cursor.execute(statement, parameters)
  File "D:\ASM1\.venv\Lib\site-packages\sqlalchemy\dialects\sqlite\aiosqlite.py", line 147, in execute
    self._adapt_connection._handle_exception(error)
  File "D:\ASM1\.venv\Lib\site-packages\sqlalchemy\dialects\sqlite\aiosqlite.py", line 298, in _handle_exception
    raise error
  File "D:\ASM1\.venv\Lib\site-packages\sqlalchemy\dialects\sqlite\aiosqlite.py", line 129, in execute
    self.await_(_cursor.execute(operation, parameters))
  File "D:\ASM1\.venv\Lib\site-packages\sqlalchemy\util\_concurrency_py3k.py", line 132, in await_only
    return current.parent.switch(awaitable)  # type: ignore[no-any-return,attr-defined] # noqa: E501
           ^^^^^^^^^^^^^^^^^^^^^^^^^^^^^^^^
  File "D:\ASM1\.venv\Lib\site-packages\sqlalchemy\util\_concurrency_py3k.py", line 196, in greenlet_spawn
    value = await result
            ^^^^^^^^^^^^
  File "D:\ASM1\.venv\Lib\site-packages\aiosqlite\cursor.py", line 48, in execute
    await self._execute(self._cursor.execute, sql, parameters)
  File "D:\ASM1\.venv\Lib\site-packages\aiosqlite\cursor.py", line 40, in _execute
    return await self._conn._execute(fn, *args, **kwargs)
           ^^^^^^^^^^^^^^^^^^^^^^^^^^^^^^^^^^^^^^^^^^^^^^
  File "D:\ASM1\.venv\Lib\site-packages\aiosqlite\core.py", line 132, in _execute
    return await future
           ^^^^^^^^^^^^
  File "D:\ASM1\.venv\Lib\site-packages\aiosqlite\core.py", line 115, in run
    result = function()
             ^^^^^^^^^^
sqlalchemy.exc.OperationalError: (sqlite3.OperationalError) no such column: users.hashed_password
[SQL: SELECT users.id, users.email, users.name, users.role, users.created_at, users.last_login, users.hashed_password 
FROM users 
WHERE users.email = ?]
[parameters: ('admin@gmail.com',)]
(Background on this error at: https://sqlalche.me/e/20/e3q8)
2026-03-03 17:27:12,634 - core.database - DEBUG - [DB_OP] Database session cleanup after 0.0290s
2026-03-03 17:27:12,634 - aiosqlite - DEBUG - executing functools.partial(<built-in method rollback of sqlite3.Connection object at 0x00000249197F1990>)
2026-03-03 17:27:12,634 - aiosqlite - DEBUG - operation functools.partial(<built-in method rollback of sqlite3.Connection object at 0x00000249197F1990>) completed
2026-03-03 17:27:12,634 - aiosqlite - DEBUG - executing functools.partial(<built-in method rollback of sqlite3.Connection object at 0x00000249197F1990>)
2026-03-03 17:27:12,634 - aiosqlite - DEBUG - operation functools.partial(<built-in method rollback of sqlite3.Connection object at 0x00000249197F1990>) completed
2026-03-03 17:27:12,634 - aiosqlite - DEBUG - executing functools.partial(<built-in method close of sqlite3.Connection object at 0x00000249197F1990>)
2026-03-03 17:27:12,634 - aiosqlite - DEBUG - operation functools.partial(<built-in method close of sqlite3.Connection object at 0x00000249197F1990>) completed
2026-03-03 17:27:12,642 - core.database - ERROR - Failed to create database session: (sqlite3.OperationalError) no such column: users.hashed_password
[SQL: SELECT users.id, users.email, users.name, users.role, users.created_at, users.last_login, users.hashed_password 
FROM users 
WHERE users.email = ?]
[parameters: ('admin@gmail.com',)]
(Background on this error at: https://sqlalche.me/e/20/e3q8)
Traceback (most recent call last):
  File "D:\ASM1\.venv\Lib\site-packages\sqlalchemy\engine\base.py", line 1967, in _exec_single_context
    self.dialect.do_execute(
  File "D:\ASM1\.venv\Lib\site-packages\sqlalchemy\engine\default.py", line 941, in do_execute
    cursor.execute(statement, parameters)
  File "D:\ASM1\.venv\Lib\site-packages\sqlalchemy\dialects\sqlite\aiosqlite.py", line 147, in execute
    self._adapt_connection._handle_exception(error)
  File "D:\ASM1\.venv\Lib\site-packages\sqlalchemy\dialects\sqlite\aiosqlite.py", line 298, in _handle_exception
    raise error
  File "D:\ASM1\.venv\Lib\site-packages\sqlalchemy\dialects\sqlite\aiosqlite.py", line 129, in execute
    self.await_(_cursor.execute(operation, parameters))
  File "D:\ASM1\.venv\Lib\site-packages\sqlalchemy\util\_concurrency_py3k.py", line 132, in await_only
    return current.parent.switch(awaitable)  # type: ignore[no-any-return,attr-defined] # noqa: E501
           ^^^^^^^^^^^^^^^^^^^^^^^^^^^^^^^^
  File "D:\ASM1\.venv\Lib\site-packages\sqlalchemy\util\_concurrency_py3k.py", line 196, in greenlet_spawn
    value = await result
            ^^^^^^^^^^^^
  File "D:\ASM1\.venv\Lib\site-packages\aiosqlite\cursor.py", line 48, in execute
    await self._execute(self._cursor.execute, sql, parameters)
  File "D:\ASM1\.venv\Lib\site-packages\aiosqlite\cursor.py", line 40, in _execute
    return await self._conn._execute(fn, *args, **kwargs)
           ^^^^^^^^^^^^^^^^^^^^^^^^^^^^^^^^^^^^^^^^^^^^^^
  File "D:\ASM1\.venv\Lib\site-packages\aiosqlite\core.py", line 132, in _execute
    return await future
           ^^^^^^^^^^^^
  File "D:\ASM1\.venv\Lib\site-packages\aiosqlite\core.py", line 115, in run
    result = function()
             ^^^^^^^^^^
sqlite3.OperationalError: no such column: users.hashed_password

The above exception was the direct cause of the following exception:

Traceback (most recent call last):
  File "D:\ASM1\backend\core\database.py", line 542, in get_db
    yield session
  File "D:\ASM1\.venv\Lib\site-packages\fastapi\routing.py", line 301, in app
    raw_response = await run_endpoint_function(
                   ^^^^^^^^^^^^^^^^^^^^^^^^^^^^
  File "D:\ASM1\.venv\Lib\site-packages\fastapi\routing.py", line 212, in run_endpoint_function
    return await dependant.call(**values)
           ^^^^^^^^^^^^^^^^^^^^^^^^^^^^^^
  File "D:\ASM1\backend\routers\auth.py", line 349, in login_password
    result = await db.execute(select(User).where(User.email == clean_email))
             ^^^^^^^^^^^^^^^^^^^^^^^^^^^^^^^^^^^^^^^^^^^^^^^^^^^^^^^^^^^^^^^
  File "D:\ASM1\.venv\Lib\site-packages\sqlalchemy\ext\asyncio\session.py", line 461, in execute
    result = await greenlet_spawn(
             ^^^^^^^^^^^^^^^^^^^^^
  File "D:\ASM1\.venv\Lib\site-packages\sqlalchemy\util\_concurrency_py3k.py", line 201, in greenlet_spawn
    result = context.throw(*sys.exc_info())
             ^^^^^^^^^^^^^^^^^^^^^^^^^^^^^^
  File "D:\ASM1\.venv\Lib\site-packages\sqlalchemy\orm\session.py", line 2362, in execute
    return self._execute_internal(
           ^^^^^^^^^^^^^^^^^^^^^^^
  File "D:\ASM1\.venv\Lib\site-packages\sqlalchemy\orm\session.py", line 2247, in _execute_internal
    result: Result[Any] = compile_state_cls.orm_execute_statement(
                          ^^^^^^^^^^^^^^^^^^^^^^^^^^^^^^^^^^^^^^^^
  File "D:\ASM1\.venv\Lib\site-packages\sqlalchemy\orm\context.py", line 305, in orm_execute_statement
    result = conn.execute(
             ^^^^^^^^^^^^^
  File "D:\ASM1\.venv\Lib\site-packages\sqlalchemy\engine\base.py", line 1418, in execute
    return meth(
           ^^^^^
  File "D:\ASM1\.venv\Lib\site-packages\sqlalchemy\sql\elements.py", line 515, in _execute_on_connection
    return connection._execute_clauseelement(
           ^^^^^^^^^^^^^^^^^^^^^^^^^^^^^^^^^^
  File "D:\ASM1\.venv\Lib\site-packages\sqlalchemy\engine\base.py", line 1640, in _execute_clauseelement
    ret = self._execute_context(
          ^^^^^^^^^^^^^^^^^^^^^^
  File "D:\ASM1\.venv\Lib\site-packages\sqlalchemy\engine\base.py", line 1846, in _execute_context
    return self._exec_single_context(
           ^^^^^^^^^^^^^^^^^^^^^^^^^^
  File "D:\ASM1\.venv\Lib\site-packages\sqlalchemy\engine\base.py", line 1986, in _exec_single_context
    self._handle_dbapi_exception(
  File "D:\ASM1\.venv\Lib\site-packages\sqlalchemy\engine\base.py", line 2355, in _handle_dbapi_exception
    raise sqlalchemy_exception.with_traceback(exc_info[2]) from e
  File "D:\ASM1\.venv\Lib\site-packages\sqlalchemy\engine\base.py", line 1967, in _exec_single_context
    self.dialect.do_execute(
  File "D:\ASM1\.venv\Lib\site-packages\sqlalchemy\engine\default.py", line 941, in do_execute
    cursor.execute(statement, parameters)
  File "D:\ASM1\.venv\Lib\site-packages\sqlalchemy\dialects\sqlite\aiosqlite.py", line 147, in execute
    self._adapt_connection._handle_exception(error)
  File "D:\ASM1\.venv\Lib\site-packages\sqlalchemy\dialects\sqlite\aiosqlite.py", line 298, in _handle_exception
    raise error
  File "D:\ASM1\.venv\Lib\site-packages\sqlalchemy\dialects\sqlite\aiosqlite.py", line 129, in execute
    self.await_(_cursor.execute(operation, parameters))
  File "D:\ASM1\.venv\Lib\site-packages\sqlalchemy\util\_concurrency_py3k.py", line 132, in await_only
    return current.parent.switch(awaitable)  # type: ignore[no-any-return,attr-defined] # noqa: E501
           ^^^^^^^^^^^^^^^^^^^^^^^^^^^^^^^^
  File "D:\ASM1\.venv\Lib\site-packages\sqlalchemy\util\_concurrency_py3k.py", line 196, in greenlet_spawn
    value = await result
            ^^^^^^^^^^^^
  File "D:\ASM1\.venv\Lib\site-packages\aiosqlite\cursor.py", line 48, in execute
    await self._execute(self._cursor.execute, sql, parameters)
  File "D:\ASM1\.venv\Lib\site-packages\aiosqlite\cursor.py", line 40, in _execute
    return await self._conn._execute(fn, *args, **kwargs)
           ^^^^^^^^^^^^^^^^^^^^^^^^^^^^^^^^^^^^^^^^^^^^^^
  File "D:\ASM1\.venv\Lib\site-packages\aiosqlite\core.py", line 132, in _execute
    return await future
           ^^^^^^^^^^^^
  File "D:\ASM1\.venv\Lib\site-packages\aiosqlite\core.py", line 115, in run
    result = function()
             ^^^^^^^^^^
sqlalchemy.exc.OperationalError: (sqlite3.OperationalError) no such column: users.hashed_password
[SQL: SELECT users.id, users.email, users.name, users.role, users.created_at, users.last_login, users.hashed_password 
FROM users 
WHERE users.email = ?]
[parameters: ('admin@gmail.com',)]
(Background on this error at: https://sqlalche.me/e/20/e3q8)
2026-03-03 17:28:08,425 - core.database - DEBUG - [DB_OP] Starting get_db session creation
2026-03-03 17:28:08,425 - core.database - DEBUG - [DB_OP] Database session created successfully in 0.0000s
2026-03-03 17:28:08,425 - aiosqlite - DEBUG - executing <function connect.<locals>.connector at 0x0000024919A5AA20>
2026-03-03 17:28:08,425 - aiosqlite - DEBUG - operation <function connect.<locals>.connector at 0x0000024919A5AA20> completed
2026-03-03 17:28:08,425 - aiosqlite - DEBUG - executing functools.partial(<built-in method create_function of sqlite3.Connection object at 0x00000249197F3C40>, 'regexp', 2, <function SQLiteDialect_pysqlite.on_connect.<locals>.regexp at 0x00000249197880E0>, deterministic=True)
2026-03-03 17:28:08,425 - aiosqlite - DEBUG - operation functools.partial(<built-in method create_function of sqlite3.Connection object at 0x00000249197F3C40>, 'regexp', 2, <function SQLiteDialect_pysqlite.on_connect.<locals>.regexp at 0x00000249197880E0>, deterministic=True) completed
2026-03-03 17:28:08,425 - aiosqlite - DEBUG - executing functools.partial(<built-in method create_function of sqlite3.Connection object at 0x00000249197F3C40>, 'floor', 1, <built-in function floor>, deterministic=True)
2026-03-03 17:28:08,425 - aiosqlite - DEBUG - operation functools.partial(<built-in method create_function of sqlite3.Connection object at 0x00000249197F3C40>, 'floor', 1, <built-in function floor>, deterministic=True) completed
2026-03-03 17:28:08,434 - aiosqlite - DEBUG - executing functools.partial(<built-in method cursor of sqlite3.Connection object at 0x00000249197F3C40>)
2026-03-03 17:28:08,434 - aiosqlite - DEBUG - operation functools.partial(<built-in method cursor of sqlite3.Connection object at 0x00000249197F3C40>) completed
2026-03-03 17:28:08,434 - aiosqlite - DEBUG - executing functools.partial(<built-in method execute of sqlite3.Cursor object at 0x0000024919A9EDC0>, 'SELECT users.id, users.email, users.name, users.role, users.created_at, users.last_login, users.hashed_password \nFROM users \nWHERE users.email = ?', ('admin@gmail.com',))
2026-03-03 17:28:08,434 - aiosqlite - DEBUG - returning exception no such column: users.hashed_password
2026-03-03 17:28:08,434 - core.database - ERROR - Database session error: (sqlite3.OperationalError) no such column: users.hashed_password
[SQL: SELECT users.id, users.email, users.name, users.role, users.created_at, users.last_login, users.hashed_password 
FROM users 
WHERE users.email = ?]
[parameters: ('admin@gmail.com',)]
(Background on this error at: https://sqlalche.me/e/20/e3q8)
Traceback (most recent call last):
  File "D:\ASM1\.venv\Lib\site-packages\sqlalchemy\engine\base.py", line 1967, in _exec_single_context
    self.dialect.do_execute(
  File "D:\ASM1\.venv\Lib\site-packages\sqlalchemy\engine\default.py", line 941, in do_execute
    cursor.execute(statement, parameters)
  File "D:\ASM1\.venv\Lib\site-packages\sqlalchemy\dialects\sqlite\aiosqlite.py", line 147, in execute
    self._adapt_connection._handle_exception(error)
  File "D:\ASM1\.venv\Lib\site-packages\sqlalchemy\dialects\sqlite\aiosqlite.py", line 298, in _handle_exception
    raise error
  File "D:\ASM1\.venv\Lib\site-packages\sqlalchemy\dialects\sqlite\aiosqlite.py", line 129, in execute
    self.await_(_cursor.execute(operation, parameters))
  File "D:\ASM1\.venv\Lib\site-packages\sqlalchemy\util\_concurrency_py3k.py", line 132, in await_only
    return current.parent.switch(awaitable)  # type: ignore[no-any-return,attr-defined] # noqa: E501
           ^^^^^^^^^^^^^^^^^^^^^^^^^^^^^^^^
  File "D:\ASM1\.venv\Lib\site-packages\sqlalchemy\util\_concurrency_py3k.py", line 196, in greenlet_spawn
    value = await result
            ^^^^^^^^^^^^
  File "D:\ASM1\.venv\Lib\site-packages\aiosqlite\cursor.py", line 48, in execute
    await self._execute(self._cursor.execute, sql, parameters)
  File "D:\ASM1\.venv\Lib\site-packages\aiosqlite\cursor.py", line 40, in _execute
    return await self._conn._execute(fn, *args, **kwargs)
           ^^^^^^^^^^^^^^^^^^^^^^^^^^^^^^^^^^^^^^^^^^^^^^
  File "D:\ASM1\.venv\Lib\site-packages\aiosqlite\core.py", line 132, in _execute
    return await future
           ^^^^^^^^^^^^
  File "D:\ASM1\.venv\Lib\site-packages\aiosqlite\core.py", line 115, in run
    result = function()
             ^^^^^^^^^^
sqlite3.OperationalError: no such column: users.hashed_password

The above exception was the direct cause of the following exception:

Traceback (most recent call last):
  File "D:\ASM1\backend\core\database.py", line 542, in get_db
    yield session
  File "D:\ASM1\.venv\Lib\site-packages\fastapi\routing.py", line 301, in app
    raw_response = await run_endpoint_function(
                   ^^^^^^^^^^^^^^^^^^^^^^^^^^^^
  File "D:\ASM1\.venv\Lib\site-packages\fastapi\routing.py", line 212, in run_endpoint_function
    return await dependant.call(**values)
           ^^^^^^^^^^^^^^^^^^^^^^^^^^^^^^
  File "D:\ASM1\backend\routers\auth.py", line 349, in login_password
    result = await db.execute(select(User).where(User.email == clean_email))
             ^^^^^^^^^^^^^^^^^^^^^^^^^^^^^^^^^^^^^^^^^^^^^^^^^^^^^^^^^^^^^^^
  File "D:\ASM1\.venv\Lib\site-packages\sqlalchemy\ext\asyncio\session.py", line 461, in execute
    result = await greenlet_spawn(
             ^^^^^^^^^^^^^^^^^^^^^
  File "D:\ASM1\.venv\Lib\site-packages\sqlalchemy\util\_concurrency_py3k.py", line 201, in greenlet_spawn
    result = context.throw(*sys.exc_info())
             ^^^^^^^^^^^^^^^^^^^^^^^^^^^^^^
  File "D:\ASM1\.venv\Lib\site-packages\sqlalchemy\orm\session.py", line 2362, in execute
    return self._execute_internal(
           ^^^^^^^^^^^^^^^^^^^^^^^
  File "D:\ASM1\.venv\Lib\site-packages\sqlalchemy\orm\session.py", line 2247, in _execute_internal
    result: Result[Any] = compile_state_cls.orm_execute_statement(
                          ^^^^^^^^^^^^^^^^^^^^^^^^^^^^^^^^^^^^^^^^
  File "D:\ASM1\.venv\Lib\site-packages\sqlalchemy\orm\context.py", line 305, in orm_execute_statement
    result = conn.execute(
             ^^^^^^^^^^^^^
  File "D:\ASM1\.venv\Lib\site-packages\sqlalchemy\engine\base.py", line 1418, in execute
    return meth(
           ^^^^^
  File "D:\ASM1\.venv\Lib\site-packages\sqlalchemy\sql\elements.py", line 515, in _execute_on_connection
    return connection._execute_clauseelement(
           ^^^^^^^^^^^^^^^^^^^^^^^^^^^^^^^^^^
  File "D:\ASM1\.venv\Lib\site-packages\sqlalchemy\engine\base.py", line 1640, in _execute_clauseelement
    ret = self._execute_context(
          ^^^^^^^^^^^^^^^^^^^^^^
  File "D:\ASM1\.venv\Lib\site-packages\sqlalchemy\engine\base.py", line 1846, in _execute_context
    return self._exec_single_context(
           ^^^^^^^^^^^^^^^^^^^^^^^^^^
  File "D:\ASM1\.venv\Lib\site-packages\sqlalchemy\engine\base.py", line 1986, in _exec_single_context
    self._handle_dbapi_exception(
  File "D:\ASM1\.venv\Lib\site-packages\sqlalchemy\engine\base.py", line 2355, in _handle_dbapi_exception
    raise sqlalchemy_exception.with_traceback(exc_info[2]) from e
  File "D:\ASM1\.venv\Lib\site-packages\sqlalchemy\engine\base.py", line 1967, in _exec_single_context
    self.dialect.do_execute(
  File "D:\ASM1\.venv\Lib\site-packages\sqlalchemy\engine\default.py", line 941, in do_execute
    cursor.execute(statement, parameters)
  File "D:\ASM1\.venv\Lib\site-packages\sqlalchemy\dialects\sqlite\aiosqlite.py", line 147, in execute
    self._adapt_connection._handle_exception(error)
  File "D:\ASM1\.venv\Lib\site-packages\sqlalchemy\dialects\sqlite\aiosqlite.py", line 298, in _handle_exception
    raise error
  File "D:\ASM1\.venv\Lib\site-packages\sqlalchemy\dialects\sqlite\aiosqlite.py", line 129, in execute
    self.await_(_cursor.execute(operation, parameters))
  File "D:\ASM1\.venv\Lib\site-packages\sqlalchemy\util\_concurrency_py3k.py", line 132, in await_only
    return current.parent.switch(awaitable)  # type: ignore[no-any-return,attr-defined] # noqa: E501
           ^^^^^^^^^^^^^^^^^^^^^^^^^^^^^^^^
  File "D:\ASM1\.venv\Lib\site-packages\sqlalchemy\util\_concurrency_py3k.py", line 196, in greenlet_spawn
    value = await result
            ^^^^^^^^^^^^
  File "D:\ASM1\.venv\Lib\site-packages\aiosqlite\cursor.py", line 48, in execute
    await self._execute(self._cursor.execute, sql, parameters)
  File "D:\ASM1\.venv\Lib\site-packages\aiosqlite\cursor.py", line 40, in _execute
    return await self._conn._execute(fn, *args, **kwargs)
           ^^^^^^^^^^^^^^^^^^^^^^^^^^^^^^^^^^^^^^^^^^^^^^
  File "D:\ASM1\.venv\Lib\site-packages\aiosqlite\core.py", line 132, in _execute
    return await future
           ^^^^^^^^^^^^
  File "D:\ASM1\.venv\Lib\site-packages\aiosqlite\core.py", line 115, in run
    result = function()
             ^^^^^^^^^^
sqlalchemy.exc.OperationalError: (sqlite3.OperationalError) no such column: users.hashed_password
[SQL: SELECT users.id, users.email, users.name, users.role, users.created_at, users.last_login, users.hashed_password 
FROM users 
WHERE users.email = ?]
[parameters: ('admin@gmail.com',)]
(Background on this error at: https://sqlalche.me/e/20/e3q8)
2026-03-03 17:28:08,445 - core.database - DEBUG - [DB_OP] Database session cleanup after 0.0193s
2026-03-03 17:28:08,445 - aiosqlite - DEBUG - executing functools.partial(<built-in method rollback of sqlite3.Connection object at 0x00000249197F3C40>)
2026-03-03 17:28:08,445 - aiosqlite - DEBUG - operation functools.partial(<built-in method rollback of sqlite3.Connection object at 0x00000249197F3C40>) completed
2026-03-03 17:28:08,445 - aiosqlite - DEBUG - executing functools.partial(<built-in method rollback of sqlite3.Connection object at 0x00000249197F3C40>)
2026-03-03 17:28:08,445 - aiosqlite - DEBUG - operation functools.partial(<built-in method rollback of sqlite3.Connection object at 0x00000249197F3C40>) completed
2026-03-03 17:28:08,445 - aiosqlite - DEBUG - executing functools.partial(<built-in method close of sqlite3.Connection object at 0x00000249197F3C40>)
2026-03-03 17:28:08,445 - aiosqlite - DEBUG - operation functools.partial(<built-in method close of sqlite3.Connection object at 0x00000249197F3C40>) completed
2026-03-03 17:28:08,455 - core.database - ERROR - Failed to create database session: (sqlite3.OperationalError) no such column: users.hashed_password
[SQL: SELECT users.id, users.email, users.name, users.role, users.created_at, users.last_login, users.hashed_password 
FROM users 
WHERE users.email = ?]
[parameters: ('admin@gmail.com',)]
(Background on this error at: https://sqlalche.me/e/20/e3q8)
Traceback (most recent call last):
  File "D:\ASM1\.venv\Lib\site-packages\sqlalchemy\engine\base.py", line 1967, in _exec_single_context
    self.dialect.do_execute(
  File "D:\ASM1\.venv\Lib\site-packages\sqlalchemy\engine\default.py", line 941, in do_execute
    cursor.execute(statement, parameters)
  File "D:\ASM1\.venv\Lib\site-packages\sqlalchemy\dialects\sqlite\aiosqlite.py", line 147, in execute
    self._adapt_connection._handle_exception(error)
  File "D:\ASM1\.venv\Lib\site-packages\sqlalchemy\dialects\sqlite\aiosqlite.py", line 298, in _handle_exception
    raise error
  File "D:\ASM1\.venv\Lib\site-packages\sqlalchemy\dialects\sqlite\aiosqlite.py", line 129, in execute
    self.await_(_cursor.execute(operation, parameters))
  File "D:\ASM1\.venv\Lib\site-packages\sqlalchemy\util\_concurrency_py3k.py", line 132, in await_only
    return current.parent.switch(awaitable)  # type: ignore[no-any-return,attr-defined] # noqa: E501
           ^^^^^^^^^^^^^^^^^^^^^^^^^^^^^^^^
  File "D:\ASM1\.venv\Lib\site-packages\sqlalchemy\util\_concurrency_py3k.py", line 196, in greenlet_spawn
    value = await result
            ^^^^^^^^^^^^
  File "D:\ASM1\.venv\Lib\site-packages\aiosqlite\cursor.py", line 48, in execute
    await self._execute(self._cursor.execute, sql, parameters)
  File "D:\ASM1\.venv\Lib\site-packages\aiosqlite\cursor.py", line 40, in _execute
    return await self._conn._execute(fn, *args, **kwargs)
           ^^^^^^^^^^^^^^^^^^^^^^^^^^^^^^^^^^^^^^^^^^^^^^
  File "D:\ASM1\.venv\Lib\site-packages\aiosqlite\core.py", line 132, in _execute
    return await future
           ^^^^^^^^^^^^
  File "D:\ASM1\.venv\Lib\site-packages\aiosqlite\core.py", line 115, in run
    result = function()
             ^^^^^^^^^^
sqlite3.OperationalError: no such column: users.hashed_password

The above exception was the direct cause of the following exception:

Traceback (most recent call last):
  File "D:\ASM1\backend\core\database.py", line 542, in get_db
    yield session
  File "D:\ASM1\.venv\Lib\site-packages\fastapi\routing.py", line 301, in app
    raw_response = await run_endpoint_function(
                   ^^^^^^^^^^^^^^^^^^^^^^^^^^^^
  File "D:\ASM1\.venv\Lib\site-packages\fastapi\routing.py", line 212, in run_endpoint_function
    return await dependant.call(**values)
           ^^^^^^^^^^^^^^^^^^^^^^^^^^^^^^
  File "D:\ASM1\backend\routers\auth.py", line 349, in login_password
    result = await db.execute(select(User).where(User.email == clean_email))
             ^^^^^^^^^^^^^^^^^^^^^^^^^^^^^^^^^^^^^^^^^^^^^^^^^^^^^^^^^^^^^^^
  File "D:\ASM1\.venv\Lib\site-packages\sqlalchemy\ext\asyncio\session.py", line 461, in execute
    result = await greenlet_spawn(
             ^^^^^^^^^^^^^^^^^^^^^
  File "D:\ASM1\.venv\Lib\site-packages\sqlalchemy\util\_concurrency_py3k.py", line 201, in greenlet_spawn
    result = context.throw(*sys.exc_info())
             ^^^^^^^^^^^^^^^^^^^^^^^^^^^^^^
  File "D:\ASM1\.venv\Lib\site-packages\sqlalchemy\orm\session.py", line 2362, in execute
    return self._execute_internal(
           ^^^^^^^^^^^^^^^^^^^^^^^
  File "D:\ASM1\.venv\Lib\site-packages\sqlalchemy\orm\session.py", line 2247, in _execute_internal
    result: Result[Any] = compile_state_cls.orm_execute_statement(
                          ^^^^^^^^^^^^^^^^^^^^^^^^^^^^^^^^^^^^^^^^
  File "D:\ASM1\.venv\Lib\site-packages\sqlalchemy\orm\context.py", line 305, in orm_execute_statement
    result = conn.execute(
             ^^^^^^^^^^^^^
  File "D:\ASM1\.venv\Lib\site-packages\sqlalchemy\engine\base.py", line 1418, in execute
    return meth(
           ^^^^^
  File "D:\ASM1\.venv\Lib\site-packages\sqlalchemy\sql\elements.py", line 515, in _execute_on_connection
    return connection._execute_clauseelement(
           ^^^^^^^^^^^^^^^^^^^^^^^^^^^^^^^^^^
  File "D:\ASM1\.venv\Lib\site-packages\sqlalchemy\engine\base.py", line 1640, in _execute_clauseelement
    ret = self._execute_context(
          ^^^^^^^^^^^^^^^^^^^^^^
  File "D:\ASM1\.venv\Lib\site-packages\sqlalchemy\engine\base.py", line 1846, in _execute_context
    return self._exec_single_context(
           ^^^^^^^^^^^^^^^^^^^^^^^^^^
  File "D:\ASM1\.venv\Lib\site-packages\sqlalchemy\engine\base.py", line 1986, in _exec_single_context
    self._handle_dbapi_exception(
  File "D:\ASM1\.venv\Lib\site-packages\sqlalchemy\engine\base.py", line 2355, in _handle_dbapi_exception
    raise sqlalchemy_exception.with_traceback(exc_info[2]) from e
  File "D:\ASM1\.venv\Lib\site-packages\sqlalchemy\engine\base.py", line 1967, in _exec_single_context
    self.dialect.do_execute(
  File "D:\ASM1\.venv\Lib\site-packages\sqlalchemy\engine\default.py", line 941, in do_execute
    cursor.execute(statement, parameters)
  File "D:\ASM1\.venv\Lib\site-packages\sqlalchemy\dialects\sqlite\aiosqlite.py", line 147, in execute
    self._adapt_connection._handle_exception(error)
  File "D:\ASM1\.venv\Lib\site-packages\sqlalchemy\dialects\sqlite\aiosqlite.py", line 298, in _handle_exception
    raise error
  File "D:\ASM1\.venv\Lib\site-packages\sqlalchemy\dialects\sqlite\aiosqlite.py", line 129, in execute
    self.await_(_cursor.execute(operation, parameters))
  File "D:\ASM1\.venv\Lib\site-packages\sqlalchemy\util\_concurrency_py3k.py", line 132, in await_only
    return current.parent.switch(awaitable)  # type: ignore[no-any-return,attr-defined] # noqa: E501
           ^^^^^^^^^^^^^^^^^^^^^^^^^^^^^^^^
  File "D:\ASM1\.venv\Lib\site-packages\sqlalchemy\util\_concurrency_py3k.py", line 196, in greenlet_spawn
    value = await result
            ^^^^^^^^^^^^
  File "D:\ASM1\.venv\Lib\site-packages\aiosqlite\cursor.py", line 48, in execute
    await self._execute(self._cursor.execute, sql, parameters)
  File "D:\ASM1\.venv\Lib\site-packages\aiosqlite\cursor.py", line 40, in _execute
    return await self._conn._execute(fn, *args, **kwargs)
           ^^^^^^^^^^^^^^^^^^^^^^^^^^^^^^^^^^^^^^^^^^^^^^
  File "D:\ASM1\.venv\Lib\site-packages\aiosqlite\core.py", line 132, in _execute
    return await future
           ^^^^^^^^^^^^
  File "D:\ASM1\.venv\Lib\site-packages\aiosqlite\core.py", line 115, in run
    result = function()
             ^^^^^^^^^^
sqlalchemy.exc.OperationalError: (sqlite3.OperationalError) no such column: users.hashed_password
[SQL: SELECT users.id, users.email, users.name, users.role, users.created_at, users.last_login, users.hashed_password 
FROM users 
WHERE users.email = ?]
[parameters: ('admin@gmail.com',)]
(Background on this error at: https://sqlalche.me/e/20/e3q8)
2026-03-03 17:28:08,765 - core.database - DEBUG - [DB_OP] Starting get_db session creation
2026-03-03 17:28:08,765 - core.database - DEBUG - [DB_OP] Database session created successfully in 0.0000s
2026-03-03 17:28:08,765 - aiosqlite - DEBUG - executing <function connect.<locals>.connector at 0x0000024919A5B060>
2026-03-03 17:28:08,765 - aiosqlite - DEBUG - operation <function connect.<locals>.connector at 0x0000024919A5B060> completed
2026-03-03 17:28:08,765 - aiosqlite - DEBUG - executing functools.partial(<built-in method create_function of sqlite3.Connection object at 0x0000024919AB05E0>, 'regexp', 2, <function SQLiteDialect_pysqlite.on_connect.<locals>.regexp at 0x00000249197880E0>, deterministic=True)
2026-03-03 17:28:08,765 - aiosqlite - DEBUG - operation functools.partial(<built-in method create_function of sqlite3.Connection object at 0x0000024919AB05E0>, 'regexp', 2, <function SQLiteDialect_pysqlite.on_connect.<locals>.regexp at 0x00000249197880E0>, deterministic=True) completed
2026-03-03 17:28:08,765 - aiosqlite - DEBUG - executing functools.partial(<built-in method create_function of sqlite3.Connection object at 0x0000024919AB05E0>, 'floor', 1, <built-in function floor>, deterministic=True)
2026-03-03 17:28:08,765 - aiosqlite - DEBUG - operation functools.partial(<built-in method create_function of sqlite3.Connection object at 0x0000024919AB05E0>, 'floor', 1, <built-in function floor>, deterministic=True) completed
2026-03-03 17:28:08,765 - aiosqlite - DEBUG - executing functools.partial(<built-in method cursor of sqlite3.Connection object at 0x0000024919AB05E0>)
2026-03-03 17:28:08,765 - aiosqlite - DEBUG - operation functools.partial(<built-in method cursor of sqlite3.Connection object at 0x0000024919AB05E0>) completed
2026-03-03 17:28:08,765 - aiosqlite - DEBUG - executing functools.partial(<built-in method execute of sqlite3.Cursor object at 0x00000249197AAD40>, 'SELECT users.id, users.email, users.name, users.role, users.created_at, users.last_login, users.hashed_password \nFROM users \nWHERE users.email = ?', ('admin@gmail.com',))
2026-03-03 17:28:08,765 - aiosqlite - DEBUG - returning exception no such column: users.hashed_password
2026-03-03 17:28:08,765 - core.database - ERROR - Database session error: (sqlite3.OperationalError) no such column: users.hashed_password
[SQL: SELECT users.id, users.email, users.name, users.role, users.created_at, users.last_login, users.hashed_password 
FROM users 
WHERE users.email = ?]
[parameters: ('admin@gmail.com',)]
(Background on this error at: https://sqlalche.me/e/20/e3q8)
Traceback (most recent call last):
  File "D:\ASM1\.venv\Lib\site-packages\sqlalchemy\engine\base.py", line 1967, in _exec_single_context
    self.dialect.do_execute(
  File "D:\ASM1\.venv\Lib\site-packages\sqlalchemy\engine\default.py", line 941, in do_execute
    cursor.execute(statement, parameters)
  File "D:\ASM1\.venv\Lib\site-packages\sqlalchemy\dialects\sqlite\aiosqlite.py", line 147, in execute
    self._adapt_connection._handle_exception(error)
  File "D:\ASM1\.venv\Lib\site-packages\sqlalchemy\dialects\sqlite\aiosqlite.py", line 298, in _handle_exception
    raise error
  File "D:\ASM1\.venv\Lib\site-packages\sqlalchemy\dialects\sqlite\aiosqlite.py", line 129, in execute
    self.await_(_cursor.execute(operation, parameters))
  File "D:\ASM1\.venv\Lib\site-packages\sqlalchemy\util\_concurrency_py3k.py", line 132, in await_only
    return current.parent.switch(awaitable)  # type: ignore[no-any-return,attr-defined] # noqa: E501
           ^^^^^^^^^^^^^^^^^^^^^^^^^^^^^^^^
  File "D:\ASM1\.venv\Lib\site-packages\sqlalchemy\util\_concurrency_py3k.py", line 196, in greenlet_spawn
    value = await result
            ^^^^^^^^^^^^
  File "D:\ASM1\.venv\Lib\site-packages\aiosqlite\cursor.py", line 48, in execute
    await self._execute(self._cursor.execute, sql, parameters)
  File "D:\ASM1\.venv\Lib\site-packages\aiosqlite\cursor.py", line 40, in _execute
    return await self._conn._execute(fn, *args, **kwargs)
           ^^^^^^^^^^^^^^^^^^^^^^^^^^^^^^^^^^^^^^^^^^^^^^
  File "D:\ASM1\.venv\Lib\site-packages\aiosqlite\core.py", line 132, in _execute
    return await future
           ^^^^^^^^^^^^
  File "D:\ASM1\.venv\Lib\site-packages\aiosqlite\core.py", line 115, in run
    result = function()
             ^^^^^^^^^^
sqlite3.OperationalError: no such column: users.hashed_password

The above exception was the direct cause of the following exception:

Traceback (most recent call last):
  File "D:\ASM1\backend\core\database.py", line 542, in get_db
    yield session
  File "D:\ASM1\.venv\Lib\site-packages\fastapi\routing.py", line 301, in app
    raw_response = await run_endpoint_function(
                   ^^^^^^^^^^^^^^^^^^^^^^^^^^^^
  File "D:\ASM1\.venv\Lib\site-packages\fastapi\routing.py", line 212, in run_endpoint_function
    return await dependant.call(**values)
           ^^^^^^^^^^^^^^^^^^^^^^^^^^^^^^
  File "D:\ASM1\backend\routers\auth.py", line 349, in login_password
    result = await db.execute(select(User).where(User.email == clean_email))
             ^^^^^^^^^^^^^^^^^^^^^^^^^^^^^^^^^^^^^^^^^^^^^^^^^^^^^^^^^^^^^^^
  File "D:\ASM1\.venv\Lib\site-packages\sqlalchemy\ext\asyncio\session.py", line 461, in execute
    result = await greenlet_spawn(
             ^^^^^^^^^^^^^^^^^^^^^
  File "D:\ASM1\.venv\Lib\site-packages\sqlalchemy\util\_concurrency_py3k.py", line 201, in greenlet_spawn
    result = context.throw(*sys.exc_info())
             ^^^^^^^^^^^^^^^^^^^^^^^^^^^^^^
  File "D:\ASM1\.venv\Lib\site-packages\sqlalchemy\orm\session.py", line 2362, in execute
    return self._execute_internal(
           ^^^^^^^^^^^^^^^^^^^^^^^
  File "D:\ASM1\.venv\Lib\site-packages\sqlalchemy\orm\session.py", line 2247, in _execute_internal
    result: Result[Any] = compile_state_cls.orm_execute_statement(
                          ^^^^^^^^^^^^^^^^^^^^^^^^^^^^^^^^^^^^^^^^
  File "D:\ASM1\.venv\Lib\site-packages\sqlalchemy\orm\context.py", line 305, in orm_execute_statement
    result = conn.execute(
             ^^^^^^^^^^^^^
  File "D:\ASM1\.venv\Lib\site-packages\sqlalchemy\engine\base.py", line 1418, in execute
    return meth(
           ^^^^^
  File "D:\ASM1\.venv\Lib\site-packages\sqlalchemy\sql\elements.py", line 515, in _execute_on_connection
    return connection._execute_clauseelement(
           ^^^^^^^^^^^^^^^^^^^^^^^^^^^^^^^^^^
  File "D:\ASM1\.venv\Lib\site-packages\sqlalchemy\engine\base.py", line 1640, in _execute_clauseelement
    ret = self._execute_context(
          ^^^^^^^^^^^^^^^^^^^^^^
  File "D:\ASM1\.venv\Lib\site-packages\sqlalchemy\engine\base.py", line 1846, in _execute_context
    return self._exec_single_context(
           ^^^^^^^^^^^^^^^^^^^^^^^^^^
  File "D:\ASM1\.venv\Lib\site-packages\sqlalchemy\engine\base.py", line 1986, in _exec_single_context
    self._handle_dbapi_exception(
  File "D:\ASM1\.venv\Lib\site-packages\sqlalchemy\engine\base.py", line 2355, in _handle_dbapi_exception
    raise sqlalchemy_exception.with_traceback(exc_info[2]) from e
  File "D:\ASM1\.venv\Lib\site-packages\sqlalchemy\engine\base.py", line 1967, in _exec_single_context
    self.dialect.do_execute(
  File "D:\ASM1\.venv\Lib\site-packages\sqlalchemy\engine\default.py", line 941, in do_execute
    cursor.execute(statement, parameters)
  File "D:\ASM1\.venv\Lib\site-packages\sqlalchemy\dialects\sqlite\aiosqlite.py", line 147, in execute
    self._adapt_connection._handle_exception(error)
  File "D:\ASM1\.venv\Lib\site-packages\sqlalchemy\dialects\sqlite\aiosqlite.py", line 298, in _handle_exception
    raise error
  File "D:\ASM1\.venv\Lib\site-packages\sqlalchemy\dialects\sqlite\aiosqlite.py", line 129, in execute
    self.await_(_cursor.execute(operation, parameters))
  File "D:\ASM1\.venv\Lib\site-packages\sqlalchemy\util\_concurrency_py3k.py", line 132, in await_only
    return current.parent.switch(awaitable)  # type: ignore[no-any-return,attr-defined] # noqa: E501
           ^^^^^^^^^^^^^^^^^^^^^^^^^^^^^^^^
  File "D:\ASM1\.venv\Lib\site-packages\sqlalchemy\util\_concurrency_py3k.py", line 196, in greenlet_spawn
    value = await result
            ^^^^^^^^^^^^
  File "D:\ASM1\.venv\Lib\site-packages\aiosqlite\cursor.py", line 48, in execute
    await self._execute(self._cursor.execute, sql, parameters)
  File "D:\ASM1\.venv\Lib\site-packages\aiosqlite\cursor.py", line 40, in _execute
    return await self._conn._execute(fn, *args, **kwargs)
           ^^^^^^^^^^^^^^^^^^^^^^^^^^^^^^^^^^^^^^^^^^^^^^
  File "D:\ASM1\.venv\Lib\site-packages\aiosqlite\core.py", line 132, in _execute
    return await future
           ^^^^^^^^^^^^
  File "D:\ASM1\.venv\Lib\site-packages\aiosqlite\core.py", line 115, in run
    result = function()
             ^^^^^^^^^^
sqlalchemy.exc.OperationalError: (sqlite3.OperationalError) no such column: users.hashed_password
[SQL: SELECT users.id, users.email, users.name, users.role, users.created_at, users.last_login, users.hashed_password 
FROM users 
WHERE users.email = ?]
[parameters: ('admin@gmail.com',)]
(Background on this error at: https://sqlalche.me/e/20/e3q8)
2026-03-03 17:28:08,777 - core.database - DEBUG - [DB_OP] Database session cleanup after 0.0124s
2026-03-03 17:28:08,785 - aiosqlite - DEBUG - executing functools.partial(<built-in method rollback of sqlite3.Connection object at 0x0000024919AB05E0>)
2026-03-03 17:28:08,785 - aiosqlite - DEBUG - operation functools.partial(<built-in method rollback of sqlite3.Connection object at 0x0000024919AB05E0>) completed
2026-03-03 17:28:08,785 - aiosqlite - DEBUG - executing functools.partial(<built-in method rollback of sqlite3.Connection object at 0x0000024919AB05E0>)
2026-03-03 17:28:08,785 - aiosqlite - DEBUG - operation functools.partial(<built-in method rollback of sqlite3.Connection object at 0x0000024919AB05E0>) completed
2026-03-03 17:28:08,785 - aiosqlite - DEBUG - executing functools.partial(<built-in method close of sqlite3.Connection object at 0x0000024919AB05E0>)
2026-03-03 17:28:08,785 - aiosqlite - DEBUG - operation functools.partial(<built-in method close of sqlite3.Connection object at 0x0000024919AB05E0>) completed
2026-03-03 17:28:08,785 - core.database - ERROR - Failed to create database session: (sqlite3.OperationalError) no such column: users.hashed_password
[SQL: SELECT users.id, users.email, users.name, users.role, users.created_at, users.last_login, users.hashed_password 
FROM users 
WHERE users.email = ?]
[parameters: ('admin@gmail.com',)]
(Background on this error at: https://sqlalche.me/e/20/e3q8)
Traceback (most recent call last):
  File "D:\ASM1\.venv\Lib\site-packages\sqlalchemy\engine\base.py", line 1967, in _exec_single_context
    self.dialect.do_execute(
  File "D:\ASM1\.venv\Lib\site-packages\sqlalchemy\engine\default.py", line 941, in do_execute
    cursor.execute(statement, parameters)
  File "D:\ASM1\.venv\Lib\site-packages\sqlalchemy\dialects\sqlite\aiosqlite.py", line 147, in execute
    self._adapt_connection._handle_exception(error)
  File "D:\ASM1\.venv\Lib\site-packages\sqlalchemy\dialects\sqlite\aiosqlite.py", line 298, in _handle_exception
    raise error
  File "D:\ASM1\.venv\Lib\site-packages\sqlalchemy\dialects\sqlite\aiosqlite.py", line 129, in execute
    self.await_(_cursor.execute(operation, parameters))
  File "D:\ASM1\.venv\Lib\site-packages\sqlalchemy\util\_concurrency_py3k.py", line 132, in await_only
    return current.parent.switch(awaitable)  # type: ignore[no-any-return,attr-defined] # noqa: E501
           ^^^^^^^^^^^^^^^^^^^^^^^^^^^^^^^^
  File "D:\ASM1\.venv\Lib\site-packages\sqlalchemy\util\_concurrency_py3k.py", line 196, in greenlet_spawn
    value = await result
            ^^^^^^^^^^^^
  File "D:\ASM1\.venv\Lib\site-packages\aiosqlite\cursor.py", line 48, in execute
    await self._execute(self._cursor.execute, sql, parameters)
  File "D:\ASM1\.venv\Lib\site-packages\aiosqlite\cursor.py", line 40, in _execute
    return await self._conn._execute(fn, *args, **kwargs)
           ^^^^^^^^^^^^^^^^^^^^^^^^^^^^^^^^^^^^^^^^^^^^^^
  File "D:\ASM1\.venv\Lib\site-packages\aiosqlite\core.py", line 132, in _execute
    return await future
           ^^^^^^^^^^^^
  File "D:\ASM1\.venv\Lib\site-packages\aiosqlite\core.py", line 115, in run
    result = function()
             ^^^^^^^^^^
sqlite3.OperationalError: no such column: users.hashed_password

The above exception was the direct cause of the following exception:

Traceback (most recent call last):
  File "D:\ASM1\backend\core\database.py", line 542, in get_db
    yield session
  File "D:\ASM1\.venv\Lib\site-packages\fastapi\routing.py", line 301, in app
    raw_response = await run_endpoint_function(
                   ^^^^^^^^^^^^^^^^^^^^^^^^^^^^
  File "D:\ASM1\.venv\Lib\site-packages\fastapi\routing.py", line 212, in run_endpoint_function
    return await dependant.call(**values)
           ^^^^^^^^^^^^^^^^^^^^^^^^^^^^^^
  File "D:\ASM1\backend\routers\auth.py", line 349, in login_password
    result = await db.execute(select(User).where(User.email == clean_email))
             ^^^^^^^^^^^^^^^^^^^^^^^^^^^^^^^^^^^^^^^^^^^^^^^^^^^^^^^^^^^^^^^
  File "D:\ASM1\.venv\Lib\site-packages\sqlalchemy\ext\asyncio\session.py", line 461, in execute
    result = await greenlet_spawn(
             ^^^^^^^^^^^^^^^^^^^^^
  File "D:\ASM1\.venv\Lib\site-packages\sqlalchemy\util\_concurrency_py3k.py", line 201, in greenlet_spawn
    result = context.throw(*sys.exc_info())
             ^^^^^^^^^^^^^^^^^^^^^^^^^^^^^^
  File "D:\ASM1\.venv\Lib\site-packages\sqlalchemy\orm\session.py", line 2362, in execute
    return self._execute_internal(
           ^^^^^^^^^^^^^^^^^^^^^^^
  File "D:\ASM1\.venv\Lib\site-packages\sqlalchemy\orm\session.py", line 2247, in _execute_internal
    result: Result[Any] = compile_state_cls.orm_execute_statement(
                          ^^^^^^^^^^^^^^^^^^^^^^^^^^^^^^^^^^^^^^^^
  File "D:\ASM1\.venv\Lib\site-packages\sqlalchemy\orm\context.py", line 305, in orm_execute_statement
    result = conn.execute(
             ^^^^^^^^^^^^^
  File "D:\ASM1\.venv\Lib\site-packages\sqlalchemy\engine\base.py", line 1418, in execute
    return meth(
           ^^^^^
  File "D:\ASM1\.venv\Lib\site-packages\sqlalchemy\sql\elements.py", line 515, in _execute_on_connection
    return connection._execute_clauseelement(
           ^^^^^^^^^^^^^^^^^^^^^^^^^^^^^^^^^^
  File "D:\ASM1\.venv\Lib\site-packages\sqlalchemy\engine\base.py", line 1640, in _execute_clauseelement
    ret = self._execute_context(
          ^^^^^^^^^^^^^^^^^^^^^^
  File "D:\ASM1\.venv\Lib\site-packages\sqlalchemy\engine\base.py", line 1846, in _execute_context
    return self._exec_single_context(
           ^^^^^^^^^^^^^^^^^^^^^^^^^^
  File "D:\ASM1\.venv\Lib\site-packages\sqlalchemy\engine\base.py", line 1986, in _exec_single_context
    self._handle_dbapi_exception(
  File "D:\ASM1\.venv\Lib\site-packages\sqlalchemy\engine\base.py", line 2355, in _handle_dbapi_exception
    raise sqlalchemy_exception.with_traceback(exc_info[2]) from e
  File "D:\ASM1\.venv\Lib\site-packages\sqlalchemy\engine\base.py", line 1967, in _exec_single_context
    self.dialect.do_execute(
  File "D:\ASM1\.venv\Lib\site-packages\sqlalchemy\engine\default.py", line 941, in do_execute
    cursor.execute(statement, parameters)
  File "D:\ASM1\.venv\Lib\site-packages\sqlalchemy\dialects\sqlite\aiosqlite.py", line 147, in execute
    self._adapt_connection._handle_exception(error)
  File "D:\ASM1\.venv\Lib\site-packages\sqlalchemy\dialects\sqlite\aiosqlite.py", line 298, in _handle_exception
    raise error
  File "D:\ASM1\.venv\Lib\site-packages\sqlalchemy\dialects\sqlite\aiosqlite.py", line 129, in execute
    self.await_(_cursor.execute(operation, parameters))
  File "D:\ASM1\.venv\Lib\site-packages\sqlalchemy\util\_concurrency_py3k.py", line 132, in await_only
    return current.parent.switch(awaitable)  # type: ignore[no-any-return,attr-defined] # noqa: E501
           ^^^^^^^^^^^^^^^^^^^^^^^^^^^^^^^^
  File "D:\ASM1\.venv\Lib\site-packages\sqlalchemy\util\_concurrency_py3k.py", line 196, in greenlet_spawn
    value = await result
            ^^^^^^^^^^^^
  File "D:\ASM1\.venv\Lib\site-packages\aiosqlite\cursor.py", line 48, in execute
    await self._execute(self._cursor.execute, sql, parameters)
  File "D:\ASM1\.venv\Lib\site-packages\aiosqlite\cursor.py", line 40, in _execute
    return await self._conn._execute(fn, *args, **kwargs)
           ^^^^^^^^^^^^^^^^^^^^^^^^^^^^^^^^^^^^^^^^^^^^^^
  File "D:\ASM1\.venv\Lib\site-packages\aiosqlite\core.py", line 132, in _execute
    return await future
           ^^^^^^^^^^^^
  File "D:\ASM1\.venv\Lib\site-packages\aiosqlite\core.py", line 115, in run
    result = function()
             ^^^^^^^^^^
sqlalchemy.exc.OperationalError: (sqlite3.OperationalError) no such column: users.hashed_password
[SQL: SELECT users.id, users.email, users.name, users.role, users.created_at, users.last_login, users.hashed_password 
FROM users 
WHERE users.email = ?]
[parameters: ('admin@gmail.com',)]
(Background on this error at: https://sqlalche.me/e/20/e3q8)
2026-03-03 17:28:08,928 - core.database - DEBUG - [DB_OP] Starting get_db session creation
2026-03-03 17:28:08,928 - core.database - DEBUG - [DB_OP] Database session created successfully in 0.0000s
2026-03-03 17:28:08,935 - aiosqlite - DEBUG - executing <function connect.<locals>.connector at 0x0000024919A5AE80>
2026-03-03 17:28:08,935 - aiosqlite - DEBUG - operation <function connect.<locals>.connector at 0x0000024919A5AE80> completed
2026-03-03 17:28:08,935 - aiosqlite - DEBUG - executing functools.partial(<built-in method create_function of sqlite3.Connection object at 0x00000249197F22F0>, 'regexp', 2, <function SQLiteDialect_pysqlite.on_connect.<locals>.regexp at 0x00000249197880E0>, deterministic=True)
2026-03-03 17:28:08,935 - aiosqlite - DEBUG - operation functools.partial(<built-in method create_function of sqlite3.Connection object at 0x00000249197F22F0>, 'regexp', 2, <function SQLiteDialect_pysqlite.on_connect.<locals>.regexp at 0x00000249197880E0>, deterministic=True) completed
2026-03-03 17:28:08,935 - aiosqlite - DEBUG - executing functools.partial(<built-in method create_function of sqlite3.Connection object at 0x00000249197F22F0>, 'floor', 1, <built-in function floor>, deterministic=True)
2026-03-03 17:28:08,935 - aiosqlite - DEBUG - operation functools.partial(<built-in method create_function of sqlite3.Connection object at 0x00000249197F22F0>, 'floor', 1, <built-in function floor>, deterministic=True) completed
2026-03-03 17:28:08,935 - aiosqlite - DEBUG - executing functools.partial(<built-in method cursor of sqlite3.Connection object at 0x00000249197F22F0>)
2026-03-03 17:28:08,935 - aiosqlite - DEBUG - operation functools.partial(<built-in method cursor of sqlite3.Connection object at 0x00000249197F22F0>) completed
2026-03-03 17:28:08,935 - aiosqlite - DEBUG - executing functools.partial(<built-in method execute of sqlite3.Cursor object at 0x0000024919A9F3C0>, 'SELECT users.id, users.email, users.name, users.role, users.created_at, users.last_login, users.hashed_password \nFROM users \nWHERE users.email = ?', ('admin@gmail.com',))
2026-03-03 17:28:08,935 - aiosqlite - DEBUG - returning exception no such column: users.hashed_password
2026-03-03 17:28:08,935 - core.database - ERROR - Database session error: (sqlite3.OperationalError) no such column: users.hashed_password
[SQL: SELECT users.id, users.email, users.name, users.role, users.created_at, users.last_login, users.hashed_password 
FROM users 
WHERE users.email = ?]
[parameters: ('admin@gmail.com',)]
(Background on this error at: https://sqlalche.me/e/20/e3q8)
Traceback (most recent call last):
  File "D:\ASM1\.venv\Lib\site-packages\sqlalchemy\engine\base.py", line 1967, in _exec_single_context
    self.dialect.do_execute(
  File "D:\ASM1\.venv\Lib\site-packages\sqlalchemy\engine\default.py", line 941, in do_execute
    cursor.execute(statement, parameters)
  File "D:\ASM1\.venv\Lib\site-packages\sqlalchemy\dialects\sqlite\aiosqlite.py", line 147, in execute
    self._adapt_connection._handle_exception(error)
  File "D:\ASM1\.venv\Lib\site-packages\sqlalchemy\dialects\sqlite\aiosqlite.py", line 298, in _handle_exception
    raise error
  File "D:\ASM1\.venv\Lib\site-packages\sqlalchemy\dialects\sqlite\aiosqlite.py", line 129, in execute
    self.await_(_cursor.execute(operation, parameters))
  File "D:\ASM1\.venv\Lib\site-packages\sqlalchemy\util\_concurrency_py3k.py", line 132, in await_only
    return current.parent.switch(awaitable)  # type: ignore[no-any-return,attr-defined] # noqa: E501
           ^^^^^^^^^^^^^^^^^^^^^^^^^^^^^^^^
  File "D:\ASM1\.venv\Lib\site-packages\sqlalchemy\util\_concurrency_py3k.py", line 196, in greenlet_spawn
    value = await result
            ^^^^^^^^^^^^
  File "D:\ASM1\.venv\Lib\site-packages\aiosqlite\cursor.py", line 48, in execute
    await self._execute(self._cursor.execute, sql, parameters)
  File "D:\ASM1\.venv\Lib\site-packages\aiosqlite\cursor.py", line 40, in _execute
    return await self._conn._execute(fn, *args, **kwargs)
           ^^^^^^^^^^^^^^^^^^^^^^^^^^^^^^^^^^^^^^^^^^^^^^
  File "D:\ASM1\.venv\Lib\site-packages\aiosqlite\core.py", line 132, in _execute
    return await future
           ^^^^^^^^^^^^
  File "D:\ASM1\.venv\Lib\site-packages\aiosqlite\core.py", line 115, in run
    result = function()
             ^^^^^^^^^^
sqlite3.OperationalError: no such column: users.hashed_password

The above exception was the direct cause of the following exception:

Traceback (most recent call last):
  File "D:\ASM1\backend\core\database.py", line 542, in get_db
    yield session
  File "D:\ASM1\.venv\Lib\site-packages\fastapi\routing.py", line 301, in app
    raw_response = await run_endpoint_function(
                   ^^^^^^^^^^^^^^^^^^^^^^^^^^^^
  File "D:\ASM1\.venv\Lib\site-packages\fastapi\routing.py", line 212, in run_endpoint_function
    return await dependant.call(**values)
           ^^^^^^^^^^^^^^^^^^^^^^^^^^^^^^
  File "D:\ASM1\backend\routers\auth.py", line 349, in login_password
    result = await db.execute(select(User).where(User.email == clean_email))
             ^^^^^^^^^^^^^^^^^^^^^^^^^^^^^^^^^^^^^^^^^^^^^^^^^^^^^^^^^^^^^^^
  File "D:\ASM1\.venv\Lib\site-packages\sqlalchemy\ext\asyncio\session.py", line 461, in execute
    result = await greenlet_spawn(
             ^^^^^^^^^^^^^^^^^^^^^
  File "D:\ASM1\.venv\Lib\site-packages\sqlalchemy\util\_concurrency_py3k.py", line 201, in greenlet_spawn
    result = context.throw(*sys.exc_info())
             ^^^^^^^^^^^^^^^^^^^^^^^^^^^^^^
  File "D:\ASM1\.venv\Lib\site-packages\sqlalchemy\orm\session.py", line 2362, in execute
    return self._execute_internal(
           ^^^^^^^^^^^^^^^^^^^^^^^
  File "D:\ASM1\.venv\Lib\site-packages\sqlalchemy\orm\session.py", line 2247, in _execute_internal
    result: Result[Any] = compile_state_cls.orm_execute_statement(
                          ^^^^^^^^^^^^^^^^^^^^^^^^^^^^^^^^^^^^^^^^
  File "D:\ASM1\.venv\Lib\site-packages\sqlalchemy\orm\context.py", line 305, in orm_execute_statement
    result = conn.execute(
             ^^^^^^^^^^^^^
  File "D:\ASM1\.venv\Lib\site-packages\sqlalchemy\engine\base.py", line 1418, in execute
    return meth(
           ^^^^^
  File "D:\ASM1\.venv\Lib\site-packages\sqlalchemy\sql\elements.py", line 515, in _execute_on_connection
    return connection._execute_clauseelement(
           ^^^^^^^^^^^^^^^^^^^^^^^^^^^^^^^^^^
  File "D:\ASM1\.venv\Lib\site-packages\sqlalchemy\engine\base.py", line 1640, in _execute_clauseelement
    ret = self._execute_context(
          ^^^^^^^^^^^^^^^^^^^^^^
  File "D:\ASM1\.venv\Lib\site-packages\sqlalchemy\engine\base.py", line 1846, in _execute_context
    return self._exec_single_context(
           ^^^^^^^^^^^^^^^^^^^^^^^^^^
  File "D:\ASM1\.venv\Lib\site-packages\sqlalchemy\engine\base.py", line 1986, in _exec_single_context
    self._handle_dbapi_exception(
  File "D:\ASM1\.venv\Lib\site-packages\sqlalchemy\engine\base.py", line 2355, in _handle_dbapi_exception
    raise sqlalchemy_exception.with_traceback(exc_info[2]) from e
  File "D:\ASM1\.venv\Lib\site-packages\sqlalchemy\engine\base.py", line 1967, in _exec_single_context
    self.dialect.do_execute(
  File "D:\ASM1\.venv\Lib\site-packages\sqlalchemy\engine\default.py", line 941, in do_execute
    cursor.execute(statement, parameters)
  File "D:\ASM1\.venv\Lib\site-packages\sqlalchemy\dialects\sqlite\aiosqlite.py", line 147, in execute
    self._adapt_connection._handle_exception(error)
  File "D:\ASM1\.venv\Lib\site-packages\sqlalchemy\dialects\sqlite\aiosqlite.py", line 298, in _handle_exception
    raise error
  File "D:\ASM1\.venv\Lib\site-packages\sqlalchemy\dialects\sqlite\aiosqlite.py", line 129, in execute
    self.await_(_cursor.execute(operation, parameters))
  File "D:\ASM1\.venv\Lib\site-packages\sqlalchemy\util\_concurrency_py3k.py", line 132, in await_only
    return current.parent.switch(awaitable)  # type: ignore[no-any-return,attr-defined] # noqa: E501
           ^^^^^^^^^^^^^^^^^^^^^^^^^^^^^^^^
  File "D:\ASM1\.venv\Lib\site-packages\sqlalchemy\util\_concurrency_py3k.py", line 196, in greenlet_spawn
    value = await result
            ^^^^^^^^^^^^
  File "D:\ASM1\.venv\Lib\site-packages\aiosqlite\cursor.py", line 48, in execute
    await self._execute(self._cursor.execute, sql, parameters)
  File "D:\ASM1\.venv\Lib\site-packages\aiosqlite\cursor.py", line 40, in _execute
    return await self._conn._execute(fn, *args, **kwargs)
           ^^^^^^^^^^^^^^^^^^^^^^^^^^^^^^^^^^^^^^^^^^^^^^
  File "D:\ASM1\.venv\Lib\site-packages\aiosqlite\core.py", line 132, in _execute
    return await future
           ^^^^^^^^^^^^
  File "D:\ASM1\.venv\Lib\site-packages\aiosqlite\core.py", line 115, in run
    result = function()
             ^^^^^^^^^^
sqlalchemy.exc.OperationalError: (sqlite3.OperationalError) no such column: users.hashed_password
[SQL: SELECT users.id, users.email, users.name, users.role, users.created_at, users.last_login, users.hashed_password 
FROM users 
WHERE users.email = ?]
[parameters: ('admin@gmail.com',)]
(Background on this error at: https://sqlalche.me/e/20/e3q8)
2026-03-03 17:28:08,952 - core.database - DEBUG - [DB_OP] Database session cleanup after 0.0233s
2026-03-03 17:28:08,957 - aiosqlite - DEBUG - executing functools.partial(<built-in method rollback of sqlite3.Connection object at 0x00000249197F22F0>)
2026-03-03 17:28:08,957 - aiosqlite - DEBUG - operation functools.partial(<built-in method rollback of sqlite3.Connection object at 0x00000249197F22F0>) completed
2026-03-03 17:28:08,958 - aiosqlite - DEBUG - executing functools.partial(<built-in method rollback of sqlite3.Connection object at 0x00000249197F22F0>)
2026-03-03 17:28:08,958 - aiosqlite - DEBUG - operation functools.partial(<built-in method rollback of sqlite3.Connection object at 0x00000249197F22F0>) completed
2026-03-03 17:28:08,958 - aiosqlite - DEBUG - executing functools.partial(<built-in method close of sqlite3.Connection object at 0x00000249197F22F0>)
2026-03-03 17:28:08,958 - aiosqlite - DEBUG - operation functools.partial(<built-in method close of sqlite3.Connection object at 0x00000249197F22F0>) completed
2026-03-03 17:28:08,958 - core.database - ERROR - Failed to create database session: (sqlite3.OperationalError) no such column: users.hashed_password
[SQL: SELECT users.id, users.email, users.name, users.role, users.created_at, users.last_login, users.hashed_password 
FROM users 
WHERE users.email = ?]
[parameters: ('admin@gmail.com',)]
(Background on this error at: https://sqlalche.me/e/20/e3q8)
Traceback (most recent call last):
  File "D:\ASM1\.venv\Lib\site-packages\sqlalchemy\engine\base.py", line 1967, in _exec_single_context
    self.dialect.do_execute(
  File "D:\ASM1\.venv\Lib\site-packages\sqlalchemy\engine\default.py", line 941, in do_execute
    cursor.execute(statement, parameters)
  File "D:\ASM1\.venv\Lib\site-packages\sqlalchemy\dialects\sqlite\aiosqlite.py", line 147, in execute
    self._adapt_connection._handle_exception(error)
  File "D:\ASM1\.venv\Lib\site-packages\sqlalchemy\dialects\sqlite\aiosqlite.py", line 298, in _handle_exception
    raise error
  File "D:\ASM1\.venv\Lib\site-packages\sqlalchemy\dialects\sqlite\aiosqlite.py", line 129, in execute
    self.await_(_cursor.execute(operation, parameters))
  File "D:\ASM1\.venv\Lib\site-packages\sqlalchemy\util\_concurrency_py3k.py", line 132, in await_only
    return current.parent.switch(awaitable)  # type: ignore[no-any-return,attr-defined] # noqa: E501
           ^^^^^^^^^^^^^^^^^^^^^^^^^^^^^^^^
  File "D:\ASM1\.venv\Lib\site-packages\sqlalchemy\util\_concurrency_py3k.py", line 196, in greenlet_spawn
    value = await result
            ^^^^^^^^^^^^
  File "D:\ASM1\.venv\Lib\site-packages\aiosqlite\cursor.py", line 48, in execute
    await self._execute(self._cursor.execute, sql, parameters)
  File "D:\ASM1\.venv\Lib\site-packages\aiosqlite\cursor.py", line 40, in _execute
    return await self._conn._execute(fn, *args, **kwargs)
           ^^^^^^^^^^^^^^^^^^^^^^^^^^^^^^^^^^^^^^^^^^^^^^
  File "D:\ASM1\.venv\Lib\site-packages\aiosqlite\core.py", line 132, in _execute
    return await future
           ^^^^^^^^^^^^
  File "D:\ASM1\.venv\Lib\site-packages\aiosqlite\core.py", line 115, in run
    result = function()
             ^^^^^^^^^^
sqlite3.OperationalError: no such column: users.hashed_password

The above exception was the direct cause of the following exception:

Traceback (most recent call last):
  File "D:\ASM1\backend\core\database.py", line 542, in get_db
    yield session
  File "D:\ASM1\.venv\Lib\site-packages\fastapi\routing.py", line 301, in app
    raw_response = await run_endpoint_function(
                   ^^^^^^^^^^^^^^^^^^^^^^^^^^^^
  File "D:\ASM1\.venv\Lib\site-packages\fastapi\routing.py", line 212, in run_endpoint_function
    return await dependant.call(**values)
           ^^^^^^^^^^^^^^^^^^^^^^^^^^^^^^
  File "D:\ASM1\backend\routers\auth.py", line 349, in login_password
    result = await db.execute(select(User).where(User.email == clean_email))
             ^^^^^^^^^^^^^^^^^^^^^^^^^^^^^^^^^^^^^^^^^^^^^^^^^^^^^^^^^^^^^^^
  File "D:\ASM1\.venv\Lib\site-packages\sqlalchemy\ext\asyncio\session.py", line 461, in execute
    result = await greenlet_spawn(
             ^^^^^^^^^^^^^^^^^^^^^
  File "D:\ASM1\.venv\Lib\site-packages\sqlalchemy\util\_concurrency_py3k.py", line 201, in greenlet_spawn
    result = context.throw(*sys.exc_info())
             ^^^^^^^^^^^^^^^^^^^^^^^^^^^^^^
  File "D:\ASM1\.venv\Lib\site-packages\sqlalchemy\orm\session.py", line 2362, in execute
    return self._execute_internal(
           ^^^^^^^^^^^^^^^^^^^^^^^
  File "D:\ASM1\.venv\Lib\site-packages\sqlalchemy\orm\session.py", line 2247, in _execute_internal
    result: Result[Any] = compile_state_cls.orm_execute_statement(
                          ^^^^^^^^^^^^^^^^^^^^^^^^^^^^^^^^^^^^^^^^
  File "D:\ASM1\.venv\Lib\site-packages\sqlalchemy\orm\context.py", line 305, in orm_execute_statement
    result = conn.execute(
             ^^^^^^^^^^^^^
  File "D:\ASM1\.venv\Lib\site-packages\sqlalchemy\engine\base.py", line 1418, in execute
    return meth(
           ^^^^^
  File "D:\ASM1\.venv\Lib\site-packages\sqlalchemy\sql\elements.py", line 515, in _execute_on_connection
    return connection._execute_clauseelement(
           ^^^^^^^^^^^^^^^^^^^^^^^^^^^^^^^^^^
  File "D:\ASM1\.venv\Lib\site-packages\sqlalchemy\engine\base.py", line 1640, in _execute_clauseelement
    ret = self._execute_context(
          ^^^^^^^^^^^^^^^^^^^^^^
  File "D:\ASM1\.venv\Lib\site-packages\sqlalchemy\engine\base.py", line 1846, in _execute_context
    return self._exec_single_context(
           ^^^^^^^^^^^^^^^^^^^^^^^^^^
  File "D:\ASM1\.venv\Lib\site-packages\sqlalchemy\engine\base.py", line 1986, in _exec_single_context
    self._handle_dbapi_exception(
  File "D:\ASM1\.venv\Lib\site-packages\sqlalchemy\engine\base.py", line 2355, in _handle_dbapi_exception
    raise sqlalchemy_exception.with_traceback(exc_info[2]) from e
  File "D:\ASM1\.venv\Lib\site-packages\sqlalchemy\engine\base.py", line 1967, in _exec_single_context
    self.dialect.do_execute(
  File "D:\ASM1\.venv\Lib\site-packages\sqlalchemy\engine\default.py", line 941, in do_execute
    cursor.execute(statement, parameters)
  File "D:\ASM1\.venv\Lib\site-packages\sqlalchemy\dialects\sqlite\aiosqlite.py", line 147, in execute
    self._adapt_connection._handle_exception(error)
  File "D:\ASM1\.venv\Lib\site-packages\sqlalchemy\dialects\sqlite\aiosqlite.py", line 298, in _handle_exception
    raise error
  File "D:\ASM1\.venv\Lib\site-packages\sqlalchemy\dialects\sqlite\aiosqlite.py", line 129, in execute
    self.await_(_cursor.execute(operation, parameters))
  File "D:\ASM1\.venv\Lib\site-packages\sqlalchemy\util\_concurrency_py3k.py", line 132, in await_only
    return current.parent.switch(awaitable)  # type: ignore[no-any-return,attr-defined] # noqa: E501
           ^^^^^^^^^^^^^^^^^^^^^^^^^^^^^^^^
  File "D:\ASM1\.venv\Lib\site-packages\sqlalchemy\util\_concurrency_py3k.py", line 196, in greenlet_spawn
    value = await result
            ^^^^^^^^^^^^
  File "D:\ASM1\.venv\Lib\site-packages\aiosqlite\cursor.py", line 48, in execute
    await self._execute(self._cursor.execute, sql, parameters)
  File "D:\ASM1\.venv\Lib\site-packages\aiosqlite\cursor.py", line 40, in _execute
    return await self._conn._execute(fn, *args, **kwargs)
           ^^^^^^^^^^^^^^^^^^^^^^^^^^^^^^^^^^^^^^^^^^^^^^
  File "D:\ASM1\.venv\Lib\site-packages\aiosqlite\core.py", line 132, in _execute
    return await future
           ^^^^^^^^^^^^
  File "D:\ASM1\.venv\Lib\site-packages\aiosqlite\core.py", line 115, in run
    result = function()
             ^^^^^^^^^^
sqlalchemy.exc.OperationalError: (sqlite3.OperationalError) no such column: users.hashed_password
[SQL: SELECT users.id, users.email, users.name, users.role, users.created_at, users.last_login, users.hashed_password 
FROM users 
WHERE users.email = ?]
[parameters: ('admin@gmail.com',)]
(Background on this error at: https://sqlalche.me/e/20/e3q8)
2026-03-03 17:28:09,100 - core.database - DEBUG - [DB_OP] Starting get_db session creation
2026-03-03 17:28:09,100 - core.database - DEBUG - [DB_OP] Database session created successfully in 0.0000s
2026-03-03 17:28:09,105 - aiosqlite - DEBUG - executing <function connect.<locals>.connector at 0x0000024919A5AAC0>
2026-03-03 17:28:09,105 - aiosqlite - DEBUG - operation <function connect.<locals>.connector at 0x0000024919A5AAC0> completed
2026-03-03 17:28:09,105 - aiosqlite - DEBUG - executing functools.partial(<built-in method create_function of sqlite3.Connection object at 0x00000249197F1990>, 'regexp', 2, <function SQLiteDialect_pysqlite.on_connect.<locals>.regexp at 0x00000249197880E0>, deterministic=True)
2026-03-03 17:28:09,105 - aiosqlite - DEBUG - operation functools.partial(<built-in method create_function of sqlite3.Connection object at 0x00000249197F1990>, 'regexp', 2, <function SQLiteDialect_pysqlite.on_connect.<locals>.regexp at 0x00000249197880E0>, deterministic=True) completed
2026-03-03 17:28:09,105 - aiosqlite - DEBUG - executing functools.partial(<built-in method create_function of sqlite3.Connection object at 0x00000249197F1990>, 'floor', 1, <built-in function floor>, deterministic=True)
2026-03-03 17:28:09,105 - aiosqlite - DEBUG - operation functools.partial(<built-in method create_function of sqlite3.Connection object at 0x00000249197F1990>, 'floor', 1, <built-in function floor>, deterministic=True) completed
2026-03-03 17:28:09,110 - aiosqlite - DEBUG - executing functools.partial(<built-in method cursor of sqlite3.Connection object at 0x00000249197F1990>)
2026-03-03 17:28:09,110 - aiosqlite - DEBUG - operation functools.partial(<built-in method cursor of sqlite3.Connection object at 0x00000249197F1990>) completed
2026-03-03 17:28:09,110 - aiosqlite - DEBUG - executing functools.partial(<built-in method execute of sqlite3.Cursor object at 0x0000024919A9FE40>, 'SELECT users.id, users.email, users.name, users.role, users.created_at, users.last_login, users.hashed_password \nFROM users \nWHERE users.email = ?', ('admin@gmail.com',))
2026-03-03 17:28:09,110 - aiosqlite - DEBUG - returning exception no such column: users.hashed_password
2026-03-03 17:28:09,110 - core.database - ERROR - Database session error: (sqlite3.OperationalError) no such column: users.hashed_password
[SQL: SELECT users.id, users.email, users.name, users.role, users.created_at, users.last_login, users.hashed_password 
FROM users 
WHERE users.email = ?]
[parameters: ('admin@gmail.com',)]
(Background on this error at: https://sqlalche.me/e/20/e3q8)
Traceback (most recent call last):
  File "D:\ASM1\.venv\Lib\site-packages\sqlalchemy\engine\base.py", line 1967, in _exec_single_context
    self.dialect.do_execute(
  File "D:\ASM1\.venv\Lib\site-packages\sqlalchemy\engine\default.py", line 941, in do_execute
    cursor.execute(statement, parameters)
  File "D:\ASM1\.venv\Lib\site-packages\sqlalchemy\dialects\sqlite\aiosqlite.py", line 147, in execute
    self._adapt_connection._handle_exception(error)
  File "D:\ASM1\.venv\Lib\site-packages\sqlalchemy\dialects\sqlite\aiosqlite.py", line 298, in _handle_exception
    raise error
  File "D:\ASM1\.venv\Lib\site-packages\sqlalchemy\dialects\sqlite\aiosqlite.py", line 129, in execute
    self.await_(_cursor.execute(operation, parameters))
  File "D:\ASM1\.venv\Lib\site-packages\sqlalchemy\util\_concurrency_py3k.py", line 132, in await_only
    return current.parent.switch(awaitable)  # type: ignore[no-any-return,attr-defined] # noqa: E501
           ^^^^^^^^^^^^^^^^^^^^^^^^^^^^^^^^
  File "D:\ASM1\.venv\Lib\site-packages\sqlalchemy\util\_concurrency_py3k.py", line 196, in greenlet_spawn
    value = await result
            ^^^^^^^^^^^^
  File "D:\ASM1\.venv\Lib\site-packages\aiosqlite\cursor.py", line 48, in execute
    await self._execute(self._cursor.execute, sql, parameters)
  File "D:\ASM1\.venv\Lib\site-packages\aiosqlite\cursor.py", line 40, in _execute
    return await self._conn._execute(fn, *args, **kwargs)
           ^^^^^^^^^^^^^^^^^^^^^^^^^^^^^^^^^^^^^^^^^^^^^^
  File "D:\ASM1\.venv\Lib\site-packages\aiosqlite\core.py", line 132, in _execute
    return await future
           ^^^^^^^^^^^^
  File "D:\ASM1\.venv\Lib\site-packages\aiosqlite\core.py", line 115, in run
    result = function()
             ^^^^^^^^^^
sqlite3.OperationalError: no such column: users.hashed_password

The above exception was the direct cause of the following exception:

Traceback (most recent call last):
  File "D:\ASM1\backend\core\database.py", line 542, in get_db
    yield session
  File "D:\ASM1\.venv\Lib\site-packages\fastapi\routing.py", line 301, in app
    raw_response = await run_endpoint_function(
                   ^^^^^^^^^^^^^^^^^^^^^^^^^^^^
  File "D:\ASM1\.venv\Lib\site-packages\fastapi\routing.py", line 212, in run_endpoint_function
    return await dependant.call(**values)
           ^^^^^^^^^^^^^^^^^^^^^^^^^^^^^^
  File "D:\ASM1\backend\routers\auth.py", line 349, in login_password
    result = await db.execute(select(User).where(User.email == clean_email))
             ^^^^^^^^^^^^^^^^^^^^^^^^^^^^^^^^^^^^^^^^^^^^^^^^^^^^^^^^^^^^^^^
  File "D:\ASM1\.venv\Lib\site-packages\sqlalchemy\ext\asyncio\session.py", line 461, in execute
    result = await greenlet_spawn(
             ^^^^^^^^^^^^^^^^^^^^^
  File "D:\ASM1\.venv\Lib\site-packages\sqlalchemy\util\_concurrency_py3k.py", line 201, in greenlet_spawn
    result = context.throw(*sys.exc_info())
             ^^^^^^^^^^^^^^^^^^^^^^^^^^^^^^
  File "D:\ASM1\.venv\Lib\site-packages\sqlalchemy\orm\session.py", line 2362, in execute
    return self._execute_internal(
           ^^^^^^^^^^^^^^^^^^^^^^^
  File "D:\ASM1\.venv\Lib\site-packages\sqlalchemy\orm\session.py", line 2247, in _execute_internal
    result: Result[Any] = compile_state_cls.orm_execute_statement(
                          ^^^^^^^^^^^^^^^^^^^^^^^^^^^^^^^^^^^^^^^^
  File "D:\ASM1\.venv\Lib\site-packages\sqlalchemy\orm\context.py", line 305, in orm_execute_statement
    result = conn.execute(
             ^^^^^^^^^^^^^
  File "D:\ASM1\.venv\Lib\site-packages\sqlalchemy\engine\base.py", line 1418, in execute
    return meth(
           ^^^^^
  File "D:\ASM1\.venv\Lib\site-packages\sqlalchemy\sql\elements.py", line 515, in _execute_on_connection
    return connection._execute_clauseelement(
           ^^^^^^^^^^^^^^^^^^^^^^^^^^^^^^^^^^
  File "D:\ASM1\.venv\Lib\site-packages\sqlalchemy\engine\base.py", line 1640, in _execute_clauseelement
    ret = self._execute_context(
          ^^^^^^^^^^^^^^^^^^^^^^
  File "D:\ASM1\.venv\Lib\site-packages\sqlalchemy\engine\base.py", line 1846, in _execute_context
    return self._exec_single_context(
           ^^^^^^^^^^^^^^^^^^^^^^^^^^
  File "D:\ASM1\.venv\Lib\site-packages\sqlalchemy\engine\base.py", line 1986, in _exec_single_context
    self._handle_dbapi_exception(
  File "D:\ASM1\.venv\Lib\site-packages\sqlalchemy\engine\base.py", line 2355, in _handle_dbapi_exception
    raise sqlalchemy_exception.with_traceback(exc_info[2]) from e
  File "D:\ASM1\.venv\Lib\site-packages\sqlalchemy\engine\base.py", line 1967, in _exec_single_context
    self.dialect.do_execute(
  File "D:\ASM1\.venv\Lib\site-packages\sqlalchemy\engine\default.py", line 941, in do_execute
    cursor.execute(statement, parameters)
  File "D:\ASM1\.venv\Lib\site-packages\sqlalchemy\dialects\sqlite\aiosqlite.py", line 147, in execute
    self._adapt_connection._handle_exception(error)
  File "D:\ASM1\.venv\Lib\site-packages\sqlalchemy\dialects\sqlite\aiosqlite.py", line 298, in _handle_exception
    raise error
  File "D:\ASM1\.venv\Lib\site-packages\sqlalchemy\dialects\sqlite\aiosqlite.py", line 129, in execute
    self.await_(_cursor.execute(operation, parameters))
  File "D:\ASM1\.venv\Lib\site-packages\sqlalchemy\util\_concurrency_py3k.py", line 132, in await_only
    return current.parent.switch(awaitable)  # type: ignore[no-any-return,attr-defined] # noqa: E501
           ^^^^^^^^^^^^^^^^^^^^^^^^^^^^^^^^
  File "D:\ASM1\.venv\Lib\site-packages\sqlalchemy\util\_concurrency_py3k.py", line 196, in greenlet_spawn
    value = await result
            ^^^^^^^^^^^^
  File "D:\ASM1\.venv\Lib\site-packages\aiosqlite\cursor.py", line 48, in execute
    await self._execute(self._cursor.execute, sql, parameters)
  File "D:\ASM1\.venv\Lib\site-packages\aiosqlite\cursor.py", line 40, in _execute
    return await self._conn._execute(fn, *args, **kwargs)
           ^^^^^^^^^^^^^^^^^^^^^^^^^^^^^^^^^^^^^^^^^^^^^^
  File "D:\ASM1\.venv\Lib\site-packages\aiosqlite\core.py", line 132, in _execute
    return await future
           ^^^^^^^^^^^^
  File "D:\ASM1\.venv\Lib\site-packages\aiosqlite\core.py", line 115, in run
    result = function()
             ^^^^^^^^^^
sqlalchemy.exc.OperationalError: (sqlite3.OperationalError) no such column: users.hashed_password
[SQL: SELECT users.id, users.email, users.name, users.role, users.created_at, users.last_login, users.hashed_password 
FROM users 
WHERE users.email = ?]
[parameters: ('admin@gmail.com',)]
(Background on this error at: https://sqlalche.me/e/20/e3q8)
2026-03-03 17:28:09,132 - core.database - DEBUG - [DB_OP] Database session cleanup after 0.0321s
2026-03-03 17:28:09,132 - aiosqlite - DEBUG - executing functools.partial(<built-in method rollback of sqlite3.Connection object at 0x00000249197F1990>)
2026-03-03 17:28:09,132 - aiosqlite - DEBUG - operation functools.partial(<built-in method rollback of sqlite3.Connection object at 0x00000249197F1990>) completed
2026-03-03 17:28:09,134 - aiosqlite - DEBUG - executing functools.partial(<built-in method rollback of sqlite3.Connection object at 0x00000249197F1990>)
2026-03-03 17:28:09,134 - aiosqlite - DEBUG - operation functools.partial(<built-in method rollback of sqlite3.Connection object at 0x00000249197F1990>) completed
2026-03-03 17:28:09,134 - aiosqlite - DEBUG - executing functools.partial(<built-in method close of sqlite3.Connection object at 0x00000249197F1990>)
2026-03-03 17:28:09,134 - aiosqlite - DEBUG - operation functools.partial(<built-in method close of sqlite3.Connection object at 0x00000249197F1990>) completed
2026-03-03 17:28:09,134 - core.database - ERROR - Failed to create database session: (sqlite3.OperationalError) no such column: users.hashed_password
[SQL: SELECT users.id, users.email, users.name, users.role, users.created_at, users.last_login, users.hashed_password 
FROM users 
WHERE users.email = ?]
[parameters: ('admin@gmail.com',)]
(Background on this error at: https://sqlalche.me/e/20/e3q8)
Traceback (most recent call last):
  File "D:\ASM1\.venv\Lib\site-packages\sqlalchemy\engine\base.py", line 1967, in _exec_single_context
    self.dialect.do_execute(
  File "D:\ASM1\.venv\Lib\site-packages\sqlalchemy\engine\default.py", line 941, in do_execute
    cursor.execute(statement, parameters)
  File "D:\ASM1\.venv\Lib\site-packages\sqlalchemy\dialects\sqlite\aiosqlite.py", line 147, in execute
    self._adapt_connection._handle_exception(error)
  File "D:\ASM1\.venv\Lib\site-packages\sqlalchemy\dialects\sqlite\aiosqlite.py", line 298, in _handle_exception
    raise error
  File "D:\ASM1\.venv\Lib\site-packages\sqlalchemy\dialects\sqlite\aiosqlite.py", line 129, in execute
    self.await_(_cursor.execute(operation, parameters))
  File "D:\ASM1\.venv\Lib\site-packages\sqlalchemy\util\_concurrency_py3k.py", line 132, in await_only
    return current.parent.switch(awaitable)  # type: ignore[no-any-return,attr-defined] # noqa: E501
           ^^^^^^^^^^^^^^^^^^^^^^^^^^^^^^^^
  File "D:\ASM1\.venv\Lib\site-packages\sqlalchemy\util\_concurrency_py3k.py", line 196, in greenlet_spawn
    value = await result
            ^^^^^^^^^^^^
  File "D:\ASM1\.venv\Lib\site-packages\aiosqlite\cursor.py", line 48, in execute
    await self._execute(self._cursor.execute, sql, parameters)
  File "D:\ASM1\.venv\Lib\site-packages\aiosqlite\cursor.py", line 40, in _execute
    return await self._conn._execute(fn, *args, **kwargs)
           ^^^^^^^^^^^^^^^^^^^^^^^^^^^^^^^^^^^^^^^^^^^^^^
  File "D:\ASM1\.venv\Lib\site-packages\aiosqlite\core.py", line 132, in _execute
    return await future
           ^^^^^^^^^^^^
  File "D:\ASM1\.venv\Lib\site-packages\aiosqlite\core.py", line 115, in run
    result = function()
             ^^^^^^^^^^
sqlite3.OperationalError: no such column: users.hashed_password

The above exception was the direct cause of the following exception:

Traceback (most recent call last):
  File "D:\ASM1\backend\core\database.py", line 542, in get_db
    yield session
  File "D:\ASM1\.venv\Lib\site-packages\fastapi\routing.py", line 301, in app
    raw_response = await run_endpoint_function(
                   ^^^^^^^^^^^^^^^^^^^^^^^^^^^^
  File "D:\ASM1\.venv\Lib\site-packages\fastapi\routing.py", line 212, in run_endpoint_function
    return await dependant.call(**values)
           ^^^^^^^^^^^^^^^^^^^^^^^^^^^^^^
  File "D:\ASM1\backend\routers\auth.py", line 349, in login_password
    result = await db.execute(select(User).where(User.email == clean_email))
             ^^^^^^^^^^^^^^^^^^^^^^^^^^^^^^^^^^^^^^^^^^^^^^^^^^^^^^^^^^^^^^^
  File "D:\ASM1\.venv\Lib\site-packages\sqlalchemy\ext\asyncio\session.py", line 461, in execute
    result = await greenlet_spawn(
             ^^^^^^^^^^^^^^^^^^^^^
  File "D:\ASM1\.venv\Lib\site-packages\sqlalchemy\util\_concurrency_py3k.py", line 201, in greenlet_spawn
    result = context.throw(*sys.exc_info())
             ^^^^^^^^^^^^^^^^^^^^^^^^^^^^^^
  File "D:\ASM1\.venv\Lib\site-packages\sqlalchemy\orm\session.py", line 2362, in execute
    return self._execute_internal(
           ^^^^^^^^^^^^^^^^^^^^^^^
  File "D:\ASM1\.venv\Lib\site-packages\sqlalchemy\orm\session.py", line 2247, in _execute_internal
    result: Result[Any] = compile_state_cls.orm_execute_statement(
                          ^^^^^^^^^^^^^^^^^^^^^^^^^^^^^^^^^^^^^^^^
  File "D:\ASM1\.venv\Lib\site-packages\sqlalchemy\orm\context.py", line 305, in orm_execute_statement
    result = conn.execute(
             ^^^^^^^^^^^^^
  File "D:\ASM1\.venv\Lib\site-packages\sqlalchemy\engine\base.py", line 1418, in execute
    return meth(
           ^^^^^
  File "D:\ASM1\.venv\Lib\site-packages\sqlalchemy\sql\elements.py", line 515, in _execute_on_connection
    return connection._execute_clauseelement(
           ^^^^^^^^^^^^^^^^^^^^^^^^^^^^^^^^^^
  File "D:\ASM1\.venv\Lib\site-packages\sqlalchemy\engine\base.py", line 1640, in _execute_clauseelement
    ret = self._execute_context(
          ^^^^^^^^^^^^^^^^^^^^^^
  File "D:\ASM1\.venv\Lib\site-packages\sqlalchemy\engine\base.py", line 1846, in _execute_context
    return self._exec_single_context(
           ^^^^^^^^^^^^^^^^^^^^^^^^^^
  File "D:\ASM1\.venv\Lib\site-packages\sqlalchemy\engine\base.py", line 1986, in _exec_single_context
    self._handle_dbapi_exception(
  File "D:\ASM1\.venv\Lib\site-packages\sqlalchemy\engine\base.py", line 2355, in _handle_dbapi_exception
    raise sqlalchemy_exception.with_traceback(exc_info[2]) from e
  File "D:\ASM1\.venv\Lib\site-packages\sqlalchemy\engine\base.py", line 1967, in _exec_single_context
    self.dialect.do_execute(
  File "D:\ASM1\.venv\Lib\site-packages\sqlalchemy\engine\default.py", line 941, in do_execute
    cursor.execute(statement, parameters)
  File "D:\ASM1\.venv\Lib\site-packages\sqlalchemy\dialects\sqlite\aiosqlite.py", line 147, in execute
    self._adapt_connection._handle_exception(error)
  File "D:\ASM1\.venv\Lib\site-packages\sqlalchemy\dialects\sqlite\aiosqlite.py", line 298, in _handle_exception
    raise error
  File "D:\ASM1\.venv\Lib\site-packages\sqlalchemy\dialects\sqlite\aiosqlite.py", line 129, in execute
    self.await_(_cursor.execute(operation, parameters))
  File "D:\ASM1\.venv\Lib\site-packages\sqlalchemy\util\_concurrency_py3k.py", line 132, in await_only
    return current.parent.switch(awaitable)  # type: ignore[no-any-return,attr-defined] # noqa: E501
           ^^^^^^^^^^^^^^^^^^^^^^^^^^^^^^^^
  File "D:\ASM1\.venv\Lib\site-packages\sqlalchemy\util\_concurrency_py3k.py", line 196, in greenlet_spawn
    value = await result
            ^^^^^^^^^^^^
  File "D:\ASM1\.venv\Lib\site-packages\aiosqlite\cursor.py", line 48, in execute
    await self._execute(self._cursor.execute, sql, parameters)
  File "D:\ASM1\.venv\Lib\site-packages\aiosqlite\cursor.py", line 40, in _execute
    return await self._conn._execute(fn, *args, **kwargs)
           ^^^^^^^^^^^^^^^^^^^^^^^^^^^^^^^^^^^^^^^^^^^^^^
  File "D:\ASM1\.venv\Lib\site-packages\aiosqlite\core.py", line 132, in _execute
    return await future
           ^^^^^^^^^^^^
  File "D:\ASM1\.venv\Lib\site-packages\aiosqlite\core.py", line 115, in run
    result = function()
             ^^^^^^^^^^
sqlalchemy.exc.OperationalError: (sqlite3.OperationalError) no such column: users.hashed_password
[SQL: SELECT users.id, users.email, users.name, users.role, users.created_at, users.last_login, users.hashed_password 
FROM users 
WHERE users.email = ?]
[parameters: ('admin@gmail.com',)]
(Background on this error at: https://sqlalche.me/e/20/e3q8)
2026-03-03 17:28:09,269 - core.database - DEBUG - [DB_OP] Starting get_db session creation
2026-03-03 17:28:09,269 - core.database - DEBUG - [DB_OP] Database session created successfully in 0.0000s
2026-03-03 17:28:09,269 - aiosqlite - DEBUG - executing <function connect.<locals>.connector at 0x0000024919A5B6A0>
2026-03-03 17:28:09,269 - aiosqlite - DEBUG - operation <function connect.<locals>.connector at 0x0000024919A5B6A0> completed
2026-03-03 17:28:09,269 - aiosqlite - DEBUG - executing functools.partial(<built-in method create_function of sqlite3.Connection object at 0x000002491978C4F0>, 'regexp', 2, <function SQLiteDialect_pysqlite.on_connect.<locals>.regexp at 0x00000249197880E0>, deterministic=True)
2026-03-03 17:28:09,269 - aiosqlite - DEBUG - operation functools.partial(<built-in method create_function of sqlite3.Connection object at 0x000002491978C4F0>, 'regexp', 2, <function SQLiteDialect_pysqlite.on_connect.<locals>.regexp at 0x00000249197880E0>, deterministic=True) completed
2026-03-03 17:28:09,274 - aiosqlite - DEBUG - executing functools.partial(<built-in method create_function of sqlite3.Connection object at 0x000002491978C4F0>, 'floor', 1, <built-in function floor>, deterministic=True)
2026-03-03 17:28:09,274 - aiosqlite - DEBUG - operation functools.partial(<built-in method create_function of sqlite3.Connection object at 0x000002491978C4F0>, 'floor', 1, <built-in function floor>, deterministic=True) completed
2026-03-03 17:28:09,274 - aiosqlite - DEBUG - executing functools.partial(<built-in method cursor of sqlite3.Connection object at 0x000002491978C4F0>)
2026-03-03 17:28:09,274 - aiosqlite - DEBUG - operation functools.partial(<built-in method cursor of sqlite3.Connection object at 0x000002491978C4F0>) completed
2026-03-03 17:28:09,274 - aiosqlite - DEBUG - executing functools.partial(<built-in method execute of sqlite3.Cursor object at 0x00000249197079C0>, 'SELECT users.id, users.email, users.name, users.role, users.created_at, users.last_login, users.hashed_password \nFROM users \nWHERE users.email = ?', ('admin@gmail.com',))
2026-03-03 17:28:09,274 - aiosqlite - DEBUG - returning exception no such column: users.hashed_password
2026-03-03 17:28:09,274 - core.database - ERROR - Database session error: (sqlite3.OperationalError) no such column: users.hashed_password
[SQL: SELECT users.id, users.email, users.name, users.role, users.created_at, users.last_login, users.hashed_password 
FROM users 
WHERE users.email = ?]
[parameters: ('admin@gmail.com',)]
(Background on this error at: https://sqlalche.me/e/20/e3q8)
Traceback (most recent call last):
  File "D:\ASM1\.venv\Lib\site-packages\sqlalchemy\engine\base.py", line 1967, in _exec_single_context
    self.dialect.do_execute(
  File "D:\ASM1\.venv\Lib\site-packages\sqlalchemy\engine\default.py", line 941, in do_execute
    cursor.execute(statement, parameters)
  File "D:\ASM1\.venv\Lib\site-packages\sqlalchemy\dialects\sqlite\aiosqlite.py", line 147, in execute
    self._adapt_connection._handle_exception(error)
  File "D:\ASM1\.venv\Lib\site-packages\sqlalchemy\dialects\sqlite\aiosqlite.py", line 298, in _handle_exception
    raise error
  File "D:\ASM1\.venv\Lib\site-packages\sqlalchemy\dialects\sqlite\aiosqlite.py", line 129, in execute
    self.await_(_cursor.execute(operation, parameters))
  File "D:\ASM1\.venv\Lib\site-packages\sqlalchemy\util\_concurrency_py3k.py", line 132, in await_only
    return current.parent.switch(awaitable)  # type: ignore[no-any-return,attr-defined] # noqa: E501
           ^^^^^^^^^^^^^^^^^^^^^^^^^^^^^^^^
  File "D:\ASM1\.venv\Lib\site-packages\sqlalchemy\util\_concurrency_py3k.py", line 196, in greenlet_spawn
    value = await result
            ^^^^^^^^^^^^
  File "D:\ASM1\.venv\Lib\site-packages\aiosqlite\cursor.py", line 48, in execute
    await self._execute(self._cursor.execute, sql, parameters)
  File "D:\ASM1\.venv\Lib\site-packages\aiosqlite\cursor.py", line 40, in _execute
    return await self._conn._execute(fn, *args, **kwargs)
           ^^^^^^^^^^^^^^^^^^^^^^^^^^^^^^^^^^^^^^^^^^^^^^
  File "D:\ASM1\.venv\Lib\site-packages\aiosqlite\core.py", line 132, in _execute
    return await future
           ^^^^^^^^^^^^
  File "D:\ASM1\.venv\Lib\site-packages\aiosqlite\core.py", line 115, in run
    result = function()
             ^^^^^^^^^^
sqlite3.OperationalError: no such column: users.hashed_password

The above exception was the direct cause of the following exception:

Traceback (most recent call last):
  File "D:\ASM1\backend\core\database.py", line 542, in get_db
    yield session
  File "D:\ASM1\.venv\Lib\site-packages\fastapi\routing.py", line 301, in app
    raw_response = await run_endpoint_function(
                   ^^^^^^^^^^^^^^^^^^^^^^^^^^^^
  File "D:\ASM1\.venv\Lib\site-packages\fastapi\routing.py", line 212, in run_endpoint_function
    return await dependant.call(**values)
           ^^^^^^^^^^^^^^^^^^^^^^^^^^^^^^
  File "D:\ASM1\backend\routers\auth.py", line 349, in login_password
    result = await db.execute(select(User).where(User.email == clean_email))
             ^^^^^^^^^^^^^^^^^^^^^^^^^^^^^^^^^^^^^^^^^^^^^^^^^^^^^^^^^^^^^^^
  File "D:\ASM1\.venv\Lib\site-packages\sqlalchemy\ext\asyncio\session.py", line 461, in execute
    result = await greenlet_spawn(
             ^^^^^^^^^^^^^^^^^^^^^
  File "D:\ASM1\.venv\Lib\site-packages\sqlalchemy\util\_concurrency_py3k.py", line 201, in greenlet_spawn
    result = context.throw(*sys.exc_info())
             ^^^^^^^^^^^^^^^^^^^^^^^^^^^^^^
  File "D:\ASM1\.venv\Lib\site-packages\sqlalchemy\orm\session.py", line 2362, in execute
    return self._execute_internal(
           ^^^^^^^^^^^^^^^^^^^^^^^
  File "D:\ASM1\.venv\Lib\site-packages\sqlalchemy\orm\session.py", line 2247, in _execute_internal
    result: Result[Any] = compile_state_cls.orm_execute_statement(
                          ^^^^^^^^^^^^^^^^^^^^^^^^^^^^^^^^^^^^^^^^
  File "D:\ASM1\.venv\Lib\site-packages\sqlalchemy\orm\context.py", line 305, in orm_execute_statement
    result = conn.execute(
             ^^^^^^^^^^^^^
  File "D:\ASM1\.venv\Lib\site-packages\sqlalchemy\engine\base.py", line 1418, in execute
    return meth(
           ^^^^^
  File "D:\ASM1\.venv\Lib\site-packages\sqlalchemy\sql\elements.py", line 515, in _execute_on_connection
    return connection._execute_clauseelement(
           ^^^^^^^^^^^^^^^^^^^^^^^^^^^^^^^^^^
  File "D:\ASM1\.venv\Lib\site-packages\sqlalchemy\engine\base.py", line 1640, in _execute_clauseelement
    ret = self._execute_context(
          ^^^^^^^^^^^^^^^^^^^^^^
  File "D:\ASM1\.venv\Lib\site-packages\sqlalchemy\engine\base.py", line 1846, in _execute_context
    return self._exec_single_context(
           ^^^^^^^^^^^^^^^^^^^^^^^^^^
  File "D:\ASM1\.venv\Lib\site-packages\sqlalchemy\engine\base.py", line 1986, in _exec_single_context
    self._handle_dbapi_exception(
  File "D:\ASM1\.venv\Lib\site-packages\sqlalchemy\engine\base.py", line 2355, in _handle_dbapi_exception
    raise sqlalchemy_exception.with_traceback(exc_info[2]) from e
  File "D:\ASM1\.venv\Lib\site-packages\sqlalchemy\engine\base.py", line 1967, in _exec_single_context
    self.dialect.do_execute(
  File "D:\ASM1\.venv\Lib\site-packages\sqlalchemy\engine\default.py", line 941, in do_execute
    cursor.execute(statement, parameters)
  File "D:\ASM1\.venv\Lib\site-packages\sqlalchemy\dialects\sqlite\aiosqlite.py", line 147, in execute
    self._adapt_connection._handle_exception(error)
  File "D:\ASM1\.venv\Lib\site-packages\sqlalchemy\dialects\sqlite\aiosqlite.py", line 298, in _handle_exception
    raise error
  File "D:\ASM1\.venv\Lib\site-packages\sqlalchemy\dialects\sqlite\aiosqlite.py", line 129, in execute
    self.await_(_cursor.execute(operation, parameters))
  File "D:\ASM1\.venv\Lib\site-packages\sqlalchemy\util\_concurrency_py3k.py", line 132, in await_only
    return current.parent.switch(awaitable)  # type: ignore[no-any-return,attr-defined] # noqa: E501
           ^^^^^^^^^^^^^^^^^^^^^^^^^^^^^^^^
  File "D:\ASM1\.venv\Lib\site-packages\sqlalchemy\util\_concurrency_py3k.py", line 196, in greenlet_spawn
    value = await result
            ^^^^^^^^^^^^
  File "D:\ASM1\.venv\Lib\site-packages\aiosqlite\cursor.py", line 48, in execute
    await self._execute(self._cursor.execute, sql, parameters)
  File "D:\ASM1\.venv\Lib\site-packages\aiosqlite\cursor.py", line 40, in _execute
    return await self._conn._execute(fn, *args, **kwargs)
           ^^^^^^^^^^^^^^^^^^^^^^^^^^^^^^^^^^^^^^^^^^^^^^
  File "D:\ASM1\.venv\Lib\site-packages\aiosqlite\core.py", line 132, in _execute
    return await future
           ^^^^^^^^^^^^
  File "D:\ASM1\.venv\Lib\site-packages\aiosqlite\core.py", line 115, in run
    result = function()
             ^^^^^^^^^^
sqlalchemy.exc.OperationalError: (sqlite3.OperationalError) no such column: users.hashed_password
[SQL: SELECT users.id, users.email, users.name, users.role, users.created_at, users.last_login, users.hashed_password 
FROM users 
WHERE users.email = ?]
[parameters: ('admin@gmail.com',)]
(Background on this error at: https://sqlalche.me/e/20/e3q8)
2026-03-03 17:28:09,290 - core.database - DEBUG - [DB_OP] Database session cleanup after 0.0201s
2026-03-03 17:28:09,290 - aiosqlite - DEBUG - executing functools.partial(<built-in method rollback of sqlite3.Connection object at 0x000002491978C4F0>)
2026-03-03 17:28:09,290 - aiosqlite - DEBUG - operation functools.partial(<built-in method rollback of sqlite3.Connection object at 0x000002491978C4F0>) completed
2026-03-03 17:28:09,295 - aiosqlite - DEBUG - executing functools.partial(<built-in method rollback of sqlite3.Connection object at 0x000002491978C4F0>)
2026-03-03 17:28:09,295 - aiosqlite - DEBUG - operation functools.partial(<built-in method rollback of sqlite3.Connection object at 0x000002491978C4F0>) completed
2026-03-03 17:28:09,295 - aiosqlite - DEBUG - executing functools.partial(<built-in method close of sqlite3.Connection object at 0x000002491978C4F0>)
2026-03-03 17:28:09,295 - aiosqlite - DEBUG - operation functools.partial(<built-in method close of sqlite3.Connection object at 0x000002491978C4F0>) completed
2026-03-03 17:28:09,295 - core.database - ERROR - Failed to create database session: (sqlite3.OperationalError) no such column: users.hashed_password
[SQL: SELECT users.id, users.email, users.name, users.role, users.created_at, users.last_login, users.hashed_password 
FROM users 
WHERE users.email = ?]
[parameters: ('admin@gmail.com',)]
(Background on this error at: https://sqlalche.me/e/20/e3q8)
Traceback (most recent call last):
  File "D:\ASM1\.venv\Lib\site-packages\sqlalchemy\engine\base.py", line 1967, in _exec_single_context
    self.dialect.do_execute(
  File "D:\ASM1\.venv\Lib\site-packages\sqlalchemy\engine\default.py", line 941, in do_execute
    cursor.execute(statement, parameters)
  File "D:\ASM1\.venv\Lib\site-packages\sqlalchemy\dialects\sqlite\aiosqlite.py", line 147, in execute
    self._adapt_connection._handle_exception(error)
  File "D:\ASM1\.venv\Lib\site-packages\sqlalchemy\dialects\sqlite\aiosqlite.py", line 298, in _handle_exception
    raise error
  File "D:\ASM1\.venv\Lib\site-packages\sqlalchemy\dialects\sqlite\aiosqlite.py", line 129, in execute
    self.await_(_cursor.execute(operation, parameters))
  File "D:\ASM1\.venv\Lib\site-packages\sqlalchemy\util\_concurrency_py3k.py", line 132, in await_only
    return current.parent.switch(awaitable)  # type: ignore[no-any-return,attr-defined] # noqa: E501
           ^^^^^^^^^^^^^^^^^^^^^^^^^^^^^^^^
  File "D:\ASM1\.venv\Lib\site-packages\sqlalchemy\util\_concurrency_py3k.py", line 196, in greenlet_spawn
    value = await result
            ^^^^^^^^^^^^
  File "D:\ASM1\.venv\Lib\site-packages\aiosqlite\cursor.py", line 48, in execute
    await self._execute(self._cursor.execute, sql, parameters)
  File "D:\ASM1\.venv\Lib\site-packages\aiosqlite\cursor.py", line 40, in _execute
    return await self._conn._execute(fn, *args, **kwargs)
           ^^^^^^^^^^^^^^^^^^^^^^^^^^^^^^^^^^^^^^^^^^^^^^
  File "D:\ASM1\.venv\Lib\site-packages\aiosqlite\core.py", line 132, in _execute
    return await future
           ^^^^^^^^^^^^
  File "D:\ASM1\.venv\Lib\site-packages\aiosqlite\core.py", line 115, in run
    result = function()
             ^^^^^^^^^^
sqlite3.OperationalError: no such column: users.hashed_password

The above exception was the direct cause of the following exception:

Traceback (most recent call last):
  File "D:\ASM1\backend\core\database.py", line 542, in get_db
    yield session
  File "D:\ASM1\.venv\Lib\site-packages\fastapi\routing.py", line 301, in app
    raw_response = await run_endpoint_function(
                   ^^^^^^^^^^^^^^^^^^^^^^^^^^^^
  File "D:\ASM1\.venv\Lib\site-packages\fastapi\routing.py", line 212, in run_endpoint_function
    return await dependant.call(**values)
           ^^^^^^^^^^^^^^^^^^^^^^^^^^^^^^
  File "D:\ASM1\backend\routers\auth.py", line 349, in login_password
    result = await db.execute(select(User).where(User.email == clean_email))
             ^^^^^^^^^^^^^^^^^^^^^^^^^^^^^^^^^^^^^^^^^^^^^^^^^^^^^^^^^^^^^^^
  File "D:\ASM1\.venv\Lib\site-packages\sqlalchemy\ext\asyncio\session.py", line 461, in execute
    result = await greenlet_spawn(
             ^^^^^^^^^^^^^^^^^^^^^
  File "D:\ASM1\.venv\Lib\site-packages\sqlalchemy\util\_concurrency_py3k.py", line 201, in greenlet_spawn
    result = context.throw(*sys.exc_info())
             ^^^^^^^^^^^^^^^^^^^^^^^^^^^^^^
  File "D:\ASM1\.venv\Lib\site-packages\sqlalchemy\orm\session.py", line 2362, in execute
    return self._execute_internal(
           ^^^^^^^^^^^^^^^^^^^^^^^
  File "D:\ASM1\.venv\Lib\site-packages\sqlalchemy\orm\session.py", line 2247, in _execute_internal
    result: Result[Any] = compile_state_cls.orm_execute_statement(
                          ^^^^^^^^^^^^^^^^^^^^^^^^^^^^^^^^^^^^^^^^
  File "D:\ASM1\.venv\Lib\site-packages\sqlalchemy\orm\context.py", line 305, in orm_execute_statement
    result = conn.execute(
             ^^^^^^^^^^^^^
  File "D:\ASM1\.venv\Lib\site-packages\sqlalchemy\engine\base.py", line 1418, in execute
    return meth(
           ^^^^^
  File "D:\ASM1\.venv\Lib\site-packages\sqlalchemy\sql\elements.py", line 515, in _execute_on_connection
    return connection._execute_clauseelement(
           ^^^^^^^^^^^^^^^^^^^^^^^^^^^^^^^^^^
  File "D:\ASM1\.venv\Lib\site-packages\sqlalchemy\engine\base.py", line 1640, in _execute_clauseelement
    ret = self._execute_context(
          ^^^^^^^^^^^^^^^^^^^^^^
  File "D:\ASM1\.venv\Lib\site-packages\sqlalchemy\engine\base.py", line 1846, in _execute_context
    return self._exec_single_context(
           ^^^^^^^^^^^^^^^^^^^^^^^^^^
  File "D:\ASM1\.venv\Lib\site-packages\sqlalchemy\engine\base.py", line 1986, in _exec_single_context
    self._handle_dbapi_exception(
  File "D:\ASM1\.venv\Lib\site-packages\sqlalchemy\engine\base.py", line 2355, in _handle_dbapi_exception
    raise sqlalchemy_exception.with_traceback(exc_info[2]) from e
  File "D:\ASM1\.venv\Lib\site-packages\sqlalchemy\engine\base.py", line 1967, in _exec_single_context
    self.dialect.do_execute(
  File "D:\ASM1\.venv\Lib\site-packages\sqlalchemy\engine\default.py", line 941, in do_execute
    cursor.execute(statement, parameters)
  File "D:\ASM1\.venv\Lib\site-packages\sqlalchemy\dialects\sqlite\aiosqlite.py", line 147, in execute
    self._adapt_connection._handle_exception(error)
  File "D:\ASM1\.venv\Lib\site-packages\sqlalchemy\dialects\sqlite\aiosqlite.py", line 298, in _handle_exception
    raise error
  File "D:\ASM1\.venv\Lib\site-packages\sqlalchemy\dialects\sqlite\aiosqlite.py", line 129, in execute
    self.await_(_cursor.execute(operation, parameters))
  File "D:\ASM1\.venv\Lib\site-packages\sqlalchemy\util\_concurrency_py3k.py", line 132, in await_only
    return current.parent.switch(awaitable)  # type: ignore[no-any-return,attr-defined] # noqa: E501
           ^^^^^^^^^^^^^^^^^^^^^^^^^^^^^^^^
  File "D:\ASM1\.venv\Lib\site-packages\sqlalchemy\util\_concurrency_py3k.py", line 196, in greenlet_spawn
    value = await result
            ^^^^^^^^^^^^
  File "D:\ASM1\.venv\Lib\site-packages\aiosqlite\cursor.py", line 48, in execute
    await self._execute(self._cursor.execute, sql, parameters)
  File "D:\ASM1\.venv\Lib\site-packages\aiosqlite\cursor.py", line 40, in _execute
    return await self._conn._execute(fn, *args, **kwargs)
           ^^^^^^^^^^^^^^^^^^^^^^^^^^^^^^^^^^^^^^^^^^^^^^
  File "D:\ASM1\.venv\Lib\site-packages\aiosqlite\core.py", line 132, in _execute
    return await future
           ^^^^^^^^^^^^
  File "D:\ASM1\.venv\Lib\site-packages\aiosqlite\core.py", line 115, in run
    result = function()
             ^^^^^^^^^^
sqlalchemy.exc.OperationalError: (sqlite3.OperationalError) no such column: users.hashed_password
[SQL: SELECT users.id, users.email, users.name, users.role, users.created_at, users.last_login, users.hashed_password 
FROM users 
WHERE users.email = ?]
[parameters: ('admin@gmail.com',)]
(Background on this error at: https://sqlalche.me/e/20/e3q8)
2026-03-03 17:28:09,424 - core.database - DEBUG - [DB_OP] Starting get_db session creation
2026-03-03 17:28:09,424 - core.database - DEBUG - [DB_OP] Database session created successfully in 0.0000s
2026-03-03 17:28:09,424 - aiosqlite - DEBUG - executing <function connect.<locals>.connector at 0x0000024919A5A200>
2026-03-03 17:28:09,424 - aiosqlite - DEBUG - operation <function connect.<locals>.connector at 0x0000024919A5A200> completed
2026-03-03 17:28:09,424 - aiosqlite - DEBUG - executing functools.partial(<built-in method create_function of sqlite3.Connection object at 0x00000249197F18A0>, 'regexp', 2, <function SQLiteDialect_pysqlite.on_connect.<locals>.regexp at 0x00000249197880E0>, deterministic=True)
2026-03-03 17:28:09,434 - aiosqlite - DEBUG - operation functools.partial(<built-in method create_function of sqlite3.Connection object at 0x00000249197F18A0>, 'regexp', 2, <function SQLiteDialect_pysqlite.on_connect.<locals>.regexp at 0x00000249197880E0>, deterministic=True) completed
2026-03-03 17:28:09,434 - aiosqlite - DEBUG - executing functools.partial(<built-in method create_function of sqlite3.Connection object at 0x00000249197F18A0>, 'floor', 1, <built-in function floor>, deterministic=True)
2026-03-03 17:28:09,434 - aiosqlite - DEBUG - operation functools.partial(<built-in method create_function of sqlite3.Connection object at 0x00000249197F18A0>, 'floor', 1, <built-in function floor>, deterministic=True) completed
2026-03-03 17:28:09,434 - aiosqlite - DEBUG - executing functools.partial(<built-in method cursor of sqlite3.Connection object at 0x00000249197F18A0>)
2026-03-03 17:28:09,434 - aiosqlite - DEBUG - operation functools.partial(<built-in method cursor of sqlite3.Connection object at 0x00000249197F18A0>) completed
2026-03-03 17:28:09,434 - aiosqlite - DEBUG - executing functools.partial(<built-in method execute of sqlite3.Cursor object at 0x0000024919A9DB40>, 'SELECT users.id, users.email, users.name, users.role, users.created_at, users.last_login, users.hashed_password \nFROM users \nWHERE users.email = ?', ('admin@gmail.com',))
2026-03-03 17:28:09,434 - aiosqlite - DEBUG - returning exception no such column: users.hashed_password
2026-03-03 17:28:09,434 - core.database - ERROR - Database session error: (sqlite3.OperationalError) no such column: users.hashed_password
[SQL: SELECT users.id, users.email, users.name, users.role, users.created_at, users.last_login, users.hashed_password 
FROM users 
WHERE users.email = ?]
[parameters: ('admin@gmail.com',)]
(Background on this error at: https://sqlalche.me/e/20/e3q8)
Traceback (most recent call last):
  File "D:\ASM1\.venv\Lib\site-packages\sqlalchemy\engine\base.py", line 1967, in _exec_single_context
    self.dialect.do_execute(
  File "D:\ASM1\.venv\Lib\site-packages\sqlalchemy\engine\default.py", line 941, in do_execute
    cursor.execute(statement, parameters)
  File "D:\ASM1\.venv\Lib\site-packages\sqlalchemy\dialects\sqlite\aiosqlite.py", line 147, in execute
    self._adapt_connection._handle_exception(error)
  File "D:\ASM1\.venv\Lib\site-packages\sqlalchemy\dialects\sqlite\aiosqlite.py", line 298, in _handle_exception
    raise error
  File "D:\ASM1\.venv\Lib\site-packages\sqlalchemy\dialects\sqlite\aiosqlite.py", line 129, in execute
    self.await_(_cursor.execute(operation, parameters))
  File "D:\ASM1\.venv\Lib\site-packages\sqlalchemy\util\_concurrency_py3k.py", line 132, in await_only
    return current.parent.switch(awaitable)  # type: ignore[no-any-return,attr-defined] # noqa: E501
           ^^^^^^^^^^^^^^^^^^^^^^^^^^^^^^^^
  File "D:\ASM1\.venv\Lib\site-packages\sqlalchemy\util\_concurrency_py3k.py", line 196, in greenlet_spawn
    value = await result
            ^^^^^^^^^^^^
  File "D:\ASM1\.venv\Lib\site-packages\aiosqlite\cursor.py", line 48, in execute
    await self._execute(self._cursor.execute, sql, parameters)
  File "D:\ASM1\.venv\Lib\site-packages\aiosqlite\cursor.py", line 40, in _execute
    return await self._conn._execute(fn, *args, **kwargs)
           ^^^^^^^^^^^^^^^^^^^^^^^^^^^^^^^^^^^^^^^^^^^^^^
  File "D:\ASM1\.venv\Lib\site-packages\aiosqlite\core.py", line 132, in _execute
    return await future
           ^^^^^^^^^^^^
  File "D:\ASM1\.venv\Lib\site-packages\aiosqlite\core.py", line 115, in run
    result = function()
             ^^^^^^^^^^
sqlite3.OperationalError: no such column: users.hashed_password

The above exception was the direct cause of the following exception:

Traceback (most recent call last):
  File "D:\ASM1\backend\core\database.py", line 542, in get_db
    yield session
  File "D:\ASM1\.venv\Lib\site-packages\fastapi\routing.py", line 301, in app
    raw_response = await run_endpoint_function(
                   ^^^^^^^^^^^^^^^^^^^^^^^^^^^^
  File "D:\ASM1\.venv\Lib\site-packages\fastapi\routing.py", line 212, in run_endpoint_function
    return await dependant.call(**values)
           ^^^^^^^^^^^^^^^^^^^^^^^^^^^^^^
  File "D:\ASM1\backend\routers\auth.py", line 349, in login_password
    result = await db.execute(select(User).where(User.email == clean_email))
             ^^^^^^^^^^^^^^^^^^^^^^^^^^^^^^^^^^^^^^^^^^^^^^^^^^^^^^^^^^^^^^^
  File "D:\ASM1\.venv\Lib\site-packages\sqlalchemy\ext\asyncio\session.py", line 461, in execute
    result = await greenlet_spawn(
             ^^^^^^^^^^^^^^^^^^^^^
  File "D:\ASM1\.venv\Lib\site-packages\sqlalchemy\util\_concurrency_py3k.py", line 201, in greenlet_spawn
    result = context.throw(*sys.exc_info())
             ^^^^^^^^^^^^^^^^^^^^^^^^^^^^^^
  File "D:\ASM1\.venv\Lib\site-packages\sqlalchemy\orm\session.py", line 2362, in execute
    return self._execute_internal(
           ^^^^^^^^^^^^^^^^^^^^^^^
  File "D:\ASM1\.venv\Lib\site-packages\sqlalchemy\orm\session.py", line 2247, in _execute_internal
    result: Result[Any] = compile_state_cls.orm_execute_statement(
                          ^^^^^^^^^^^^^^^^^^^^^^^^^^^^^^^^^^^^^^^^
  File "D:\ASM1\.venv\Lib\site-packages\sqlalchemy\orm\context.py", line 305, in orm_execute_statement
    result = conn.execute(
             ^^^^^^^^^^^^^
  File "D:\ASM1\.venv\Lib\site-packages\sqlalchemy\engine\base.py", line 1418, in execute
    return meth(
           ^^^^^
  File "D:\ASM1\.venv\Lib\site-packages\sqlalchemy\sql\elements.py", line 515, in _execute_on_connection
    return connection._execute_clauseelement(
           ^^^^^^^^^^^^^^^^^^^^^^^^^^^^^^^^^^
  File "D:\ASM1\.venv\Lib\site-packages\sqlalchemy\engine\base.py", line 1640, in _execute_clauseelement
    ret = self._execute_context(
          ^^^^^^^^^^^^^^^^^^^^^^
  File "D:\ASM1\.venv\Lib\site-packages\sqlalchemy\engine\base.py", line 1846, in _execute_context
    return self._exec_single_context(
           ^^^^^^^^^^^^^^^^^^^^^^^^^^
  File "D:\ASM1\.venv\Lib\site-packages\sqlalchemy\engine\base.py", line 1986, in _exec_single_context
    self._handle_dbapi_exception(
  File "D:\ASM1\.venv\Lib\site-packages\sqlalchemy\engine\base.py", line 2355, in _handle_dbapi_exception
    raise sqlalchemy_exception.with_traceback(exc_info[2]) from e
  File "D:\ASM1\.venv\Lib\site-packages\sqlalchemy\engine\base.py", line 1967, in _exec_single_context
    self.dialect.do_execute(
  File "D:\ASM1\.venv\Lib\site-packages\sqlalchemy\engine\default.py", line 941, in do_execute
    cursor.execute(statement, parameters)
  File "D:\ASM1\.venv\Lib\site-packages\sqlalchemy\dialects\sqlite\aiosqlite.py", line 147, in execute
    self._adapt_connection._handle_exception(error)
  File "D:\ASM1\.venv\Lib\site-packages\sqlalchemy\dialects\sqlite\aiosqlite.py", line 298, in _handle_exception
    raise error
  File "D:\ASM1\.venv\Lib\site-packages\sqlalchemy\dialects\sqlite\aiosqlite.py", line 129, in execute
    self.await_(_cursor.execute(operation, parameters))
  File "D:\ASM1\.venv\Lib\site-packages\sqlalchemy\util\_concurrency_py3k.py", line 132, in await_only
    return current.parent.switch(awaitable)  # type: ignore[no-any-return,attr-defined] # noqa: E501
           ^^^^^^^^^^^^^^^^^^^^^^^^^^^^^^^^
  File "D:\ASM1\.venv\Lib\site-packages\sqlalchemy\util\_concurrency_py3k.py", line 196, in greenlet_spawn
    value = await result
            ^^^^^^^^^^^^
  File "D:\ASM1\.venv\Lib\site-packages\aiosqlite\cursor.py", line 48, in execute
    await self._execute(self._cursor.execute, sql, parameters)
  File "D:\ASM1\.venv\Lib\site-packages\aiosqlite\cursor.py", line 40, in _execute
    return await self._conn._execute(fn, *args, **kwargs)
           ^^^^^^^^^^^^^^^^^^^^^^^^^^^^^^^^^^^^^^^^^^^^^^
  File "D:\ASM1\.venv\Lib\site-packages\aiosqlite\core.py", line 132, in _execute
    return await future
           ^^^^^^^^^^^^
  File "D:\ASM1\.venv\Lib\site-packages\aiosqlite\core.py", line 115, in run
    result = function()
             ^^^^^^^^^^
sqlalchemy.exc.OperationalError: (sqlite3.OperationalError) no such column: users.hashed_password
[SQL: SELECT users.id, users.email, users.name, users.role, users.created_at, users.last_login, users.hashed_password 
FROM users 
WHERE users.email = ?]
[parameters: ('admin@gmail.com',)]
(Background on this error at: https://sqlalche.me/e/20/e3q8)
2026-03-03 17:28:09,445 - core.database - DEBUG - [DB_OP] Database session cleanup after 0.0201s
2026-03-03 17:28:09,445 - aiosqlite - DEBUG - executing functools.partial(<built-in method rollback of sqlite3.Connection object at 0x00000249197F18A0>)
2026-03-03 17:28:09,445 - aiosqlite - DEBUG - operation functools.partial(<built-in method rollback of sqlite3.Connection object at 0x00000249197F18A0>) completed
2026-03-03 17:28:09,445 - aiosqlite - DEBUG - executing functools.partial(<built-in method rollback of sqlite3.Connection object at 0x00000249197F18A0>)
2026-03-03 17:28:09,445 - aiosqlite - DEBUG - operation functools.partial(<built-in method rollback of sqlite3.Connection object at 0x00000249197F18A0>) completed
2026-03-03 17:28:09,445 - aiosqlite - DEBUG - executing functools.partial(<built-in method close of sqlite3.Connection object at 0x00000249197F18A0>)
2026-03-03 17:28:09,455 - aiosqlite - DEBUG - operation functools.partial(<built-in method close of sqlite3.Connection object at 0x00000249197F18A0>) completed
2026-03-03 17:28:09,455 - core.database - ERROR - Failed to create database session: (sqlite3.OperationalError) no such column: users.hashed_password
[SQL: SELECT users.id, users.email, users.name, users.role, users.created_at, users.last_login, users.hashed_password 
FROM users 
WHERE users.email = ?]
[parameters: ('admin@gmail.com',)]
(Background on this error at: https://sqlalche.me/e/20/e3q8)
Traceback (most recent call last):
  File "D:\ASM1\.venv\Lib\site-packages\sqlalchemy\engine\base.py", line 1967, in _exec_single_context
    self.dialect.do_execute(
  File "D:\ASM1\.venv\Lib\site-packages\sqlalchemy\engine\default.py", line 941, in do_execute
    cursor.execute(statement, parameters)
  File "D:\ASM1\.venv\Lib\site-packages\sqlalchemy\dialects\sqlite\aiosqlite.py", line 147, in execute
    self._adapt_connection._handle_exception(error)
  File "D:\ASM1\.venv\Lib\site-packages\sqlalchemy\dialects\sqlite\aiosqlite.py", line 298, in _handle_exception
    raise error
  File "D:\ASM1\.venv\Lib\site-packages\sqlalchemy\dialects\sqlite\aiosqlite.py", line 129, in execute
    self.await_(_cursor.execute(operation, parameters))
  File "D:\ASM1\.venv\Lib\site-packages\sqlalchemy\util\_concurrency_py3k.py", line 132, in await_only
    return current.parent.switch(awaitable)  # type: ignore[no-any-return,attr-defined] # noqa: E501
           ^^^^^^^^^^^^^^^^^^^^^^^^^^^^^^^^
  File "D:\ASM1\.venv\Lib\site-packages\sqlalchemy\util\_concurrency_py3k.py", line 196, in greenlet_spawn
    value = await result
            ^^^^^^^^^^^^
  File "D:\ASM1\.venv\Lib\site-packages\aiosqlite\cursor.py", line 48, in execute
    await self._execute(self._cursor.execute, sql, parameters)
  File "D:\ASM1\.venv\Lib\site-packages\aiosqlite\cursor.py", line 40, in _execute
    return await self._conn._execute(fn, *args, **kwargs)
           ^^^^^^^^^^^^^^^^^^^^^^^^^^^^^^^^^^^^^^^^^^^^^^
  File "D:\ASM1\.venv\Lib\site-packages\aiosqlite\core.py", line 132, in _execute
    return await future
           ^^^^^^^^^^^^
  File "D:\ASM1\.venv\Lib\site-packages\aiosqlite\core.py", line 115, in run
    result = function()
             ^^^^^^^^^^
sqlite3.OperationalError: no such column: users.hashed_password

The above exception was the direct cause of the following exception:

Traceback (most recent call last):
  File "D:\ASM1\backend\core\database.py", line 542, in get_db
    yield session
  File "D:\ASM1\.venv\Lib\site-packages\fastapi\routing.py", line 301, in app
    raw_response = await run_endpoint_function(
                   ^^^^^^^^^^^^^^^^^^^^^^^^^^^^
  File "D:\ASM1\.venv\Lib\site-packages\fastapi\routing.py", line 212, in run_endpoint_function
    return await dependant.call(**values)
           ^^^^^^^^^^^^^^^^^^^^^^^^^^^^^^
  File "D:\ASM1\backend\routers\auth.py", line 349, in login_password
    result = await db.execute(select(User).where(User.email == clean_email))
             ^^^^^^^^^^^^^^^^^^^^^^^^^^^^^^^^^^^^^^^^^^^^^^^^^^^^^^^^^^^^^^^
  File "D:\ASM1\.venv\Lib\site-packages\sqlalchemy\ext\asyncio\session.py", line 461, in execute
    result = await greenlet_spawn(
             ^^^^^^^^^^^^^^^^^^^^^
  File "D:\ASM1\.venv\Lib\site-packages\sqlalchemy\util\_concurrency_py3k.py", line 201, in greenlet_spawn
    result = context.throw(*sys.exc_info())
             ^^^^^^^^^^^^^^^^^^^^^^^^^^^^^^
  File "D:\ASM1\.venv\Lib\site-packages\sqlalchemy\orm\session.py", line 2362, in execute
    return self._execute_internal(
           ^^^^^^^^^^^^^^^^^^^^^^^
  File "D:\ASM1\.venv\Lib\site-packages\sqlalchemy\orm\session.py", line 2247, in _execute_internal
    result: Result[Any] = compile_state_cls.orm_execute_statement(
                          ^^^^^^^^^^^^^^^^^^^^^^^^^^^^^^^^^^^^^^^^
  File "D:\ASM1\.venv\Lib\site-packages\sqlalchemy\orm\context.py", line 305, in orm_execute_statement
    result = conn.execute(
             ^^^^^^^^^^^^^
  File "D:\ASM1\.venv\Lib\site-packages\sqlalchemy\engine\base.py", line 1418, in execute
    return meth(
           ^^^^^
  File "D:\ASM1\.venv\Lib\site-packages\sqlalchemy\sql\elements.py", line 515, in _execute_on_connection
    return connection._execute_clauseelement(
           ^^^^^^^^^^^^^^^^^^^^^^^^^^^^^^^^^^
  File "D:\ASM1\.venv\Lib\site-packages\sqlalchemy\engine\base.py", line 1640, in _execute_clauseelement
    ret = self._execute_context(
          ^^^^^^^^^^^^^^^^^^^^^^
  File "D:\ASM1\.venv\Lib\site-packages\sqlalchemy\engine\base.py", line 1846, in _execute_context
    return self._exec_single_context(
           ^^^^^^^^^^^^^^^^^^^^^^^^^^
  File "D:\ASM1\.venv\Lib\site-packages\sqlalchemy\engine\base.py", line 1986, in _exec_single_context
    self._handle_dbapi_exception(
  File "D:\ASM1\.venv\Lib\site-packages\sqlalchemy\engine\base.py", line 2355, in _handle_dbapi_exception
    raise sqlalchemy_exception.with_traceback(exc_info[2]) from e
  File "D:\ASM1\.venv\Lib\site-packages\sqlalchemy\engine\base.py", line 1967, in _exec_single_context
    self.dialect.do_execute(
  File "D:\ASM1\.venv\Lib\site-packages\sqlalchemy\engine\default.py", line 941, in do_execute
    cursor.execute(statement, parameters)
  File "D:\ASM1\.venv\Lib\site-packages\sqlalchemy\dialects\sqlite\aiosqlite.py", line 147, in execute
    self._adapt_connection._handle_exception(error)
  File "D:\ASM1\.venv\Lib\site-packages\sqlalchemy\dialects\sqlite\aiosqlite.py", line 298, in _handle_exception
    raise error
  File "D:\ASM1\.venv\Lib\site-packages\sqlalchemy\dialects\sqlite\aiosqlite.py", line 129, in execute
    self.await_(_cursor.execute(operation, parameters))
  File "D:\ASM1\.venv\Lib\site-packages\sqlalchemy\util\_concurrency_py3k.py", line 132, in await_only
    return current.parent.switch(awaitable)  # type: ignore[no-any-return,attr-defined] # noqa: E501
           ^^^^^^^^^^^^^^^^^^^^^^^^^^^^^^^^
  File "D:\ASM1\.venv\Lib\site-packages\sqlalchemy\util\_concurrency_py3k.py", line 196, in greenlet_spawn
    value = await result
            ^^^^^^^^^^^^
  File "D:\ASM1\.venv\Lib\site-packages\aiosqlite\cursor.py", line 48, in execute
    await self._execute(self._cursor.execute, sql, parameters)
  File "D:\ASM1\.venv\Lib\site-packages\aiosqlite\cursor.py", line 40, in _execute
    return await self._conn._execute(fn, *args, **kwargs)
           ^^^^^^^^^^^^^^^^^^^^^^^^^^^^^^^^^^^^^^^^^^^^^^
  File "D:\ASM1\.venv\Lib\site-packages\aiosqlite\core.py", line 132, in _execute
    return await future
           ^^^^^^^^^^^^
  File "D:\ASM1\.venv\Lib\site-packages\aiosqlite\core.py", line 115, in run
    result = function()
             ^^^^^^^^^^
sqlalchemy.exc.OperationalError: (sqlite3.OperationalError) no such column: users.hashed_password
[SQL: SELECT users.id, users.email, users.name, users.role, users.created_at, users.last_login, users.hashed_password 
FROM users 
WHERE users.email = ?]
[parameters: ('admin@gmail.com',)]
(Background on this error at: https://sqlalche.me/e/20/e3q8)
2026-03-03 17:28:09,594 - core.database - DEBUG - [DB_OP] Starting get_db session creation
2026-03-03 17:28:09,594 - core.database - DEBUG - [DB_OP] Database session created successfully in 0.0000s
2026-03-03 17:28:09,594 - aiosqlite - DEBUG - executing <function connect.<locals>.connector at 0x0000024919A5B1A0>
2026-03-03 17:28:09,594 - aiosqlite - DEBUG - operation <function connect.<locals>.connector at 0x0000024919A5B1A0> completed
2026-03-03 17:28:09,594 - aiosqlite - DEBUG - executing functools.partial(<built-in method create_function of sqlite3.Connection object at 0x00000249197F1E40>, 'regexp', 2, <function SQLiteDialect_pysqlite.on_connect.<locals>.regexp at 0x00000249197880E0>, deterministic=True)
2026-03-03 17:28:09,594 - aiosqlite - DEBUG - operation functools.partial(<built-in method create_function of sqlite3.Connection object at 0x00000249197F1E40>, 'regexp', 2, <function SQLiteDialect_pysqlite.on_connect.<locals>.regexp at 0x00000249197880E0>, deterministic=True) completed
2026-03-03 17:28:09,594 - aiosqlite - DEBUG - executing functools.partial(<built-in method create_function of sqlite3.Connection object at 0x00000249197F1E40>, 'floor', 1, <built-in function floor>, deterministic=True)
2026-03-03 17:28:09,594 - aiosqlite - DEBUG - operation functools.partial(<built-in method create_function of sqlite3.Connection object at 0x00000249197F1E40>, 'floor', 1, <built-in function floor>, deterministic=True) completed
2026-03-03 17:28:09,602 - aiosqlite - DEBUG - executing functools.partial(<built-in method cursor of sqlite3.Connection object at 0x00000249197F1E40>)
2026-03-03 17:28:09,602 - aiosqlite - DEBUG - operation functools.partial(<built-in method cursor of sqlite3.Connection object at 0x00000249197F1E40>) completed
2026-03-03 17:28:09,602 - aiosqlite - DEBUG - executing functools.partial(<built-in method execute of sqlite3.Cursor object at 0x0000024919A9DEC0>, 'SELECT users.id, users.email, users.name, users.role, users.created_at, users.last_login, users.hashed_password \nFROM users \nWHERE users.email = ?', ('admin@gmail.com',))
2026-03-03 17:28:09,602 - aiosqlite - DEBUG - returning exception no such column: users.hashed_password
2026-03-03 17:28:09,602 - core.database - ERROR - Database session error: (sqlite3.OperationalError) no such column: users.hashed_password
[SQL: SELECT users.id, users.email, users.name, users.role, users.created_at, users.last_login, users.hashed_password 
FROM users 
WHERE users.email = ?]
[parameters: ('admin@gmail.com',)]
(Background on this error at: https://sqlalche.me/e/20/e3q8)
Traceback (most recent call last):
  File "D:\ASM1\.venv\Lib\site-packages\sqlalchemy\engine\base.py", line 1967, in _exec_single_context
    self.dialect.do_execute(
  File "D:\ASM1\.venv\Lib\site-packages\sqlalchemy\engine\default.py", line 941, in do_execute
    cursor.execute(statement, parameters)
  File "D:\ASM1\.venv\Lib\site-packages\sqlalchemy\dialects\sqlite\aiosqlite.py", line 147, in execute
    self._adapt_connection._handle_exception(error)
  File "D:\ASM1\.venv\Lib\site-packages\sqlalchemy\dialects\sqlite\aiosqlite.py", line 298, in _handle_exception
    raise error
  File "D:\ASM1\.venv\Lib\site-packages\sqlalchemy\dialects\sqlite\aiosqlite.py", line 129, in execute
    self.await_(_cursor.execute(operation, parameters))
  File "D:\ASM1\.venv\Lib\site-packages\sqlalchemy\util\_concurrency_py3k.py", line 132, in await_only
    return current.parent.switch(awaitable)  # type: ignore[no-any-return,attr-defined] # noqa: E501
           ^^^^^^^^^^^^^^^^^^^^^^^^^^^^^^^^
  File "D:\ASM1\.venv\Lib\site-packages\sqlalchemy\util\_concurrency_py3k.py", line 196, in greenlet_spawn
    value = await result
            ^^^^^^^^^^^^
  File "D:\ASM1\.venv\Lib\site-packages\aiosqlite\cursor.py", line 48, in execute
    await self._execute(self._cursor.execute, sql, parameters)
  File "D:\ASM1\.venv\Lib\site-packages\aiosqlite\cursor.py", line 40, in _execute
    return await self._conn._execute(fn, *args, **kwargs)
           ^^^^^^^^^^^^^^^^^^^^^^^^^^^^^^^^^^^^^^^^^^^^^^
  File "D:\ASM1\.venv\Lib\site-packages\aiosqlite\core.py", line 132, in _execute
    return await future
           ^^^^^^^^^^^^
  File "D:\ASM1\.venv\Lib\site-packages\aiosqlite\core.py", line 115, in run
    result = function()
             ^^^^^^^^^^
sqlite3.OperationalError: no such column: users.hashed_password

The above exception was the direct cause of the following exception:

Traceback (most recent call last):
  File "D:\ASM1\backend\core\database.py", line 542, in get_db
    yield session
  File "D:\ASM1\.venv\Lib\site-packages\fastapi\routing.py", line 301, in app
    raw_response = await run_endpoint_function(
                   ^^^^^^^^^^^^^^^^^^^^^^^^^^^^
  File "D:\ASM1\.venv\Lib\site-packages\fastapi\routing.py", line 212, in run_endpoint_function
    return await dependant.call(**values)
           ^^^^^^^^^^^^^^^^^^^^^^^^^^^^^^
  File "D:\ASM1\backend\routers\auth.py", line 349, in login_password
    result = await db.execute(select(User).where(User.email == clean_email))
             ^^^^^^^^^^^^^^^^^^^^^^^^^^^^^^^^^^^^^^^^^^^^^^^^^^^^^^^^^^^^^^^
  File "D:\ASM1\.venv\Lib\site-packages\sqlalchemy\ext\asyncio\session.py", line 461, in execute
    result = await greenlet_spawn(
             ^^^^^^^^^^^^^^^^^^^^^
  File "D:\ASM1\.venv\Lib\site-packages\sqlalchemy\util\_concurrency_py3k.py", line 201, in greenlet_spawn
    result = context.throw(*sys.exc_info())
             ^^^^^^^^^^^^^^^^^^^^^^^^^^^^^^
  File "D:\ASM1\.venv\Lib\site-packages\sqlalchemy\orm\session.py", line 2362, in execute
    return self._execute_internal(
           ^^^^^^^^^^^^^^^^^^^^^^^
  File "D:\ASM1\.venv\Lib\site-packages\sqlalchemy\orm\session.py", line 2247, in _execute_internal
    result: Result[Any] = compile_state_cls.orm_execute_statement(
                          ^^^^^^^^^^^^^^^^^^^^^^^^^^^^^^^^^^^^^^^^
  File "D:\ASM1\.venv\Lib\site-packages\sqlalchemy\orm\context.py", line 305, in orm_execute_statement
    result = conn.execute(
             ^^^^^^^^^^^^^
  File "D:\ASM1\.venv\Lib\site-packages\sqlalchemy\engine\base.py", line 1418, in execute
    return meth(
           ^^^^^
  File "D:\ASM1\.venv\Lib\site-packages\sqlalchemy\sql\elements.py", line 515, in _execute_on_connection
    return connection._execute_clauseelement(
           ^^^^^^^^^^^^^^^^^^^^^^^^^^^^^^^^^^
  File "D:\ASM1\.venv\Lib\site-packages\sqlalchemy\engine\base.py", line 1640, in _execute_clauseelement
    ret = self._execute_context(
          ^^^^^^^^^^^^^^^^^^^^^^
  File "D:\ASM1\.venv\Lib\site-packages\sqlalchemy\engine\base.py", line 1846, in _execute_context
    return self._exec_single_context(
           ^^^^^^^^^^^^^^^^^^^^^^^^^^
  File "D:\ASM1\.venv\Lib\site-packages\sqlalchemy\engine\base.py", line 1986, in _exec_single_context
    self._handle_dbapi_exception(
  File "D:\ASM1\.venv\Lib\site-packages\sqlalchemy\engine\base.py", line 2355, in _handle_dbapi_exception
    raise sqlalchemy_exception.with_traceback(exc_info[2]) from e
  File "D:\ASM1\.venv\Lib\site-packages\sqlalchemy\engine\base.py", line 1967, in _exec_single_context
    self.dialect.do_execute(
  File "D:\ASM1\.venv\Lib\site-packages\sqlalchemy\engine\default.py", line 941, in do_execute
    cursor.execute(statement, parameters)
  File "D:\ASM1\.venv\Lib\site-packages\sqlalchemy\dialects\sqlite\aiosqlite.py", line 147, in execute
    self._adapt_connection._handle_exception(error)
  File "D:\ASM1\.venv\Lib\site-packages\sqlalchemy\dialects\sqlite\aiosqlite.py", line 298, in _handle_exception
    raise error
  File "D:\ASM1\.venv\Lib\site-packages\sqlalchemy\dialects\sqlite\aiosqlite.py", line 129, in execute
    self.await_(_cursor.execute(operation, parameters))
  File "D:\ASM1\.venv\Lib\site-packages\sqlalchemy\util\_concurrency_py3k.py", line 132, in await_only
    return current.parent.switch(awaitable)  # type: ignore[no-any-return,attr-defined] # noqa: E501
           ^^^^^^^^^^^^^^^^^^^^^^^^^^^^^^^^
  File "D:\ASM1\.venv\Lib\site-packages\sqlalchemy\util\_concurrency_py3k.py", line 196, in greenlet_spawn
    value = await result
            ^^^^^^^^^^^^
  File "D:\ASM1\.venv\Lib\site-packages\aiosqlite\cursor.py", line 48, in execute
    await self._execute(self._cursor.execute, sql, parameters)
  File "D:\ASM1\.venv\Lib\site-packages\aiosqlite\cursor.py", line 40, in _execute
    return await self._conn._execute(fn, *args, **kwargs)
           ^^^^^^^^^^^^^^^^^^^^^^^^^^^^^^^^^^^^^^^^^^^^^^
  File "D:\ASM1\.venv\Lib\site-packages\aiosqlite\core.py", line 132, in _execute
    return await future
           ^^^^^^^^^^^^
  File "D:\ASM1\.venv\Lib\site-packages\aiosqlite\core.py", line 115, in run
    result = function()
             ^^^^^^^^^^
sqlalchemy.exc.OperationalError: (sqlite3.OperationalError) no such column: users.hashed_password
[SQL: SELECT users.id, users.email, users.name, users.role, users.created_at, users.last_login, users.hashed_password 
FROM users 
WHERE users.email = ?]
[parameters: ('admin@gmail.com',)]
(Background on this error at: https://sqlalche.me/e/20/e3q8)
2026-03-03 17:28:09,615 - core.database - DEBUG - [DB_OP] Database session cleanup after 0.0210s
2026-03-03 17:28:09,616 - aiosqlite - DEBUG - executing functools.partial(<built-in method rollback of sqlite3.Connection object at 0x00000249197F1E40>)
2026-03-03 17:28:09,616 - aiosqlite - DEBUG - operation functools.partial(<built-in method rollback of sqlite3.Connection object at 0x00000249197F1E40>) completed
2026-03-03 17:28:09,616 - aiosqlite - DEBUG - executing functools.partial(<built-in method rollback of sqlite3.Connection object at 0x00000249197F1E40>)
2026-03-03 17:28:09,616 - aiosqlite - DEBUG - operation functools.partial(<built-in method rollback of sqlite3.Connection object at 0x00000249197F1E40>) completed
2026-03-03 17:28:09,616 - aiosqlite - DEBUG - executing functools.partial(<built-in method close of sqlite3.Connection object at 0x00000249197F1E40>)
2026-03-03 17:28:09,616 - aiosqlite - DEBUG - operation functools.partial(<built-in method close of sqlite3.Connection object at 0x00000249197F1E40>) completed
2026-03-03 17:28:09,616 - core.database - ERROR - Failed to create database session: (sqlite3.OperationalError) no such column: users.hashed_password
[SQL: SELECT users.id, users.email, users.name, users.role, users.created_at, users.last_login, users.hashed_password 
FROM users 
WHERE users.email = ?]
[parameters: ('admin@gmail.com',)]
(Background on this error at: https://sqlalche.me/e/20/e3q8)
Traceback (most recent call last):
  File "D:\ASM1\.venv\Lib\site-packages\sqlalchemy\engine\base.py", line 1967, in _exec_single_context
    self.dialect.do_execute(
  File "D:\ASM1\.venv\Lib\site-packages\sqlalchemy\engine\default.py", line 941, in do_execute
    cursor.execute(statement, parameters)
  File "D:\ASM1\.venv\Lib\site-packages\sqlalchemy\dialects\sqlite\aiosqlite.py", line 147, in execute
    self._adapt_connection._handle_exception(error)
  File "D:\ASM1\.venv\Lib\site-packages\sqlalchemy\dialects\sqlite\aiosqlite.py", line 298, in _handle_exception
    raise error
  File "D:\ASM1\.venv\Lib\site-packages\sqlalchemy\dialects\sqlite\aiosqlite.py", line 129, in execute
    self.await_(_cursor.execute(operation, parameters))
  File "D:\ASM1\.venv\Lib\site-packages\sqlalchemy\util\_concurrency_py3k.py", line 132, in await_only
    return current.parent.switch(awaitable)  # type: ignore[no-any-return,attr-defined] # noqa: E501
           ^^^^^^^^^^^^^^^^^^^^^^^^^^^^^^^^
  File "D:\ASM1\.venv\Lib\site-packages\sqlalchemy\util\_concurrency_py3k.py", line 196, in greenlet_spawn
    value = await result
            ^^^^^^^^^^^^
  File "D:\ASM1\.venv\Lib\site-packages\aiosqlite\cursor.py", line 48, in execute
    await self._execute(self._cursor.execute, sql, parameters)
  File "D:\ASM1\.venv\Lib\site-packages\aiosqlite\cursor.py", line 40, in _execute
    return await self._conn._execute(fn, *args, **kwargs)
           ^^^^^^^^^^^^^^^^^^^^^^^^^^^^^^^^^^^^^^^^^^^^^^
  File "D:\ASM1\.venv\Lib\site-packages\aiosqlite\core.py", line 132, in _execute
    return await future
           ^^^^^^^^^^^^
  File "D:\ASM1\.venv\Lib\site-packages\aiosqlite\core.py", line 115, in run
    result = function()
             ^^^^^^^^^^
sqlite3.OperationalError: no such column: users.hashed_password

The above exception was the direct cause of the following exception:

Traceback (most recent call last):
  File "D:\ASM1\backend\core\database.py", line 542, in get_db
    yield session
  File "D:\ASM1\.venv\Lib\site-packages\fastapi\routing.py", line 301, in app
    raw_response = await run_endpoint_function(
                   ^^^^^^^^^^^^^^^^^^^^^^^^^^^^
  File "D:\ASM1\.venv\Lib\site-packages\fastapi\routing.py", line 212, in run_endpoint_function
    return await dependant.call(**values)
           ^^^^^^^^^^^^^^^^^^^^^^^^^^^^^^
  File "D:\ASM1\backend\routers\auth.py", line 349, in login_password
    result = await db.execute(select(User).where(User.email == clean_email))
             ^^^^^^^^^^^^^^^^^^^^^^^^^^^^^^^^^^^^^^^^^^^^^^^^^^^^^^^^^^^^^^^
  File "D:\ASM1\.venv\Lib\site-packages\sqlalchemy\ext\asyncio\session.py", line 461, in execute
    result = await greenlet_spawn(
             ^^^^^^^^^^^^^^^^^^^^^
  File "D:\ASM1\.venv\Lib\site-packages\sqlalchemy\util\_concurrency_py3k.py", line 201, in greenlet_spawn
    result = context.throw(*sys.exc_info())
             ^^^^^^^^^^^^^^^^^^^^^^^^^^^^^^
  File "D:\ASM1\.venv\Lib\site-packages\sqlalchemy\orm\session.py", line 2362, in execute
    return self._execute_internal(
           ^^^^^^^^^^^^^^^^^^^^^^^
  File "D:\ASM1\.venv\Lib\site-packages\sqlalchemy\orm\session.py", line 2247, in _execute_internal
    result: Result[Any] = compile_state_cls.orm_execute_statement(
                          ^^^^^^^^^^^^^^^^^^^^^^^^^^^^^^^^^^^^^^^^
  File "D:\ASM1\.venv\Lib\site-packages\sqlalchemy\orm\context.py", line 305, in orm_execute_statement
    result = conn.execute(
             ^^^^^^^^^^^^^
  File "D:\ASM1\.venv\Lib\site-packages\sqlalchemy\engine\base.py", line 1418, in execute
    return meth(
           ^^^^^
  File "D:\ASM1\.venv\Lib\site-packages\sqlalchemy\sql\elements.py", line 515, in _execute_on_connection
    return connection._execute_clauseelement(
           ^^^^^^^^^^^^^^^^^^^^^^^^^^^^^^^^^^
  File "D:\ASM1\.venv\Lib\site-packages\sqlalchemy\engine\base.py", line 1640, in _execute_clauseelement
    ret = self._execute_context(
          ^^^^^^^^^^^^^^^^^^^^^^
  File "D:\ASM1\.venv\Lib\site-packages\sqlalchemy\engine\base.py", line 1846, in _execute_context
    return self._exec_single_context(
           ^^^^^^^^^^^^^^^^^^^^^^^^^^
  File "D:\ASM1\.venv\Lib\site-packages\sqlalchemy\engine\base.py", line 1986, in _exec_single_context
    self._handle_dbapi_exception(
  File "D:\ASM1\.venv\Lib\site-packages\sqlalchemy\engine\base.py", line 2355, in _handle_dbapi_exception
    raise sqlalchemy_exception.with_traceback(exc_info[2]) from e
  File "D:\ASM1\.venv\Lib\site-packages\sqlalchemy\engine\base.py", line 1967, in _exec_single_context
    self.dialect.do_execute(
  File "D:\ASM1\.venv\Lib\site-packages\sqlalchemy\engine\default.py", line 941, in do_execute
    cursor.execute(statement, parameters)
  File "D:\ASM1\.venv\Lib\site-packages\sqlalchemy\dialects\sqlite\aiosqlite.py", line 147, in execute
    self._adapt_connection._handle_exception(error)
  File "D:\ASM1\.venv\Lib\site-packages\sqlalchemy\dialects\sqlite\aiosqlite.py", line 298, in _handle_exception
    raise error
  File "D:\ASM1\.venv\Lib\site-packages\sqlalchemy\dialects\sqlite\aiosqlite.py", line 129, in execute
    self.await_(_cursor.execute(operation, parameters))
  File "D:\ASM1\.venv\Lib\site-packages\sqlalchemy\util\_concurrency_py3k.py", line 132, in await_only
    return current.parent.switch(awaitable)  # type: ignore[no-any-return,attr-defined] # noqa: E501
           ^^^^^^^^^^^^^^^^^^^^^^^^^^^^^^^^
  File "D:\ASM1\.venv\Lib\site-packages\sqlalchemy\util\_concurrency_py3k.py", line 196, in greenlet_spawn
    value = await result
            ^^^^^^^^^^^^
  File "D:\ASM1\.venv\Lib\site-packages\aiosqlite\cursor.py", line 48, in execute
    await self._execute(self._cursor.execute, sql, parameters)
  File "D:\ASM1\.venv\Lib\site-packages\aiosqlite\cursor.py", line 40, in _execute
    return await self._conn._execute(fn, *args, **kwargs)
           ^^^^^^^^^^^^^^^^^^^^^^^^^^^^^^^^^^^^^^^^^^^^^^
  File "D:\ASM1\.venv\Lib\site-packages\aiosqlite\core.py", line 132, in _execute
    return await future
           ^^^^^^^^^^^^
  File "D:\ASM1\.venv\Lib\site-packages\aiosqlite\core.py", line 115, in run
    result = function()
             ^^^^^^^^^^
sqlalchemy.exc.OperationalError: (sqlite3.OperationalError) no such column: users.hashed_password
[SQL: SELECT users.id, users.email, users.name, users.role, users.created_at, users.last_login, users.hashed_password 
FROM users 
WHERE users.email = ?]
[parameters: ('admin@gmail.com',)]
(Background on this error at: https://sqlalche.me/e/20/e3q8)
2026-03-03 17:28:09,745 - core.database - DEBUG - [DB_OP] Starting get_db session creation
2026-03-03 17:28:09,745 - core.database - DEBUG - [DB_OP] Database session created successfully in 0.0000s
2026-03-03 17:28:09,745 - aiosqlite - DEBUG - executing <function connect.<locals>.connector at 0x0000024919A5BA60>
2026-03-03 17:28:09,745 - aiosqlite - DEBUG - operation <function connect.<locals>.connector at 0x0000024919A5BA60> completed
2026-03-03 17:28:09,745 - aiosqlite - DEBUG - executing functools.partial(<built-in method create_function of sqlite3.Connection object at 0x000002491978F1F0>, 'regexp', 2, <function SQLiteDialect_pysqlite.on_connect.<locals>.regexp at 0x00000249197880E0>, deterministic=True)
2026-03-03 17:28:09,745 - aiosqlite - DEBUG - operation functools.partial(<built-in method create_function of sqlite3.Connection object at 0x000002491978F1F0>, 'regexp', 2, <function SQLiteDialect_pysqlite.on_connect.<locals>.regexp at 0x00000249197880E0>, deterministic=True) completed
2026-03-03 17:28:09,745 - aiosqlite - DEBUG - executing functools.partial(<built-in method create_function of sqlite3.Connection object at 0x000002491978F1F0>, 'floor', 1, <built-in function floor>, deterministic=True)
2026-03-03 17:28:09,745 - aiosqlite - DEBUG - operation functools.partial(<built-in method create_function of sqlite3.Connection object at 0x000002491978F1F0>, 'floor', 1, <built-in function floor>, deterministic=True) completed
2026-03-03 17:28:09,754 - aiosqlite - DEBUG - executing functools.partial(<built-in method cursor of sqlite3.Connection object at 0x000002491978F1F0>)
2026-03-03 17:28:09,754 - aiosqlite - DEBUG - operation functools.partial(<built-in method cursor of sqlite3.Connection object at 0x000002491978F1F0>) completed
2026-03-03 17:28:09,754 - aiosqlite - DEBUG - executing functools.partial(<built-in method execute of sqlite3.Cursor object at 0x0000024919A9F740>, 'SELECT users.id, users.email, users.name, users.role, users.created_at, users.last_login, users.hashed_password \nFROM users \nWHERE users.email = ?', ('admin@gmail.com',))
2026-03-03 17:28:09,754 - aiosqlite - DEBUG - returning exception no such column: users.hashed_password
2026-03-03 17:28:09,754 - core.database - ERROR - Database session error: (sqlite3.OperationalError) no such column: users.hashed_password
[SQL: SELECT users.id, users.email, users.name, users.role, users.created_at, users.last_login, users.hashed_password 
FROM users 
WHERE users.email = ?]
[parameters: ('admin@gmail.com',)]
(Background on this error at: https://sqlalche.me/e/20/e3q8)
Traceback (most recent call last):
  File "D:\ASM1\.venv\Lib\site-packages\sqlalchemy\engine\base.py", line 1967, in _exec_single_context
    self.dialect.do_execute(
  File "D:\ASM1\.venv\Lib\site-packages\sqlalchemy\engine\default.py", line 941, in do_execute
    cursor.execute(statement, parameters)
  File "D:\ASM1\.venv\Lib\site-packages\sqlalchemy\dialects\sqlite\aiosqlite.py", line 147, in execute
    self._adapt_connection._handle_exception(error)
  File "D:\ASM1\.venv\Lib\site-packages\sqlalchemy\dialects\sqlite\aiosqlite.py", line 298, in _handle_exception
    raise error
  File "D:\ASM1\.venv\Lib\site-packages\sqlalchemy\dialects\sqlite\aiosqlite.py", line 129, in execute
    self.await_(_cursor.execute(operation, parameters))
  File "D:\ASM1\.venv\Lib\site-packages\sqlalchemy\util\_concurrency_py3k.py", line 132, in await_only
    return current.parent.switch(awaitable)  # type: ignore[no-any-return,attr-defined] # noqa: E501
           ^^^^^^^^^^^^^^^^^^^^^^^^^^^^^^^^
  File "D:\ASM1\.venv\Lib\site-packages\sqlalchemy\util\_concurrency_py3k.py", line 196, in greenlet_spawn
    value = await result
            ^^^^^^^^^^^^
  File "D:\ASM1\.venv\Lib\site-packages\aiosqlite\cursor.py", line 48, in execute
    await self._execute(self._cursor.execute, sql, parameters)
  File "D:\ASM1\.venv\Lib\site-packages\aiosqlite\cursor.py", line 40, in _execute
    return await self._conn._execute(fn, *args, **kwargs)
           ^^^^^^^^^^^^^^^^^^^^^^^^^^^^^^^^^^^^^^^^^^^^^^
  File "D:\ASM1\.venv\Lib\site-packages\aiosqlite\core.py", line 132, in _execute
    return await future
           ^^^^^^^^^^^^
  File "D:\ASM1\.venv\Lib\site-packages\aiosqlite\core.py", line 115, in run
    result = function()
             ^^^^^^^^^^
sqlite3.OperationalError: no such column: users.hashed_password

The above exception was the direct cause of the following exception:

Traceback (most recent call last):
  File "D:\ASM1\backend\core\database.py", line 542, in get_db
    yield session
  File "D:\ASM1\.venv\Lib\site-packages\fastapi\routing.py", line 301, in app
    raw_response = await run_endpoint_function(
                   ^^^^^^^^^^^^^^^^^^^^^^^^^^^^
  File "D:\ASM1\.venv\Lib\site-packages\fastapi\routing.py", line 212, in run_endpoint_function
    return await dependant.call(**values)
           ^^^^^^^^^^^^^^^^^^^^^^^^^^^^^^
  File "D:\ASM1\backend\routers\auth.py", line 349, in login_password
    result = await db.execute(select(User).where(User.email == clean_email))
             ^^^^^^^^^^^^^^^^^^^^^^^^^^^^^^^^^^^^^^^^^^^^^^^^^^^^^^^^^^^^^^^
  File "D:\ASM1\.venv\Lib\site-packages\sqlalchemy\ext\asyncio\session.py", line 461, in execute
    result = await greenlet_spawn(
             ^^^^^^^^^^^^^^^^^^^^^
  File "D:\ASM1\.venv\Lib\site-packages\sqlalchemy\util\_concurrency_py3k.py", line 201, in greenlet_spawn
    result = context.throw(*sys.exc_info())
             ^^^^^^^^^^^^^^^^^^^^^^^^^^^^^^
  File "D:\ASM1\.venv\Lib\site-packages\sqlalchemy\orm\session.py", line 2362, in execute
    return self._execute_internal(
           ^^^^^^^^^^^^^^^^^^^^^^^
  File "D:\ASM1\.venv\Lib\site-packages\sqlalchemy\orm\session.py", line 2247, in _execute_internal
    result: Result[Any] = compile_state_cls.orm_execute_statement(
                          ^^^^^^^^^^^^^^^^^^^^^^^^^^^^^^^^^^^^^^^^
  File "D:\ASM1\.venv\Lib\site-packages\sqlalchemy\orm\context.py", line 305, in orm_execute_statement
    result = conn.execute(
             ^^^^^^^^^^^^^
  File "D:\ASM1\.venv\Lib\site-packages\sqlalchemy\engine\base.py", line 1418, in execute
    return meth(
           ^^^^^
  File "D:\ASM1\.venv\Lib\site-packages\sqlalchemy\sql\elements.py", line 515, in _execute_on_connection
    return connection._execute_clauseelement(
           ^^^^^^^^^^^^^^^^^^^^^^^^^^^^^^^^^^
  File "D:\ASM1\.venv\Lib\site-packages\sqlalchemy\engine\base.py", line 1640, in _execute_clauseelement
    ret = self._execute_context(
          ^^^^^^^^^^^^^^^^^^^^^^
  File "D:\ASM1\.venv\Lib\site-packages\sqlalchemy\engine\base.py", line 1846, in _execute_context
    return self._exec_single_context(
           ^^^^^^^^^^^^^^^^^^^^^^^^^^
  File "D:\ASM1\.venv\Lib\site-packages\sqlalchemy\engine\base.py", line 1986, in _exec_single_context
    self._handle_dbapi_exception(
  File "D:\ASM1\.venv\Lib\site-packages\sqlalchemy\engine\base.py", line 2355, in _handle_dbapi_exception
    raise sqlalchemy_exception.with_traceback(exc_info[2]) from e
  File "D:\ASM1\.venv\Lib\site-packages\sqlalchemy\engine\base.py", line 1967, in _exec_single_context
    self.dialect.do_execute(
  File "D:\ASM1\.venv\Lib\site-packages\sqlalchemy\engine\default.py", line 941, in do_execute
    cursor.execute(statement, parameters)
  File "D:\ASM1\.venv\Lib\site-packages\sqlalchemy\dialects\sqlite\aiosqlite.py", line 147, in execute
    self._adapt_connection._handle_exception(error)
  File "D:\ASM1\.venv\Lib\site-packages\sqlalchemy\dialects\sqlite\aiosqlite.py", line 298, in _handle_exception
    raise error
  File "D:\ASM1\.venv\Lib\site-packages\sqlalchemy\dialects\sqlite\aiosqlite.py", line 129, in execute
    self.await_(_cursor.execute(operation, parameters))
  File "D:\ASM1\.venv\Lib\site-packages\sqlalchemy\util\_concurrency_py3k.py", line 132, in await_only
    return current.parent.switch(awaitable)  # type: ignore[no-any-return,attr-defined] # noqa: E501
           ^^^^^^^^^^^^^^^^^^^^^^^^^^^^^^^^
  File "D:\ASM1\.venv\Lib\site-packages\sqlalchemy\util\_concurrency_py3k.py", line 196, in greenlet_spawn
    value = await result
            ^^^^^^^^^^^^
  File "D:\ASM1\.venv\Lib\site-packages\aiosqlite\cursor.py", line 48, in execute
    await self._execute(self._cursor.execute, sql, parameters)
  File "D:\ASM1\.venv\Lib\site-packages\aiosqlite\cursor.py", line 40, in _execute
    return await self._conn._execute(fn, *args, **kwargs)
           ^^^^^^^^^^^^^^^^^^^^^^^^^^^^^^^^^^^^^^^^^^^^^^
  File "D:\ASM1\.venv\Lib\site-packages\aiosqlite\core.py", line 132, in _execute
    return await future
           ^^^^^^^^^^^^
  File "D:\ASM1\.venv\Lib\site-packages\aiosqlite\core.py", line 115, in run
    result = function()
             ^^^^^^^^^^
sqlalchemy.exc.OperationalError: (sqlite3.OperationalError) no such column: users.hashed_password
[SQL: SELECT users.id, users.email, users.name, users.role, users.created_at, users.last_login, users.hashed_password 
FROM users 
WHERE users.email = ?]
[parameters: ('admin@gmail.com',)]
(Background on this error at: https://sqlalche.me/e/20/e3q8)
2026-03-03 17:28:09,764 - core.database - DEBUG - [DB_OP] Database session cleanup after 0.0196s
2026-03-03 17:28:09,764 - aiosqlite - DEBUG - executing functools.partial(<built-in method rollback of sqlite3.Connection object at 0x000002491978F1F0>)
2026-03-03 17:28:09,764 - aiosqlite - DEBUG - operation functools.partial(<built-in method rollback of sqlite3.Connection object at 0x000002491978F1F0>) completed
2026-03-03 17:28:09,764 - aiosqlite - DEBUG - executing functools.partial(<built-in method rollback of sqlite3.Connection object at 0x000002491978F1F0>)
2026-03-03 17:28:09,764 - aiosqlite - DEBUG - operation functools.partial(<built-in method rollback of sqlite3.Connection object at 0x000002491978F1F0>) completed
2026-03-03 17:28:09,764 - aiosqlite - DEBUG - executing functools.partial(<built-in method close of sqlite3.Connection object at 0x000002491978F1F0>)
2026-03-03 17:28:09,764 - aiosqlite - DEBUG - operation functools.partial(<built-in method close of sqlite3.Connection object at 0x000002491978F1F0>) completed
2026-03-03 17:28:09,764 - core.database - ERROR - Failed to create database session: (sqlite3.OperationalError) no such column: users.hashed_password
[SQL: SELECT users.id, users.email, users.name, users.role, users.created_at, users.last_login, users.hashed_password 
FROM users 
WHERE users.email = ?]
[parameters: ('admin@gmail.com',)]
(Background on this error at: https://sqlalche.me/e/20/e3q8)
Traceback (most recent call last):
  File "D:\ASM1\.venv\Lib\site-packages\sqlalchemy\engine\base.py", line 1967, in _exec_single_context
    self.dialect.do_execute(
  File "D:\ASM1\.venv\Lib\site-packages\sqlalchemy\engine\default.py", line 941, in do_execute
    cursor.execute(statement, parameters)
  File "D:\ASM1\.venv\Lib\site-packages\sqlalchemy\dialects\sqlite\aiosqlite.py", line 147, in execute
    self._adapt_connection._handle_exception(error)
  File "D:\ASM1\.venv\Lib\site-packages\sqlalchemy\dialects\sqlite\aiosqlite.py", line 298, in _handle_exception
    raise error
  File "D:\ASM1\.venv\Lib\site-packages\sqlalchemy\dialects\sqlite\aiosqlite.py", line 129, in execute
    self.await_(_cursor.execute(operation, parameters))
  File "D:\ASM1\.venv\Lib\site-packages\sqlalchemy\util\_concurrency_py3k.py", line 132, in await_only
    return current.parent.switch(awaitable)  # type: ignore[no-any-return,attr-defined] # noqa: E501
           ^^^^^^^^^^^^^^^^^^^^^^^^^^^^^^^^
  File "D:\ASM1\.venv\Lib\site-packages\sqlalchemy\util\_concurrency_py3k.py", line 196, in greenlet_spawn
    value = await result
            ^^^^^^^^^^^^
  File "D:\ASM1\.venv\Lib\site-packages\aiosqlite\cursor.py", line 48, in execute
    await self._execute(self._cursor.execute, sql, parameters)
  File "D:\ASM1\.venv\Lib\site-packages\aiosqlite\cursor.py", line 40, in _execute
    return await self._conn._execute(fn, *args, **kwargs)
           ^^^^^^^^^^^^^^^^^^^^^^^^^^^^^^^^^^^^^^^^^^^^^^
  File "D:\ASM1\.venv\Lib\site-packages\aiosqlite\core.py", line 132, in _execute
    return await future
           ^^^^^^^^^^^^
  File "D:\ASM1\.venv\Lib\site-packages\aiosqlite\core.py", line 115, in run
    result = function()
             ^^^^^^^^^^
sqlite3.OperationalError: no such column: users.hashed_password

The above exception was the direct cause of the following exception:

Traceback (most recent call last):
  File "D:\ASM1\backend\core\database.py", line 542, in get_db
    yield session
  File "D:\ASM1\.venv\Lib\site-packages\fastapi\routing.py", line 301, in app
    raw_response = await run_endpoint_function(
                   ^^^^^^^^^^^^^^^^^^^^^^^^^^^^
  File "D:\ASM1\.venv\Lib\site-packages\fastapi\routing.py", line 212, in run_endpoint_function
    return await dependant.call(**values)
           ^^^^^^^^^^^^^^^^^^^^^^^^^^^^^^
  File "D:\ASM1\backend\routers\auth.py", line 349, in login_password
    result = await db.execute(select(User).where(User.email == clean_email))
             ^^^^^^^^^^^^^^^^^^^^^^^^^^^^^^^^^^^^^^^^^^^^^^^^^^^^^^^^^^^^^^^
  File "D:\ASM1\.venv\Lib\site-packages\sqlalchemy\ext\asyncio\session.py", line 461, in execute
    result = await greenlet_spawn(
             ^^^^^^^^^^^^^^^^^^^^^
  File "D:\ASM1\.venv\Lib\site-packages\sqlalchemy\util\_concurrency_py3k.py", line 201, in greenlet_spawn
    result = context.throw(*sys.exc_info())
             ^^^^^^^^^^^^^^^^^^^^^^^^^^^^^^
  File "D:\ASM1\.venv\Lib\site-packages\sqlalchemy\orm\session.py", line 2362, in execute
    return self._execute_internal(
           ^^^^^^^^^^^^^^^^^^^^^^^
  File "D:\ASM1\.venv\Lib\site-packages\sqlalchemy\orm\session.py", line 2247, in _execute_internal
    result: Result[Any] = compile_state_cls.orm_execute_statement(
                          ^^^^^^^^^^^^^^^^^^^^^^^^^^^^^^^^^^^^^^^^
  File "D:\ASM1\.venv\Lib\site-packages\sqlalchemy\orm\context.py", line 305, in orm_execute_statement
    result = conn.execute(
             ^^^^^^^^^^^^^
  File "D:\ASM1\.venv\Lib\site-packages\sqlalchemy\engine\base.py", line 1418, in execute
    return meth(
           ^^^^^
  File "D:\ASM1\.venv\Lib\site-packages\sqlalchemy\sql\elements.py", line 515, in _execute_on_connection
    return connection._execute_clauseelement(
           ^^^^^^^^^^^^^^^^^^^^^^^^^^^^^^^^^^
  File "D:\ASM1\.venv\Lib\site-packages\sqlalchemy\engine\base.py", line 1640, in _execute_clauseelement
    ret = self._execute_context(
          ^^^^^^^^^^^^^^^^^^^^^^
  File "D:\ASM1\.venv\Lib\site-packages\sqlalchemy\engine\base.py", line 1846, in _execute_context
    return self._exec_single_context(
           ^^^^^^^^^^^^^^^^^^^^^^^^^^
  File "D:\ASM1\.venv\Lib\site-packages\sqlalchemy\engine\base.py", line 1986, in _exec_single_context
    self._handle_dbapi_exception(
  File "D:\ASM1\.venv\Lib\site-packages\sqlalchemy\engine\base.py", line 2355, in _handle_dbapi_exception
    raise sqlalchemy_exception.with_traceback(exc_info[2]) from e
  File "D:\ASM1\.venv\Lib\site-packages\sqlalchemy\engine\base.py", line 1967, in _exec_single_context
    self.dialect.do_execute(
  File "D:\ASM1\.venv\Lib\site-packages\sqlalchemy\engine\default.py", line 941, in do_execute
    cursor.execute(statement, parameters)
  File "D:\ASM1\.venv\Lib\site-packages\sqlalchemy\dialects\sqlite\aiosqlite.py", line 147, in execute
    self._adapt_connection._handle_exception(error)
  File "D:\ASM1\.venv\Lib\site-packages\sqlalchemy\dialects\sqlite\aiosqlite.py", line 298, in _handle_exception
    raise error
  File "D:\ASM1\.venv\Lib\site-packages\sqlalchemy\dialects\sqlite\aiosqlite.py", line 129, in execute
    self.await_(_cursor.execute(operation, parameters))
  File "D:\ASM1\.venv\Lib\site-packages\sqlalchemy\util\_concurrency_py3k.py", line 132, in await_only
    return current.parent.switch(awaitable)  # type: ignore[no-any-return,attr-defined] # noqa: E501
           ^^^^^^^^^^^^^^^^^^^^^^^^^^^^^^^^
  File "D:\ASM1\.venv\Lib\site-packages\sqlalchemy\util\_concurrency_py3k.py", line 196, in greenlet_spawn
    value = await result
            ^^^^^^^^^^^^
  File "D:\ASM1\.venv\Lib\site-packages\aiosqlite\cursor.py", line 48, in execute
    await self._execute(self._cursor.execute, sql, parameters)
  File "D:\ASM1\.venv\Lib\site-packages\aiosqlite\cursor.py", line 40, in _execute
    return await self._conn._execute(fn, *args, **kwargs)
           ^^^^^^^^^^^^^^^^^^^^^^^^^^^^^^^^^^^^^^^^^^^^^^
  File "D:\ASM1\.venv\Lib\site-packages\aiosqlite\core.py", line 132, in _execute
    return await future
           ^^^^^^^^^^^^
  File "D:\ASM1\.venv\Lib\site-packages\aiosqlite\core.py", line 115, in run
    result = function()
             ^^^^^^^^^^
sqlalchemy.exc.OperationalError: (sqlite3.OperationalError) no such column: users.hashed_password
[SQL: SELECT users.id, users.email, users.name, users.role, users.created_at, users.last_login, users.hashed_password 
FROM users 
WHERE users.email = ?]
[parameters: ('admin@gmail.com',)]
(Background on this error at: https://sqlalche.me/e/20/e3q8)
2026-03-03 17:28:09,895 - core.database - DEBUG - [DB_OP] Starting get_db session creation
2026-03-03 17:28:09,895 - core.database - DEBUG - [DB_OP] Database session created successfully in 0.0000s
2026-03-03 17:28:09,895 - aiosqlite - DEBUG - executing <function connect.<locals>.connector at 0x0000024919A59A80>
2026-03-03 17:28:09,895 - aiosqlite - DEBUG - operation <function connect.<locals>.connector at 0x0000024919A59A80> completed
2026-03-03 17:28:09,895 - aiosqlite - DEBUG - executing functools.partial(<built-in method create_function of sqlite3.Connection object at 0x00000249197F3A60>, 'regexp', 2, <function SQLiteDialect_pysqlite.on_connect.<locals>.regexp at 0x00000249197880E0>, deterministic=True)
2026-03-03 17:28:09,895 - aiosqlite - DEBUG - operation functools.partial(<built-in method create_function of sqlite3.Connection object at 0x00000249197F3A60>, 'regexp', 2, <function SQLiteDialect_pysqlite.on_connect.<locals>.regexp at 0x00000249197880E0>, deterministic=True) completed
2026-03-03 17:28:09,904 - aiosqlite - DEBUG - executing functools.partial(<built-in method create_function of sqlite3.Connection object at 0x00000249197F3A60>, 'floor', 1, <built-in function floor>, deterministic=True)
2026-03-03 17:28:09,904 - aiosqlite - DEBUG - operation functools.partial(<built-in method create_function of sqlite3.Connection object at 0x00000249197F3A60>, 'floor', 1, <built-in function floor>, deterministic=True) completed
2026-03-03 17:28:09,904 - aiosqlite - DEBUG - executing functools.partial(<built-in method cursor of sqlite3.Connection object at 0x00000249197F3A60>)
2026-03-03 17:28:09,904 - aiosqlite - DEBUG - operation functools.partial(<built-in method cursor of sqlite3.Connection object at 0x00000249197F3A60>) completed
2026-03-03 17:28:09,904 - aiosqlite - DEBUG - executing functools.partial(<built-in method execute of sqlite3.Cursor object at 0x0000024919A9EE40>, 'SELECT users.id, users.email, users.name, users.role, users.created_at, users.last_login, users.hashed_password \nFROM users \nWHERE users.email = ?', ('admin@gmail.com',))
2026-03-03 17:28:09,904 - aiosqlite - DEBUG - returning exception no such column: users.hashed_password
2026-03-03 17:28:09,904 - core.database - ERROR - Database session error: (sqlite3.OperationalError) no such column: users.hashed_password
[SQL: SELECT users.id, users.email, users.name, users.role, users.created_at, users.last_login, users.hashed_password 
FROM users 
WHERE users.email = ?]
[parameters: ('admin@gmail.com',)]
(Background on this error at: https://sqlalche.me/e/20/e3q8)
Traceback (most recent call last):
  File "D:\ASM1\.venv\Lib\site-packages\sqlalchemy\engine\base.py", line 1967, in _exec_single_context
    self.dialect.do_execute(
  File "D:\ASM1\.venv\Lib\site-packages\sqlalchemy\engine\default.py", line 941, in do_execute
    cursor.execute(statement, parameters)
  File "D:\ASM1\.venv\Lib\site-packages\sqlalchemy\dialects\sqlite\aiosqlite.py", line 147, in execute
    self._adapt_connection._handle_exception(error)
  File "D:\ASM1\.venv\Lib\site-packages\sqlalchemy\dialects\sqlite\aiosqlite.py", line 298, in _handle_exception
    raise error
  File "D:\ASM1\.venv\Lib\site-packages\sqlalchemy\dialects\sqlite\aiosqlite.py", line 129, in execute
    self.await_(_cursor.execute(operation, parameters))
  File "D:\ASM1\.venv\Lib\site-packages\sqlalchemy\util\_concurrency_py3k.py", line 132, in await_only
    return current.parent.switch(awaitable)  # type: ignore[no-any-return,attr-defined] # noqa: E501
           ^^^^^^^^^^^^^^^^^^^^^^^^^^^^^^^^
  File "D:\ASM1\.venv\Lib\site-packages\sqlalchemy\util\_concurrency_py3k.py", line 196, in greenlet_spawn
    value = await result
            ^^^^^^^^^^^^
  File "D:\ASM1\.venv\Lib\site-packages\aiosqlite\cursor.py", line 48, in execute
    await self._execute(self._cursor.execute, sql, parameters)
  File "D:\ASM1\.venv\Lib\site-packages\aiosqlite\cursor.py", line 40, in _execute
    return await self._conn._execute(fn, *args, **kwargs)
           ^^^^^^^^^^^^^^^^^^^^^^^^^^^^^^^^^^^^^^^^^^^^^^
  File "D:\ASM1\.venv\Lib\site-packages\aiosqlite\core.py", line 132, in _execute
    return await future
           ^^^^^^^^^^^^
  File "D:\ASM1\.venv\Lib\site-packages\aiosqlite\core.py", line 115, in run
    result = function()
             ^^^^^^^^^^
sqlite3.OperationalError: no such column: users.hashed_password

The above exception was the direct cause of the following exception:

Traceback (most recent call last):
  File "D:\ASM1\backend\core\database.py", line 542, in get_db
    yield session
  File "D:\ASM1\.venv\Lib\site-packages\fastapi\routing.py", line 301, in app
    raw_response = await run_endpoint_function(
                   ^^^^^^^^^^^^^^^^^^^^^^^^^^^^
  File "D:\ASM1\.venv\Lib\site-packages\fastapi\routing.py", line 212, in run_endpoint_function
    return await dependant.call(**values)
           ^^^^^^^^^^^^^^^^^^^^^^^^^^^^^^
  File "D:\ASM1\backend\routers\auth.py", line 349, in login_password
    result = await db.execute(select(User).where(User.email == clean_email))
             ^^^^^^^^^^^^^^^^^^^^^^^^^^^^^^^^^^^^^^^^^^^^^^^^^^^^^^^^^^^^^^^
  File "D:\ASM1\.venv\Lib\site-packages\sqlalchemy\ext\asyncio\session.py", line 461, in execute
    result = await greenlet_spawn(
             ^^^^^^^^^^^^^^^^^^^^^
  File "D:\ASM1\.venv\Lib\site-packages\sqlalchemy\util\_concurrency_py3k.py", line 201, in greenlet_spawn
    result = context.throw(*sys.exc_info())
             ^^^^^^^^^^^^^^^^^^^^^^^^^^^^^^
  File "D:\ASM1\.venv\Lib\site-packages\sqlalchemy\orm\session.py", line 2362, in execute
    return self._execute_internal(
           ^^^^^^^^^^^^^^^^^^^^^^^
  File "D:\ASM1\.venv\Lib\site-packages\sqlalchemy\orm\session.py", line 2247, in _execute_internal
    result: Result[Any] = compile_state_cls.orm_execute_statement(
                          ^^^^^^^^^^^^^^^^^^^^^^^^^^^^^^^^^^^^^^^^
  File "D:\ASM1\.venv\Lib\site-packages\sqlalchemy\orm\context.py", line 305, in orm_execute_statement
    result = conn.execute(
             ^^^^^^^^^^^^^
  File "D:\ASM1\.venv\Lib\site-packages\sqlalchemy\engine\base.py", line 1418, in execute
    return meth(
           ^^^^^
  File "D:\ASM1\.venv\Lib\site-packages\sqlalchemy\sql\elements.py", line 515, in _execute_on_connection
    return connection._execute_clauseelement(
           ^^^^^^^^^^^^^^^^^^^^^^^^^^^^^^^^^^
  File "D:\ASM1\.venv\Lib\site-packages\sqlalchemy\engine\base.py", line 1640, in _execute_clauseelement
    ret = self._execute_context(
          ^^^^^^^^^^^^^^^^^^^^^^
  File "D:\ASM1\.venv\Lib\site-packages\sqlalchemy\engine\base.py", line 1846, in _execute_context
    return self._exec_single_context(
           ^^^^^^^^^^^^^^^^^^^^^^^^^^
  File "D:\ASM1\.venv\Lib\site-packages\sqlalchemy\engine\base.py", line 1986, in _exec_single_context
    self._handle_dbapi_exception(
  File "D:\ASM1\.venv\Lib\site-packages\sqlalchemy\engine\base.py", line 2355, in _handle_dbapi_exception
    raise sqlalchemy_exception.with_traceback(exc_info[2]) from e
  File "D:\ASM1\.venv\Lib\site-packages\sqlalchemy\engine\base.py", line 1967, in _exec_single_context
    self.dialect.do_execute(
  File "D:\ASM1\.venv\Lib\site-packages\sqlalchemy\engine\default.py", line 941, in do_execute
    cursor.execute(statement, parameters)
  File "D:\ASM1\.venv\Lib\site-packages\sqlalchemy\dialects\sqlite\aiosqlite.py", line 147, in execute
    self._adapt_connection._handle_exception(error)
  File "D:\ASM1\.venv\Lib\site-packages\sqlalchemy\dialects\sqlite\aiosqlite.py", line 298, in _handle_exception
    raise error
  File "D:\ASM1\.venv\Lib\site-packages\sqlalchemy\dialects\sqlite\aiosqlite.py", line 129, in execute
    self.await_(_cursor.execute(operation, parameters))
  File "D:\ASM1\.venv\Lib\site-packages\sqlalchemy\util\_concurrency_py3k.py", line 132, in await_only
    return current.parent.switch(awaitable)  # type: ignore[no-any-return,attr-defined] # noqa: E501
           ^^^^^^^^^^^^^^^^^^^^^^^^^^^^^^^^
  File "D:\ASM1\.venv\Lib\site-packages\sqlalchemy\util\_concurrency_py3k.py", line 196, in greenlet_spawn
    value = await result
            ^^^^^^^^^^^^
  File "D:\ASM1\.venv\Lib\site-packages\aiosqlite\cursor.py", line 48, in execute
    await self._execute(self._cursor.execute, sql, parameters)
  File "D:\ASM1\.venv\Lib\site-packages\aiosqlite\cursor.py", line 40, in _execute
    return await self._conn._execute(fn, *args, **kwargs)
           ^^^^^^^^^^^^^^^^^^^^^^^^^^^^^^^^^^^^^^^^^^^^^^
  File "D:\ASM1\.venv\Lib\site-packages\aiosqlite\core.py", line 132, in _execute
    return await future
           ^^^^^^^^^^^^
  File "D:\ASM1\.venv\Lib\site-packages\aiosqlite\core.py", line 115, in run
    result = function()
             ^^^^^^^^^^
sqlalchemy.exc.OperationalError: (sqlite3.OperationalError) no such column: users.hashed_password
[SQL: SELECT users.id, users.email, users.name, users.role, users.created_at, users.last_login, users.hashed_password 
FROM users 
WHERE users.email = ?]
[parameters: ('admin@gmail.com',)]
(Background on this error at: https://sqlalche.me/e/20/e3q8)
2026-03-03 17:28:09,914 - core.database - DEBUG - [DB_OP] Database session cleanup after 0.0190s
2026-03-03 17:28:09,922 - aiosqlite - DEBUG - executing functools.partial(<built-in method rollback of sqlite3.Connection object at 0x00000249197F3A60>)
2026-03-03 17:28:09,922 - aiosqlite - DEBUG - operation functools.partial(<built-in method rollback of sqlite3.Connection object at 0x00000249197F3A60>) completed
2026-03-03 17:28:09,922 - aiosqlite - DEBUG - executing functools.partial(<built-in method rollback of sqlite3.Connection object at 0x00000249197F3A60>)
2026-03-03 17:28:09,922 - aiosqlite - DEBUG - operation functools.partial(<built-in method rollback of sqlite3.Connection object at 0x00000249197F3A60>) completed
2026-03-03 17:28:09,922 - aiosqlite - DEBUG - executing functools.partial(<built-in method close of sqlite3.Connection object at 0x00000249197F3A60>)
2026-03-03 17:28:09,922 - aiosqlite - DEBUG - operation functools.partial(<built-in method close of sqlite3.Connection object at 0x00000249197F3A60>) completed
2026-03-03 17:28:09,922 - core.database - ERROR - Failed to create database session: (sqlite3.OperationalError) no such column: users.hashed_password
[SQL: SELECT users.id, users.email, users.name, users.role, users.created_at, users.last_login, users.hashed_password 
FROM users 
WHERE users.email = ?]
[parameters: ('admin@gmail.com',)]
(Background on this error at: https://sqlalche.me/e/20/e3q8)
Traceback (most recent call last):
  File "D:\ASM1\.venv\Lib\site-packages\sqlalchemy\engine\base.py", line 1967, in _exec_single_context
    self.dialect.do_execute(
  File "D:\ASM1\.venv\Lib\site-packages\sqlalchemy\engine\default.py", line 941, in do_execute
    cursor.execute(statement, parameters)
  File "D:\ASM1\.venv\Lib\site-packages\sqlalchemy\dialects\sqlite\aiosqlite.py", line 147, in execute
    self._adapt_connection._handle_exception(error)
  File "D:\ASM1\.venv\Lib\site-packages\sqlalchemy\dialects\sqlite\aiosqlite.py", line 298, in _handle_exception
    raise error
  File "D:\ASM1\.venv\Lib\site-packages\sqlalchemy\dialects\sqlite\aiosqlite.py", line 129, in execute
    self.await_(_cursor.execute(operation, parameters))
  File "D:\ASM1\.venv\Lib\site-packages\sqlalchemy\util\_concurrency_py3k.py", line 132, in await_only
    return current.parent.switch(awaitable)  # type: ignore[no-any-return,attr-defined] # noqa: E501
           ^^^^^^^^^^^^^^^^^^^^^^^^^^^^^^^^
  File "D:\ASM1\.venv\Lib\site-packages\sqlalchemy\util\_concurrency_py3k.py", line 196, in greenlet_spawn
    value = await result
            ^^^^^^^^^^^^
  File "D:\ASM1\.venv\Lib\site-packages\aiosqlite\cursor.py", line 48, in execute
    await self._execute(self._cursor.execute, sql, parameters)
  File "D:\ASM1\.venv\Lib\site-packages\aiosqlite\cursor.py", line 40, in _execute
    return await self._conn._execute(fn, *args, **kwargs)
           ^^^^^^^^^^^^^^^^^^^^^^^^^^^^^^^^^^^^^^^^^^^^^^
  File "D:\ASM1\.venv\Lib\site-packages\aiosqlite\core.py", line 132, in _execute
    return await future
           ^^^^^^^^^^^^
  File "D:\ASM1\.venv\Lib\site-packages\aiosqlite\core.py", line 115, in run
    result = function()
             ^^^^^^^^^^
sqlite3.OperationalError: no such column: users.hashed_password

The above exception was the direct cause of the following exception:

Traceback (most recent call last):
  File "D:\ASM1\backend\core\database.py", line 542, in get_db
    yield session
  File "D:\ASM1\.venv\Lib\site-packages\fastapi\routing.py", line 301, in app
    raw_response = await run_endpoint_function(
                   ^^^^^^^^^^^^^^^^^^^^^^^^^^^^
  File "D:\ASM1\.venv\Lib\site-packages\fastapi\routing.py", line 212, in run_endpoint_function
    return await dependant.call(**values)
           ^^^^^^^^^^^^^^^^^^^^^^^^^^^^^^
  File "D:\ASM1\backend\routers\auth.py", line 349, in login_password
    result = await db.execute(select(User).where(User.email == clean_email))
             ^^^^^^^^^^^^^^^^^^^^^^^^^^^^^^^^^^^^^^^^^^^^^^^^^^^^^^^^^^^^^^^
  File "D:\ASM1\.venv\Lib\site-packages\sqlalchemy\ext\asyncio\session.py", line 461, in execute
    result = await greenlet_spawn(
             ^^^^^^^^^^^^^^^^^^^^^
  File "D:\ASM1\.venv\Lib\site-packages\sqlalchemy\util\_concurrency_py3k.py", line 201, in greenlet_spawn
    result = context.throw(*sys.exc_info())
             ^^^^^^^^^^^^^^^^^^^^^^^^^^^^^^
  File "D:\ASM1\.venv\Lib\site-packages\sqlalchemy\orm\session.py", line 2362, in execute
    return self._execute_internal(
           ^^^^^^^^^^^^^^^^^^^^^^^
  File "D:\ASM1\.venv\Lib\site-packages\sqlalchemy\orm\session.py", line 2247, in _execute_internal
    result: Result[Any] = compile_state_cls.orm_execute_statement(
                          ^^^^^^^^^^^^^^^^^^^^^^^^^^^^^^^^^^^^^^^^
  File "D:\ASM1\.venv\Lib\site-packages\sqlalchemy\orm\context.py", line 305, in orm_execute_statement
    result = conn.execute(
             ^^^^^^^^^^^^^
  File "D:\ASM1\.venv\Lib\site-packages\sqlalchemy\engine\base.py", line 1418, in execute
    return meth(
           ^^^^^
  File "D:\ASM1\.venv\Lib\site-packages\sqlalchemy\sql\elements.py", line 515, in _execute_on_connection
    return connection._execute_clauseelement(
           ^^^^^^^^^^^^^^^^^^^^^^^^^^^^^^^^^^
  File "D:\ASM1\.venv\Lib\site-packages\sqlalchemy\engine\base.py", line 1640, in _execute_clauseelement
    ret = self._execute_context(
          ^^^^^^^^^^^^^^^^^^^^^^
  File "D:\ASM1\.venv\Lib\site-packages\sqlalchemy\engine\base.py", line 1846, in _execute_context
    return self._exec_single_context(
           ^^^^^^^^^^^^^^^^^^^^^^^^^^
  File "D:\ASM1\.venv\Lib\site-packages\sqlalchemy\engine\base.py", line 1986, in _exec_single_context
    self._handle_dbapi_exception(
  File "D:\ASM1\.venv\Lib\site-packages\sqlalchemy\engine\base.py", line 2355, in _handle_dbapi_exception
    raise sqlalchemy_exception.with_traceback(exc_info[2]) from e
  File "D:\ASM1\.venv\Lib\site-packages\sqlalchemy\engine\base.py", line 1967, in _exec_single_context
    self.dialect.do_execute(
  File "D:\ASM1\.venv\Lib\site-packages\sqlalchemy\engine\default.py", line 941, in do_execute
    cursor.execute(statement, parameters)
  File "D:\ASM1\.venv\Lib\site-packages\sqlalchemy\dialects\sqlite\aiosqlite.py", line 147, in execute
    self._adapt_connection._handle_exception(error)
  File "D:\ASM1\.venv\Lib\site-packages\sqlalchemy\dialects\sqlite\aiosqlite.py", line 298, in _handle_exception
    raise error
  File "D:\ASM1\.venv\Lib\site-packages\sqlalchemy\dialects\sqlite\aiosqlite.py", line 129, in execute
    self.await_(_cursor.execute(operation, parameters))
  File "D:\ASM1\.venv\Lib\site-packages\sqlalchemy\util\_concurrency_py3k.py", line 132, in await_only
    return current.parent.switch(awaitable)  # type: ignore[no-any-return,attr-defined] # noqa: E501
           ^^^^^^^^^^^^^^^^^^^^^^^^^^^^^^^^
  File "D:\ASM1\.venv\Lib\site-packages\sqlalchemy\util\_concurrency_py3k.py", line 196, in greenlet_spawn
    value = await result
            ^^^^^^^^^^^^
  File "D:\ASM1\.venv\Lib\site-packages\aiosqlite\cursor.py", line 48, in execute
    await self._execute(self._cursor.execute, sql, parameters)
  File "D:\ASM1\.venv\Lib\site-packages\aiosqlite\cursor.py", line 40, in _execute
    return await self._conn._execute(fn, *args, **kwargs)
           ^^^^^^^^^^^^^^^^^^^^^^^^^^^^^^^^^^^^^^^^^^^^^^
  File "D:\ASM1\.venv\Lib\site-packages\aiosqlite\core.py", line 132, in _execute
    return await future
           ^^^^^^^^^^^^
  File "D:\ASM1\.venv\Lib\site-packages\aiosqlite\core.py", line 115, in run
    result = function()
             ^^^^^^^^^^
sqlalchemy.exc.OperationalError: (sqlite3.OperationalError) no such column: users.hashed_password
[SQL: SELECT users.id, users.email, users.name, users.role, users.created_at, users.last_login, users.hashed_password 
FROM users 
WHERE users.email = ?]
[parameters: ('admin@gmail.com',)]
(Background on this error at: https://sqlalche.me/e/20/e3q8)
2026-03-03 17:28:12,774 - core.database - DEBUG - [DB_OP] Starting get_db session creation
2026-03-03 17:28:12,774 - core.database - DEBUG - [DB_OP] Database session created successfully in 0.0000s
2026-03-03 17:28:12,774 - aiosqlite - DEBUG - executing <function connect.<locals>.connector at 0x0000024919A5BCE0>
2026-03-03 17:28:12,774 - aiosqlite - DEBUG - operation <function connect.<locals>.connector at 0x0000024919A5BCE0> completed
2026-03-03 17:28:12,774 - aiosqlite - DEBUG - executing functools.partial(<built-in method create_function of sqlite3.Connection object at 0x00000249197F3F10>, 'regexp', 2, <function SQLiteDialect_pysqlite.on_connect.<locals>.regexp at 0x00000249197880E0>, deterministic=True)
2026-03-03 17:28:12,784 - aiosqlite - DEBUG - operation functools.partial(<built-in method create_function of sqlite3.Connection object at 0x00000249197F3F10>, 'regexp', 2, <function SQLiteDialect_pysqlite.on_connect.<locals>.regexp at 0x00000249197880E0>, deterministic=True) completed
2026-03-03 17:28:12,784 - aiosqlite - DEBUG - executing functools.partial(<built-in method create_function of sqlite3.Connection object at 0x00000249197F3F10>, 'floor', 1, <built-in function floor>, deterministic=True)
2026-03-03 17:28:12,784 - aiosqlite - DEBUG - operation functools.partial(<built-in method create_function of sqlite3.Connection object at 0x00000249197F3F10>, 'floor', 1, <built-in function floor>, deterministic=True) completed
2026-03-03 17:28:12,784 - aiosqlite - DEBUG - executing functools.partial(<built-in method cursor of sqlite3.Connection object at 0x00000249197F3F10>)
2026-03-03 17:28:12,784 - aiosqlite - DEBUG - operation functools.partial(<built-in method cursor of sqlite3.Connection object at 0x00000249197F3F10>) completed
2026-03-03 17:28:12,784 - aiosqlite - DEBUG - executing functools.partial(<built-in method execute of sqlite3.Cursor object at 0x00000249197079C0>, 'SELECT users.id, users.email, users.name, users.role, users.created_at, users.last_login, users.hashed_password \nFROM users \nWHERE users.email = ?', ('admin@gmail.com',))
2026-03-03 17:28:12,784 - aiosqlite - DEBUG - returning exception no such column: users.hashed_password
2026-03-03 17:28:12,784 - core.database - ERROR - Database session error: (sqlite3.OperationalError) no such column: users.hashed_password
[SQL: SELECT users.id, users.email, users.name, users.role, users.created_at, users.last_login, users.hashed_password 
FROM users 
WHERE users.email = ?]
[parameters: ('admin@gmail.com',)]
(Background on this error at: https://sqlalche.me/e/20/e3q8)
Traceback (most recent call last):
  File "D:\ASM1\.venv\Lib\site-packages\sqlalchemy\engine\base.py", line 1967, in _exec_single_context
    self.dialect.do_execute(
  File "D:\ASM1\.venv\Lib\site-packages\sqlalchemy\engine\default.py", line 941, in do_execute
    cursor.execute(statement, parameters)
  File "D:\ASM1\.venv\Lib\site-packages\sqlalchemy\dialects\sqlite\aiosqlite.py", line 147, in execute
    self._adapt_connection._handle_exception(error)
  File "D:\ASM1\.venv\Lib\site-packages\sqlalchemy\dialects\sqlite\aiosqlite.py", line 298, in _handle_exception
    raise error
  File "D:\ASM1\.venv\Lib\site-packages\sqlalchemy\dialects\sqlite\aiosqlite.py", line 129, in execute
    self.await_(_cursor.execute(operation, parameters))
  File "D:\ASM1\.venv\Lib\site-packages\sqlalchemy\util\_concurrency_py3k.py", line 132, in await_only
    return current.parent.switch(awaitable)  # type: ignore[no-any-return,attr-defined] # noqa: E501
           ^^^^^^^^^^^^^^^^^^^^^^^^^^^^^^^^
  File "D:\ASM1\.venv\Lib\site-packages\sqlalchemy\util\_concurrency_py3k.py", line 196, in greenlet_spawn
    value = await result
            ^^^^^^^^^^^^
  File "D:\ASM1\.venv\Lib\site-packages\aiosqlite\cursor.py", line 48, in execute
    await self._execute(self._cursor.execute, sql, parameters)
  File "D:\ASM1\.venv\Lib\site-packages\aiosqlite\cursor.py", line 40, in _execute
    return await self._conn._execute(fn, *args, **kwargs)
           ^^^^^^^^^^^^^^^^^^^^^^^^^^^^^^^^^^^^^^^^^^^^^^
  File "D:\ASM1\.venv\Lib\site-packages\aiosqlite\core.py", line 132, in _execute
    return await future
           ^^^^^^^^^^^^
  File "D:\ASM1\.venv\Lib\site-packages\aiosqlite\core.py", line 115, in run
    result = function()
             ^^^^^^^^^^
sqlite3.OperationalError: no such column: users.hashed_password

The above exception was the direct cause of the following exception:

Traceback (most recent call last):
  File "D:\ASM1\backend\core\database.py", line 542, in get_db
    yield session
  File "D:\ASM1\.venv\Lib\site-packages\fastapi\routing.py", line 301, in app
    raw_response = await run_endpoint_function(
                   ^^^^^^^^^^^^^^^^^^^^^^^^^^^^
  File "D:\ASM1\.venv\Lib\site-packages\fastapi\routing.py", line 212, in run_endpoint_function
    return await dependant.call(**values)
           ^^^^^^^^^^^^^^^^^^^^^^^^^^^^^^
  File "D:\ASM1\backend\routers\auth.py", line 349, in login_password
    result = await db.execute(select(User).where(User.email == clean_email))
             ^^^^^^^^^^^^^^^^^^^^^^^^^^^^^^^^^^^^^^^^^^^^^^^^^^^^^^^^^^^^^^^
  File "D:\ASM1\.venv\Lib\site-packages\sqlalchemy\ext\asyncio\session.py", line 461, in execute
    result = await greenlet_spawn(
             ^^^^^^^^^^^^^^^^^^^^^
  File "D:\ASM1\.venv\Lib\site-packages\sqlalchemy\util\_concurrency_py3k.py", line 201, in greenlet_spawn
    result = context.throw(*sys.exc_info())
             ^^^^^^^^^^^^^^^^^^^^^^^^^^^^^^
  File "D:\ASM1\.venv\Lib\site-packages\sqlalchemy\orm\session.py", line 2362, in execute
    return self._execute_internal(
           ^^^^^^^^^^^^^^^^^^^^^^^
  File "D:\ASM1\.venv\Lib\site-packages\sqlalchemy\orm\session.py", line 2247, in _execute_internal
    result: Result[Any] = compile_state_cls.orm_execute_statement(
                          ^^^^^^^^^^^^^^^^^^^^^^^^^^^^^^^^^^^^^^^^
  File "D:\ASM1\.venv\Lib\site-packages\sqlalchemy\orm\context.py", line 305, in orm_execute_statement
    result = conn.execute(
             ^^^^^^^^^^^^^
  File "D:\ASM1\.venv\Lib\site-packages\sqlalchemy\engine\base.py", line 1418, in execute
    return meth(
           ^^^^^
  File "D:\ASM1\.venv\Lib\site-packages\sqlalchemy\sql\elements.py", line 515, in _execute_on_connection
    return connection._execute_clauseelement(
           ^^^^^^^^^^^^^^^^^^^^^^^^^^^^^^^^^^
  File "D:\ASM1\.venv\Lib\site-packages\sqlalchemy\engine\base.py", line 1640, in _execute_clauseelement
    ret = self._execute_context(
          ^^^^^^^^^^^^^^^^^^^^^^
  File "D:\ASM1\.venv\Lib\site-packages\sqlalchemy\engine\base.py", line 1846, in _execute_context
    return self._exec_single_context(
           ^^^^^^^^^^^^^^^^^^^^^^^^^^
  File "D:\ASM1\.venv\Lib\site-packages\sqlalchemy\engine\base.py", line 1986, in _exec_single_context
    self._handle_dbapi_exception(
  File "D:\ASM1\.venv\Lib\site-packages\sqlalchemy\engine\base.py", line 2355, in _handle_dbapi_exception
    raise sqlalchemy_exception.with_traceback(exc_info[2]) from e
  File "D:\ASM1\.venv\Lib\site-packages\sqlalchemy\engine\base.py", line 1967, in _exec_single_context
    self.dialect.do_execute(
  File "D:\ASM1\.venv\Lib\site-packages\sqlalchemy\engine\default.py", line 941, in do_execute
    cursor.execute(statement, parameters)
  File "D:\ASM1\.venv\Lib\site-packages\sqlalchemy\dialects\sqlite\aiosqlite.py", line 147, in execute
    self._adapt_connection._handle_exception(error)
  File "D:\ASM1\.venv\Lib\site-packages\sqlalchemy\dialects\sqlite\aiosqlite.py", line 298, in _handle_exception
    raise error
  File "D:\ASM1\.venv\Lib\site-packages\sqlalchemy\dialects\sqlite\aiosqlite.py", line 129, in execute
    self.await_(_cursor.execute(operation, parameters))
  File "D:\ASM1\.venv\Lib\site-packages\sqlalchemy\util\_concurrency_py3k.py", line 132, in await_only
    return current.parent.switch(awaitable)  # type: ignore[no-any-return,attr-defined] # noqa: E501
           ^^^^^^^^^^^^^^^^^^^^^^^^^^^^^^^^
  File "D:\ASM1\.venv\Lib\site-packages\sqlalchemy\util\_concurrency_py3k.py", line 196, in greenlet_spawn
    value = await result
            ^^^^^^^^^^^^
  File "D:\ASM1\.venv\Lib\site-packages\aiosqlite\cursor.py", line 48, in execute
    await self._execute(self._cursor.execute, sql, parameters)
  File "D:\ASM1\.venv\Lib\site-packages\aiosqlite\cursor.py", line 40, in _execute
    return await self._conn._execute(fn, *args, **kwargs)
           ^^^^^^^^^^^^^^^^^^^^^^^^^^^^^^^^^^^^^^^^^^^^^^
  File "D:\ASM1\.venv\Lib\site-packages\aiosqlite\core.py", line 132, in _execute
    return await future
           ^^^^^^^^^^^^
  File "D:\ASM1\.venv\Lib\site-packages\aiosqlite\core.py", line 115, in run
    result = function()
             ^^^^^^^^^^
sqlalchemy.exc.OperationalError: (sqlite3.OperationalError) no such column: users.hashed_password
[SQL: SELECT users.id, users.email, users.name, users.role, users.created_at, users.last_login, users.hashed_password 
FROM users 
WHERE users.email = ?]
[parameters: ('admin@gmail.com',)]
(Background on this error at: https://sqlalche.me/e/20/e3q8)
2026-03-03 17:28:12,792 - core.database - DEBUG - [DB_OP] Database session cleanup after 0.0176s
2026-03-03 17:28:12,800 - aiosqlite - DEBUG - executing functools.partial(<built-in method rollback of sqlite3.Connection object at 0x00000249197F3F10>)
2026-03-03 17:28:12,800 - aiosqlite - DEBUG - operation functools.partial(<built-in method rollback of sqlite3.Connection object at 0x00000249197F3F10>) completed
2026-03-03 17:28:12,800 - aiosqlite - DEBUG - executing functools.partial(<built-in method rollback of sqlite3.Connection object at 0x00000249197F3F10>)
2026-03-03 17:28:12,800 - aiosqlite - DEBUG - operation functools.partial(<built-in method rollback of sqlite3.Connection object at 0x00000249197F3F10>) completed
2026-03-03 17:28:12,800 - aiosqlite - DEBUG - executing functools.partial(<built-in method close of sqlite3.Connection object at 0x00000249197F3F10>)
2026-03-03 17:28:12,800 - aiosqlite - DEBUG - operation functools.partial(<built-in method close of sqlite3.Connection object at 0x00000249197F3F10>) completed
2026-03-03 17:28:12,800 - core.database - ERROR - Failed to create database session: (sqlite3.OperationalError) no such column: users.hashed_password
[SQL: SELECT users.id, users.email, users.name, users.role, users.created_at, users.last_login, users.hashed_password 
FROM users 
WHERE users.email = ?]
[parameters: ('admin@gmail.com',)]
(Background on this error at: https://sqlalche.me/e/20/e3q8)
Traceback (most recent call last):
  File "D:\ASM1\.venv\Lib\site-packages\sqlalchemy\engine\base.py", line 1967, in _exec_single_context
    self.dialect.do_execute(
  File "D:\ASM1\.venv\Lib\site-packages\sqlalchemy\engine\default.py", line 941, in do_execute
    cursor.execute(statement, parameters)
  File "D:\ASM1\.venv\Lib\site-packages\sqlalchemy\dialects\sqlite\aiosqlite.py", line 147, in execute
    self._adapt_connection._handle_exception(error)
  File "D:\ASM1\.venv\Lib\site-packages\sqlalchemy\dialects\sqlite\aiosqlite.py", line 298, in _handle_exception
    raise error
  File "D:\ASM1\.venv\Lib\site-packages\sqlalchemy\dialects\sqlite\aiosqlite.py", line 129, in execute
    self.await_(_cursor.execute(operation, parameters))
  File "D:\ASM1\.venv\Lib\site-packages\sqlalchemy\util\_concurrency_py3k.py", line 132, in await_only
    return current.parent.switch(awaitable)  # type: ignore[no-any-return,attr-defined] # noqa: E501
           ^^^^^^^^^^^^^^^^^^^^^^^^^^^^^^^^
  File "D:\ASM1\.venv\Lib\site-packages\sqlalchemy\util\_concurrency_py3k.py", line 196, in greenlet_spawn
    value = await result
            ^^^^^^^^^^^^
  File "D:\ASM1\.venv\Lib\site-packages\aiosqlite\cursor.py", line 48, in execute
    await self._execute(self._cursor.execute, sql, parameters)
  File "D:\ASM1\.venv\Lib\site-packages\aiosqlite\cursor.py", line 40, in _execute
    return await self._conn._execute(fn, *args, **kwargs)
           ^^^^^^^^^^^^^^^^^^^^^^^^^^^^^^^^^^^^^^^^^^^^^^
  File "D:\ASM1\.venv\Lib\site-packages\aiosqlite\core.py", line 132, in _execute
    return await future
           ^^^^^^^^^^^^
  File "D:\ASM1\.venv\Lib\site-packages\aiosqlite\core.py", line 115, in run
    result = function()
             ^^^^^^^^^^
sqlite3.OperationalError: no such column: users.hashed_password

The above exception was the direct cause of the following exception:

Traceback (most recent call last):
  File "D:\ASM1\backend\core\database.py", line 542, in get_db
    yield session
  File "D:\ASM1\.venv\Lib\site-packages\fastapi\routing.py", line 301, in app
    raw_response = await run_endpoint_function(
                   ^^^^^^^^^^^^^^^^^^^^^^^^^^^^
  File "D:\ASM1\.venv\Lib\site-packages\fastapi\routing.py", line 212, in run_endpoint_function
    return await dependant.call(**values)
           ^^^^^^^^^^^^^^^^^^^^^^^^^^^^^^
  File "D:\ASM1\backend\routers\auth.py", line 349, in login_password
    result = await db.execute(select(User).where(User.email == clean_email))
             ^^^^^^^^^^^^^^^^^^^^^^^^^^^^^^^^^^^^^^^^^^^^^^^^^^^^^^^^^^^^^^^
  File "D:\ASM1\.venv\Lib\site-packages\sqlalchemy\ext\asyncio\session.py", line 461, in execute
    result = await greenlet_spawn(
             ^^^^^^^^^^^^^^^^^^^^^
  File "D:\ASM1\.venv\Lib\site-packages\sqlalchemy\util\_concurrency_py3k.py", line 201, in greenlet_spawn
    result = context.throw(*sys.exc_info())
             ^^^^^^^^^^^^^^^^^^^^^^^^^^^^^^
  File "D:\ASM1\.venv\Lib\site-packages\sqlalchemy\orm\session.py", line 2362, in execute
    return self._execute_internal(
           ^^^^^^^^^^^^^^^^^^^^^^^
  File "D:\ASM1\.venv\Lib\site-packages\sqlalchemy\orm\session.py", line 2247, in _execute_internal
    result: Result[Any] = compile_state_cls.orm_execute_statement(
                          ^^^^^^^^^^^^^^^^^^^^^^^^^^^^^^^^^^^^^^^^
  File "D:\ASM1\.venv\Lib\site-packages\sqlalchemy\orm\context.py", line 305, in orm_execute_statement
    result = conn.execute(
             ^^^^^^^^^^^^^
  File "D:\ASM1\.venv\Lib\site-packages\sqlalchemy\engine\base.py", line 1418, in execute
    return meth(
           ^^^^^
  File "D:\ASM1\.venv\Lib\site-packages\sqlalchemy\sql\elements.py", line 515, in _execute_on_connection
    return connection._execute_clauseelement(
           ^^^^^^^^^^^^^^^^^^^^^^^^^^^^^^^^^^
  File "D:\ASM1\.venv\Lib\site-packages\sqlalchemy\engine\base.py", line 1640, in _execute_clauseelement
    ret = self._execute_context(
          ^^^^^^^^^^^^^^^^^^^^^^
  File "D:\ASM1\.venv\Lib\site-packages\sqlalchemy\engine\base.py", line 1846, in _execute_context
    return self._exec_single_context(
           ^^^^^^^^^^^^^^^^^^^^^^^^^^
  File "D:\ASM1\.venv\Lib\site-packages\sqlalchemy\engine\base.py", line 1986, in _exec_single_context
    self._handle_dbapi_exception(
  File "D:\ASM1\.venv\Lib\site-packages\sqlalchemy\engine\base.py", line 2355, in _handle_dbapi_exception
    raise sqlalchemy_exception.with_traceback(exc_info[2]) from e
  File "D:\ASM1\.venv\Lib\site-packages\sqlalchemy\engine\base.py", line 1967, in _exec_single_context
    self.dialect.do_execute(
  File "D:\ASM1\.venv\Lib\site-packages\sqlalchemy\engine\default.py", line 941, in do_execute
    cursor.execute(statement, parameters)
  File "D:\ASM1\.venv\Lib\site-packages\sqlalchemy\dialects\sqlite\aiosqlite.py", line 147, in execute
    self._adapt_connection._handle_exception(error)
  File "D:\ASM1\.venv\Lib\site-packages\sqlalchemy\dialects\sqlite\aiosqlite.py", line 298, in _handle_exception
    raise error
  File "D:\ASM1\.venv\Lib\site-packages\sqlalchemy\dialects\sqlite\aiosqlite.py", line 129, in execute
    self.await_(_cursor.execute(operation, parameters))
  File "D:\ASM1\.venv\Lib\site-packages\sqlalchemy\util\_concurrency_py3k.py", line 132, in await_only
    return current.parent.switch(awaitable)  # type: ignore[no-any-return,attr-defined] # noqa: E501
           ^^^^^^^^^^^^^^^^^^^^^^^^^^^^^^^^
  File "D:\ASM1\.venv\Lib\site-packages\sqlalchemy\util\_concurrency_py3k.py", line 196, in greenlet_spawn
    value = await result
            ^^^^^^^^^^^^
  File "D:\ASM1\.venv\Lib\site-packages\aiosqlite\cursor.py", line 48, in execute
    await self._execute(self._cursor.execute, sql, parameters)
  File "D:\ASM1\.venv\Lib\site-packages\aiosqlite\cursor.py", line 40, in _execute
    return await self._conn._execute(fn, *args, **kwargs)
           ^^^^^^^^^^^^^^^^^^^^^^^^^^^^^^^^^^^^^^^^^^^^^^
  File "D:\ASM1\.venv\Lib\site-packages\aiosqlite\core.py", line 132, in _execute
    return await future
           ^^^^^^^^^^^^
  File "D:\ASM1\.venv\Lib\site-packages\aiosqlite\core.py", line 115, in run
    result = function()
             ^^^^^^^^^^
sqlalchemy.exc.OperationalError: (sqlite3.OperationalError) no such column: users.hashed_password
[SQL: SELECT users.id, users.email, users.name, users.role, users.created_at, users.last_login, users.hashed_password 
FROM users 
WHERE users.email = ?]
[parameters: ('admin@gmail.com',)]
(Background on this error at: https://sqlalche.me/e/20/e3q8)
2026-03-03 17:34:49,494 - services.database - DEBUG - [DB_OP] Starting database close
2026-03-03 17:34:49,494 - core.database - INFO - Database connection closed and engine disposed
2026-03-03 17:34:49,494 - services.database - INFO - Database connections closed
2026-03-03 17:34:49,494 - services.database - DEBUG - [DB_OP] Database close completed in 0.0000s
