2026-03-04 13:47:51,040 - main - INFO - === Logging system initialized ===
2026-03-04 13:47:51,040 - main - INFO - Log file: logs/app_20260304_134751.log
2026-03-04 13:47:51,041 - main - INFO - Log level: INFO
2026-03-04 13:47:51,041 - main - INFO - Timestamp: 20260304_134751
2026-03-04 13:47:51,067 - main - INFO - === Logging system initialized ===
2026-03-04 13:47:51,068 - main - INFO - Log file: logs/app_20260304_134751.log
2026-03-04 13:47:51,068 - main - INFO - Log level: INFO
2026-03-04 13:47:51,068 - main - INFO - Timestamp: 20260304_134751
2026-03-04 13:47:51,094 - main - INFO - === Logging system initialized ===
2026-03-04 13:47:51,095 - main - INFO - Log file: logs/app_20260304_134751.log
2026-03-04 13:47:51,101 - main - INFO - Log level: INFO
2026-03-04 13:47:51,101 - main - INFO - Timestamp: 20260304_134751
2026-03-04 13:47:51,501 - main - INFO - Included router: routers.aihub.router
2026-03-04 13:47:51,521 - main - INFO - Included router: routers.aihub.router
2026-03-04 13:47:51,533 - main - INFO - Included router: routers.auth.router
2026-03-04 13:47:51,536 - main - INFO - Included router: routers.health.router
2026-03-04 13:47:51,544 - main - INFO - Included router: routers.orders.router
2026-03-04 13:47:51,551 - main - INFO - Included router: routers.auth.router
2026-03-04 13:47:51,552 - main - INFO - Included router: routers.health.router
2026-03-04 13:47:51,553 - main - INFO - Included router: routers.aihub.router
2026-03-04 13:47:51,561 - main - INFO - Included router: routers.orders.router
2026-03-04 13:47:51,588 - main - INFO - Included router: routers.auth.router
2026-03-04 13:47:51,590 - main - INFO - Included router: routers.health.router
2026-03-04 13:47:51,599 - main - INFO - Included router: routers.orders.router
2026-03-04 13:47:51,599 - main - INFO - Included router: routers.products.router
2026-03-04 13:47:51,615 - main - INFO - Included router: routers.settings.router
2026-03-04 13:47:51,615 - main - INFO - Included router: routers.products.router
2026-03-04 13:47:51,636 - main - INFO - Included router: routers.settings.router
2026-03-04 13:47:51,649 - main - INFO - Included router: routers.products.router
2026-03-04 13:47:51,658 - main - INFO - Included router: routers.storage.router
2026-03-04 13:47:51,667 - main - INFO - Included router: routers.user.router
2026-03-04 13:47:51,668 - main - INFO - Included router: routers.settings.router
2026-03-04 13:47:51,668 - main - INFO - === Application startup initiated ===
2026-03-04 13:47:51,668 - services.database - DEBUG - [DB_OP] Starting database initialization
2026-03-04 13:47:51,668 - services.database - INFO - 🔧 Starting database initialization...
2026-03-04 13:47:51,668 - core.database - INFO - Starting database initialization...
2026-03-04 13:47:51,668 - core.database - INFO - Normalizing database URL for async compatibility...
2026-03-04 13:47:51,668 - core.database - DEBUG - Database exists:./test.db
2026-03-04 13:47:51,668 - core.database - WARNING - Adjusted database URL driver for async compatibility
2026-03-04 13:47:51,668 - core.database - INFO - Creating async database engine...
2026-03-04 13:47:51,668 - core.database - INFO - Using NullPool for sqlite+aiosqlite environment
2026-03-04 13:47:51,686 - main - INFO - Included router: routers.storage.router
2026-03-04 13:47:51,696 - core.database - INFO - Database engine created successfully
2026-03-04 13:47:51,696 - core.database - INFO - Creating async session maker...
2026-03-04 13:47:51,697 - core.database - INFO - Async session maker created successfully
2026-03-04 13:47:51,697 - core.database - INFO - Database connection initialized successfully
2026-03-04 13:47:51,697 - services.database - INFO - 🔧 Database connection initialized, now creating tables if tables not exist...
2026-03-04 13:47:51,697 - main - INFO - Included router: routers.user.router
2026-03-04 13:47:51,697 - core.database - DEBUG - [DB_OP] Starting create_tables
2026-03-04 13:47:51,697 - core.database - INFO - 🔧 Starting table creation...
2026-03-04 13:47:51,700 - aiosqlite - DEBUG - executing <function connect.<locals>.connector at 0x000001DCD67ED940>
2026-03-04 13:47:51,700 - aiosqlite - DEBUG - operation <function connect.<locals>.connector at 0x000001DCD67ED940> completed
2026-03-04 13:47:51,701 - main - INFO - === Application startup initiated ===
2026-03-04 13:47:51,701 - aiosqlite - DEBUG - executing functools.partial(<built-in method create_function of sqlite3.Connection object at 0x000001DCD6797B50>, 'regexp', 2, <function SQLiteDialect_pysqlite.on_connect.<locals>.regexp at 0x000001DCD67ECC20>, deterministic=True)
2026-03-04 13:47:51,701 - services.database - DEBUG - [DB_OP] Starting database initialization
2026-03-04 13:47:51,701 - aiosqlite - DEBUG - operation functools.partial(<built-in method create_function of sqlite3.Connection object at 0x000001DCD6797B50>, 'regexp', 2, <function SQLiteDialect_pysqlite.on_connect.<locals>.regexp at 0x000001DCD67ECC20>, deterministic=True) completed
2026-03-04 13:47:51,702 - services.database - INFO - 🔧 Starting database initialization...
2026-03-04 13:47:51,702 - core.database - INFO - Starting database initialization...
2026-03-04 13:47:51,702 - aiosqlite - DEBUG - executing functools.partial(<built-in method create_function of sqlite3.Connection object at 0x000001DCD6797B50>, 'floor', 1, <built-in function floor>, deterministic=True)
2026-03-04 13:47:51,702 - core.database - INFO - Normalizing database URL for async compatibility...
2026-03-04 13:47:51,703 - aiosqlite - DEBUG - operation functools.partial(<built-in method create_function of sqlite3.Connection object at 0x000001DCD6797B50>, 'floor', 1, <built-in function floor>, deterministic=True) completed
2026-03-04 13:47:51,703 - aiosqlite - DEBUG - executing functools.partial(<built-in method cursor of sqlite3.Connection object at 0x000001DCD6797B50>)
2026-03-04 13:47:51,703 - aiosqlite - DEBUG - operation functools.partial(<built-in method cursor of sqlite3.Connection object at 0x000001DCD6797B50>) completed
2026-03-04 13:47:51,704 - core.database - DEBUG - Database exists:./test.db
2026-03-04 13:47:51,704 - aiosqlite - DEBUG - executing functools.partial(<built-in method execute of sqlite3.Cursor object at 0x000001DCD6804340>, 'PRAGMA read_uncommitted', [])
2026-03-04 13:47:51,704 - core.database - WARNING - Adjusted database URL driver for async compatibility
2026-03-04 13:47:51,704 - core.database - INFO - Creating async database engine...
2026-03-04 13:47:51,704 - aiosqlite - DEBUG - operation functools.partial(<built-in method execute of sqlite3.Cursor object at 0x000001DCD6804340>, 'PRAGMA read_uncommitted', []) completed
2026-03-04 13:47:51,705 - core.database - INFO - Using NullPool for sqlite+aiosqlite environment
2026-03-04 13:47:51,705 - aiosqlite - DEBUG - executing functools.partial(<built-in method fetchall of sqlite3.Cursor object at 0x000001DCD6804340>)
2026-03-04 13:47:51,705 - aiosqlite - DEBUG - operation functools.partial(<built-in method fetchall of sqlite3.Cursor object at 0x000001DCD6804340>) completed
2026-03-04 13:47:51,706 - aiosqlite - DEBUG - executing functools.partial(<built-in method close of sqlite3.Cursor object at 0x000001DCD6804340>)
2026-03-04 13:47:51,706 - aiosqlite - DEBUG - operation functools.partial(<built-in method close of sqlite3.Cursor object at 0x000001DCD6804340>) completed
2026-03-04 13:47:51,706 - aiosqlite - DEBUG - executing functools.partial(<built-in method rollback of sqlite3.Connection object at 0x000001DCD6797B50>)
2026-03-04 13:47:51,706 - aiosqlite - DEBUG - operation functools.partial(<built-in method rollback of sqlite3.Connection object at 0x000001DCD6797B50>) completed
2026-03-04 13:47:51,709 - aiosqlite - DEBUG - executing functools.partial(<built-in method cursor of sqlite3.Connection object at 0x000001DCD6797B50>)
2026-03-04 13:47:51,710 - aiosqlite - DEBUG - operation functools.partial(<built-in method cursor of sqlite3.Connection object at 0x000001DCD6797B50>) completed
2026-03-04 13:47:51,710 - aiosqlite - DEBUG - executing functools.partial(<built-in method execute of sqlite3.Cursor object at 0x000001DCD6804440>, 'PRAGMA main.table_info("users")', ())
2026-03-04 13:47:51,711 - aiosqlite - DEBUG - operation functools.partial(<built-in method execute of sqlite3.Cursor object at 0x000001DCD6804440>, 'PRAGMA main.table_info("users")', ()) completed
2026-03-04 13:47:51,712 - aiosqlite - DEBUG - executing functools.partial(<built-in method fetchall of sqlite3.Cursor object at 0x000001DCD6804440>)
2026-03-04 13:47:51,712 - aiosqlite - DEBUG - operation functools.partial(<built-in method fetchall of sqlite3.Cursor object at 0x000001DCD6804440>) completed
2026-03-04 13:47:51,712 - aiosqlite - DEBUG - executing functools.partial(<built-in method close of sqlite3.Cursor object at 0x000001DCD6804440>)
2026-03-04 13:47:51,713 - aiosqlite - DEBUG - operation functools.partial(<built-in method close of sqlite3.Cursor object at 0x000001DCD6804440>) completed
2026-03-04 13:47:51,713 - aiosqlite - DEBUG - executing functools.partial(<built-in method cursor of sqlite3.Connection object at 0x000001DCD6797B50>)
2026-03-04 13:47:51,714 - aiosqlite - DEBUG - operation functools.partial(<built-in method cursor of sqlite3.Connection object at 0x000001DCD6797B50>) completed
2026-03-04 13:47:51,714 - aiosqlite - DEBUG - executing functools.partial(<built-in method execute of sqlite3.Cursor object at 0x000001DCD6804440>, 'PRAGMA main.table_info("oidc_states")', ())
2026-03-04 13:47:51,715 - aiosqlite - DEBUG - operation functools.partial(<built-in method execute of sqlite3.Cursor object at 0x000001DCD6804440>, 'PRAGMA main.table_info("oidc_states")', ()) completed
2026-03-04 13:47:51,715 - aiosqlite - DEBUG - executing functools.partial(<built-in method fetchall of sqlite3.Cursor object at 0x000001DCD6804440>)
2026-03-04 13:47:51,715 - aiosqlite - DEBUG - operation functools.partial(<built-in method fetchall of sqlite3.Cursor object at 0x000001DCD6804440>) completed
2026-03-04 13:47:51,716 - aiosqlite - DEBUG - executing functools.partial(<built-in method close of sqlite3.Cursor object at 0x000001DCD6804440>)
2026-03-04 13:47:51,716 - aiosqlite - DEBUG - operation functools.partial(<built-in method close of sqlite3.Cursor object at 0x000001DCD6804440>) completed
2026-03-04 13:47:51,717 - aiosqlite - DEBUG - executing functools.partial(<built-in method cursor of sqlite3.Connection object at 0x000001DCD6797B50>)
2026-03-04 13:47:51,717 - aiosqlite - DEBUG - operation functools.partial(<built-in method cursor of sqlite3.Connection object at 0x000001DCD6797B50>) completed
2026-03-04 13:47:51,718 - aiosqlite - DEBUG - executing functools.partial(<built-in method execute of sqlite3.Cursor object at 0x000001DCD6804440>, 'PRAGMA main.table_info("orders")', ())
2026-03-04 13:47:51,718 - aiosqlite - DEBUG - operation functools.partial(<built-in method execute of sqlite3.Cursor object at 0x000001DCD6804440>, 'PRAGMA main.table_info("orders")', ()) completed
2026-03-04 13:47:51,719 - aiosqlite - DEBUG - executing functools.partial(<built-in method fetchall of sqlite3.Cursor object at 0x000001DCD6804440>)
2026-03-04 13:47:51,719 - aiosqlite - DEBUG - operation functools.partial(<built-in method fetchall of sqlite3.Cursor object at 0x000001DCD6804440>) completed
2026-03-04 13:47:51,720 - aiosqlite - DEBUG - executing functools.partial(<built-in method close of sqlite3.Cursor object at 0x000001DCD6804440>)
2026-03-04 13:47:51,720 - aiosqlite - DEBUG - operation functools.partial(<built-in method close of sqlite3.Cursor object at 0x000001DCD6804440>) completed
2026-03-04 13:47:51,721 - aiosqlite - DEBUG - executing functools.partial(<built-in method cursor of sqlite3.Connection object at 0x000001DCD6797B50>)
2026-03-04 13:47:51,721 - aiosqlite - DEBUG - operation functools.partial(<built-in method cursor of sqlite3.Connection object at 0x000001DCD6797B50>) completed
2026-03-04 13:47:51,721 - aiosqlite - DEBUG - executing functools.partial(<built-in method execute of sqlite3.Cursor object at 0x000001DCD6804440>, 'PRAGMA main.table_info("products")', ())
2026-03-04 13:47:51,722 - aiosqlite - DEBUG - operation functools.partial(<built-in method execute of sqlite3.Cursor object at 0x000001DCD6804440>, 'PRAGMA main.table_info("products")', ()) completed
2026-03-04 13:47:51,722 - aiosqlite - DEBUG - executing functools.partial(<built-in method fetchall of sqlite3.Cursor object at 0x000001DCD6804440>)
2026-03-04 13:47:51,723 - aiosqlite - DEBUG - operation functools.partial(<built-in method fetchall of sqlite3.Cursor object at 0x000001DCD6804440>) completed
2026-03-04 13:47:51,724 - aiosqlite - DEBUG - executing functools.partial(<built-in method close of sqlite3.Cursor object at 0x000001DCD6804440>)
2026-03-04 13:47:51,724 - aiosqlite - DEBUG - operation functools.partial(<built-in method close of sqlite3.Cursor object at 0x000001DCD6804440>) completed
2026-03-04 13:47:51,724 - core.database - INFO - Tables initialized successfully
2026-03-04 13:47:51,725 - core.database - DEBUG - [DB_OP] Create tables completed in 0.0277s
2026-03-04 13:47:51,725 - aiosqlite - DEBUG - executing functools.partial(<built-in method commit of sqlite3.Connection object at 0x000001DCD6797B50>)
2026-03-04 13:47:51,725 - aiosqlite - DEBUG - operation functools.partial(<built-in method commit of sqlite3.Connection object at 0x000001DCD6797B50>) completed
2026-03-04 13:47:51,727 - aiosqlite - DEBUG - executing functools.partial(<built-in method rollback of sqlite3.Connection object at 0x000001DCD6797B50>)
2026-03-04 13:47:51,728 - aiosqlite - DEBUG - operation functools.partial(<built-in method rollback of sqlite3.Connection object at 0x000001DCD6797B50>) completed
2026-03-04 13:47:51,730 - aiosqlite - DEBUG - executing functools.partial(<built-in method close of sqlite3.Connection object at 0x000001DCD6797B50>)
2026-03-04 13:47:51,730 - aiosqlite - DEBUG - operation functools.partial(<built-in method close of sqlite3.Connection object at 0x000001DCD6797B50>) completed
2026-03-04 13:47:51,731 - services.database - INFO - 🔧 Table creation completed
2026-03-04 13:47:51,731 - services.database - INFO - Database initialized successfully
2026-03-04 13:47:51,732 - services.database - DEBUG - [DB_OP] Database initialization completed in 0.0635s
2026-03-04 13:47:51,732 - services.mock_data - INFO - Processing mock data file products.json for table products
2026-03-04 13:47:51,733 - core.database - INFO - Database engine created successfully
2026-03-04 13:47:51,733 - core.database - INFO - Creating async session maker...
2026-03-04 13:47:51,733 - aiosqlite - DEBUG - executing <function connect.<locals>.connector at 0x000001DCD67ED9E0>
2026-03-04 13:47:51,733 - core.database - INFO - Async session maker created successfully
2026-03-04 13:47:51,733 - aiosqlite - DEBUG - operation <function connect.<locals>.connector at 0x000001DCD67ED9E0> completed
2026-03-04 13:47:51,734 - core.database - INFO - Database connection initialized successfully
2026-03-04 13:47:51,735 - services.database - INFO - 🔧 Database connection initialized, now creating tables if tables not exist...
2026-03-04 13:47:51,735 - aiosqlite - DEBUG - executing functools.partial(<built-in method create_function of sqlite3.Connection object at 0x000001DCD6809F30>, 'regexp', 2, <function SQLiteDialect_pysqlite.on_connect.<locals>.regexp at 0x000001DCD67ECC20>, deterministic=True)
2026-03-04 13:47:51,735 - core.database - DEBUG - [DB_OP] Starting create_tables
2026-03-04 13:47:51,735 - core.database - INFO - 🔧 Starting table creation...
2026-03-04 13:47:51,736 - aiosqlite - DEBUG - operation functools.partial(<built-in method create_function of sqlite3.Connection object at 0x000001DCD6809F30>, 'regexp', 2, <function SQLiteDialect_pysqlite.on_connect.<locals>.regexp at 0x000001DCD67ECC20>, deterministic=True) completed
2026-03-04 13:47:51,736 - aiosqlite - DEBUG - executing functools.partial(<built-in method create_function of sqlite3.Connection object at 0x000001DCD6809F30>, 'floor', 1, <built-in function floor>, deterministic=True)
2026-03-04 13:47:51,737 - aiosqlite - DEBUG - operation functools.partial(<built-in method create_function of sqlite3.Connection object at 0x000001DCD6809F30>, 'floor', 1, <built-in function floor>, deterministic=True) completed
2026-03-04 13:47:51,737 - aiosqlite - DEBUG - executing <function connect.<locals>.connector at 0x000002893FE1D940>
2026-03-04 13:47:51,738 - aiosqlite - DEBUG - operation <function connect.<locals>.connector at 0x000002893FE1D940> completed
2026-03-04 13:47:51,738 - aiosqlite - DEBUG - executing functools.partial(<built-in method cursor of sqlite3.Connection object at 0x000001DCD6809F30>)
2026-03-04 13:47:51,738 - aiosqlite - DEBUG - executing functools.partial(<built-in method create_function of sqlite3.Connection object at 0x000002893FDC7B50>, 'regexp', 2, <function SQLiteDialect_pysqlite.on_connect.<locals>.regexp at 0x000002893FE1CC20>, deterministic=True)
2026-03-04 13:47:51,739 - aiosqlite - DEBUG - operation functools.partial(<built-in method cursor of sqlite3.Connection object at 0x000001DCD6809F30>) completed
2026-03-04 13:47:51,739 - aiosqlite - DEBUG - operation functools.partial(<built-in method create_function of sqlite3.Connection object at 0x000002893FDC7B50>, 'regexp', 2, <function SQLiteDialect_pysqlite.on_connect.<locals>.regexp at 0x000002893FE1CC20>, deterministic=True) completed
2026-03-04 13:47:51,739 - aiosqlite - DEBUG - executing functools.partial(<built-in method execute of sqlite3.Cursor object at 0x000001DCD6804CC0>, 'PRAGMA main.table_xinfo("products")', ())
2026-03-04 13:47:51,740 - aiosqlite - DEBUG - executing functools.partial(<built-in method create_function of sqlite3.Connection object at 0x000002893FDC7B50>, 'floor', 1, <built-in function floor>, deterministic=True)
2026-03-04 13:47:51,740 - aiosqlite - DEBUG - operation functools.partial(<built-in method execute of sqlite3.Cursor object at 0x000001DCD6804CC0>, 'PRAGMA main.table_xinfo("products")', ()) completed
2026-03-04 13:47:51,741 - aiosqlite - DEBUG - operation functools.partial(<built-in method create_function of sqlite3.Connection object at 0x000002893FDC7B50>, 'floor', 1, <built-in function floor>, deterministic=True) completed
2026-03-04 13:47:51,741 - aiosqlite - DEBUG - executing functools.partial(<built-in method fetchall of sqlite3.Cursor object at 0x000001DCD6804CC0>)
2026-03-04 13:47:51,741 - aiosqlite - DEBUG - executing functools.partial(<built-in method cursor of sqlite3.Connection object at 0x000002893FDC7B50>)
2026-03-04 13:47:51,741 - main - INFO - Included router: routers.storage.router
2026-03-04 13:47:51,741 - aiosqlite - DEBUG - operation functools.partial(<built-in method fetchall of sqlite3.Cursor object at 0x000001DCD6804CC0>) completed
2026-03-04 13:47:51,741 - aiosqlite - DEBUG - operation functools.partial(<built-in method cursor of sqlite3.Connection object at 0x000002893FDC7B50>) completed
2026-03-04 13:47:51,742 - aiosqlite - DEBUG - executing functools.partial(<built-in method close of sqlite3.Cursor object at 0x000001DCD6804CC0>)
2026-03-04 13:47:51,742 - aiosqlite - DEBUG - executing functools.partial(<built-in method execute of sqlite3.Cursor object at 0x000002893FE34340>, 'PRAGMA read_uncommitted', [])
2026-03-04 13:47:51,743 - aiosqlite - DEBUG - operation functools.partial(<built-in method close of sqlite3.Cursor object at 0x000001DCD6804CC0>) completed
2026-03-04 13:47:51,743 - aiosqlite - DEBUG - operation functools.partial(<built-in method execute of sqlite3.Cursor object at 0x000002893FE34340>, 'PRAGMA read_uncommitted', []) completed
2026-03-04 13:47:51,744 - aiosqlite - DEBUG - executing functools.partial(<built-in method fetchall of sqlite3.Cursor object at 0x000002893FE34340>)
2026-03-04 13:47:51,744 - aiosqlite - DEBUG - executing functools.partial(<built-in method cursor of sqlite3.Connection object at 0x000001DCD6809F30>)
2026-03-04 13:47:51,744 - aiosqlite - DEBUG - operation functools.partial(<built-in method fetchall of sqlite3.Cursor object at 0x000002893FE34340>) completed
2026-03-04 13:47:51,745 - aiosqlite - DEBUG - operation functools.partial(<built-in method cursor of sqlite3.Connection object at 0x000001DCD6809F30>) completed
2026-03-04 13:47:51,745 - aiosqlite - DEBUG - executing functools.partial(<built-in method close of sqlite3.Cursor object at 0x000002893FE34340>)
2026-03-04 13:47:51,745 - aiosqlite - DEBUG - executing functools.partial(<built-in method execute of sqlite3.Cursor object at 0x000001DCD6804CC0>, "SELECT sql FROM  (SELECT * FROM sqlite_master UNION ALL   SELECT * FROM sqlite_temp_master) WHERE name = ? AND type in ('table', 'view')", ('products',))
2026-03-04 13:47:51,745 - aiosqlite - DEBUG - operation functools.partial(<built-in method close of sqlite3.Cursor object at 0x000002893FE34340>) completed
2026-03-04 13:47:51,746 - aiosqlite - DEBUG - operation functools.partial(<built-in method execute of sqlite3.Cursor object at 0x000001DCD6804CC0>, "SELECT sql FROM  (SELECT * FROM sqlite_master UNION ALL   SELECT * FROM sqlite_temp_master) WHERE name = ? AND type in ('table', 'view')", ('products',)) completed
2026-03-04 13:47:51,746 - aiosqlite - DEBUG - executing functools.partial(<built-in method rollback of sqlite3.Connection object at 0x000002893FDC7B50>)
2026-03-04 13:47:51,746 - aiosqlite - DEBUG - operation functools.partial(<built-in method rollback of sqlite3.Connection object at 0x000002893FDC7B50>) completed
2026-03-04 13:47:51,746 - aiosqlite - DEBUG - executing functools.partial(<built-in method fetchall of sqlite3.Cursor object at 0x000001DCD6804CC0>)
2026-03-04 13:47:51,747 - aiosqlite - DEBUG - operation functools.partial(<built-in method fetchall of sqlite3.Cursor object at 0x000001DCD6804CC0>) completed
2026-03-04 13:47:51,747 - aiosqlite - DEBUG - executing functools.partial(<built-in method cursor of sqlite3.Connection object at 0x000002893FDC7B50>)
2026-03-04 13:47:51,747 - aiosqlite - DEBUG - executing functools.partial(<built-in method close of sqlite3.Cursor object at 0x000001DCD6804CC0>)
2026-03-04 13:47:51,748 - aiosqlite - DEBUG - operation functools.partial(<built-in method close of sqlite3.Cursor object at 0x000001DCD6804CC0>) completed
2026-03-04 13:47:51,748 - aiosqlite - DEBUG - operation functools.partial(<built-in method cursor of sqlite3.Connection object at 0x000002893FDC7B50>) completed
2026-03-04 13:47:51,748 - aiosqlite - DEBUG - executing functools.partial(<built-in method execute of sqlite3.Cursor object at 0x000002893FE34440>, 'PRAGMA main.table_info("users")', ())
2026-03-04 13:47:51,748 - aiosqlite - DEBUG - executing functools.partial(<built-in method cursor of sqlite3.Connection object at 0x000001DCD6809F30>)
2026-03-04 13:47:51,749 - aiosqlite - DEBUG - operation functools.partial(<built-in method cursor of sqlite3.Connection object at 0x000001DCD6809F30>) completed
2026-03-04 13:47:51,749 - aiosqlite - DEBUG - operation functools.partial(<built-in method execute of sqlite3.Cursor object at 0x000002893FE34440>, 'PRAGMA main.table_info("users")', ()) completed
2026-03-04 13:47:51,749 - aiosqlite - DEBUG - executing functools.partial(<built-in method execute of sqlite3.Cursor object at 0x000001DCD6804CC0>, 'PRAGMA main.foreign_key_list("products")', ())
2026-03-04 13:47:51,749 - aiosqlite - DEBUG - executing functools.partial(<built-in method fetchall of sqlite3.Cursor object at 0x000002893FE34440>)
2026-03-04 13:47:51,750 - aiosqlite - DEBUG - operation functools.partial(<built-in method execute of sqlite3.Cursor object at 0x000001DCD6804CC0>, 'PRAGMA main.foreign_key_list("products")', ()) completed
2026-03-04 13:47:51,750 - aiosqlite - DEBUG - operation functools.partial(<built-in method fetchall of sqlite3.Cursor object at 0x000002893FE34440>) completed
2026-03-04 13:47:51,750 - aiosqlite - DEBUG - executing functools.partial(<built-in method fetchall of sqlite3.Cursor object at 0x000001DCD6804CC0>)
2026-03-04 13:47:51,750 - aiosqlite - DEBUG - executing functools.partial(<built-in method close of sqlite3.Cursor object at 0x000002893FE34440>)
2026-03-04 13:47:51,750 - aiosqlite - DEBUG - operation functools.partial(<built-in method fetchall of sqlite3.Cursor object at 0x000001DCD6804CC0>) completed
2026-03-04 13:47:51,750 - aiosqlite - DEBUG - operation functools.partial(<built-in method close of sqlite3.Cursor object at 0x000002893FE34440>) completed
2026-03-04 13:47:51,751 - aiosqlite - DEBUG - executing functools.partial(<built-in method close of sqlite3.Cursor object at 0x000001DCD6804CC0>)
2026-03-04 13:47:51,751 - aiosqlite - DEBUG - operation functools.partial(<built-in method close of sqlite3.Cursor object at 0x000001DCD6804CC0>) completed
2026-03-04 13:47:51,751 - aiosqlite - DEBUG - executing functools.partial(<built-in method cursor of sqlite3.Connection object at 0x000002893FDC7B50>)
2026-03-04 13:47:51,751 - aiosqlite - DEBUG - operation functools.partial(<built-in method cursor of sqlite3.Connection object at 0x000002893FDC7B50>) completed
2026-03-04 13:47:51,751 - aiosqlite - DEBUG - executing functools.partial(<built-in method cursor of sqlite3.Connection object at 0x000001DCD6809F30>)
2026-03-04 13:47:51,752 - aiosqlite - DEBUG - executing functools.partial(<built-in method execute of sqlite3.Cursor object at 0x000002893FE34440>, 'PRAGMA main.table_info("oidc_states")', ())
2026-03-04 13:47:51,752 - aiosqlite - DEBUG - operation functools.partial(<built-in method cursor of sqlite3.Connection object at 0x000001DCD6809F30>) completed
2026-03-04 13:47:51,752 - aiosqlite - DEBUG - operation functools.partial(<built-in method execute of sqlite3.Cursor object at 0x000002893FE34440>, 'PRAGMA main.table_info("oidc_states")', ()) completed
2026-03-04 13:47:51,752 - aiosqlite - DEBUG - executing functools.partial(<built-in method execute of sqlite3.Cursor object at 0x000001DCD6804CC0>, 'PRAGMA temp.foreign_key_list("products")', ())
2026-03-04 13:47:51,752 - aiosqlite - DEBUG - operation functools.partial(<built-in method execute of sqlite3.Cursor object at 0x000001DCD6804CC0>, 'PRAGMA temp.foreign_key_list("products")', ()) completed
2026-03-04 13:47:51,752 - aiosqlite - DEBUG - executing functools.partial(<built-in method fetchall of sqlite3.Cursor object at 0x000002893FE34440>)
2026-03-04 13:47:51,753 - aiosqlite - DEBUG - operation functools.partial(<built-in method fetchall of sqlite3.Cursor object at 0x000002893FE34440>) completed
2026-03-04 13:47:51,753 - aiosqlite - DEBUG - executing functools.partial(<built-in method fetchall of sqlite3.Cursor object at 0x000001DCD6804CC0>)
2026-03-04 13:47:51,753 - aiosqlite - DEBUG - executing functools.partial(<built-in method close of sqlite3.Cursor object at 0x000002893FE34440>)
2026-03-04 13:47:51,753 - aiosqlite - DEBUG - operation functools.partial(<built-in method fetchall of sqlite3.Cursor object at 0x000001DCD6804CC0>) completed
2026-03-04 13:47:51,753 - aiosqlite - DEBUG - operation functools.partial(<built-in method close of sqlite3.Cursor object at 0x000002893FE34440>) completed
2026-03-04 13:47:51,753 - aiosqlite - DEBUG - executing functools.partial(<built-in method close of sqlite3.Cursor object at 0x000001DCD6804CC0>)
2026-03-04 13:47:51,754 - aiosqlite - DEBUG - operation functools.partial(<built-in method close of sqlite3.Cursor object at 0x000001DCD6804CC0>) completed
2026-03-04 13:47:51,754 - aiosqlite - DEBUG - executing functools.partial(<built-in method cursor of sqlite3.Connection object at 0x000002893FDC7B50>)
2026-03-04 13:47:51,754 - aiosqlite - DEBUG - operation functools.partial(<built-in method cursor of sqlite3.Connection object at 0x000002893FDC7B50>) completed
2026-03-04 13:47:51,754 - aiosqlite - DEBUG - executing functools.partial(<built-in method cursor of sqlite3.Connection object at 0x000001DCD6809F30>)
2026-03-04 13:47:51,754 - aiosqlite - DEBUG - executing functools.partial(<built-in method execute of sqlite3.Cursor object at 0x000002893FE34440>, 'PRAGMA main.table_info("orders")', ())
2026-03-04 13:47:51,754 - aiosqlite - DEBUG - operation functools.partial(<built-in method cursor of sqlite3.Connection object at 0x000001DCD6809F30>) completed
2026-03-04 13:47:51,754 - main - INFO - Included router: routers.user.router
2026-03-04 13:47:51,755 - aiosqlite - DEBUG - operation functools.partial(<built-in method execute of sqlite3.Cursor object at 0x000002893FE34440>, 'PRAGMA main.table_info("orders")', ()) completed
2026-03-04 13:47:51,755 - aiosqlite - DEBUG - executing functools.partial(<built-in method execute of sqlite3.Cursor object at 0x000001DCD6804CC0>, "SELECT sql FROM  (SELECT * FROM sqlite_master UNION ALL   SELECT * FROM sqlite_temp_master) WHERE name = ? AND type in ('table', 'view')", ('products',))
2026-03-04 13:47:51,755 - aiosqlite - DEBUG - executing functools.partial(<built-in method fetchall of sqlite3.Cursor object at 0x000002893FE34440>)
2026-03-04 13:47:51,755 - aiosqlite - DEBUG - operation functools.partial(<built-in method fetchall of sqlite3.Cursor object at 0x000002893FE34440>) completed
2026-03-04 13:47:51,756 - aiosqlite - DEBUG - operation functools.partial(<built-in method execute of sqlite3.Cursor object at 0x000001DCD6804CC0>, "SELECT sql FROM  (SELECT * FROM sqlite_master UNION ALL   SELECT * FROM sqlite_temp_master) WHERE name = ? AND type in ('table', 'view')", ('products',)) completed
2026-03-04 13:47:51,757 - aiosqlite - DEBUG - executing functools.partial(<built-in method close of sqlite3.Cursor object at 0x000002893FE34440>)
2026-03-04 13:47:51,757 - aiosqlite - DEBUG - executing functools.partial(<built-in method fetchall of sqlite3.Cursor object at 0x000001DCD6804CC0>)
2026-03-04 13:47:51,758 - aiosqlite - DEBUG - operation functools.partial(<built-in method close of sqlite3.Cursor object at 0x000002893FE34440>) completed
2026-03-04 13:47:51,758 - aiosqlite - DEBUG - operation functools.partial(<built-in method fetchall of sqlite3.Cursor object at 0x000001DCD6804CC0>) completed
2026-03-04 13:47:51,758 - main - INFO - === Application startup initiated ===
2026-03-04 13:47:51,758 - aiosqlite - DEBUG - executing functools.partial(<built-in method close of sqlite3.Cursor object at 0x000001DCD6804CC0>)
2026-03-04 13:47:51,758 - aiosqlite - DEBUG - executing functools.partial(<built-in method cursor of sqlite3.Connection object at 0x000002893FDC7B50>)
2026-03-04 13:47:51,758 - services.database - DEBUG - [DB_OP] Starting database initialization
2026-03-04 13:47:51,759 - aiosqlite - DEBUG - operation functools.partial(<built-in method close of sqlite3.Cursor object at 0x000001DCD6804CC0>) completed
2026-03-04 13:47:51,759 - aiosqlite - DEBUG - operation functools.partial(<built-in method cursor of sqlite3.Connection object at 0x000002893FDC7B50>) completed
2026-03-04 13:47:51,759 - services.database - INFO - 🔧 Starting database initialization...
2026-03-04 13:47:51,759 - core.database - INFO - Starting database initialization...
2026-03-04 13:47:51,759 - aiosqlite - DEBUG - executing functools.partial(<built-in method execute of sqlite3.Cursor object at 0x000002893FE34440>, 'PRAGMA main.table_info("products")', ())
2026-03-04 13:47:51,759 - core.database - INFO - Normalizing database URL for async compatibility...
2026-03-04 13:47:51,759 - aiosqlite - DEBUG - operation functools.partial(<built-in method execute of sqlite3.Cursor object at 0x000002893FE34440>, 'PRAGMA main.table_info("products")', ()) completed
2026-03-04 13:47:51,760 - aiosqlite - DEBUG - executing functools.partial(<built-in method fetchall of sqlite3.Cursor object at 0x000002893FE34440>)
2026-03-04 13:47:51,760 - aiosqlite - DEBUG - operation functools.partial(<built-in method fetchall of sqlite3.Cursor object at 0x000002893FE34440>) completed
2026-03-04 13:47:51,760 - core.database - DEBUG - Database exists:./test.db
2026-03-04 13:47:51,760 - aiosqlite - DEBUG - executing functools.partial(<built-in method close of sqlite3.Cursor object at 0x000002893FE34440>)
2026-03-04 13:47:51,760 - core.database - WARNING - Adjusted database URL driver for async compatibility
2026-03-04 13:47:51,760 - aiosqlite - DEBUG - operation functools.partial(<built-in method close of sqlite3.Cursor object at 0x000002893FE34440>) completed
2026-03-04 13:47:51,760 - core.database - INFO - Creating async database engine...
2026-03-04 13:47:51,761 - aiosqlite - DEBUG - executing functools.partial(<built-in method cursor of sqlite3.Connection object at 0x000001DCD6809F30>)
2026-03-04 13:47:51,761 - core.database - INFO - Using NullPool for sqlite+aiosqlite environment
2026-03-04 13:47:51,761 - aiosqlite - DEBUG - operation functools.partial(<built-in method cursor of sqlite3.Connection object at 0x000001DCD6809F30>) completed
2026-03-04 13:47:51,761 - core.database - INFO - Tables initialized successfully
2026-03-04 13:47:51,761 - core.database - DEBUG - [DB_OP] Create tables completed in 0.0260s
2026-03-04 13:47:51,761 - aiosqlite - DEBUG - executing functools.partial(<built-in method execute of sqlite3.Cursor object at 0x000001DCD6804CC0>, 'PRAGMA main.index_list("products")', ())
2026-03-04 13:47:51,761 - aiosqlite - DEBUG - executing functools.partial(<built-in method commit of sqlite3.Connection object at 0x000002893FDC7B50>)
2026-03-04 13:47:51,761 - aiosqlite - DEBUG - operation functools.partial(<built-in method execute of sqlite3.Cursor object at 0x000001DCD6804CC0>, 'PRAGMA main.index_list("products")', ()) completed
2026-03-04 13:47:51,762 - aiosqlite - DEBUG - operation functools.partial(<built-in method commit of sqlite3.Connection object at 0x000002893FDC7B50>) completed
2026-03-04 13:47:51,762 - aiosqlite - DEBUG - executing functools.partial(<built-in method fetchall of sqlite3.Cursor object at 0x000001DCD6804CC0>)
2026-03-04 13:47:51,762 - aiosqlite - DEBUG - executing functools.partial(<built-in method rollback of sqlite3.Connection object at 0x000002893FDC7B50>)
2026-03-04 13:47:51,762 - aiosqlite - DEBUG - operation functools.partial(<built-in method fetchall of sqlite3.Cursor object at 0x000001DCD6804CC0>) completed
2026-03-04 13:47:51,762 - aiosqlite - DEBUG - operation functools.partial(<built-in method rollback of sqlite3.Connection object at 0x000002893FDC7B50>) completed
2026-03-04 13:47:51,762 - aiosqlite - DEBUG - executing functools.partial(<built-in method close of sqlite3.Cursor object at 0x000001DCD6804CC0>)
2026-03-04 13:47:51,763 - aiosqlite - DEBUG - operation functools.partial(<built-in method close of sqlite3.Cursor object at 0x000001DCD6804CC0>) completed
2026-03-04 13:47:51,763 - aiosqlite - DEBUG - executing functools.partial(<built-in method close of sqlite3.Connection object at 0x000002893FDC7B50>)
2026-03-04 13:47:51,763 - aiosqlite - DEBUG - operation functools.partial(<built-in method close of sqlite3.Connection object at 0x000002893FDC7B50>) completed
2026-03-04 13:47:51,763 - aiosqlite - DEBUG - executing functools.partial(<built-in method cursor of sqlite3.Connection object at 0x000001DCD6809F30>)
2026-03-04 13:47:51,763 - services.database - INFO - 🔧 Table creation completed
2026-03-04 13:47:51,764 - aiosqlite - DEBUG - operation functools.partial(<built-in method cursor of sqlite3.Connection object at 0x000001DCD6809F30>) completed
2026-03-04 13:47:51,764 - services.database - INFO - Database initialized successfully
2026-03-04 13:47:51,764 - services.database - DEBUG - [DB_OP] Database initialization completed in 0.0625s
2026-03-04 13:47:51,764 - aiosqlite - DEBUG - executing functools.partial(<built-in method execute of sqlite3.Cursor object at 0x000001DCD6804CC0>, 'PRAGMA main.index_info("ix_products_id")', ())
2026-03-04 13:47:51,764 - aiosqlite - DEBUG - operation functools.partial(<built-in method execute of sqlite3.Cursor object at 0x000001DCD6804CC0>, 'PRAGMA main.index_info("ix_products_id")', ()) completed
2026-03-04 13:47:51,765 - services.mock_data - INFO - Processing mock data file products.json for table products
2026-03-04 13:47:51,765 - aiosqlite - DEBUG - executing functools.partial(<built-in method fetchall of sqlite3.Cursor object at 0x000001DCD6804CC0>)
2026-03-04 13:47:51,765 - aiosqlite - DEBUG - operation functools.partial(<built-in method fetchall of sqlite3.Cursor object at 0x000001DCD6804CC0>) completed
2026-03-04 13:47:51,765 - aiosqlite - DEBUG - executing <function connect.<locals>.connector at 0x000002893FE1D9E0>
2026-03-04 13:47:51,766 - aiosqlite - DEBUG - executing functools.partial(<built-in method close of sqlite3.Cursor object at 0x000001DCD6804CC0>)
2026-03-04 13:47:51,766 - aiosqlite - DEBUG - operation functools.partial(<built-in method close of sqlite3.Cursor object at 0x000001DCD6804CC0>) completed
2026-03-04 13:47:51,766 - aiosqlite - DEBUG - executing functools.partial(<built-in method create_function of sqlite3.Connection object at 0x000002893FE39F30>, 'regexp', 2, <function SQLiteDialect_pysqlite.on_connect.<locals>.regexp at 0x000002893FE1CC20>, deterministic=True)
2026-03-04 13:47:51,766 - aiosqlite - DEBUG - operation functools.partial(<built-in method create_function of sqlite3.Connection object at 0x000002893FE39F30>, 'regexp', 2, <function SQLiteDialect_pysqlite.on_connect.<locals>.regexp at 0x000002893FE1CC20>, deterministic=True) completed
2026-03-04 13:47:51,766 - aiosqlite - DEBUG - executing functools.partial(<built-in method cursor of sqlite3.Connection object at 0x000001DCD6809F30>)
2026-03-04 13:47:51,767 - aiosqlite - DEBUG - operation functools.partial(<built-in method cursor of sqlite3.Connection object at 0x000001DCD6809F30>) completed
2026-03-04 13:47:51,767 - aiosqlite - DEBUG - executing functools.partial(<built-in method create_function of sqlite3.Connection object at 0x000002893FE39F30>, 'floor', 1, <built-in function floor>, deterministic=True)
2026-03-04 13:47:51,767 - aiosqlite - DEBUG - executing functools.partial(<built-in method execute of sqlite3.Cursor object at 0x000001DCD6804CC0>, 'PRAGMA main.index_list("products")', ())
2026-03-04 13:47:51,767 - aiosqlite - DEBUG - operation functools.partial(<built-in method create_function of sqlite3.Connection object at 0x000002893FE39F30>, 'floor', 1, <built-in function floor>, deterministic=True) completed
2026-03-04 13:47:51,767 - aiosqlite - DEBUG - operation functools.partial(<built-in method execute of sqlite3.Cursor object at 0x000001DCD6804CC0>, 'PRAGMA main.index_list("products")', ()) completed
2026-03-04 13:47:51,768 - aiosqlite - DEBUG - executing functools.partial(<built-in method fetchall of sqlite3.Cursor object at 0x000001DCD6804CC0>)
2026-03-04 13:47:51,768 - aiosqlite - DEBUG - executing functools.partial(<built-in method cursor of sqlite3.Connection object at 0x000002893FE39F30>)
2026-03-04 13:47:51,768 - aiosqlite - DEBUG - operation functools.partial(<built-in method fetchall of sqlite3.Cursor object at 0x000001DCD6804CC0>) completed
2026-03-04 13:47:51,768 - aiosqlite - DEBUG - operation functools.partial(<built-in method cursor of sqlite3.Connection object at 0x000002893FE39F30>) completed
2026-03-04 13:47:51,768 - aiosqlite - DEBUG - executing functools.partial(<built-in method close of sqlite3.Cursor object at 0x000001DCD6804CC0>)
2026-03-04 13:47:51,768 - aiosqlite - DEBUG - executing functools.partial(<built-in method execute of sqlite3.Cursor object at 0x000002893FE34CC0>, 'PRAGMA main.table_xinfo("products")', ())
2026-03-04 13:47:51,768 - aiosqlite - DEBUG - operation functools.partial(<built-in method close of sqlite3.Cursor object at 0x000001DCD6804CC0>) completed
2026-03-04 13:47:51,769 - aiosqlite - DEBUG - executing functools.partial(<built-in method cursor of sqlite3.Connection object at 0x000001DCD6809F30>)
2026-03-04 13:47:51,769 - aiosqlite - DEBUG - operation functools.partial(<built-in method execute of sqlite3.Cursor object at 0x000002893FE34CC0>, 'PRAGMA main.table_xinfo("products")', ()) completed
2026-03-04 13:47:51,769 - aiosqlite - DEBUG - operation functools.partial(<built-in method cursor of sqlite3.Connection object at 0x000001DCD6809F30>) completed
2026-03-04 13:47:51,769 - aiosqlite - DEBUG - executing functools.partial(<built-in method fetchall of sqlite3.Cursor object at 0x000002893FE34CC0>)
2026-03-04 13:47:51,769 - aiosqlite - DEBUG - executing functools.partial(<built-in method execute of sqlite3.Cursor object at 0x000001DCD6804CC0>, 'PRAGMA main.index_info("ix_products_id")', ())
2026-03-04 13:47:51,770 - aiosqlite - DEBUG - operation functools.partial(<built-in method fetchall of sqlite3.Cursor object at 0x000002893FE34CC0>) completed
2026-03-04 13:47:51,770 - aiosqlite - DEBUG - operation functools.partial(<built-in method execute of sqlite3.Cursor object at 0x000001DCD6804CC0>, 'PRAGMA main.index_info("ix_products_id")', ()) completed
2026-03-04 13:47:51,770 - aiosqlite - DEBUG - executing functools.partial(<built-in method close of sqlite3.Cursor object at 0x000002893FE34CC0>)
2026-03-04 13:47:51,770 - aiosqlite - DEBUG - executing functools.partial(<built-in method fetchall of sqlite3.Cursor object at 0x000001DCD6804CC0>)
2026-03-04 13:47:51,770 - aiosqlite - DEBUG - operation functools.partial(<built-in method close of sqlite3.Cursor object at 0x000002893FE34CC0>) completed
2026-03-04 13:47:51,770 - aiosqlite - DEBUG - operation functools.partial(<built-in method fetchall of sqlite3.Cursor object at 0x000001DCD6804CC0>) completed
2026-03-04 13:47:51,771 - aiosqlite - DEBUG - executing functools.partial(<built-in method close of sqlite3.Cursor object at 0x000001DCD6804CC0>)
2026-03-04 13:47:51,771 - aiosqlite - DEBUG - operation functools.partial(<built-in method close of sqlite3.Cursor object at 0x000001DCD6804CC0>) completed
2026-03-04 13:47:51,771 - aiosqlite - DEBUG - executing functools.partial(<built-in method cursor of sqlite3.Connection object at 0x000002893FE39F30>)
2026-03-04 13:47:51,771 - aiosqlite - DEBUG - operation functools.partial(<built-in method cursor of sqlite3.Connection object at 0x000002893FE39F30>) completed
2026-03-04 13:47:51,771 - aiosqlite - DEBUG - executing functools.partial(<built-in method cursor of sqlite3.Connection object at 0x000001DCD6809F30>)
2026-03-04 13:47:51,772 - aiosqlite - DEBUG - operation functools.partial(<built-in method cursor of sqlite3.Connection object at 0x000001DCD6809F30>) completed
2026-03-04 13:47:51,772 - aiosqlite - DEBUG - executing functools.partial(<built-in method execute of sqlite3.Cursor object at 0x000002893FE34CC0>, "SELECT sql FROM  (SELECT * FROM sqlite_master UNION ALL   SELECT * FROM sqlite_temp_master) WHERE name = ? AND type in ('table', 'view')", ('products',))
2026-03-04 13:47:51,772 - aiosqlite - DEBUG - executing functools.partial(<built-in method execute of sqlite3.Cursor object at 0x000001DCD6804CC0>, "SELECT sql FROM  (SELECT * FROM sqlite_master UNION ALL   SELECT * FROM sqlite_temp_master) WHERE name = ? AND type in ('table', 'view')", ('products',))
2026-03-04 13:47:51,772 - aiosqlite - DEBUG - operation functools.partial(<built-in method execute of sqlite3.Cursor object at 0x000002893FE34CC0>, "SELECT sql FROM  (SELECT * FROM sqlite_master UNION ALL   SELECT * FROM sqlite_temp_master) WHERE name = ? AND type in ('table', 'view')", ('products',)) completed
2026-03-04 13:47:51,772 - aiosqlite - DEBUG - operation functools.partial(<built-in method execute of sqlite3.Cursor object at 0x000001DCD6804CC0>, "SELECT sql FROM  (SELECT * FROM sqlite_master UNION ALL   SELECT * FROM sqlite_temp_master) WHERE name = ? AND type in ('table', 'view')", ('products',)) completed
2026-03-04 13:47:51,773 - aiosqlite - DEBUG - executing functools.partial(<built-in method fetchall of sqlite3.Cursor object at 0x000002893FE34CC0>)
2026-03-04 13:47:51,773 - aiosqlite - DEBUG - executing functools.partial(<built-in method fetchall of sqlite3.Cursor object at 0x000001DCD6804CC0>)
2026-03-04 13:47:51,773 - aiosqlite - DEBUG - operation functools.partial(<built-in method fetchall of sqlite3.Cursor object at 0x000002893FE34CC0>) completed
2026-03-04 13:47:51,773 - aiosqlite - DEBUG - operation functools.partial(<built-in method fetchall of sqlite3.Cursor object at 0x000001DCD6804CC0>) completed
2026-03-04 13:47:51,773 - aiosqlite - DEBUG - executing functools.partial(<built-in method close of sqlite3.Cursor object at 0x000002893FE34CC0>)
2026-03-04 13:47:51,773 - aiosqlite - DEBUG - executing functools.partial(<built-in method close of sqlite3.Cursor object at 0x000001DCD6804CC0>)
2026-03-04 13:47:51,773 - aiosqlite - DEBUG - operation functools.partial(<built-in method close of sqlite3.Cursor object at 0x000002893FE34CC0>) completed
2026-03-04 13:47:51,774 - aiosqlite - DEBUG - operation functools.partial(<built-in method close of sqlite3.Cursor object at 0x000001DCD6804CC0>) completed
2026-03-04 13:47:51,774 - aiosqlite - DEBUG - executing functools.partial(<built-in method cursor of sqlite3.Connection object at 0x000002893FE39F30>)
2026-03-04 13:47:51,774 - aiosqlite - DEBUG - operation functools.partial(<built-in method cursor of sqlite3.Connection object at 0x000002893FE39F30>) completed
2026-03-04 13:47:51,775 - aiosqlite - DEBUG - executing functools.partial(<built-in method execute of sqlite3.Cursor object at 0x000002893FE34CC0>, 'PRAGMA main.foreign_key_list("products")', ())
2026-03-04 13:47:51,775 - aiosqlite - DEBUG - operation functools.partial(<built-in method execute of sqlite3.Cursor object at 0x000002893FE34CC0>, 'PRAGMA main.foreign_key_list("products")', ()) completed
2026-03-04 13:47:51,775 - aiosqlite - DEBUG - executing functools.partial(<built-in method fetchall of sqlite3.Cursor object at 0x000002893FE34CC0>)
2026-03-04 13:47:51,775 - aiosqlite - DEBUG - operation functools.partial(<built-in method fetchall of sqlite3.Cursor object at 0x000002893FE34CC0>) completed
2026-03-04 13:47:51,776 - aiosqlite - DEBUG - executing functools.partial(<built-in method close of sqlite3.Cursor object at 0x000002893FE34CC0>)
2026-03-04 13:47:51,776 - aiosqlite - DEBUG - operation functools.partial(<built-in method close of sqlite3.Cursor object at 0x000002893FE34CC0>) completed
2026-03-04 13:47:51,776 - aiosqlite - DEBUG - executing functools.partial(<built-in method cursor of sqlite3.Connection object at 0x000002893FE39F30>)
2026-03-04 13:47:51,776 - aiosqlite - DEBUG - operation functools.partial(<built-in method cursor of sqlite3.Connection object at 0x000002893FE39F30>) completed
2026-03-04 13:47:51,777 - aiosqlite - DEBUG - executing functools.partial(<built-in method cursor of sqlite3.Connection object at 0x000001DCD6809F30>)
2026-03-04 13:47:51,777 - aiosqlite - DEBUG - operation functools.partial(<built-in method cursor of sqlite3.Connection object at 0x000001DCD6809F30>) completed
2026-03-04 13:47:51,777 - aiosqlite - DEBUG - executing functools.partial(<built-in method execute of sqlite3.Cursor object at 0x000002893FE34CC0>, 'PRAGMA temp.foreign_key_list("products")', ())
2026-03-04 13:47:51,778 - aiosqlite - DEBUG - executing functools.partial(<built-in method execute of sqlite3.Cursor object at 0x000001DCD677BDC0>, 'SELECT count(*) AS count_1 \nFROM products', ())
2026-03-04 13:47:51,778 - aiosqlite - DEBUG - operation functools.partial(<built-in method execute of sqlite3.Cursor object at 0x000002893FE34CC0>, 'PRAGMA temp.foreign_key_list("products")', ()) completed
2026-03-04 13:47:51,778 - aiosqlite - DEBUG - operation functools.partial(<built-in method execute of sqlite3.Cursor object at 0x000001DCD677BDC0>, 'SELECT count(*) AS count_1 \nFROM products', ()) completed
2026-03-04 13:47:51,778 - aiosqlite - DEBUG - executing functools.partial(<built-in method fetchall of sqlite3.Cursor object at 0x000002893FE34CC0>)
2026-03-04 13:47:51,779 - aiosqlite - DEBUG - executing functools.partial(<built-in method fetchall of sqlite3.Cursor object at 0x000001DCD677BDC0>)
2026-03-04 13:47:51,779 - aiosqlite - DEBUG - operation functools.partial(<built-in method fetchall of sqlite3.Cursor object at 0x000002893FE34CC0>) completed
2026-03-04 13:47:51,779 - aiosqlite - DEBUG - operation functools.partial(<built-in method fetchall of sqlite3.Cursor object at 0x000001DCD677BDC0>) completed
2026-03-04 13:47:51,780 - aiosqlite - DEBUG - executing functools.partial(<built-in method close of sqlite3.Cursor object at 0x000002893FE34CC0>)
2026-03-04 13:47:51,780 - aiosqlite - DEBUG - executing functools.partial(<built-in method close of sqlite3.Cursor object at 0x000001DCD677BDC0>)
2026-03-04 13:47:51,780 - aiosqlite - DEBUG - operation functools.partial(<built-in method close of sqlite3.Cursor object at 0x000002893FE34CC0>) completed
2026-03-04 13:47:51,780 - aiosqlite - DEBUG - operation functools.partial(<built-in method close of sqlite3.Cursor object at 0x000001DCD677BDC0>) completed
2026-03-04 13:47:51,781 - services.mock_data - INFO - Table products already has 8 rows; skipping mock insert
2026-03-04 13:47:51,781 - aiosqlite - DEBUG - executing functools.partial(<built-in method cursor of sqlite3.Connection object at 0x000002893FE39F30>)
2026-03-04 13:47:51,781 - aiosqlite - DEBUG - operation functools.partial(<built-in method cursor of sqlite3.Connection object at 0x000002893FE39F30>) completed
2026-03-04 13:47:51,781 - core.database - INFO - Database engine created successfully
2026-03-04 13:47:51,781 - aiosqlite - DEBUG - executing functools.partial(<built-in method execute of sqlite3.Cursor object at 0x000002893FE34CC0>, "SELECT sql FROM  (SELECT * FROM sqlite_master UNION ALL   SELECT * FROM sqlite_temp_master) WHERE name = ? AND type in ('table', 'view')", ('products',))
2026-03-04 13:47:51,781 - core.database - INFO - Creating async session maker...
n method commit of sqlite3.Connection object at 0x000001DCD6809F30>)
2026-03-04 13:47:51,781 - core.database - INFO - Async session maker created successfully
2026-03-04 13:47:51,781 - aiosqlite - DEBUG - operation functools.partial(<built-in method commit of sqlite3.Connection object at 0x000001DCD6809F30>) completed
2026-03-04 13:47:51,781 - core.database - INFO - Database connection initialized successfully
2026-03-04 13:47:51,781 - aiosqlite - DEBUG - operation functools.partial(<built-in method execute of sqlite3.Cursor object at 0x000002893FE34CC0>, "SELECT sql FROM  (SELECT * FROM sqlite_master UNION ALL   SELECT * FROM sqlite_temp_master) WHERE name = ? AND type in ('table', 'view')", ('products',)) completed
2026-03-04 13:47:51,781 - services.database - INFO - 🔧 Database connection initialized, now creating tables if tables not exist...
2026-03-04 13:47:51,781 - core.database - DEBUG - [DB_OP] Starting create_tables
2026-03-04 13:47:51,781 - aiosqlite - DEBUG - executing functools.partial(<built-in method rollback of sqlite3.Connection object at 0x000001DCD6809F30>)
2026-03-04 13:47:51,781 - aiosqlite - DEBUG - executing functools.partial(<built-in method fetchall of sqlite3.Cursor object at 0x000002893FE34CC0>)
2026-03-04 13:47:51,781 - core.database - INFO - 🔧 Starting table creation...
2026-03-04 13:47:51,781 - aiosqlite - DEBUG - operation functools.partial(<built-in method rollback of sqlite3.Connection object at 0x000001DCD6809F30>) completed
2026-03-04 13:47:51,781 - aiosqlite - DEBUG - operation functools.partial(<built-in method fetchall of sqlite3.Cursor object at 0x000002893FE34CC0>) completed
2026-03-04 13:47:51,785 - aiosqlite - DEBUG - executing functools.partial(<built-in method close of sqlite3.Connection object at 0x000001DCD6809F30>)
2026-03-04 13:47:51,786 - aiosqlite - DEBUG - executing functools.partial(<built-in method close of sqlite3.Cursor object at 0x000002893FE34CC0>)
2026-03-04 13:47:51,787 - aiosqlite - DEBUG - operation functools.partial(<built-in method close of sqlite3.Cursor object at 0x000002893FE34CC0>) completed
2026-03-04 13:47:51,787 - aiosqlite - DEBUG - operation functools.partial(<built-in method close of sqlite3.Connection object at 0x000001DCD6809F30>) completed
2026-03-04 13:47:51,787 - aiosqlite - DEBUG - executing <function connect.<locals>.connector at 0x000002D04ACFD940>
2026-03-04 13:47:51,788 - aiosqlite - DEBUG - operation <function connect.<locals>.connector at 0x000002D04ACFD940> completed
2026-03-04 13:47:51,788 - services.database - DEBUG - [DB_OP] Starting database initialization
2026-03-04 13:47:51,788 - services.database - INFO - 🔧 Starting database initialization...
2026-03-04 13:47:51,789 - core.database - INFO - Starting database initialization...
2026-03-04 13:47:51,789 - aiosqlite - DEBUG - executing functools.partial(<built-in method create_function of sqlite3.Connection object at 0x000002D04ACA7B50>, 'regexp', 2, <function SQLiteDialect_pysqlite.on_connect.<locals>.regexp at 0x000002D04ACFCC20>, deterministic=True)
2026-03-04 13:47:51,789 - core.database - INFO - Database already initialized
2026-03-04 13:47:51,789 - services.database - INFO - 🔧 Database connection initialized, now creating tables if tables not exist...
 at 0x000002D04ACA7B50>, 'regexp', 2, <function SQLiteDialect_pysqlite.on_connect.<locals>.regexp at 0x000002D04ACFCC20>, deterministic=True) completed
2026-03-04 13:47:51,790 - aiosqlite - DEBUG - executing functools.partial(<built-in method cursor of sqlite3.Connection object at 0x000002893FE39F30>)
2026-03-04 13:47:51,790 - core.database - DEBUG - [DB_OP] Starting create_tables
2026-03-04 13:47:51,790 - core.database - INFO - Tables already initialized
2026-03-04 13:47:51,790 - aiosqlite - DEBUG - operation functools.partial(<built-in method cursor of sqlite3.Connection object at 0x000002893FE39F30>) completed
2026-03-04 13:47:51,790 - aiosqlite - DEBUG - executing functools.partial(<built-in method create_function of sqlite3.Connection object at 0x000002D04ACA7B50>, 'floor', 1, <built-in function floor>, deterministic=True)
2026-03-04 13:47:51,790 - services.database - INFO - 🔧 Table creation completed
2026-03-04 13:47:51,791 - services.database - INFO - Database initialized successfully
2026-03-04 13:47:51,791 - aiosqlite - DEBUG - executing functools.partial(<built-in method execute of sqlite3.Cursor object at 0x000002893FE34CC0>, 'PRAGMA main.index_list("products")', ())
2026-03-04 13:47:51,791 - aiosqlite - DEBUG - operation functools.partial(<built-in method create_function of sqlite3.Connection object at 0x000002D04ACA7B50>, 'floor', 1, <built-in function floor>, deterministic=True) completed
2026-03-04 13:47:51,791 - services.database - DEBUG - [DB_OP] Database initialization completed in 0.0030s
2026-03-04 13:47:51,791 - aiosqlite - DEBUG - operation functools.partial(<built-in method execute of sqlite3.Cursor object at 0x000002893FE34CC0>, 'PRAGMA main.index_list("products")', ()) completed
2026-03-04 13:47:51,791 - services.auth - WARNING - Admin user ID or email not configured, skipping admin initialization
2026-03-04 13:47:51,791 - aiosqlite - DEBUG - executing functools.partial(<built-in method cursor of sqlite3.Connection object at 0x000002D04ACA7B50>)
2026-03-04 13:47:51,792 - main - INFO - === Application startup completed successfully ===
2026-03-04 13:47:51,792 - aiosqlite - DEBUG - executing functools.partial(<built-in method fetchall of sqlite3.Cursor object at 0x000002893FE34CC0>)
2026-03-04 13:47:51,792 - aiosqlite - DEBUG - operation functools.partial(<built-in method cursor of sqlite3.Connection object at 0x000002D04ACA7B50>) completed
2026-03-04 13:47:51,792 - aiosqlite - DEBUG - operation functools.partial(<built-in method fetchall of sqlite3.Cursor object at 0x000002893FE34CC0>) completed
2026-03-04 13:47:51,793 - aiosqlite - DEBUG - executing functools.partial(<built-in method execute of sqlite3.Cursor object at 0x000002D04AD142C0>, 'PRAGMA read_uncommitted', [])
2026-03-04 13:47:51,793 - aiosqlite - DEBUG - executing functools.partial(<built-in method close of sqlite3.Cursor object at 0x000002893FE34CC0>)
2026-03-04 13:47:51,793 - aiosqlite - DEBUG - operation functools.partial(<built-in method execute of sqlite3.Cursor object at 0x000002D04AD142C0>, 'PRAGMA read_uncommitted', []) completed
2026-03-04 13:47:51,793 - aiosqlite - DEBUG - operation functools.partial(<built-in method close of sqlite3.Cursor object at 0x000002893FE34CC0>) completed
2026-03-04 13:47:51,794 - aiosqlite - DEBUG - executing functools.partial(<built-in method fetchall of sqlite3.Cursor object at 0x000002D04AD142C0>)
2026-03-04 13:47:51,794 - aiosqlite - DEBUG - operation functools.partial(<built-in method fetchall of sqlite3.Cursor object at 0x000002D04AD142C0>) completed
2026-03-04 13:47:51,794 - aiosqlite - DEBUG - executing functools.partial(<built-in method cursor of sqlite3.Connection object at 0x000002893FE39F30>)
2026-03-04 13:47:51,794 - aiosqlite - DEBUG - operation functools.partial(<built-in method cursor of sqlite3.Connection object at 0x000002893FE39F30>) completed
2026-03-04 13:47:51,794 - aiosqlite - DEBUG - executing functools.partial(<built-in method close of sqlite3.Cursor object at 0x000002D04AD142C0>)
2026-03-04 13:47:51,795 - aiosqlite - DEBUG - operation functools.partial(<built-in method close of sqlite3.Cursor object at 0x000002D04AD142C0>) completed
2026-03-04 13:47:51,795 - aiosqlite - DEBUG - executing functools.partial(<built-in method execute of sqlite3.Cursor object at 0x000002893FE34CC0>, 'PRAGMA main.index_info("ix_products_id")', ())
2026-03-04 13:47:51,795 - aiosqlite - DEBUG - executing functools.partial(<built-in method rollback of sqlite3.Connection object at 0x000002D04ACA7B50>)
2026-03-04 13:47:51,795 - aiosqlite - DEBUG - operation functools.partial(<built-in method execute of sqlite3.Cursor object at 0x000002893FE34CC0>, 'PRAGMA main.index_info("ix_products_id")', ()) completed
2026-03-04 13:47:51,796 - aiosqlite - DEBUG - operation functools.partial(<built-in method rollback of sqlite3.Connection object at 0x000002D04ACA7B50>) completed
2026-03-04 13:47:51,796 - aiosqlite - DEBUG - executing functools.partial(<built-in method fetchall of sqlite3.Cursor object at 0x000002893FE34CC0>)
2026-03-04 13:47:51,796 - aiosqlite - DEBUG - operation functools.partial(<built-in method fetchall of sqlite3.Cursor object at 0x000002893FE34CC0>) completed
2026-03-04 13:47:51,797 - aiosqlite - DEBUG - executing functools.partial(<built-in method close of sqlite3.Cursor object at 0x000002893FE34CC0>)
2026-03-04 13:47:51,797 - aiosqlite - DEBUG - executing functools.partial(<built-in method cursor of sqlite3.Connection object at 0x000002D04ACA7B50>)
2026-03-04 13:47:51,797 - aiosqlite - DEBUG - operation functools.partial(<built-in method close of sqlite3.Cursor object at 0x000002893FE34CC0>) completed
2026-03-04 13:47:51,797 - aiosqlite - DEBUG - operation functools.partial(<built-in method cursor of sqlite3.Connection object at 0x000002D04ACA7B50>) completed
2026-03-04 13:47:51,798 - aiosqlite - DEBUG - executing functools.partial(<built-in method execute of sqlite3.Cursor object at 0x000002D04AD143C0>, 'PRAGMA main.table_info("users")', ())
2026-03-04 13:47:51,798 - aiosqlite - DEBUG - executing functools.partial(<built-in method cursor of sqlite3.Connection object at 0x000002893FE39F30>)
2026-03-04 13:47:51,798 - aiosqlite - DEBUG - operation functools.partial(<built-in method cursor of sqlite3.Connection object at 0x000002893FE39F30>) completed
2026-03-04 13:47:51,799 - aiosqlite - DEBUG - operation functools.partial(<built-in method execute of sqlite3.Cursor object at 0x000002D04AD143C0>, 'PRAGMA main.table_info("users")', ()) completed
2026-03-04 13:47:51,799 - aiosqlite - DEBUG - executing functools.partial(<built-in method execute of sqlite3.Cursor object at 0x000002893FE34CC0>, 'PRAGMA main.index_list("products")', ())
2026-03-04 13:47:51,799 - aiosqlite - DEBUG - executing functools.partial(<built-in method fetchall of sqlite3.Cursor object at 0x000002D04AD143C0>)
2026-03-04 13:47:51,799 - aiosqlite - DEBUG - operation functools.partial(<built-in method execute of sqlite3.Cursor object at 0x000002893FE34CC0>, 'PRAGMA main.index_list("products")', ()) completed
2026-03-04 13:47:51,800 - aiosqlite - DEBUG - executing functools.partial(<built-in method fetchall of sqlite3.Cursor object at 0x000002893FE34CC0>)
2026-03-04 13:47:51,801 - aiosqlite - DEBUG - operation functools.partial(<built-in method fetchall of sqlite3.Cursor object at 0x000002D04AD143C0>) completed
2026-03-04 13:47:51,801 - aiosqlite - DEBUG - operation functools.partial(<built-in method fetchall of sqlite3.Cursor object at 0x000002893FE34CC0>) completed
2026-03-04 13:47:51,801 - aiosqlite - DEBUG - executing functools.partial(<built-in method close of sqlite3.Cursor object at 0x000002D04AD143C0>)
2026-03-04 13:47:51,802 - aiosqlite - DEBUG - executing functools.partial(<built-in method close of sqlite3.Cursor object at 0x000002893FE34CC0>)
2026-03-04 13:47:51,802 - aiosqlite - DEBUG - operation functools.partial(<built-in method close of sqlite3.Cursor object at 0x000002D04AD143C0>) completed
2026-03-04 13:47:51,802 - aiosqlite - DEBUG - operation functools.partial(<built-in method close of sqlite3.Cursor object at 0x000002893FE34CC0>) completed
2026-03-04 13:47:51,803 - aiosqlite - DEBUG - executing functools.partial(<built-in method cursor of sqlite3.Connection object at 0x000002D04ACA7B50>)
2026-03-04 13:47:51,803 - aiosqlite - DEBUG - executing functools.partial(<built-in method cursor of sqlite3.Connection object at 0x000002893FE39F30>)
2026-03-04 13:47:51,803 - aiosqlite - DEBUG - operation functools.partial(<built-in method cursor of sqlite3.Connection object at 0x000002D04ACA7B50>) completed
2026-03-04 13:47:51,803 - aiosqlite - DEBUG - operation functools.partial(<built-in method cursor of sqlite3.Connection object at 0x000002893FE39F30>) completed
2026-03-04 13:47:51,803 - aiosqlite - DEBUG - executing functools.partial(<built-in method execute of sqlite3.Cursor object at 0x000002D04AD143C0>, 'PRAGMA main.table_info("oidc_states")', ())
2026-03-04 13:47:51,803 - aiosqlite - DEBUG - executing functools.partial(<built-in method execute of sqlite3.Cursor object at 0x000002893FE34CC0>, 'PRAGMA main.index_info("ix_products_id")', ())
2026-03-04 13:47:51,804 - aiosqlite - DEBUG - operation functools.partial(<built-in method execute of sqlite3.Cursor object at 0x000002893FE34CC0>, 'PRAGMA main.index_info("ix_products_id")', ()) completed
2026-03-04 13:47:51,804 - aiosqlite - DEBUG - operation functools.partial(<built-in method execute of sqlite3.Cursor object at 0x000002D04AD143C0>, 'PRAGMA main.table_info("oidc_states")', ()) completed
2026-03-04 13:47:51,804 - aiosqlite - DEBUG - executing functools.partial(<built-in method fetchall of sqlite3.Cursor object at 0x000002893FE34CC0>)
2026-03-04 13:47:51,805 - aiosqlite - DEBUG - operation functools.partial(<built-in method fetchall of sqlite3.Cursor object at 0x000002D04AD143C0>) completed
2026-03-04 13:47:51,805 - aiosqlite - DEBUG - executing functools.partial(<built-in method close of sqlite3.Cursor object at 0x000002D04AD143C0>)
2026-03-04 13:47:51,805 - aiosqlite - DEBUG - operation functools.partial(<built-in method close of sqlite3.Cursor object at 0x000002893FE34CC0>) completed
2026-03-04 13:47:51,805 - aiosqlite - DEBUG - operation functools.partial(<built-in method close of sqlite3.Cursor object at 0x000002D04AD143C0>) completed
2026-03-04 13:47:51,806 - aiosqlite - DEBUG - executing functools.partial(<built-in method cursor of sqlite3.Connection object at 0x000002893FE39F30>)
2026-03-04 13:47:51,806 - aiosqlite - DEBUG - executing functools.partial(<built-in method cursor of sqlite3.Connection object at 0x000002D04ACA7B50>)
2026-03-04 13:47:51,806 - aiosqlite - DEBUG - operation functools.partial(<built-in method cursor of sqlite3.Connection object at 0x000002893FE39F30>) completed
2026-03-04 13:47:51,806 - aiosqlite - DEBUG - operation functools.partial(<built-in method cursor of sqlite3.Connection object at 0x000002D04ACA7B50>) completed
2026-03-04 13:47:51,807 - aiosqlite - DEBUG - executing functools.partial(<built-in method execute of sqlite3.Cursor object at 0x000002893FE34CC0>, "SELECT sql FROM  (SELECT * FROM sqlite_master UNION ALL   SELECT * FROM sqlite_temp_master) WHERE name = ? AND type in ('table', 'view')", ('products',))
2026-03-04 13:47:51,807 - aiosqlite - DEBUG - executing functools.partial(<built-in method execute of sqlite3.Cursor object at 0x000002D04AD143C0>, 'PRAGMA main.table_info("orders")', ())
2026-03-04 13:47:51,807 - aiosqlite - DEBUG - operation functools.partial(<built-in method execute of sqlite3.Cursor object at 0x000002893FE34CC0>, "SELECT sql FROM  (SELECT * FROM sqlite_master UNION ALL   SELECT * FROM sqlite_temp_master) WHERE name = ? AND type in ('table', 'view')", ('products',)) completed
2026-03-04 13:47:51,807 - aiosqlite - DEBUG - operation functools.partial(<built-in method execute of sqlite3.Cursor object at 0x000002D04AD143C0>, 'PRAGMA main.table_info("orders")', ()) completed
2026-03-04 13:47:51,808 - aiosqlite - DEBUG - executing functools.partial(<built-in method fetchall of sqlite3.Cursor object at 0x000002893FE34CC0>)
2026-03-04 13:47:51,808 - aiosqlite - DEBUG - operation functools.partial(<built-in method fetchall of sqlite3.Cursor object at 0x000002893FE34CC0>) completed
2026-03-04 13:47:51,808 - aiosqlite - DEBUG - executing functools.partial(<built-in method close of sqlite3.Cursor object at 0x000002893FE34CC0>)
2026-03-04 13:47:51,808 - aiosqlite - DEBUG - operation functools.partial(<built-in method close of sqlite3.Cursor object at 0x000002D04AD143C0>) completed
2026-03-04 13:47:51,809 - aiosqlite - DEBUG - operation functools.partial(<built-in method close of sqlite3.Cursor object at 0x000002893FE34CC0>) completed
2026-03-04 13:47:51,809 - aiosqlite - DEBUG - executing functools.partial(<built-in method cursor of sqlite3.Connection object at 0x000002D04ACA7B50>)
2026-03-04 13:47:51,809 - aiosqlite - DEBUG - operation functools.partial(<built-in method cursor of sqlite3.Connection object at 0x000002D04ACA7B50>) completed
2026-03-04 13:47:51,809 - aiosqlite - DEBUG - executing functools.partial(<built-in method execute of sqlite3.Cursor object at 0x000002D04AD143C0>, 'PRAGMA main.table_info("products")', ())
2026-03-04 13:47:51,810 - aiosqlite - DEBUG - operation functools.partial(<built-in method execute of sqlite3.Cursor object at 0x000002D04AD143C0>, 'PRAGMA main.table_info("products")', ()) completed
2026-03-04 13:47:51,810 - aiosqlite - DEBUG - executing functools.partial(<built-in method fetchall of sqlite3.Cursor object at 0x000002D04AD143C0>)
2026-03-04 13:47:51,810 - aiosqlite - DEBUG - operation functools.partial(<built-in method fetchall of sqlite3.Cursor object at 0x000002D04AD143C0>) completed
2026-03-04 13:47:51,811 - aiosqlite - DEBUG - executing functools.partial(<built-in method close of sqlite3.Cursor object at 0x000002D04AD143C0>)
2026-03-04 13:47:51,811 - aiosqlite - DEBUG - operation functools.partial(<built-in method close of sqlite3.Cursor object at 0x000002D04AD143C0>) completed
2026-03-04 13:47:51,811 - core.database - INFO - Tables initialized successfully
2026-03-04 13:47:51,812 - core.database - DEBUG - [DB_OP] Create tables completed in 0.0296s
2026-03-04 13:47:51,812 - aiosqlite - DEBUG - executing functools.partial(<built-in method commit of sqlite3.Connection object at 0x000002D04ACA7B50>)
2026-03-04 13:47:51,812 - aiosqlite - DEBUG - operation functools.partial(<built-in method commit of sqlite3.Connection object at 0x000002D04ACA7B50>) completed
2026-03-04 13:47:51,812 - aiosqlite - DEBUG - executing functools.partial(<built-in method cursor of sqlite3.Connection object at 0x000002893FE39F30>)
2026-03-04 13:47:51,812 - aiosqlite - DEBUG - executing functools.partial(<built-in method rollback of sqlite3.Connection object at 0x000002D04ACA7B50>)
2026-03-04 13:47:51,813 - aiosqlite - DEBUG - operation functools.partial(<built-in method cursor of sqlite3.Connection object at 0x000002893FE39F30>) completed
2026-03-04 13:47:51,813 - aiosqlite - DEBUG - operation functools.partial(<built-in method rollback of sqlite3.Connection object at 0x000002D04ACA7B50>) completed
2026-03-04 13:47:51,813 - aiosqlite - DEBUG - executing functools.partial(<built-in method execute of sqlite3.Cursor object at 0x000002893FDABDC0>, 'SELECT count(*) AS count_1 \nFROM products', ())
2026-03-04 13:47:51,813 - aiosqlite - DEBUG - executing functools.partial(<built-in method close of sqlite3.Connection object at 0x000002D04ACA7B50>)
2026-03-04 13:47:51,818 - aiosqlite - DEBUG - operation functools.partial(<built-in method close of sqlite3.Connection object at 0x000002D04ACA7B50>) completed
2026-03-04 13:47:51,818 - aiosqlite - DEBUG - operation functools.partial(<built-in method execute of sqlite3.Cursor object at 0x000002893FDABDC0>, 'SELECT count(*) AS count_1 \nFROM products', ()) completed
2026-03-04 13:47:51,818 - aiosqlite - DEBUG - executing functools.partial(<built-in method fetchall of sqlite3.Cursor object at 0x000002893FDABDC0>)
2026-03-04 13:47:51,818 - services.database - INFO - 🔧 Table creation completed
2026-03-04 13:47:51,819 - services.database - INFO - Database initialized successfully
2026-03-04 13:47:51,819 - aiosqlite - DEBUG - operation functools.partial(<built-in method fetchall of sqlite3.Cursor object at 0x000002893FDABDC0>) completed
2026-03-04 13:47:51,820 - services.database - DEBUG - [DB_OP] Database initialization completed in 0.0615s
2026-03-04 13:47:51,820 - aiosqlite - DEBUG - executing functools.partial(<built-in method close of sqlite3.Cursor object at 0x000002893FDABDC0>)
2026-03-04 13:47:51,820 - aiosqlite - DEBUG - operation functools.partial(<built-in method close of sqlite3.Cursor object at 0x000002893FDABDC0>) completed
2026-03-04 13:47:51,820 - services.mock_data - INFO - Processing mock data file products.json for table products
2026-03-04 13:47:51,820 - services.mock_data - INFO - Table products already has 8 rows; skipping mock insert
2026-03-04 13:47:51,820 - aiosqlite - DEBUG - executing functools.partial(<built-in method commit of sqlite3.Connection object at 0x000002893FE39F30>)
2026-03-04 13:47:51,820 - aiosqlite - DEBUG - executing <function connect.<locals>.connector at 0x000002D04ACFD9E0>
2026-03-04 13:47:51,820 - aiosqlite - DEBUG - operation functools.partial(<built-in method commit of sqlite3.Connection object at 0x000002893FE39F30>) completed
2026-03-04 13:47:51,821 - aiosqlite - DEBUG - operation <function connect.<locals>.connector at 0x000002D04ACFD9E0> completed
2026-03-04 13:47:51,821 - aiosqlite - DEBUG - executing functools.partial(<built-in method rollback of sqlite3.Connection object at 0x000002893FE39F30>)
2026-03-04 13:47:51,821 - aiosqlite - DEBUG - executing functools.partial(<built-in method create_function of sqlite3.Connection object at 0x000002D04AD19F30>, 'regexp', 2, <function SQLiteDialect_pysqlite.on_connect.<locals>.regexp at 0x000002D04ACFCC20>, deterministic=True)
2026-03-04 13:47:51,821 - aiosqlite - DEBUG - operation functools.partial(<built-in method rollback of sqlite3.Connection object at 0x000002893FE39F30>) completed
2026-03-04 13:47:51,822 - aiosqlite - DEBUG - operation functools.partial(<built-in method create_function of sqlite3.Connection object at 0x000002D04AD19F30>, 'regexp', 2, <function SQLiteDialect_pysqlite.on_connect.<locals>.regexp at 0x000002D04ACFCC20>, deterministic=True) completed
2026-03-04 13:47:51,822 - aiosqlite - DEBUG - executing functools.partial(<built-in method close of sqlite3.Connection object at 0x000002893FE39F30>)
2026-03-04 13:47:51,822 - aiosqlite - DEBUG - operation functools.partial(<built-in method close of sqlite3.Connection object at 0x000002893FE39F30>) completed
2026-03-04 13:47:51,822 - aiosqlite - DEBUG - executing functools.partial(<built-in method create_function of sqlite3.Connection object at 0x000002D04AD19F30>, 'floor', 1, <built-in function floor>, deterministic=True)
2026-03-04 13:47:51,822 - aiosqlite - DEBUG - operation functools.partial(<built-in method create_function of sqlite3.Connection object at 0x000002D04AD19F30>, 'floor', 1, <built-in function floor>, deterministic=True) completed
2026-03-04 13:47:51,822 - services.database - DEBUG - [DB_OP] Starting database initialization
2026-03-04 13:47:51,823 - services.database - INFO - 🔧 Starting database initialization...
2026-03-04 13:47:51,823 - core.database - INFO - Starting database initialization...
2026-03-04 13:47:51,823 - core.database - INFO - Database already initialized
2026-03-04 13:47:51,823 - services.database - INFO - 🔧 Database connection initialized, now creating tables if tables not exist...
2026-03-04 13:47:51,823 - aiosqlite - DEBUG - executing functools.partial(<built-in method cursor of sqlite3.Connection object at 0x000002D04AD19F30>)
2026-03-04 13:47:51,823 - core.database - DEBUG - [DB_OP] Starting create_tables
2026-03-04 13:47:51,823 - aiosqlite - DEBUG - operation functools.partial(<built-in method cursor of sqlite3.Connection object at 0x000002D04AD19F30>) completed
2026-03-04 13:47:51,824 - core.database - INFO - Tables already initialized
2026-03-04 13:47:51,824 - services.database - INFO - 🔧 Table creation completed
2026-03-04 13:47:51,824 - aiosqlite - DEBUG - executing functools.partial(<built-in method execute of sqlite3.Cursor object at 0x000002D04AD14C40>, 'PRAGMA main.table_xinfo("products")', ())
2026-03-04 13:47:51,824 - services.database - INFO - Database initialized successfully
2026-03-04 13:47:51,824 - services.database - DEBUG - [DB_OP] Database initialization completed in 0.0020s
2026-03-04 13:47:51,824 - services.auth - WARNING - Admin user ID or email not configured, skipping admin initialization
2026-03-04 13:47:51,824 - aiosqlite - DEBUG - operation functools.partial(<built-in method execute of sqlite3.Cursor object at 0x000002D04AD14C40>, 'PRAGMA main.table_xinfo("products")', ()) completed
2026-03-04 13:47:51,825 - main - INFO - === Application startup completed successfully ===
2026-03-04 13:47:51,825 - aiosqlite - DEBUG - executing functools.partial(<built-in method fetchall of sqlite3.Cursor object at 0x000002D04AD14C40>)
2026-03-04 13:47:51,825 - aiosqlite - DEBUG - operation functools.partial(<built-in method fetchall of sqlite3.Cursor object at 0x000002D04AD14C40>) completed
2026-03-04 13:47:51,825 - aiosqlite - DEBUG - executing functools.partial(<built-in method close of sqlite3.Cursor object at 0x000002D04AD14C40>)
2026-03-04 13:47:51,826 - aiosqlite - DEBUG - operation functools.partial(<built-in method close of sqlite3.Cursor object at 0x000002D04AD14C40>) completed
2026-03-04 13:47:51,826 - aiosqlite - DEBUG - executing functools.partial(<built-in method cursor of sqlite3.Connection object at 0x000002D04AD19F30>)
2026-03-04 13:47:51,826 - aiosqlite - DEBUG - operation functools.partial(<built-in method cursor of sqlite3.Connection object at 0x000002D04AD19F30>) completed
2026-03-04 13:47:51,828 - aiosqlite - DEBUG - executing functools.partial(<built-in method execute of sqlite3.Cursor object at 0x000002D04AD14C40>, "SELECT sql FROM  (SELECT * FROM sqlite_master UNION ALL   SELECT * FROM sqlite_temp_master) WHERE name = ? AND type in ('table', 'view')", ('products',))
2026-03-04 13:47:51,828 - aiosqlite - DEBUG - operation functools.partial(<built-in method execute of sqlite3.Cursor object at 0x000002D04AD14C40>, "SELECT sql FROM  (SELECT * FROM sqlite_master UNION ALL   SELECT * FROM sqlite_temp_master) WHERE name = ? AND type in ('table', 'view')", ('products',)) completed
2026-03-04 13:47:51,828 - aiosqlite - DEBUG - executing functools.partial(<built-in method fetchall of sqlite3.Cursor object at 0x000002D04AD14C40>)
2026-03-04 13:47:51,828 - aiosqlite - DEBUG - operation functools.partial(<built-in method fetchall of sqlite3.Cursor object at 0x000002D04AD14C40>) completed
2026-03-04 13:47:51,828 - aiosqlite - DEBUG - executing functools.partial(<built-in method close of sqlite3.Cursor object at 0x000002D04AD14C40>)
2026-03-04 13:47:51,830 - aiosqlite - DEBUG - operation functools.partial(<built-in method close of sqlite3.Cursor object at 0x000002D04AD14C40>) completed
2026-03-04 13:47:51,830 - aiosqlite - DEBUG - executing functools.partial(<built-in method cursor of sqlite3.Connection object at 0x000002D04AD19F30>)
2026-03-04 13:47:51,830 - aiosqlite - DEBUG - operation functools.partial(<built-in method cursor of sqlite3.Connection object at 0x000002D04AD19F30>) completed
2026-03-04 13:47:51,830 - aiosqlite - DEBUG - executing functools.partial(<built-in method execute of sqlite3.Cursor object at 0x000002D04AD14C40>, 'PRAGMA main.foreign_key_list("products")', ())
2026-03-04 13:47:51,830 - aiosqlite - DEBUG - operation functools.partial(<built-in method execute of sqlite3.Cursor object at 0x000002D04AD14C40>, 'PRAGMA main.foreign_key_list("products")', ()) completed
2026-03-04 13:47:51,830 - aiosqlite - DEBUG - executing functools.partial(<built-in method fetchall of sqlite3.Cursor object at 0x000002D04AD14C40>)
2026-03-04 13:47:51,830 - aiosqlite - DEBUG - operation functools.partial(<built-in method fetchall of sqlite3.Cursor object at 0x000002D04AD14C40>) completed
2026-03-04 13:47:51,830 - aiosqlite - DEBUG - executing functools.partial(<built-in method close of sqlite3.Cursor object at 0x000002D04AD14C40>)
2026-03-04 13:47:51,830 - aiosqlite - DEBUG - operation functools.partial(<built-in method close of sqlite3.Cursor object at 0x000002D04AD14C40>) completed
2026-03-04 13:47:51,830 - aiosqlite - DEBUG - executing functools.partial(<built-in method cursor of sqlite3.Connection object at 0x000002D04AD19F30>)
2026-03-04 13:47:51,830 - aiosqlite - DEBUG - operation functools.partial(<built-in method cursor of sqlite3.Connection object at 0x000002D04AD19F30>) completed
2026-03-04 13:47:51,830 - aiosqlite - DEBUG - executing functools.partial(<built-in method execute of sqlite3.Cursor object at 0x000002D04AD14C40>, 'PRAGMA temp.foreign_key_list("products")', ())
2026-03-04 13:47:51,830 - aiosqlite - DEBUG - operation functools.partial(<built-in method execute of sqlite3.Cursor object at 0x000002D04AD14C40>, 'PRAGMA temp.foreign_key_list("products")', ()) completed
2026-03-04 13:47:51,830 - aiosqlite - DEBUG - executing functools.partial(<built-in method fetchall of sqlite3.Cursor object at 0x000002D04AD14C40>)
2026-03-04 13:47:51,830 - aiosqlite - DEBUG - operation functools.partial(<built-in method fetchall of sqlite3.Cursor object at 0x000002D04AD14C40>) completed
2026-03-04 13:47:51,833 - aiosqlite - DEBUG - executing functools.partial(<built-in method close of sqlite3.Cursor object at 0x000002D04AD14C40>)
2026-03-04 13:47:51,833 - aiosqlite - DEBUG - operation functools.partial(<built-in method close of sqlite3.Cursor object at 0x000002D04AD14C40>) completed
2026-03-04 13:47:51,833 - aiosqlite - DEBUG - executing functools.partial(<built-in method cursor of sqlite3.Connection object at 0x000002D04AD19F30>)
2026-03-04 13:47:51,833 - aiosqlite - DEBUG - operation functools.partial(<built-in method cursor of sqlite3.Connection object at 0x000002D04AD19F30>) completed
2026-03-04 13:47:51,834 - aiosqlite - DEBUG - executing functools.partial(<built-in method execute of sqlite3.Cursor object at 0x000002D04AD14C40>, "SELECT sql FROM  (SELECT * FROM sqlite_master UNION ALL   SELECT * FROM sqlite_temp_master) WHERE name = ? AND type in ('table', 'view')", ('products',))
2026-03-04 13:47:51,834 - aiosqlite - DEBUG - operation functools.partial(<built-in method execute of sqlite3.Cursor object at 0x000002D04AD14C40>, "SELECT sql FROM  (SELECT * FROM sqlite_master UNION ALL   SELECT * FROM sqlite_temp_master) WHERE name = ? AND type in ('table', 'view')", ('products',)) completed
2026-03-04 13:47:51,834 - aiosqlite - DEBUG - executing functools.partial(<built-in method fetchall of sqlite3.Cursor object at 0x000002D04AD14C40>)
2026-03-04 13:47:51,834 - aiosqlite - DEBUG - operation functools.partial(<built-in method fetchall of sqlite3.Cursor object at 0x000002D04AD14C40>) completed
2026-03-04 13:47:51,835 - aiosqlite - DEBUG - executing functools.partial(<built-in method close of sqlite3.Cursor object at 0x000002D04AD14C40>)
2026-03-04 13:47:51,835 - aiosqlite - DEBUG - operation functools.partial(<built-in method close of sqlite3.Cursor object at 0x000002D04AD14C40>) completed
2026-03-04 13:47:51,837 - aiosqlite - DEBUG - executing functools.partial(<built-in method cursor of sqlite3.Connection object at 0x000002D04AD19F30>)
2026-03-04 13:47:51,837 - aiosqlite - DEBUG - operation functools.partial(<built-in method cursor of sqlite3.Connection object at 0x000002D04AD19F30>) completed
2026-03-04 13:47:51,838 - aiosqlite - DEBUG - executing functools.partial(<built-in method execute of sqlite3.Cursor object at 0x000002D04AD14C40>, 'PRAGMA main.index_list("products")', ())
2026-03-04 13:47:51,838 - aiosqlite - DEBUG - operation functools.partial(<built-in method execute of sqlite3.Cursor object at 0x000002D04AD14C40>, 'PRAGMA main.index_list("products")', ()) completed
2026-03-04 13:47:51,838 - aiosqlite - DEBUG - executing functools.partial(<built-in method fetchall of sqlite3.Cursor object at 0x000002D04AD14C40>)
2026-03-04 13:47:51,838 - aiosqlite - DEBUG - operation functools.partial(<built-in method fetchall of sqlite3.Cursor object at 0x000002D04AD14C40>) completed
2026-03-04 13:47:51,839 - aiosqlite - DEBUG - executing functools.partial(<built-in method close of sqlite3.Cursor object at 0x000002D04AD14C40>)
2026-03-04 13:47:51,839 - aiosqlite - DEBUG - operation functools.partial(<built-in method close of sqlite3.Cursor object at 0x000002D04AD14C40>) completed
2026-03-04 13:47:51,839 - aiosqlite - DEBUG - executing functools.partial(<built-in method cursor of sqlite3.Connection object at 0x000002D04AD19F30>)
2026-03-04 13:47:51,840 - aiosqlite - DEBUG - operation functools.partial(<built-in method cursor of sqlite3.Connection object at 0x000002D04AD19F30>) completed
2026-03-04 13:47:51,840 - aiosqlite - DEBUG - executing functools.partial(<built-in method execute of sqlite3.Cursor object at 0x000002D04AD14C40>, 'PRAGMA main.index_info("ix_products_id")', ())
2026-03-04 13:47:51,840 - aiosqlite - DEBUG - operation functools.partial(<built-in method execute of sqlite3.Cursor object at 0x000002D04AD14C40>, 'PRAGMA main.index_info("ix_products_id")', ()) completed
2026-03-04 13:47:51,840 - aiosqlite - DEBUG - executing functools.partial(<built-in method fetchall of sqlite3.Cursor object at 0x000002D04AD14C40>)
2026-03-04 13:47:51,841 - aiosqlite - DEBUG - operation functools.partial(<built-in method fetchall of sqlite3.Cursor object at 0x000002D04AD14C40>) completed
2026-03-04 13:47:51,841 - aiosqlite - DEBUG - executing functools.partial(<built-in method close of sqlite3.Cursor object at 0x000002D04AD14C40>)
2026-03-04 13:47:51,841 - aiosqlite - DEBUG - operation functools.partial(<built-in method close of sqlite3.Cursor object at 0x000002D04AD14C40>) completed
2026-03-04 13:47:51,842 - aiosqlite - DEBUG - executing functools.partial(<built-in method cursor of sqlite3.Connection object at 0x000002D04AD19F30>)
2026-03-04 13:47:51,842 - aiosqlite - DEBUG - operation functools.partial(<built-in method cursor of sqlite3.Connection object at 0x000002D04AD19F30>) completed
2026-03-04 13:47:51,842 - aiosqlite - DEBUG - executing functools.partial(<built-in method execute of sqlite3.Cursor object at 0x000002D04AD14C40>, 'PRAGMA main.index_list("products")', ())
2026-03-04 13:47:51,843 - aiosqlite - DEBUG - operation functools.partial(<built-in method execute of sqlite3.Cursor object at 0x000002D04AD14C40>, 'PRAGMA main.index_list("products")', ()) completed
2026-03-04 13:47:51,843 - aiosqlite - DEBUG - executing functools.partial(<built-in method fetchall of sqlite3.Cursor object at 0x000002D04AD14C40>)
2026-03-04 13:47:51,843 - aiosqlite - DEBUG - operation functools.partial(<built-in method fetchall of sqlite3.Cursor object at 0x000002D04AD14C40>) completed
2026-03-04 13:47:51,844 - aiosqlite - DEBUG - executing functools.partial(<built-in method close of sqlite3.Cursor object at 0x000002D04AD14C40>)
2026-03-04 13:47:51,844 - aiosqlite - DEBUG - operation functools.partial(<built-in method close of sqlite3.Cursor object at 0x000002D04AD14C40>) completed
2026-03-04 13:47:51,845 - aiosqlite - DEBUG - executing functools.partial(<built-in method cursor of sqlite3.Connection object at 0x000002D04AD19F30>)
2026-03-04 13:47:51,845 - aiosqlite - DEBUG - operation functools.partial(<built-in method cursor of sqlite3.Connection object at 0x000002D04AD19F30>) completed
2026-03-04 13:47:51,845 - aiosqlite - DEBUG - executing functools.partial(<built-in method execute of sqlite3.Cursor object at 0x000002D04AD14C40>, 'PRAGMA main.index_info("ix_products_id")', ())
2026-03-04 13:47:51,846 - aiosqlite - DEBUG - operation functools.partial(<built-in method execute of sqlite3.Cursor object at 0x000002D04AD14C40>, 'PRAGMA main.index_info("ix_products_id")', ()) completed
2026-03-04 13:47:51,846 - aiosqlite - DEBUG - executing functools.partial(<built-in method fetchall of sqlite3.Cursor object at 0x000002D04AD14C40>)
2026-03-04 13:47:51,846 - aiosqlite - DEBUG - operation functools.partial(<built-in method fetchall of sqlite3.Cursor object at 0x000002D04AD14C40>) completed
2026-03-04 13:47:51,847 - aiosqlite - DEBUG - executing functools.partial(<built-in method close of sqlite3.Cursor object at 0x000002D04AD14C40>)
2026-03-04 13:47:51,848 - aiosqlite - DEBUG - operation functools.partial(<built-in method close of sqlite3.Cursor object at 0x000002D04AD14C40>) completed
2026-03-04 13:47:51,848 - aiosqlite - DEBUG - executing functools.partial(<built-in method cursor of sqlite3.Connection object at 0x000002D04AD19F30>)
2026-03-04 13:47:51,849 - aiosqlite - DEBUG - operation functools.partial(<built-in method cursor of sqlite3.Connection object at 0x000002D04AD19F30>) completed
2026-03-04 13:47:51,849 - aiosqlite - DEBUG - executing functools.partial(<built-in method execute of sqlite3.Cursor object at 0x000002D04AD14C40>, "SELECT sql FROM  (SELECT * FROM sqlite_master UNION ALL   SELECT * FROM sqlite_temp_master) WHERE name = ? AND type in ('table', 'view')", ('products',))
2026-03-04 13:47:51,849 - aiosqlite - DEBUG - operation functools.partial(<built-in method execute of sqlite3.Cursor object at 0x000002D04AD14C40>, "SELECT sql FROM  (SELECT * FROM sqlite_master UNION ALL   SELECT * FROM sqlite_temp_master) WHERE name = ? AND type in ('table', 'view')", ('products',)) completed
2026-03-04 13:47:51,850 - aiosqlite - DEBUG - executing functools.partial(<built-in method fetchall of sqlite3.Cursor object at 0x000002D04AD14C40>)
2026-03-04 13:47:51,850 - aiosqlite - DEBUG - operation functools.partial(<built-in method fetchall of sqlite3.Cursor object at 0x000002D04AD14C40>) completed
2026-03-04 13:47:51,851 - aiosqlite - DEBUG - executing functools.partial(<built-in method close of sqlite3.Cursor object at 0x000002D04AD14C40>)
2026-03-04 13:47:51,851 - aiosqlite - DEBUG - operation functools.partial(<built-in method close of sqlite3.Cursor object at 0x000002D04AD14C40>) completed
2026-03-04 13:47:51,855 - aiosqlite - DEBUG - executing functools.partial(<built-in method cursor of sqlite3.Connection object at 0x000002D04AD19F30>)
2026-03-04 13:47:51,855 - aiosqlite - DEBUG - operation functools.partial(<built-in method cursor of sqlite3.Connection object at 0x000002D04AD19F30>) completed
2026-03-04 13:47:51,855 - aiosqlite - DEBUG - executing functools.partial(<built-in method execute of sqlite3.Cursor object at 0x000002D04AC8BD40>, 'SELECT count(*) AS count_1 \nFROM products', ())
2026-03-04 13:47:51,856 - aiosqlite - DEBUG - operation functools.partial(<built-in method execute of sqlite3.Cursor object at 0x000002D04AC8BD40>, 'SELECT count(*) AS count_1 \nFROM products', ()) completed
2026-03-04 13:47:51,856 - aiosqlite - DEBUG - executing functools.partial(<built-in method fetchall of sqlite3.Cursor object at 0x000002D04AC8BD40>)
2026-03-04 13:47:51,856 - aiosqlite - DEBUG - operation functools.partial(<built-in method fetchall of sqlite3.Cursor object at 0x000002D04AC8BD40>) completed
2026-03-04 13:47:51,857 - aiosqlite - DEBUG - executing functools.partial(<built-in method close of sqlite3.Cursor object at 0x000002D04AC8BD40>)
2026-03-04 13:47:51,857 - aiosqlite - DEBUG - operation functools.partial(<built-in method close of sqlite3.Cursor object at 0x000002D04AC8BD40>) completed
2026-03-04 13:47:51,857 - services.mock_data - INFO - Table products already has 8 rows; skipping mock insert
2026-03-04 13:47:51,858 - aiosqlite - DEBUG - executing functools.partial(<built-in method commit of sqlite3.Connection object at 0x000002D04AD19F30>)
2026-03-04 13:47:51,858 - aiosqlite - DEBUG - operation functools.partial(<built-in method commit of sqlite3.Connection object at 0x000002D04AD19F30>) completed
2026-03-04 13:47:51,858 - aiosqlite - DEBUG - executing functools.partial(<built-in method rollback of sqlite3.Connection object at 0x000002D04AD19F30>)
2026-03-04 13:47:51,859 - aiosqlite - DEBUG - operation functools.partial(<built-in method rollback of sqlite3.Connection object at 0x000002D04AD19F30>) completed
2026-03-04 13:47:51,859 - aiosqlite - DEBUG - executing functools.partial(<built-in method close of sqlite3.Connection object at 0x000002D04AD19F30>)
2026-03-04 13:47:51,859 - aiosqlite - DEBUG - operation functools.partial(<built-in method close of sqlite3.Connection object at 0x000002D04AD19F30>) completed
2026-03-04 13:47:51,860 - services.database - DEBUG - [DB_OP] Starting database initialization
2026-03-04 13:47:51,860 - services.database - INFO - 🔧 Starting database initialization...
2026-03-04 13:47:51,860 - core.database - INFO - Starting database initialization...
2026-03-04 13:47:51,860 - core.database - INFO - Database already initialized
2026-03-04 13:47:51,860 - services.database - INFO - 🔧 Database connection initialized, now creating tables if tables not exist...
2026-03-04 13:47:51,861 - core.database - DEBUG - [DB_OP] Starting create_tables
2026-03-04 13:47:51,861 - core.database - INFO - Tables already initialized
2026-03-04 13:47:51,861 - services.database - INFO - 🔧 Table creation completed
2026-03-04 13:47:51,861 - services.database - INFO - Database initialized successfully
2026-03-04 13:47:51,861 - services.database - DEBUG - [DB_OP] Database initialization completed in 0.0009s
2026-03-04 13:47:51,861 - services.auth - WARNING - Admin user ID or email not configured, skipping admin initialization
2026-03-04 13:47:51,862 - main - INFO - === Application startup completed successfully ===
2026-03-04 13:47:51,863 - core.database - DEBUG - [DB_OP] Starting get_db session creation
2026-03-04 13:47:51,864 - core.database - DEBUG - [DB_OP] Database session created successfully in 0.0010s
2026-03-04 13:47:51,864 - routers.products - DEBUG - Querying productss: query=None, sort=None, skip=0, limit=1000, fields=None
2026-03-04 13:47:51,866 - aiosqlite - DEBUG - executing <function connect.<locals>.connector at 0x000002D04AD30F40>
2026-03-04 13:47:51,866 - aiosqlite - DEBUG - operation <function connect.<locals>.connector at 0x000002D04AD30F40> completed
2026-03-04 13:47:51,867 - aiosqlite - DEBUG - executing functools.partial(<built-in method create_function of sqlite3.Connection object at 0x000002D04AD2DF30>, 'regexp', 2, <function SQLiteDialect_pysqlite.on_connect.<locals>.regexp at 0x000002D04ACFCC20>, deterministic=True)
2026-03-04 13:47:51,867 - aiosqlite - DEBUG - operation functools.partial(<built-in method create_function of sqlite3.Connection object at 0x000002D04AD2DF30>, 'regexp', 2, <function SQLiteDialect_pysqlite.on_connect.<locals>.regexp at 0x000002D04ACFCC20>, deterministic=True) completed
2026-03-04 13:47:51,871 - core.auth - DEBUG - Authentication token validated for user hash: 3b14ac7f
2026-03-04 13:47:51,872 - aiosqlite - DEBUG - executing functools.partial(<built-in method create_function of sqlite3.Connection object at 0x000002D04AD2DF30>, 'floor', 1, <built-in function floor>, deterministic=True)
2026-03-04 13:47:51,872 - aiosqlite - DEBUG - operation functools.partial(<built-in method create_function of sqlite3.Connection object at 0x000002D04AD2DF30>, 'floor', 1, <built-in function floor>, deterministic=True) completed
2026-03-04 13:47:51,876 - aiosqlite - DEBUG - executing functools.partial(<built-in method cursor of sqlite3.Connection object at 0x000002D04AD2DF30>)
2026-03-04 13:47:51,877 - aiosqlite - DEBUG - operation functools.partial(<built-in method cursor of sqlite3.Connection object at 0x000002D04AD2DF30>) completed
2026-03-04 13:47:51,877 - aiosqlite - DEBUG - executing functools.partial(<built-in method execute of sqlite3.Cursor object at 0x000002D04AD4D140>, 'SELECT count(products.id) AS count_1 \nFROM products', ())
2026-03-04 13:47:51,878 - aiosqlite - DEBUG - operation functools.partial(<built-in method execute of sqlite3.Cursor object at 0x000002D04AD4D140>, 'SELECT count(products.id) AS count_1 \nFROM products', ()) completed
2026-03-04 13:47:51,879 - aiosqlite - DEBUG - executing functools.partial(<built-in method fetchall of sqlite3.Cursor object at 0x000002D04AD4D140>)
2026-03-04 13:47:51,879 - aiosqlite - DEBUG - operation functools.partial(<built-in method fetchall of sqlite3.Cursor object at 0x000002D04AD4D140>) completed
2026-03-04 13:47:51,879 - aiosqlite - DEBUG - executing functools.partial(<built-in method close of sqlite3.Cursor object at 0x000002D04AD4D140>)
2026-03-04 13:47:51,880 - aiosqlite - DEBUG - operation functools.partial(<built-in method close of sqlite3.Cursor object at 0x000002D04AD4D140>) completed
2026-03-04 13:47:51,883 - aiosqlite - DEBUG - executing functools.partial(<built-in method cursor of sqlite3.Connection object at 0x000002D04AD2DF30>)
2026-03-04 13:47:51,883 - aiosqlite - DEBUG - operation functools.partial(<built-in method cursor of sqlite3.Connection object at 0x000002D04AD2DF30>) completed
2026-03-04 13:47:51,883 - aiosqlite - DEBUG - executing functools.partial(<built-in method execute of sqlite3.Cursor object at 0x000002D04AD14940>, 'SELECT products.id, products.name, products.description, products.price, products.image, products.category, products.size, products.color, products.stock, products.created_at \nFROM products ORDER BY products.id DESC\n LIMIT ? OFFSET ?', (1000, 0))
2026-03-04 13:47:51,884 - aiosqlite - DEBUG - operation functools.partial(<built-in method execute of sqlite3.Cursor object at 0x000002D04AD14940>, 'SELECT products.id, products.name, products.description, products.price, products.image, products.category, products.size, products.color, products.stock, products.created_at \nFROM products ORDER BY products.id DESC\n LIMIT ? OFFSET ?', (1000, 0)) completed
2026-03-04 13:47:51,885 - aiosqlite - DEBUG - executing functools.partial(<built-in method fetchall of sqlite3.Cursor object at 0x000002D04AD14940>)
2026-03-04 13:47:51,885 - aiosqlite - DEBUG - operation functools.partial(<built-in method fetchall of sqlite3.Cursor object at 0x000002D04AD14940>) completed
2026-03-04 13:47:51,886 - aiosqlite - DEBUG - executing functools.partial(<built-in method close of sqlite3.Cursor object at 0x000002D04AD14940>)
2026-03-04 13:47:51,886 - aiosqlite - DEBUG - operation functools.partial(<built-in method close of sqlite3.Cursor object at 0x000002D04AD14940>) completed
2026-03-04 13:47:51,889 - routers.products - DEBUG - Found 8 productss
2026-03-04 13:47:51,889 - core.database - DEBUG - [DB_OP] Database session cleanup after 0.0259s
2026-03-04 13:47:51,890 - aiosqlite - DEBUG - executing functools.partial(<built-in method rollback of sqlite3.Connection object at 0x000002D04AD2DF30>)
2026-03-04 13:47:51,890 - aiosqlite - DEBUG - operation functools.partial(<built-in method rollback of sqlite3.Connection object at 0x000002D04AD2DF30>) completed
2026-03-04 13:47:51,891 - aiosqlite - DEBUG - executing functools.partial(<built-in method rollback of sqlite3.Connection object at 0x000002D04AD2DF30>)
2026-03-04 13:47:51,891 - aiosqlite - DEBUG - operation functools.partial(<built-in method rollback of sqlite3.Connection object at 0x000002D04AD2DF30>) completed
2026-03-04 13:47:51,891 - aiosqlite - DEBUG - executing functools.partial(<built-in method close of sqlite3.Connection object at 0x000002D04AD2DF30>)
2026-03-04 13:47:51,892 - aiosqlite - DEBUG - operation functools.partial(<built-in method close of sqlite3.Connection object at 0x000002D04AD2DF30>) completed
2026-03-04 13:47:53,094 - core.database - DEBUG - [DB_OP] Starting get_db session creation
2026-03-04 13:47:53,094 - core.database - DEBUG - [DB_OP] Database session created successfully in 0.0000s
2026-03-04 13:47:53,094 - routers.products - DEBUG - Querying productss: query=None, sort=None, skip=0, limit=1000, fields=None
2026-03-04 13:47:53,095 - aiosqlite - DEBUG - executing <function connect.<locals>.connector at 0x000002D04AD30FE0>
2026-03-04 13:47:53,095 - aiosqlite - DEBUG - operation <function connect.<locals>.connector at 0x000002D04AD30FE0> completed
2026-03-04 13:47:53,095 - aiosqlite - DEBUG - executing functools.partial(<built-in method create_function of sqlite3.Connection object at 0x000002D04AD2F880>, 'regexp', 2, <function SQLiteDialect_pysqlite.on_connect.<locals>.regexp at 0x000002D04ACFCC20>, deterministic=True)
2026-03-04 13:47:53,096 - aiosqlite - DEBUG - operation functools.partial(<built-in method create_function of sqlite3.Connection object at 0x000002D04AD2F880>, 'regexp', 2, <function SQLiteDialect_pysqlite.on_connect.<locals>.regexp at 0x000002D04ACFCC20>, deterministic=True) completed
2026-03-04 13:47:53,096 - aiosqlite - DEBUG - executing functools.partial(<built-in method create_function of sqlite3.Connection object at 0x000002D04AD2F880>, 'floor', 1, <built-in function floor>, deterministic=True)
2026-03-04 13:47:53,096 - aiosqlite - DEBUG - operation functools.partial(<built-in method create_function of sqlite3.Connection object at 0x000002D04AD2F880>, 'floor', 1, <built-in function floor>, deterministic=True) completed
2026-03-04 13:47:53,097 - aiosqlite - DEBUG - executing functools.partial(<built-in method cursor of sqlite3.Connection object at 0x000002D04AD2F880>)
2026-03-04 13:47:53,097 - aiosqlite - DEBUG - operation functools.partial(<built-in method cursor of sqlite3.Connection object at 0x000002D04AD2F880>) completed
2026-03-04 13:47:53,097 - aiosqlite - DEBUG - executing functools.partial(<built-in method execute of sqlite3.Cursor object at 0x000002D04AC89B40>, 'SELECT count(products.id) AS count_1 \nFROM products', ())
2026-03-04 13:47:53,098 - aiosqlite - DEBUG - operation functools.partial(<built-in method execute of sqlite3.Cursor object at 0x000002D04AC89B40>, 'SELECT count(products.id) AS count_1 \nFROM products', ()) completed
2026-03-04 13:47:53,098 - aiosqlite - DEBUG - executing functools.partial(<built-in method fetchall of sqlite3.Cursor object at 0x000002D04AC89B40>)
2026-03-04 13:47:53,098 - aiosqlite - DEBUG - operation functools.partial(<built-in method fetchall of sqlite3.Cursor object at 0x000002D04AC89B40>) completed
2026-03-04 13:47:53,098 - aiosqlite - DEBUG - executing functools.partial(<built-in method close of sqlite3.Cursor object at 0x000002D04AC89B40>)
2026-03-04 13:47:53,098 - aiosqlite - DEBUG - operation functools.partial(<built-in method close of sqlite3.Cursor object at 0x000002D04AC89B40>) completed
2026-03-04 13:47:53,099 - aiosqlite - DEBUG - executing functools.partial(<built-in method cursor of sqlite3.Connection object at 0x000002D04AD2F880>)
2026-03-04 13:47:53,100 - aiosqlite - DEBUG - operation functools.partial(<built-in method cursor of sqlite3.Connection object at 0x000002D04AD2F880>) completed
2026-03-04 13:47:53,100 - aiosqlite - DEBUG - executing functools.partial(<built-in method execute of sqlite3.Cursor object at 0x000002D04AC89B40>, 'SELECT products.id, products.name, products.description, products.price, products.image, products.category, products.size, products.color, products.stock, products.created_at \nFROM products ORDER BY products.id DESC\n LIMIT ? OFFSET ?', (1000, 0))
2026-03-04 13:47:53,100 - aiosqlite - DEBUG - operation functools.partial(<built-in method execute of sqlite3.Cursor object at 0x000002D04AC89B40>, 'SELECT products.id, products.name, products.description, products.price, products.image, products.category, products.size, products.color, products.stock, products.created_at \nFROM products ORDER BY products.id DESC\n LIMIT ? OFFSET ?', (1000, 0)) completed
2026-03-04 13:47:53,101 - aiosqlite - DEBUG - executing functools.partial(<built-in method fetchall of sqlite3.Cursor object at 0x000002D04AC89B40>)
2026-03-04 13:47:53,101 - aiosqlite - DEBUG - operation functools.partial(<built-in method fetchall of sqlite3.Cursor object at 0x000002D04AC89B40>) completed
2026-03-04 13:47:53,101 - aiosqlite - DEBUG - executing functools.partial(<built-in method close of sqlite3.Cursor object at 0x000002D04AC89B40>)
2026-03-04 13:47:53,102 - aiosqlite - DEBUG - operation functools.partial(<built-in method close of sqlite3.Cursor object at 0x000002D04AC89B40>) completed
2026-03-04 13:47:53,102 - routers.products - DEBUG - Found 8 productss
2026-03-04 13:47:53,102 - core.database - DEBUG - [DB_OP] Database session cleanup after 0.0080s
2026-03-04 13:47:53,103 - aiosqlite - DEBUG - executing functools.partial(<built-in method rollback of sqlite3.Connection object at 0x000002D04AD2F880>)
2026-03-04 13:47:53,103 - aiosqlite - DEBUG - operation functools.partial(<built-in method rollback of sqlite3.Connection object at 0x000002D04AD2F880>) completed
2026-03-04 13:47:53,103 - aiosqlite - DEBUG - executing functools.partial(<built-in method rollback of sqlite3.Connection object at 0x000002D04AD2F880>)
2026-03-04 13:47:53,103 - aiosqlite - DEBUG - operation functools.partial(<built-in method rollback of sqlite3.Connection object at 0x000002D04AD2F880>) completed
2026-03-04 13:47:53,104 - aiosqlite - DEBUG - executing functools.partial(<built-in method close of sqlite3.Connection object at 0x000002D04AD2F880>)
2026-03-04 13:47:53,104 - aiosqlite - DEBUG - operation functools.partial(<built-in method close of sqlite3.Connection object at 0x000002D04AD2F880>) completed
2026-03-04 13:47:53,403 - core.auth - DEBUG - Authentication token validated for user hash: 8485fccb
2026-03-04 14:04:50,876 - core.database - DEBUG - [DB_OP] Starting get_db session creation
2026-03-04 14:04:50,876 - core.database - DEBUG - [DB_OP] Database session created successfully in 0.0000s
2026-03-04 14:04:50,876 - routers.auth - INFO - [login] Login attempt for: admin2@example.com
2026-03-04 14:04:50,884 - aiosqlite - DEBUG - executing <function connect.<locals>.connector at 0x000002D04AD542C0>
2026-03-04 14:04:50,884 - aiosqlite - DEBUG - operation <function connect.<locals>.connector at 0x000002D04AD542C0> completed
2026-03-04 14:04:50,884 - aiosqlite - DEBUG - executing functools.partial(<built-in method create_function of sqlite3.Connection object at 0x000002D04AD2DC60>, 'regexp', 2, <function SQLiteDialect_pysqlite.on_connect.<locals>.regexp at 0x000002D04ACFCC20>, deterministic=True)
2026-03-04 14:04:50,884 - aiosqlite - DEBUG - operation functools.partial(<built-in method create_function of sqlite3.Connection object at 0x000002D04AD2DC60>, 'regexp', 2, <function SQLiteDialect_pysqlite.on_connect.<locals>.regexp at 0x000002D04ACFCC20>, deterministic=True) completed
2026-03-04 14:04:50,884 - aiosqlite - DEBUG - executing functools.partial(<built-in method create_function of sqlite3.Connection object at 0x000002D04AD2DC60>, 'floor', 1, <built-in function floor>, deterministic=True)
2026-03-04 14:04:50,884 - aiosqlite - DEBUG - operation functools.partial(<built-in method create_function of sqlite3.Connection object at 0x000002D04AD2DC60>, 'floor', 1, <built-in function floor>, deterministic=True) completed
2026-03-04 14:04:50,884 - aiosqlite - DEBUG - executing functools.partial(<built-in method cursor of sqlite3.Connection object at 0x000002D04AD2DC60>)
2026-03-04 14:04:50,884 - aiosqlite - DEBUG - operation functools.partial(<built-in method cursor of sqlite3.Connection object at 0x000002D04AD2DC60>) completed
2026-03-04 14:04:50,892 - aiosqlite - DEBUG - executing functools.partial(<built-in method execute of sqlite3.Cursor object at 0x000002D04AC898C0>, 'SELECT users.id, users.email, users.name, users.role, users.created_at, users.last_login, users.hashed_password \nFROM users \nWHERE lower(users.email) = ?', ('admin2@example.com',))
2026-03-04 14:04:50,892 - aiosqlite - DEBUG - operation functools.partial(<built-in method execute of sqlite3.Cursor object at 0x000002D04AC898C0>, 'SELECT users.id, users.email, users.name, users.role, users.created_at, users.last_login, users.hashed_password \nFROM users \nWHERE lower(users.email) = ?', ('admin2@example.com',)) completed
2026-03-04 14:04:50,892 - aiosqlite - DEBUG - executing functools.partial(<built-in method fetchall of sqlite3.Cursor object at 0x000002D04AC898C0>)
2026-03-04 14:04:50,892 - aiosqlite - DEBUG - operation functools.partial(<built-in method fetchall of sqlite3.Cursor object at 0x000002D04AC898C0>) completed
2026-03-04 14:04:50,892 - aiosqlite - DEBUG - executing functools.partial(<built-in method close of sqlite3.Cursor object at 0x000002D04AC898C0>)
2026-03-04 14:04:50,892 - aiosqlite - DEBUG - operation functools.partial(<built-in method close of sqlite3.Cursor object at 0x000002D04AC898C0>) completed
2026-03-04 14:04:51,193 - core.auth - DEBUG - Authentication token created for user hash: 3b14ac7f
2026-03-04 14:04:51,193 - routers.auth - INFO - [login] Login successful for user: 6bf4b957-7c2a-467a-b6d6-db32462caaf1
2026-03-04 14:04:51,194 - core.database - DEBUG - [DB_OP] Database session cleanup after 0.3177s
2026-03-04 14:04:51,194 - aiosqlite - DEBUG - executing functools.partial(<built-in method rollback of sqlite3.Connection object at 0x000002D04AD2DC60>)
2026-03-04 14:04:51,194 - aiosqlite - DEBUG - operation functools.partial(<built-in method rollback of sqlite3.Connection object at 0x000002D04AD2DC60>) completed
2026-03-04 14:04:51,194 - aiosqlite - DEBUG - executing functools.partial(<built-in method rollback of sqlite3.Connection object at 0x000002D04AD2DC60>)
2026-03-04 14:04:51,194 - aiosqlite - DEBUG - operation functools.partial(<built-in method rollback of sqlite3.Connection object at 0x000002D04AD2DC60>) completed
2026-03-04 14:04:51,194 - aiosqlite - DEBUG - executing functools.partial(<built-in method close of sqlite3.Connection object at 0x000002D04AD2DC60>)
2026-03-04 14:04:51,194 - aiosqlite - DEBUG - operation functools.partial(<built-in method close of sqlite3.Connection object at 0x000002D04AD2DC60>) completed
2026-03-04 14:04:52,176 - core.database - DEBUG - [DB_OP] Starting get_db session creation
2026-03-04 14:04:52,176 - core.database - DEBUG - [DB_OP] Database session created successfully in 0.0006s
2026-03-04 14:04:52,176 - routers.products - DEBUG - Querying productss: query=None, sort=None, skip=0, limit=100, fields=None
2026-03-04 14:04:52,176 - aiosqlite - DEBUG - executing <function connect.<locals>.connector at 0x000002D04AD55620>
2026-03-04 14:04:52,176 - aiosqlite - DEBUG - operation <function connect.<locals>.connector at 0x000002D04AD55620> completed
2026-03-04 14:04:52,176 - aiosqlite - DEBUG - executing functools.partial(<built-in method create_function of sqlite3.Connection object at 0x000002D04AD2E020>, 'regexp', 2, <function SQLiteDialect_pysqlite.on_connect.<locals>.regexp at 0x000002D04ACFCC20>, deterministic=True)
2026-03-04 14:04:52,176 - aiosqlite - DEBUG - operation functools.partial(<built-in method create_function of sqlite3.Connection object at 0x000002D04AD2E020>, 'regexp', 2, <function SQLiteDialect_pysqlite.on_connect.<locals>.regexp at 0x000002D04ACFCC20>, deterministic=True) completed
2026-03-04 14:04:52,176 - aiosqlite - DEBUG - executing functools.partial(<built-in method create_function of sqlite3.Connection object at 0x000002D04AD2E020>, 'floor', 1, <built-in function floor>, deterministic=True)
2026-03-04 14:04:52,176 - aiosqlite - DEBUG - operation functools.partial(<built-in method create_function of sqlite3.Connection object at 0x000002D04AD2E020>, 'floor', 1, <built-in function floor>, deterministic=True) completed
2026-03-04 14:04:52,176 - aiosqlite - DEBUG - executing functools.partial(<built-in method cursor of sqlite3.Connection object at 0x000002D04AD2E020>)
2026-03-04 14:04:52,176 - aiosqlite - DEBUG - operation functools.partial(<built-in method cursor of sqlite3.Connection object at 0x000002D04AD2E020>) completed
2026-03-04 14:04:52,176 - aiosqlite - DEBUG - executing functools.partial(<built-in method execute of sqlite3.Cursor object at 0x000002D04AC898C0>, 'SELECT count(products.id) AS count_1 \nFROM products', ())
2026-03-04 14:04:52,184 - aiosqlite - DEBUG - operation functools.partial(<built-in method execute of sqlite3.Cursor object at 0x000002D04AC898C0>, 'SELECT count(products.id) AS count_1 \nFROM products', ()) completed
2026-03-04 14:04:52,184 - aiosqlite - DEBUG - executing functools.partial(<built-in method fetchall of sqlite3.Cursor object at 0x000002D04AC898C0>)
2026-03-04 14:04:52,184 - aiosqlite - DEBUG - operation functools.partial(<built-in method fetchall of sqlite3.Cursor object at 0x000002D04AC898C0>) completed
2026-03-04 14:04:52,184 - aiosqlite - DEBUG - executing functools.partial(<built-in method close of sqlite3.Cursor object at 0x000002D04AC898C0>)
2026-03-04 14:04:52,184 - aiosqlite - DEBUG - operation functools.partial(<built-in method close of sqlite3.Cursor object at 0x000002D04AC898C0>) completed
2026-03-04 14:04:52,184 - aiosqlite - DEBUG - executing functools.partial(<built-in method cursor of sqlite3.Connection object at 0x000002D04AD2E020>)
2026-03-04 14:04:52,184 - aiosqlite - DEBUG - operation functools.partial(<built-in method cursor of sqlite3.Connection object at 0x000002D04AD2E020>) completed
2026-03-04 14:04:52,184 - aiosqlite - DEBUG - executing functools.partial(<built-in method execute of sqlite3.Cursor object at 0x000002D04AC898C0>, 'SELECT products.id, products.name, products.description, products.price, products.image, products.category, products.size, products.color, products.stock, products.created_at \nFROM products ORDER BY products.id DESC\n LIMIT ? OFFSET ?', (100, 0))
2026-03-04 14:04:52,184 - aiosqlite - DEBUG - operation functools.partial(<built-in method execute of sqlite3.Cursor object at 0x000002D04AC898C0>, 'SELECT products.id, products.name, products.description, products.price, products.image, products.category, products.size, products.color, products.stock, products.created_at \nFROM products ORDER BY products.id DESC\n LIMIT ? OFFSET ?', (100, 0)) completed
2026-03-04 14:04:52,184 - aiosqlite - DEBUG - executing functools.partial(<built-in method fetchall of sqlite3.Cursor object at 0x000002D04AC898C0>)
2026-03-04 14:04:52,184 - aiosqlite - DEBUG - operation functools.partial(<built-in method fetchall of sqlite3.Cursor object at 0x000002D04AC898C0>) completed
2026-03-04 14:04:52,184 - aiosqlite - DEBUG - executing functools.partial(<built-in method close of sqlite3.Cursor object at 0x000002D04AC898C0>)
2026-03-04 14:04:52,184 - aiosqlite - DEBUG - operation functools.partial(<built-in method close of sqlite3.Cursor object at 0x000002D04AC898C0>) completed
2026-03-04 14:04:52,192 - routers.products - DEBUG - Found 8 productss
2026-03-04 14:04:52,192 - core.database - DEBUG - [DB_OP] Database session cleanup after 0.0166s
2026-03-04 14:04:52,192 - aiosqlite - DEBUG - executing functools.partial(<built-in method rollback of sqlite3.Connection object at 0x000002D04AD2E020>)
2026-03-04 14:04:52,192 - aiosqlite - DEBUG - operation functools.partial(<built-in method rollback of sqlite3.Connection object at 0x000002D04AD2E020>) completed
2026-03-04 14:04:52,192 - aiosqlite - DEBUG - executing functools.partial(<built-in method rollback of sqlite3.Connection object at 0x000002D04AD2E020>)
2026-03-04 14:04:52,192 - aiosqlite - DEBUG - operation functools.partial(<built-in method rollback of sqlite3.Connection object at 0x000002D04AD2E020>) completed
2026-03-04 14:04:52,192 - aiosqlite - DEBUG - executing functools.partial(<built-in method close of sqlite3.Connection object at 0x000002D04AD2E020>)
2026-03-04 14:04:52,192 - aiosqlite - DEBUG - operation functools.partial(<built-in method close of sqlite3.Connection object at 0x000002D04AD2E020>) completed
2026-03-04 14:04:52,478 - core.auth - DEBUG - Authentication token validated for user hash: 3b14ac7f
2026-03-04 14:04:53,484 - core.database - DEBUG - [DB_OP] Starting get_db session creation
2026-03-04 14:04:53,484 - core.database - DEBUG - [DB_OP] Database session created successfully in 0.0000s
2026-03-04 14:04:53,484 - routers.products - DEBUG - Querying productss: query=None, sort=None, skip=0, limit=1000, fields=None
2026-03-04 14:04:53,484 - aiosqlite - DEBUG - executing <function connect.<locals>.connector at 0x000002D04AD542C0>
2026-03-04 14:04:53,484 - aiosqlite - DEBUG - operation <function connect.<locals>.connector at 0x000002D04AD542C0> completed
2026-03-04 14:04:53,484 - aiosqlite - DEBUG - executing functools.partial(<built-in method create_function of sqlite3.Connection object at 0x000002D04AD2F4C0>, 'regexp', 2, <function SQLiteDialect_pysqlite.on_connect.<locals>.regexp at 0x000002D04ACFCC20>, deterministic=True)
2026-03-04 14:04:53,484 - aiosqlite - DEBUG - operation functools.partial(<built-in method create_function of sqlite3.Connection object at 0x000002D04AD2F4C0>, 'regexp', 2, <function SQLiteDialect_pysqlite.on_connect.<locals>.regexp at 0x000002D04ACFCC20>, deterministic=True) completed
2026-03-04 14:04:53,484 - aiosqlite - DEBUG - executing functools.partial(<built-in method create_function of sqlite3.Connection object at 0x000002D04AD2F4C0>, 'floor', 1, <built-in function floor>, deterministic=True)
2026-03-04 14:04:53,484 - aiosqlite - DEBUG - operation functools.partial(<built-in method create_function of sqlite3.Connection object at 0x000002D04AD2F4C0>, 'floor', 1, <built-in function floor>, deterministic=True) completed
2026-03-04 14:04:53,484 - aiosqlite - DEBUG - executing functools.partial(<built-in method cursor of sqlite3.Connection object at 0x000002D04AD2F4C0>)
2026-03-04 14:04:53,484 - aiosqlite - DEBUG - operation functools.partial(<built-in method cursor of sqlite3.Connection object at 0x000002D04AD2F4C0>) completed
2026-03-04 14:04:53,492 - aiosqlite - DEBUG - executing functools.partial(<built-in method execute of sqlite3.Cursor object at 0x000002D04AD5C940>, 'SELECT count(products.id) AS count_1 \nFROM products', ())
2026-03-04 14:04:53,492 - aiosqlite - DEBUG - operation functools.partial(<built-in method execute of sqlite3.Cursor object at 0x000002D04AD5C940>, 'SELECT count(products.id) AS count_1 \nFROM products', ()) completed
2026-03-04 14:04:53,492 - aiosqlite - DEBUG - executing functools.partial(<built-in method fetchall of sqlite3.Cursor object at 0x000002D04AD5C940>)
2026-03-04 14:04:53,492 - aiosqlite - DEBUG - operation functools.partial(<built-in method fetchall of sqlite3.Cursor object at 0x000002D04AD5C940>) completed
2026-03-04 14:04:53,492 - aiosqlite - DEBUG - executing functools.partial(<built-in method close of sqlite3.Cursor object at 0x000002D04AD5C940>)
2026-03-04 14:04:53,492 - aiosqlite - DEBUG - operation functools.partial(<built-in method close of sqlite3.Cursor object at 0x000002D04AD5C940>) completed
2026-03-04 14:04:53,492 - aiosqlite - DEBUG - executing functools.partial(<built-in method cursor of sqlite3.Connection object at 0x000002D04AD2F4C0>)
2026-03-04 14:04:53,492 - aiosqlite - DEBUG - operation functools.partial(<built-in method cursor of sqlite3.Connection object at 0x000002D04AD2F4C0>) completed
2026-03-04 14:04:53,492 - aiosqlite - DEBUG - executing functools.partial(<built-in method execute of sqlite3.Cursor object at 0x000002D04AD5C940>, 'SELECT products.id, products.name, products.description, products.price, products.image, products.category, products.size, products.color, products.stock, products.created_at \nFROM products ORDER BY products.id DESC\n LIMIT ? OFFSET ?', (1000, 0))
2026-03-04 14:04:53,492 - aiosqlite - DEBUG - operation functools.partial(<built-in method execute of sqlite3.Cursor object at 0x000002D04AD5C940>, 'SELECT products.id, products.name, products.description, products.price, products.image, products.category, products.size, products.color, products.stock, products.created_at \nFROM products ORDER BY products.id DESC\n LIMIT ? OFFSET ?', (1000, 0)) completed
2026-03-04 14:04:53,492 - aiosqlite - DEBUG - executing functools.partial(<built-in method fetchall of sqlite3.Cursor object at 0x000002D04AD5C940>)
2026-03-04 14:04:53,492 - aiosqlite - DEBUG - operation functools.partial(<built-in method fetchall of sqlite3.Cursor object at 0x000002D04AD5C940>) completed
2026-03-04 14:04:53,500 - aiosqlite - DEBUG - executing functools.partial(<built-in method close of sqlite3.Cursor object at 0x000002D04AD5C940>)
2026-03-04 14:04:53,500 - aiosqlite - DEBUG - operation functools.partial(<built-in method close of sqlite3.Cursor object at 0x000002D04AD5C940>) completed
2026-03-04 14:04:53,500 - routers.products - DEBUG - Found 8 productss
2026-03-04 14:04:53,500 - core.database - DEBUG - [DB_OP] Database session cleanup after 0.0160s
2026-03-04 14:04:53,500 - aiosqlite - DEBUG - executing functools.partial(<built-in method rollback of sqlite3.Connection object at 0x000002D04AD2F4C0>)
2026-03-04 14:04:53,500 - aiosqlite - DEBUG - operation functools.partial(<built-in method rollback of sqlite3.Connection object at 0x000002D04AD2F4C0>) completed
2026-03-04 14:04:53,500 - aiosqlite - DEBUG - executing functools.partial(<built-in method rollback of sqlite3.Connection object at 0x000002D04AD2F4C0>)
2026-03-04 14:04:53,500 - aiosqlite - DEBUG - operation functools.partial(<built-in method rollback of sqlite3.Connection object at 0x000002D04AD2F4C0>) completed
2026-03-04 14:04:53,500 - aiosqlite - DEBUG - executing functools.partial(<built-in method close of sqlite3.Connection object at 0x000002D04AD2F4C0>)
2026-03-04 14:04:53,500 - aiosqlite - DEBUG - operation functools.partial(<built-in method close of sqlite3.Connection object at 0x000002D04AD2F4C0>) completed
2026-03-04 14:04:56,170 - core.database - DEBUG - [DB_OP] Starting get_db session creation
2026-03-04 14:04:56,171 - core.database - DEBUG - [DB_OP] Database session created successfully in 0.0011s
2026-03-04 14:04:56,171 - routers.auth - INFO - [login] Login attempt for: sonhynmin4@gmail.com
2026-03-04 14:04:56,172 - aiosqlite - DEBUG - executing <function connect.<locals>.connector at 0x000002D04ACFF7E0>
2026-03-04 14:04:56,173 - aiosqlite - DEBUG - operation <function connect.<locals>.connector at 0x000002D04ACFF7E0> completed
2026-03-04 14:04:56,173 - aiosqlite - DEBUG - executing functools.partial(<built-in method create_function of sqlite3.Connection object at 0x000002D04AD2F4C0>, 'regexp', 2, <function SQLiteDialect_pysqlite.on_connect.<locals>.regexp at 0x000002D04ACFCC20>, deterministic=True)
2026-03-04 14:04:56,173 - aiosqlite - DEBUG - operation functools.partial(<built-in method create_function of sqlite3.Connection object at 0x000002D04AD2F4C0>, 'regexp', 2, <function SQLiteDialect_pysqlite.on_connect.<locals>.regexp at 0x000002D04ACFCC20>, deterministic=True) completed
2026-03-04 14:04:56,173 - aiosqlite - DEBUG - executing functools.partial(<built-in method create_function of sqlite3.Connection object at 0x000002D04AD2F4C0>, 'floor', 1, <built-in function floor>, deterministic=True)
2026-03-04 14:04:56,173 - aiosqlite - DEBUG - operation functools.partial(<built-in method create_function of sqlite3.Connection object at 0x000002D04AD2F4C0>, 'floor', 1, <built-in function floor>, deterministic=True) completed
2026-03-04 14:04:56,173 - aiosqlite - DEBUG - executing functools.partial(<built-in method cursor of sqlite3.Connection object at 0x000002D04AD2F4C0>)
2026-03-04 14:04:56,173 - aiosqlite - DEBUG - operation functools.partial(<built-in method cursor of sqlite3.Connection object at 0x000002D04AD2F4C0>) completed
2026-03-04 14:04:56,173 - aiosqlite - DEBUG - executing functools.partial(<built-in method execute of sqlite3.Cursor object at 0x000002D04AD4E3C0>, 'SELECT users.id, users.email, users.name, users.role, users.created_at, users.last_login, users.hashed_password \nFROM users \nWHERE lower(users.email) = ?', ('sonhynmin4@gmail.com',))
2026-03-04 14:04:56,173 - aiosqlite - DEBUG - operation functools.partial(<built-in method execute of sqlite3.Cursor object at 0x000002D04AD4E3C0>, 'SELECT users.id, users.email, users.name, users.role, users.created_at, users.last_login, users.hashed_password \nFROM users \nWHERE lower(users.email) = ?', ('sonhynmin4@gmail.com',)) completed
2026-03-04 14:04:56,173 - aiosqlite - DEBUG - executing functools.partial(<built-in method fetchall of sqlite3.Cursor object at 0x000002D04AD4E3C0>)
2026-03-04 14:04:56,181 - aiosqlite - DEBUG - operation functools.partial(<built-in method fetchall of sqlite3.Cursor object at 0x000002D04AD4E3C0>) completed
2026-03-04 14:04:56,181 - aiosqlite - DEBUG - executing functools.partial(<built-in method close of sqlite3.Cursor object at 0x000002D04AD4E3C0>)
2026-03-04 14:04:56,181 - aiosqlite - DEBUG - operation functools.partial(<built-in method close of sqlite3.Cursor object at 0x000002D04AD4E3C0>) completed
2026-03-04 14:04:56,460 - core.auth - DEBUG - Authentication token created for user hash: 8485fccb
2026-03-04 14:04:56,460 - routers.auth - INFO - [login] Login successful for user: 1c358d91-8a88-410f-b3aa-e3c4a0eb2770
2026-03-04 14:04:56,460 - core.database - DEBUG - [DB_OP] Database session cleanup after 0.2899s
2026-03-04 14:04:56,460 - aiosqlite - DEBUG - executing functools.partial(<built-in method rollback of sqlite3.Connection object at 0x000002D04AD2F4C0>)
2026-03-04 14:04:56,460 - aiosqlite - DEBUG - operation functools.partial(<built-in method rollback of sqlite3.Connection object at 0x000002D04AD2F4C0>) completed
2026-03-04 14:04:56,476 - aiosqlite - DEBUG - executing functools.partial(<built-in method rollback of sqlite3.Connection object at 0x000002D04AD2F4C0>)
2026-03-04 14:04:56,476 - aiosqlite - DEBUG - operation functools.partial(<built-in method rollback of sqlite3.Connection object at 0x000002D04AD2F4C0>) completed
2026-03-04 14:04:56,476 - aiosqlite - DEBUG - executing functools.partial(<built-in method close of sqlite3.Connection object at 0x000002D04AD2F4C0>)
2026-03-04 14:04:56,476 - aiosqlite - DEBUG - operation functools.partial(<built-in method close of sqlite3.Connection object at 0x000002D04AD2F4C0>) completed
2026-03-04 14:04:59,250 - core.database - DEBUG - [DB_OP] Starting get_db session creation
2026-03-04 14:04:59,250 - core.database - DEBUG - [DB_OP] Database session created successfully in 0.0000s
2026-03-04 14:04:59,250 - routers.products - DEBUG - Querying productss: query=None, sort=None, skip=0, limit=1000, fields=None
2026-03-04 14:04:59,258 - aiosqlite - DEBUG - executing <function connect.<locals>.connector at 0x000002D04ACFDC60>
2026-03-04 14:04:59,258 - core.auth - DEBUG - Authentication token validated for user hash: 8485fccb
2026-03-04 14:04:59,258 - aiosqlite - DEBUG - operation <function connect.<locals>.connector at 0x000002D04ACFDC60> completed
2026-03-04 14:04:59,259 - aiosqlite - DEBUG - executing functools.partial(<built-in method create_function of sqlite3.Connection object at 0x000002D04AD2F2E0>, 'regexp', 2, <function SQLiteDialect_pysqlite.on_connect.<locals>.regexp at 0x000002D04ACFCC20>, deterministic=True)
2026-03-04 14:04:59,259 - aiosqlite - DEBUG - operation functools.partial(<built-in method create_function of sqlite3.Connection object at 0x000002D04AD2F2E0>, 'regexp', 2, <function SQLiteDialect_pysqlite.on_connect.<locals>.regexp at 0x000002D04ACFCC20>, deterministic=True) completed
2026-03-04 14:04:59,259 - aiosqlite - DEBUG - executing functools.partial(<built-in method create_function of sqlite3.Connection object at 0x000002D04AD2F2E0>, 'floor', 1, <built-in function floor>, deterministic=True)
2026-03-04 14:04:59,259 - aiosqlite - DEBUG - operation functools.partial(<built-in method create_function of sqlite3.Connection object at 0x000002D04AD2F2E0>, 'floor', 1, <built-in function floor>, deterministic=True) completed
2026-03-04 14:04:59,259 - aiosqlite - DEBUG - executing functools.partial(<built-in method cursor of sqlite3.Connection object at 0x000002D04AD2F2E0>)
2026-03-04 14:04:59,259 - aiosqlite - DEBUG - operation functools.partial(<built-in method cursor of sqlite3.Connection object at 0x000002D04AD2F2E0>) completed
2026-03-04 14:04:59,259 - aiosqlite - DEBUG - executing functools.partial(<built-in method execute of sqlite3.Cursor object at 0x000002D04AD4FF40>, 'SELECT count(products.id) AS count_1 \nFROM products', ())
2026-03-04 14:04:59,259 - aiosqlite - DEBUG - operation functools.partial(<built-in method execute of sqlite3.Cursor object at 0x000002D04AD4FF40>, 'SELECT count(products.id) AS count_1 \nFROM products', ()) completed
2026-03-04 14:04:59,259 - aiosqlite - DEBUG - executing functools.partial(<built-in method fetchall of sqlite3.Cursor object at 0x000002D04AD4FF40>)
2026-03-04 14:04:59,259 - aiosqlite - DEBUG - operation functools.partial(<built-in method fetchall of sqlite3.Cursor object at 0x000002D04AD4FF40>) completed
2026-03-04 14:04:59,259 - aiosqlite - DEBUG - executing functools.partial(<built-in method close of sqlite3.Cursor object at 0x000002D04AD4FF40>)
2026-03-04 14:04:59,267 - aiosqlite - DEBUG - operation functools.partial(<built-in method close of sqlite3.Cursor object at 0x000002D04AD4FF40>) completed
2026-03-04 14:04:59,267 - aiosqlite - DEBUG - executing functools.partial(<built-in method cursor of sqlite3.Connection object at 0x000002D04AD2F2E0>)
2026-03-04 14:04:59,267 - aiosqlite - DEBUG - operation functools.partial(<built-in method cursor of sqlite3.Connection object at 0x000002D04AD2F2E0>) completed
2026-03-04 14:04:59,267 - aiosqlite - DEBUG - executing functools.partial(<built-in method execute of sqlite3.Cursor object at 0x000002D04AD4FF40>, 'SELECT products.id, products.name, products.description, products.price, products.image, products.category, products.size, products.color, products.stock, products.created_at \nFROM products ORDER BY products.id DESC\n LIMIT ? OFFSET ?', (1000, 0))
2026-03-04 14:04:59,267 - aiosqlite - DEBUG - operation functools.partial(<built-in method execute of sqlite3.Cursor object at 0x000002D04AD4FF40>, 'SELECT products.id, products.name, products.description, products.price, products.image, products.category, products.size, products.color, products.stock, products.created_at \nFROM products ORDER BY products.id DESC\n LIMIT ? OFFSET ?', (1000, 0)) completed
2026-03-04 14:04:59,267 - aiosqlite - DEBUG - executing functools.partial(<built-in method fetchall of sqlite3.Cursor object at 0x000002D04AD4FF40>)
2026-03-04 14:04:59,267 - aiosqlite - DEBUG - operation functools.partial(<built-in method fetchall of sqlite3.Cursor object at 0x000002D04AD4FF40>) completed
2026-03-04 14:04:59,267 - aiosqlite - DEBUG - executing functools.partial(<built-in method close of sqlite3.Cursor object at 0x000002D04AD4FF40>)
2026-03-04 14:04:59,267 - aiosqlite - DEBUG - operation functools.partial(<built-in method close of sqlite3.Cursor object at 0x000002D04AD4FF40>) completed
2026-03-04 14:04:59,275 - routers.products - DEBUG - Found 8 productss
2026-03-04 14:04:59,275 - core.database - DEBUG - [DB_OP] Database session cleanup after 0.0249s
2026-03-04 14:04:59,275 - aiosqlite - DEBUG - executing functools.partial(<built-in method rollback of sqlite3.Connection object at 0x000002D04AD2F2E0>)
2026-03-04 14:04:59,275 - aiosqlite - DEBUG - operation functools.partial(<built-in method rollback of sqlite3.Connection object at 0x000002D04AD2F2E0>) completed
2026-03-04 14:04:59,275 - aiosqlite - DEBUG - executing functools.partial(<built-in method rollback of sqlite3.Connection object at 0x000002D04AD2F2E0>)
2026-03-04 14:04:59,275 - aiosqlite - DEBUG - operation functools.partial(<built-in method rollback of sqlite3.Connection object at 0x000002D04AD2F2E0>) completed
2026-03-04 14:04:59,275 - aiosqlite - DEBUG - executing functools.partial(<built-in method close of sqlite3.Connection object at 0x000002D04AD2F2E0>)
2026-03-04 14:04:59,275 - aiosqlite - DEBUG - operation functools.partial(<built-in method close of sqlite3.Connection object at 0x000002D04AD2F2E0>) completed
2026-03-04 14:11:33,085 - core.database - DEBUG - [DB_OP] Starting get_db session creation
2026-03-04 14:11:33,085 - core.database - DEBUG - [DB_OP] Database session created successfully in 0.0000s
2026-03-04 14:11:33,085 - routers.products - DEBUG - Querying productss: query=None, sort=None, skip=0, limit=1000, fields=None
2026-03-04 14:11:33,085 - aiosqlite - DEBUG - executing <function connect.<locals>.connector at 0x000002D04ACFFA60>
2026-03-04 14:11:33,085 - aiosqlite - DEBUG - operation <function connect.<locals>.connector at 0x000002D04ACFFA60> completed
2026-03-04 14:11:33,085 - aiosqlite - DEBUG - executing functools.partial(<built-in method create_function of sqlite3.Connection object at 0x000002D04AD1BC40>, 'regexp', 2, <function SQLiteDialect_pysqlite.on_connect.<locals>.regexp at 0x000002D04ACFCC20>, deterministic=True)
2026-03-04 14:11:33,085 - aiosqlite - DEBUG - operation functools.partial(<built-in method create_function of sqlite3.Connection object at 0x000002D04AD1BC40>, 'regexp', 2, <function SQLiteDialect_pysqlite.on_connect.<locals>.regexp at 0x000002D04ACFCC20>, deterministic=True) completed
2026-03-04 14:11:33,085 - aiosqlite - DEBUG - executing functools.partial(<built-in method create_function of sqlite3.Connection object at 0x000002D04AD1BC40>, 'floor', 1, <built-in function floor>, deterministic=True)
2026-03-04 14:11:33,085 - aiosqlite - DEBUG - operation functools.partial(<built-in method create_function of sqlite3.Connection object at 0x000002D04AD1BC40>, 'floor', 1, <built-in function floor>, deterministic=True) completed
2026-03-04 14:11:33,085 - aiosqlite - DEBUG - executing functools.partial(<built-in method cursor of sqlite3.Connection object at 0x000002D04AD1BC40>)
2026-03-04 14:11:33,085 - aiosqlite - DEBUG - operation functools.partial(<built-in method cursor of sqlite3.Connection object at 0x000002D04AD1BC40>) completed
2026-03-04 14:11:33,093 - aiosqlite - DEBUG - executing functools.partial(<built-in method execute of sqlite3.Cursor object at 0x000002D04AD4D540>, 'SELECT count(products.id) AS count_1 \nFROM products', ())
2026-03-04 14:11:33,093 - aiosqlite - DEBUG - operation functools.partial(<built-in method execute of sqlite3.Cursor object at 0x000002D04AD4D540>, 'SELECT count(products.id) AS count_1 \nFROM products', ()) completed
2026-03-04 14:11:33,094 - aiosqlite - DEBUG - executing functools.partial(<built-in method fetchall of sqlite3.Cursor object at 0x000002D04AD4D540>)
2026-03-04 14:11:33,094 - aiosqlite - DEBUG - operation functools.partial(<built-in method fetchall of sqlite3.Cursor object at 0x000002D04AD4D540>) completed
2026-03-04 14:11:33,094 - aiosqlite - DEBUG - executing functools.partial(<built-in method close of sqlite3.Cursor object at 0x000002D04AD4D540>)
2026-03-04 14:11:33,094 - aiosqlite - DEBUG - operation functools.partial(<built-in method close of sqlite3.Cursor object at 0x000002D04AD4D540>) completed
2026-03-04 14:11:33,094 - aiosqlite - DEBUG - executing functools.partial(<built-in method cursor of sqlite3.Connection object at 0x000002D04AD1BC40>)
2026-03-04 14:11:33,094 - aiosqlite - DEBUG - operation functools.partial(<built-in method cursor of sqlite3.Connection object at 0x000002D04AD1BC40>) completed
2026-03-04 14:11:33,094 - aiosqlite - DEBUG - executing functools.partial(<built-in method execute of sqlite3.Cursor object at 0x000002D04AD4D540>, 'SELECT products.id, products.name, products.description, products.price, products.image, products.category, products.size, products.color, products.stock, products.created_at \nFROM products ORDER BY products.id DESC\n LIMIT ? OFFSET ?', (1000, 0))
2026-03-04 14:11:33,094 - aiosqlite - DEBUG - operation functools.partial(<built-in method execute of sqlite3.Cursor object at 0x000002D04AD4D540>, 'SELECT products.id, products.name, products.description, products.price, products.image, products.category, products.size, products.color, products.stock, products.created_at \nFROM products ORDER BY products.id DESC\n LIMIT ? OFFSET ?', (1000, 0)) completed
2026-03-04 14:11:33,094 - aiosqlite - DEBUG - executing functools.partial(<built-in method fetchall of sqlite3.Cursor object at 0x000002D04AD4D540>)
2026-03-04 14:11:33,094 - aiosqlite - DEBUG - operation functools.partial(<built-in method fetchall of sqlite3.Cursor object at 0x000002D04AD4D540>) completed
2026-03-04 14:11:33,094 - aiosqlite - DEBUG - executing functools.partial(<built-in method close of sqlite3.Cursor object at 0x000002D04AD4D540>)
2026-03-04 14:11:33,094 - aiosqlite - DEBUG - operation functools.partial(<built-in method close of sqlite3.Cursor object at 0x000002D04AD4D540>) completed
2026-03-04 14:11:33,102 - routers.products - DEBUG - Found 8 productss
2026-03-04 14:11:33,102 - core.database - DEBUG - [DB_OP] Database session cleanup after 0.0173s
2026-03-04 14:11:33,102 - aiosqlite - DEBUG - executing functools.partial(<built-in method rollback of sqlite3.Connection object at 0x000002D04AD1BC40>)
2026-03-04 14:11:33,102 - aiosqlite - DEBUG - operation functools.partial(<built-in method rollback of sqlite3.Connection object at 0x000002D04AD1BC40>) completed
2026-03-04 14:11:33,102 - aiosqlite - DEBUG - executing functools.partial(<built-in method rollback of sqlite3.Connection object at 0x000002D04AD1BC40>)
2026-03-04 14:11:33,102 - aiosqlite - DEBUG - operation functools.partial(<built-in method rollback of sqlite3.Connection object at 0x000002D04AD1BC40>) completed
2026-03-04 14:11:33,102 - aiosqlite - DEBUG - executing functools.partial(<built-in method close of sqlite3.Connection object at 0x000002D04AD1BC40>)
2026-03-04 14:11:33,102 - aiosqlite - DEBUG - operation functools.partial(<built-in method close of sqlite3.Connection object at 0x000002D04AD1BC40>) completed
2026-03-04 14:11:33,386 - core.auth - DEBUG - Authentication token validated for user hash: 8485fccb
2026-03-04 14:53:13,805 - core.database - DEBUG - [DB_OP] Starting get_db session creation
2026-03-04 14:53:13,808 - core.database - DEBUG - [DB_OP] Database session created successfully in 0.0030s
2026-03-04 14:53:13,811 - routers.products - DEBUG - Querying productss: query=None, sort=None, skip=0, limit=1000, fields=None
2026-03-04 14:53:13,820 - aiosqlite - DEBUG - executing <function connect.<locals>.connector at 0x000002D04ACFEAC0>
2026-03-04 14:53:13,821 - aiosqlite - DEBUG - operation <function connect.<locals>.connector at 0x000002D04ACFEAC0> completed
2026-03-04 14:53:13,822 - aiosqlite - DEBUG - executing functools.partial(<built-in method create_function of sqlite3.Connection object at 0x000002D04AD1BE20>, 'regexp', 2, <function SQLiteDialect_pysqlite.on_connect.<locals>.regexp at 0x000002D04ACFCC20>, deterministic=True)
2026-03-04 14:53:13,822 - aiosqlite - DEBUG - operation functools.partial(<built-in method create_function of sqlite3.Connection object at 0x000002D04AD1BE20>, 'regexp', 2, <function SQLiteDialect_pysqlite.on_connect.<locals>.regexp at 0x000002D04ACFCC20>, deterministic=True) completed
2026-03-04 14:53:13,823 - aiosqlite - DEBUG - executing functools.partial(<built-in method create_function of sqlite3.Connection object at 0x000002D04AD1BE20>, 'floor', 1, <built-in function floor>, deterministic=True)
2026-03-04 14:53:13,823 - aiosqlite - DEBUG - operation functools.partial(<built-in method create_function of sqlite3.Connection object at 0x000002D04AD1BE20>, 'floor', 1, <built-in function floor>, deterministic=True) completed
2026-03-04 14:53:13,825 - aiosqlite - DEBUG - executing functools.partial(<built-in method cursor of sqlite3.Connection object at 0x000002D04AD1BE20>)
2026-03-04 14:53:13,825 - aiosqlite - DEBUG - operation functools.partial(<built-in method cursor of sqlite3.Connection object at 0x000002D04AD1BE20>) completed
2026-03-04 14:53:13,826 - aiosqlite - DEBUG - executing functools.partial(<built-in method execute of sqlite3.Cursor object at 0x000002D04AD4D3C0>, 'SELECT count(products.id) AS count_1 \nFROM products', ())
2026-03-04 14:53:13,826 - aiosqlite - DEBUG - operation functools.partial(<built-in method execute of sqlite3.Cursor object at 0x000002D04AD4D3C0>, 'SELECT count(products.id) AS count_1 \nFROM products', ()) completed
2026-03-04 14:53:13,827 - aiosqlite - DEBUG - executing functools.partial(<built-in method fetchall of sqlite3.Cursor object at 0x000002D04AD4D3C0>)
2026-03-04 14:53:13,827 - aiosqlite - DEBUG - operation functools.partial(<built-in method fetchall of sqlite3.Cursor object at 0x000002D04AD4D3C0>) completed
2026-03-04 14:53:13,828 - aiosqlite - DEBUG - executing functools.partial(<built-in method close of sqlite3.Cursor object at 0x000002D04AD4D3C0>)
2026-03-04 14:53:13,828 - aiosqlite - DEBUG - operation functools.partial(<built-in method close of sqlite3.Cursor object at 0x000002D04AD4D3C0>) completed
2026-03-04 14:53:13,830 - aiosqlite - DEBUG - executing functools.partial(<built-in method cursor of sqlite3.Connection object at 0x000002D04AD1BE20>)
2026-03-04 14:53:13,830 - aiosqlite - DEBUG - operation functools.partial(<built-in method cursor of sqlite3.Connection object at 0x000002D04AD1BE20>) completed
2026-03-04 14:53:13,831 - aiosqlite - DEBUG - executing functools.partial(<built-in method execute of sqlite3.Cursor object at 0x000002D04AD4D3C0>, 'SELECT products.id, products.name, products.description, products.price, products.image, products.category, products.size, products.color, products.stock, products.created_at \nFROM products ORDER BY products.id DESC\n LIMIT ? OFFSET ?', (1000, 0))
2026-03-04 14:53:13,832 - aiosqlite - DEBUG - operation functools.partial(<built-in method execute of sqlite3.Cursor object at 0x000002D04AD4D3C0>, 'SELECT products.id, products.name, products.description, products.price, products.image, products.category, products.size, products.color, products.stock, products.created_at \nFROM products ORDER BY products.id DESC\n LIMIT ? OFFSET ?', (1000, 0)) completed
2026-03-04 14:53:13,832 - aiosqlite - DEBUG - executing functools.partial(<built-in method fetchall of sqlite3.Cursor object at 0x000002D04AD4D3C0>)
2026-03-04 14:53:13,833 - aiosqlite - DEBUG - operation functools.partial(<built-in method fetchall of sqlite3.Cursor object at 0x000002D04AD4D3C0>) completed
2026-03-04 14:53:13,833 - aiosqlite - DEBUG - executing functools.partial(<built-in method close of sqlite3.Cursor object at 0x000002D04AD4D3C0>)
2026-03-04 14:53:13,833 - aiosqlite - DEBUG - operation functools.partial(<built-in method close of sqlite3.Cursor object at 0x000002D04AD4D3C0>) completed
2026-03-04 14:53:13,834 - routers.products - DEBUG - Found 8 productss
2026-03-04 14:53:13,836 - core.database - DEBUG - [DB_OP] Database session cleanup after 0.0319s
2026-03-04 14:53:13,837 - aiosqlite - DEBUG - executing functools.partial(<built-in method rollback of sqlite3.Connection object at 0x000002D04AD1BE20>)
2026-03-04 14:53:13,837 - aiosqlite - DEBUG - operation functools.partial(<built-in method rollback of sqlite3.Connection object at 0x000002D04AD1BE20>) completed
2026-03-04 14:53:13,837 - aiosqlite - DEBUG - executing functools.partial(<built-in method rollback of sqlite3.Connection object at 0x000002D04AD1BE20>)
2026-03-04 14:53:13,838 - aiosqlite - DEBUG - operation functools.partial(<built-in method rollback of sqlite3.Connection object at 0x000002D04AD1BE20>) completed
2026-03-04 14:53:13,838 - aiosqlite - DEBUG - executing functools.partial(<built-in method close of sqlite3.Connection object at 0x000002D04AD1BE20>)
2026-03-04 14:53:13,838 - aiosqlite - DEBUG - operation functools.partial(<built-in method close of sqlite3.Connection object at 0x000002D04AD1BE20>) completed
2026-03-04 14:53:50,849 - core.database - DEBUG - [DB_OP] Starting get_db session creation
2026-03-04 14:53:50,849 - core.database - DEBUG - [DB_OP] Database session created successfully in 0.0000s
2026-03-04 14:53:50,850 - routers.auth - INFO - [login] Login attempt for: admin2@example.com
2026-03-04 14:53:50,851 - aiosqlite - DEBUG - executing <function connect.<locals>.connector at 0x000002D04ACFDA80>
2026-03-04 14:53:50,852 - aiosqlite - DEBUG - operation <function connect.<locals>.connector at 0x000002D04ACFDA80> completed
2026-03-04 14:53:50,852 - aiosqlite - DEBUG - executing functools.partial(<built-in method create_function of sqlite3.Connection object at 0x000002D04AD1A110>, 'regexp', 2, <function SQLiteDialect_pysqlite.on_connect.<locals>.regexp at 0x000002D04ACFCC20>, deterministic=True)
2026-03-04 14:53:50,852 - aiosqlite - DEBUG - operation functools.partial(<built-in method create_function of sqlite3.Connection object at 0x000002D04AD1A110>, 'regexp', 2, <function SQLiteDialect_pysqlite.on_connect.<locals>.regexp at 0x000002D04ACFCC20>, deterministic=True) completed
2026-03-04 14:53:50,853 - aiosqlite - DEBUG - executing functools.partial(<built-in method create_function of sqlite3.Connection object at 0x000002D04AD1A110>, 'floor', 1, <built-in function floor>, deterministic=True)
2026-03-04 14:53:50,854 - aiosqlite - DEBUG - operation functools.partial(<built-in method create_function of sqlite3.Connection object at 0x000002D04AD1A110>, 'floor', 1, <built-in function floor>, deterministic=True) completed
2026-03-04 14:53:50,855 - aiosqlite - DEBUG - executing functools.partial(<built-in method cursor of sqlite3.Connection object at 0x000002D04AD1A110>)
2026-03-04 14:53:50,855 - aiosqlite - DEBUG - operation functools.partial(<built-in method cursor of sqlite3.Connection object at 0x000002D04AD1A110>) completed
2026-03-04 14:53:50,855 - aiosqlite - DEBUG - executing functools.partial(<built-in method execute of sqlite3.Cursor object at 0x000002D04AD5CA40>, 'SELECT users.id, users.email, users.name, users.role, users.created_at, users.last_login, users.hashed_password \nFROM users \nWHERE lower(users.email) = ?', ('admin2@example.com',))
2026-03-04 14:53:50,872 - aiosqlite - DEBUG - operation functools.partial(<built-in method execute of sqlite3.Cursor object at 0x000002D04AD5CA40>, 'SELECT users.id, users.email, users.name, users.role, users.created_at, users.last_login, users.hashed_password \nFROM users \nWHERE lower(users.email) = ?', ('admin2@example.com',)) completed
2026-03-04 14:53:50,873 - aiosqlite - DEBUG - executing functools.partial(<built-in method fetchall of sqlite3.Cursor object at 0x000002D04AD5CA40>)
2026-03-04 14:53:50,873 - aiosqlite - DEBUG - operation functools.partial(<built-in method fetchall of sqlite3.Cursor object at 0x000002D04AD5CA40>) completed
2026-03-04 14:53:50,873 - aiosqlite - DEBUG - executing functools.partial(<built-in method close of sqlite3.Cursor object at 0x000002D04AD5CA40>)
2026-03-04 14:53:50,874 - aiosqlite - DEBUG - operation functools.partial(<built-in method close of sqlite3.Cursor object at 0x000002D04AD5CA40>) completed
2026-03-04 14:53:51,104 - core.auth - DEBUG - Authentication token created for user hash: 3b14ac7f
2026-03-04 14:53:51,104 - routers.auth - INFO - [login] Login successful for user: 6bf4b957-7c2a-467a-b6d6-db32462caaf1
2026-03-04 14:53:51,105 - core.database - DEBUG - [DB_OP] Database session cleanup after 0.2559s
2026-03-04 14:53:51,106 - aiosqlite - DEBUG - executing functools.partial(<built-in method rollback of sqlite3.Connection object at 0x000002D04AD1A110>)
2026-03-04 14:53:51,106 - aiosqlite - DEBUG - operation functools.partial(<built-in method rollback of sqlite3.Connection object at 0x000002D04AD1A110>) completed
2026-03-04 14:53:51,106 - aiosqlite - DEBUG - executing functools.partial(<built-in method rollback of sqlite3.Connection object at 0x000002D04AD1A110>)
2026-03-04 14:53:51,106 - aiosqlite - DEBUG - operation functools.partial(<built-in method rollback of sqlite3.Connection object at 0x000002D04AD1A110>) completed
2026-03-04 14:53:51,107 - aiosqlite - DEBUG - executing functools.partial(<built-in method close of sqlite3.Connection object at 0x000002D04AD1A110>)
2026-03-04 14:53:51,107 - aiosqlite - DEBUG - operation functools.partial(<built-in method close of sqlite3.Connection object at 0x000002D04AD1A110>) completed
2026-03-04 14:53:54,694 - core.database - DEBUG - [DB_OP] Starting get_db session creation
2026-03-04 14:53:54,695 - core.database - DEBUG - [DB_OP] Database session created successfully in 0.0010s
2026-03-04 14:53:54,695 - routers.products - DEBUG - Querying productss: query=None, sort=None, skip=0, limit=100, fields=None
2026-03-04 14:53:54,696 - aiosqlite - DEBUG - executing <function connect.<locals>.connector at 0x000002D04AD31300>
2026-03-04 14:53:54,697 - aiosqlite - DEBUG - operation <function connect.<locals>.connector at 0x000002D04AD31300> completed
2026-03-04 14:53:54,698 - aiosqlite - DEBUG - executing functools.partial(<built-in method create_function of sqlite3.Connection object at 0x000002D04AD1BC40>, 'regexp', 2, <function SQLiteDialect_pysqlite.on_connect.<locals>.regexp at 0x000002D04ACFCC20>, deterministic=True)
2026-03-04 14:53:54,699 - aiosqlite - DEBUG - operation functools.partial(<built-in method create_function of sqlite3.Connection object at 0x000002D04AD1BC40>, 'regexp', 2, <function SQLiteDialect_pysqlite.on_connect.<locals>.regexp at 0x000002D04ACFCC20>, deterministic=True) completed
2026-03-04 14:53:54,701 - aiosqlite - DEBUG - executing functools.partial(<built-in method create_function of sqlite3.Connection object at 0x000002D04AD1BC40>, 'floor', 1, <built-in function floor>, deterministic=True)
2026-03-04 14:53:54,702 - aiosqlite - DEBUG - operation functools.partial(<built-in method create_function of sqlite3.Connection object at 0x000002D04AD1BC40>, 'floor', 1, <built-in function floor>, deterministic=True) completed
2026-03-04 14:53:54,703 - aiosqlite - DEBUG - executing functools.partial(<built-in method cursor of sqlite3.Connection object at 0x000002D04AD1BC40>)
2026-03-04 14:53:54,704 - aiosqlite - DEBUG - operation functools.partial(<built-in method cursor of sqlite3.Connection object at 0x000002D04AD1BC40>) completed
2026-03-04 14:53:54,704 - aiosqlite - DEBUG - executing functools.partial(<built-in method execute of sqlite3.Cursor object at 0x000002D04AC89DC0>, 'SELECT count(products.id) AS count_1 \nFROM products', ())
2026-03-04 14:53:54,705 - aiosqlite - DEBUG - operation functools.partial(<built-in method execute of sqlite3.Cursor object at 0x000002D04AC89DC0>, 'SELECT count(products.id) AS count_1 \nFROM products', ()) completed
2026-03-04 14:53:54,706 - aiosqlite - DEBUG - executing functools.partial(<built-in method fetchall of sqlite3.Cursor object at 0x000002D04AC89DC0>)
2026-03-04 14:53:54,706 - aiosqlite - DEBUG - operation functools.partial(<built-in method fetchall of sqlite3.Cursor object at 0x000002D04AC89DC0>) completed
2026-03-04 14:53:54,707 - aiosqlite - DEBUG - executing functools.partial(<built-in method close of sqlite3.Cursor object at 0x000002D04AC89DC0>)
2026-03-04 14:53:54,707 - aiosqlite - DEBUG - operation functools.partial(<built-in method close of sqlite3.Cursor object at 0x000002D04AC89DC0>) completed
2026-03-04 14:53:54,709 - aiosqlite - DEBUG - executing functools.partial(<built-in method cursor of sqlite3.Connection object at 0x000002D04AD1BC40>)
2026-03-04 14:53:54,709 - aiosqlite - DEBUG - operation functools.partial(<built-in method cursor of sqlite3.Connection object at 0x000002D04AD1BC40>) completed
2026-03-04 14:53:54,710 - aiosqlite - DEBUG - executing functools.partial(<built-in method execute of sqlite3.Cursor object at 0x000002D04AC89DC0>, 'SELECT products.id, products.name, products.description, products.price, products.image, products.category, products.size, products.color, products.stock, products.created_at \nFROM products ORDER BY products.id DESC\n LIMIT ? OFFSET ?', (100, 0))
2026-03-04 14:53:54,711 - aiosqlite - DEBUG - operation functools.partial(<built-in method execute of sqlite3.Cursor object at 0x000002D04AC89DC0>, 'SELECT products.id, products.name, products.description, products.price, products.image, products.category, products.size, products.color, products.stock, products.created_at \nFROM products ORDER BY products.id DESC\n LIMIT ? OFFSET ?', (100, 0)) completed
2026-03-04 14:53:54,711 - aiosqlite - DEBUG - executing functools.partial(<built-in method fetchall of sqlite3.Cursor object at 0x000002D04AC89DC0>)
2026-03-04 14:53:54,712 - aiosqlite - DEBUG - operation functools.partial(<built-in method fetchall of sqlite3.Cursor object at 0x000002D04AC89DC0>) completed
2026-03-04 14:53:54,712 - aiosqlite - DEBUG - executing functools.partial(<built-in method close of sqlite3.Cursor object at 0x000002D04AC89DC0>)
2026-03-04 14:53:54,712 - aiosqlite - DEBUG - operation functools.partial(<built-in method close of sqlite3.Cursor object at 0x000002D04AC89DC0>) completed
2026-03-04 14:53:54,713 - routers.products - DEBUG - Found 8 productss
2026-03-04 14:53:54,715 - core.database - DEBUG - [DB_OP] Database session cleanup after 0.0209s
2026-03-04 14:53:54,716 - aiosqlite - DEBUG - executing functools.partial(<built-in method rollback of sqlite3.Connection object at 0x000002D04AD1BC40>)
2026-03-04 14:53:54,717 - aiosqlite - DEBUG - operation functools.partial(<built-in method rollback of sqlite3.Connection object at 0x000002D04AD1BC40>) completed
2026-03-04 14:53:54,717 - aiosqlite - DEBUG - executing functools.partial(<built-in method rollback of sqlite3.Connection object at 0x000002D04AD1BC40>)
2026-03-04 14:53:54,718 - aiosqlite - DEBUG - operation functools.partial(<built-in method rollback of sqlite3.Connection object at 0x000002D04AD1BC40>) completed
2026-03-04 14:53:54,718 - aiosqlite - DEBUG - executing functools.partial(<built-in method close of sqlite3.Connection object at 0x000002D04AD1BC40>)
2026-03-04 14:53:54,719 - aiosqlite - DEBUG - operation functools.partial(<built-in method close of sqlite3.Connection object at 0x000002D04AD1BC40>) completed
2026-03-04 14:54:05,704 - core.database - DEBUG - [DB_OP] Starting get_db session creation
2026-03-04 14:54:05,704 - core.database - DEBUG - [DB_OP] Database session created successfully in 0.0000s
2026-03-04 14:54:05,705 - routers.products - DEBUG - Querying productss: query=None, sort=None, skip=0, limit=1000, fields=None
2026-03-04 14:54:05,705 - aiosqlite - DEBUG - executing <function connect.<locals>.connector at 0x000002D04AD30E00>
2026-03-04 14:54:05,706 - aiosqlite - DEBUG - operation <function connect.<locals>.connector at 0x000002D04AD30E00> completed
2026-03-04 14:54:05,706 - aiosqlite - DEBUG - executing functools.partial(<built-in method create_function of sqlite3.Connection object at 0x000002D04AD1AC50>, 'regexp', 2, <function SQLiteDialect_pysqlite.on_connect.<locals>.regexp at 0x000002D04ACFCC20>, deterministic=True)
2026-03-04 14:54:05,706 - aiosqlite - DEBUG - operation functools.partial(<built-in method create_function of sqlite3.Connection object at 0x000002D04AD1AC50>, 'regexp', 2, <function SQLiteDialect_pysqlite.on_connect.<locals>.regexp at 0x000002D04ACFCC20>, deterministic=True) completed
2026-03-04 14:54:05,707 - aiosqlite - DEBUG - executing functools.partial(<built-in method create_function of sqlite3.Connection object at 0x000002D04AD1AC50>, 'floor', 1, <built-in function floor>, deterministic=True)
2026-03-04 14:54:05,707 - aiosqlite - DEBUG - operation functools.partial(<built-in method create_function of sqlite3.Connection object at 0x000002D04AD1AC50>, 'floor', 1, <built-in function floor>, deterministic=True) completed
2026-03-04 14:54:05,708 - aiosqlite - DEBUG - executing functools.partial(<built-in method cursor of sqlite3.Connection object at 0x000002D04AD1AC50>)
2026-03-04 14:54:05,708 - aiosqlite - DEBUG - operation functools.partial(<built-in method cursor of sqlite3.Connection object at 0x000002D04AD1AC50>) completed
2026-03-04 14:54:05,709 - aiosqlite - DEBUG - executing functools.partial(<built-in method execute of sqlite3.Cursor object at 0x000002D04AC89B40>, 'SELECT count(products.id) AS count_1 \nFROM products', ())
2026-03-04 14:54:05,709 - aiosqlite - DEBUG - operation functools.partial(<built-in method execute of sqlite3.Cursor object at 0x000002D04AC89B40>, 'SELECT count(products.id) AS count_1 \nFROM products', ()) completed
2026-03-04 14:54:05,710 - aiosqlite - DEBUG - executing functools.partial(<built-in method fetchall of sqlite3.Cursor object at 0x000002D04AC89B40>)
2026-03-04 14:54:05,710 - aiosqlite - DEBUG - operation functools.partial(<built-in method fetchall of sqlite3.Cursor object at 0x000002D04AC89B40>) completed
2026-03-04 14:54:05,711 - aiosqlite - DEBUG - executing functools.partial(<built-in method close of sqlite3.Cursor object at 0x000002D04AC89B40>)
2026-03-04 14:54:05,711 - aiosqlite - DEBUG - operation functools.partial(<built-in method close of sqlite3.Cursor object at 0x000002D04AC89B40>) completed
2026-03-04 14:54:05,711 - aiosqlite - DEBUG - executing functools.partial(<built-in method cursor of sqlite3.Connection object at 0x000002D04AD1AC50>)
2026-03-04 14:54:05,712 - aiosqlite - DEBUG - operation functools.partial(<built-in method cursor of sqlite3.Connection object at 0x000002D04AD1AC50>) completed
2026-03-04 14:54:05,712 - aiosqlite - DEBUG - executing functools.partial(<built-in method execute of sqlite3.Cursor object at 0x000002D04AC89B40>, 'SELECT products.id, products.name, products.description, products.price, products.image, products.category, products.size, products.color, products.stock, products.created_at \nFROM products ORDER BY products.id DESC\n LIMIT ? OFFSET ?', (1000, 0))
2026-03-04 14:54:05,712 - aiosqlite - DEBUG - operation functools.partial(<built-in method execute of sqlite3.Cursor object at 0x000002D04AC89B40>, 'SELECT products.id, products.name, products.description, products.price, products.image, products.category, products.size, products.color, products.stock, products.created_at \nFROM products ORDER BY products.id DESC\n LIMIT ? OFFSET ?', (1000, 0)) completed
2026-03-04 14:54:05,713 - aiosqlite - DEBUG - executing functools.partial(<built-in method fetchall of sqlite3.Cursor object at 0x000002D04AC89B40>)
2026-03-04 14:54:05,713 - aiosqlite - DEBUG - operation functools.partial(<built-in method fetchall of sqlite3.Cursor object at 0x000002D04AC89B40>) completed
2026-03-04 14:54:05,713 - aiosqlite - DEBUG - executing functools.partial(<built-in method close of sqlite3.Cursor object at 0x000002D04AC89B40>)
2026-03-04 14:54:05,713 - aiosqlite - DEBUG - operation functools.partial(<built-in method close of sqlite3.Cursor object at 0x000002D04AC89B40>) completed
2026-03-04 14:54:05,714 - routers.products - DEBUG - Found 8 productss
2026-03-04 14:54:05,714 - core.database - DEBUG - [DB_OP] Database session cleanup after 0.0100s
2026-03-04 14:54:05,715 - aiosqlite - DEBUG - executing functools.partial(<built-in method rollback of sqlite3.Connection object at 0x000002D04AD1AC50>)
2026-03-04 14:54:05,715 - aiosqlite - DEBUG - operation functools.partial(<built-in method rollback of sqlite3.Connection object at 0x000002D04AD1AC50>) completed
2026-03-04 14:54:05,716 - aiosqlite - DEBUG - executing functools.partial(<built-in method rollback of sqlite3.Connection object at 0x000002D04AD1AC50>)
2026-03-04 14:54:05,716 - aiosqlite - DEBUG - operation functools.partial(<built-in method rollback of sqlite3.Connection object at 0x000002D04AD1AC50>) completed
2026-03-04 14:54:05,717 - aiosqlite - DEBUG - executing functools.partial(<built-in method close of sqlite3.Connection object at 0x000002D04AD1AC50>)
2026-03-04 14:54:05,717 - aiosqlite - DEBUG - operation functools.partial(<built-in method close of sqlite3.Connection object at 0x000002D04AD1AC50>) completed
2026-03-04 15:01:41,412 - core.database - DEBUG - [DB_OP] Starting get_db session creation
2026-03-04 15:01:41,412 - core.database - DEBUG - [DB_OP] Database session created successfully in 0.0000s
2026-03-04 15:01:41,413 - routers.products - DEBUG - Querying productss: query=None, sort=None, skip=0, limit=100, fields=None
2026-03-04 15:01:41,414 - aiosqlite - DEBUG - executing <function connect.<locals>.connector at 0x000002D04AD31300>
2026-03-04 15:01:41,414 - aiosqlite - DEBUG - operation <function connect.<locals>.connector at 0x000002D04AD31300> completed
2026-03-04 15:01:41,415 - aiosqlite - DEBUG - executing functools.partial(<built-in method create_function of sqlite3.Connection object at 0x000002D04AD1BB50>, 'regexp', 2, <function SQLiteDialect_pysqlite.on_connect.<locals>.regexp at 0x000002D04ACFCC20>, deterministic=True)
2026-03-04 15:01:41,415 - aiosqlite - DEBUG - operation functools.partial(<built-in method create_function of sqlite3.Connection object at 0x000002D04AD1BB50>, 'regexp', 2, <function SQLiteDialect_pysqlite.on_connect.<locals>.regexp at 0x000002D04ACFCC20>, deterministic=True) completed
2026-03-04 15:01:41,416 - aiosqlite - DEBUG - executing functools.partial(<built-in method create_function of sqlite3.Connection object at 0x000002D04AD1BB50>, 'floor', 1, <built-in function floor>, deterministic=True)
2026-03-04 15:01:41,416 - aiosqlite - DEBUG - operation functools.partial(<built-in method create_function of sqlite3.Connection object at 0x000002D04AD1BB50>, 'floor', 1, <built-in function floor>, deterministic=True) completed
2026-03-04 15:01:41,417 - aiosqlite - DEBUG - executing functools.partial(<built-in method cursor of sqlite3.Connection object at 0x000002D04AD1BB50>)
2026-03-04 15:01:41,417 - aiosqlite - DEBUG - operation functools.partial(<built-in method cursor of sqlite3.Connection object at 0x000002D04AD1BB50>) completed
2026-03-04 15:01:41,418 - aiosqlite - DEBUG - executing functools.partial(<built-in method execute of sqlite3.Cursor object at 0x000002D04AD5C4C0>, 'SELECT count(products.id) AS count_1 \nFROM products', ())
2026-03-04 15:01:41,419 - aiosqlite - DEBUG - operation functools.partial(<built-in method execute of sqlite3.Cursor object at 0x000002D04AD5C4C0>, 'SELECT count(products.id) AS count_1 \nFROM products', ()) completed
2026-03-04 15:01:41,420 - aiosqlite - DEBUG - executing functools.partial(<built-in method fetchall of sqlite3.Cursor object at 0x000002D04AD5C4C0>)
2026-03-04 15:01:41,420 - aiosqlite - DEBUG - operation functools.partial(<built-in method fetchall of sqlite3.Cursor object at 0x000002D04AD5C4C0>) completed
2026-03-04 15:01:41,420 - aiosqlite - DEBUG - executing functools.partial(<built-in method close of sqlite3.Cursor object at 0x000002D04AD5C4C0>)
2026-03-04 15:01:41,421 - aiosqlite - DEBUG - operation functools.partial(<built-in method close of sqlite3.Cursor object at 0x000002D04AD5C4C0>) completed
2026-03-04 15:01:41,422 - aiosqlite - DEBUG - executing functools.partial(<built-in method cursor of sqlite3.Connection object at 0x000002D04AD1BB50>)
2026-03-04 15:01:41,422 - aiosqlite - DEBUG - operation functools.partial(<built-in method cursor of sqlite3.Connection object at 0x000002D04AD1BB50>) completed
2026-03-04 15:01:41,422 - aiosqlite - DEBUG - executing functools.partial(<built-in method execute of sqlite3.Cursor object at 0x000002D04AD5C4C0>, 'SELECT products.id, products.name, products.description, products.price, products.image, products.category, products.size, products.color, products.stock, products.created_at \nFROM products ORDER BY products.id DESC\n LIMIT ? OFFSET ?', (100, 0))
2026-03-04 15:01:41,424 - aiosqlite - DEBUG - operation functools.partial(<built-in method execute of sqlite3.Cursor object at 0x000002D04AD5C4C0>, 'SELECT products.id, products.name, products.description, products.price, products.image, products.category, products.size, products.color, products.stock, products.created_at \nFROM products ORDER BY products.id DESC\n LIMIT ? OFFSET ?', (100, 0)) completed
2026-03-04 15:01:41,425 - aiosqlite - DEBUG - executing functools.partial(<built-in method fetchall of sqlite3.Cursor object at 0x000002D04AD5C4C0>)
2026-03-04 15:01:41,426 - aiosqlite - DEBUG - operation functools.partial(<built-in method fetchall of sqlite3.Cursor object at 0x000002D04AD5C4C0>) completed
2026-03-04 15:01:41,426 - aiosqlite - DEBUG - executing functools.partial(<built-in method close of sqlite3.Cursor object at 0x000002D04AD5C4C0>)
2026-03-04 15:01:41,426 - aiosqlite - DEBUG - operation functools.partial(<built-in method close of sqlite3.Cursor object at 0x000002D04AD5C4C0>) completed
2026-03-04 15:01:41,427 - routers.products - DEBUG - Found 8 productss
2026-03-04 15:01:41,427 - core.database - DEBUG - [DB_OP] Database session cleanup after 0.0150s
2026-03-04 15:01:41,427 - aiosqlite - DEBUG - executing functools.partial(<built-in method rollback of sqlite3.Connection object at 0x000002D04AD1BB50>)
2026-03-04 15:01:41,428 - aiosqlite - DEBUG - operation functools.partial(<built-in method rollback of sqlite3.Connection object at 0x000002D04AD1BB50>) completed
2026-03-04 15:01:41,428 - aiosqlite - DEBUG - executing functools.partial(<built-in method rollback of sqlite3.Connection object at 0x000002D04AD1BB50>)
2026-03-04 15:01:41,428 - aiosqlite - DEBUG - operation functools.partial(<built-in method rollback of sqlite3.Connection object at 0x000002D04AD1BB50>) completed
2026-03-04 15:01:41,428 - aiosqlite - DEBUG - executing functools.partial(<built-in method close of sqlite3.Connection object at 0x000002D04AD1BB50>)
2026-03-04 15:01:41,428 - aiosqlite - DEBUG - operation functools.partial(<built-in method close of sqlite3.Connection object at 0x000002D04AD1BB50>) completed
2026-03-04 15:05:53,439 - core.database - DEBUG - [DB_OP] Starting get_db session creation
2026-03-04 15:05:53,439 - core.database - DEBUG - [DB_OP] Database session created successfully in 0.0000s
2026-03-04 15:05:53,439 - routers.products - DEBUG - Querying productss: query=None, sort=None, skip=0, limit=1000, fields=None
2026-03-04 15:05:53,440 - aiosqlite - DEBUG - executing <function connect.<locals>.connector at 0x000002D04AD311C0>
2026-03-04 15:05:53,441 - aiosqlite - DEBUG - operation <function connect.<locals>.connector at 0x000002D04AD311C0> completed
2026-03-04 15:05:53,441 - aiosqlite - DEBUG - executing functools.partial(<built-in method create_function of sqlite3.Connection object at 0x000002D04AD1A980>, 'regexp', 2, <function SQLiteDialect_pysqlite.on_connect.<locals>.regexp at 0x000002D04ACFCC20>, deterministic=True)
2026-03-04 15:05:53,442 - aiosqlite - DEBUG - operation functools.partial(<built-in method create_function of sqlite3.Connection object at 0x000002D04AD1A980>, 'regexp', 2, <function SQLiteDialect_pysqlite.on_connect.<locals>.regexp at 0x000002D04ACFCC20>, deterministic=True) completed
2026-03-04 15:05:53,442 - aiosqlite - DEBUG - executing functools.partial(<built-in method create_function of sqlite3.Connection object at 0x000002D04AD1A980>, 'floor', 1, <built-in function floor>, deterministic=True)
2026-03-04 15:05:53,443 - aiosqlite - DEBUG - operation functools.partial(<built-in method create_function of sqlite3.Connection object at 0x000002D04AD1A980>, 'floor', 1, <built-in function floor>, deterministic=True) completed
2026-03-04 15:05:53,443 - aiosqlite - DEBUG - executing functools.partial(<built-in method cursor of sqlite3.Connection object at 0x000002D04AD1A980>)
2026-03-04 15:05:53,443 - aiosqlite - DEBUG - operation functools.partial(<built-in method cursor of sqlite3.Connection object at 0x000002D04AD1A980>) completed
2026-03-04 15:05:53,444 - aiosqlite - DEBUG - executing functools.partial(<built-in method execute of sqlite3.Cursor object at 0x000002D04AD5C4C0>, 'SELECT count(products.id) AS count_1 \nFROM products', ())
2026-03-04 15:05:53,444 - aiosqlite - DEBUG - operation functools.partial(<built-in method execute of sqlite3.Cursor object at 0x000002D04AD5C4C0>, 'SELECT count(products.id) AS count_1 \nFROM products', ()) completed
2026-03-04 15:05:53,445 - aiosqlite - DEBUG - executing functools.partial(<built-in method fetchall of sqlite3.Cursor object at 0x000002D04AD5C4C0>)
2026-03-04 15:05:53,445 - aiosqlite - DEBUG - operation functools.partial(<built-in method fetchall of sqlite3.Cursor object at 0x000002D04AD5C4C0>) completed
2026-03-04 15:05:53,446 - aiosqlite - DEBUG - executing functools.partial(<built-in method close of sqlite3.Cursor object at 0x000002D04AD5C4C0>)
2026-03-04 15:05:53,446 - aiosqlite - DEBUG - operation functools.partial(<built-in method close of sqlite3.Cursor object at 0x000002D04AD5C4C0>) completed
2026-03-04 15:05:53,447 - aiosqlite - DEBUG - executing functools.partial(<built-in method cursor of sqlite3.Connection object at 0x000002D04AD1A980>)
2026-03-04 15:05:53,447 - aiosqlite - DEBUG - operation functools.partial(<built-in method cursor of sqlite3.Connection object at 0x000002D04AD1A980>) completed
2026-03-04 15:05:53,447 - aiosqlite - DEBUG - executing functools.partial(<built-in method execute of sqlite3.Cursor object at 0x000002D04AD5C4C0>, 'SELECT products.id, products.name, products.description, products.price, products.image, products.category, products.size, products.color, products.stock, products.created_at \nFROM products ORDER BY products.id DESC\n LIMIT ? OFFSET ?', (1000, 0))
2026-03-04 15:05:53,447 - aiosqlite - DEBUG - operation functools.partial(<built-in method execute of sqlite3.Cursor object at 0x000002D04AD5C4C0>, 'SELECT products.id, products.name, products.description, products.price, products.image, products.category, products.size, products.color, products.stock, products.created_at \nFROM products ORDER BY products.id DESC\n LIMIT ? OFFSET ?', (1000, 0)) completed
2026-03-04 15:05:53,447 - aiosqlite - DEBUG - executing functools.partial(<built-in method fetchall of sqlite3.Cursor object at 0x000002D04AD5C4C0>)
2026-03-04 15:05:53,447 - aiosqlite - DEBUG - operation functools.partial(<built-in method fetchall of sqlite3.Cursor object at 0x000002D04AD5C4C0>) completed
2026-03-04 15:05:53,447 - aiosqlite - DEBUG - executing functools.partial(<built-in method close of sqlite3.Cursor object at 0x000002D04AD5C4C0>)
2026-03-04 15:05:53,447 - aiosqlite - DEBUG - operation functools.partial(<built-in method close of sqlite3.Cursor object at 0x000002D04AD5C4C0>) completed
2026-03-04 15:05:53,448 - routers.products - DEBUG - Found 8 productss
2026-03-04 15:05:53,448 - core.database - DEBUG - [DB_OP] Database session cleanup after 0.0100s
2026-03-04 15:05:53,448 - aiosqlite - DEBUG - executing functools.partial(<built-in method rollback of sqlite3.Connection object at 0x000002D04AD1A980>)
2026-03-04 15:05:53,448 - aiosqlite - DEBUG - operation functools.partial(<built-in method rollback of sqlite3.Connection object at 0x000002D04AD1A980>) completed
2026-03-04 15:05:53,449 - aiosqlite - DEBUG - executing functools.partial(<built-in method rollback of sqlite3.Connection object at 0x000002D04AD1A980>)
2026-03-04 15:05:53,449 - aiosqlite - DEBUG - operation functools.partial(<built-in method rollback of sqlite3.Connection object at 0x000002D04AD1A980>) completed
2026-03-04 15:05:53,449 - aiosqlite - DEBUG - executing functools.partial(<built-in method close of sqlite3.Connection object at 0x000002D04AD1A980>)
2026-03-04 15:05:53,449 - aiosqlite - DEBUG - operation functools.partial(<built-in method close of sqlite3.Connection object at 0x000002D04AD1A980>) completed
2026-03-04 15:06:20,775 - core.database - DEBUG - [DB_OP] Starting get_db session creation
2026-03-04 15:06:20,776 - core.database - DEBUG - [DB_OP] Database session created successfully in 0.0010s
2026-03-04 15:06:20,776 - routers.products - DEBUG - Querying productss: query=None, sort=None, skip=0, limit=100, fields=None
2026-03-04 15:06:20,777 - aiosqlite - DEBUG - executing <function connect.<locals>.connector at 0x000002D04ACFF100>
2026-03-04 15:06:20,777 - aiosqlite - DEBUG - operation <function connect.<locals>.connector at 0x000002D04ACFF100> completed
2026-03-04 15:06:20,778 - aiosqlite - DEBUG - executing functools.partial(<built-in method create_function of sqlite3.Connection object at 0x000002D04AD1A890>, 'regexp', 2, <function SQLiteDialect_pysqlite.on_connect.<locals>.regexp at 0x000002D04ACFCC20>, deterministic=True)
2026-03-04 15:06:20,778 - aiosqlite - DEBUG - operation functools.partial(<built-in method create_function of sqlite3.Connection object at 0x000002D04AD1A890>, 'regexp', 2, <function SQLiteDialect_pysqlite.on_connect.<locals>.regexp at 0x000002D04ACFCC20>, deterministic=True) completed
2026-03-04 15:06:20,780 - aiosqlite - DEBUG - executing functools.partial(<built-in method create_function of sqlite3.Connection object at 0x000002D04AD1A890>, 'floor', 1, <built-in function floor>, deterministic=True)
2026-03-04 15:06:20,780 - aiosqlite - DEBUG - operation functools.partial(<built-in method create_function of sqlite3.Connection object at 0x000002D04AD1A890>, 'floor', 1, <built-in function floor>, deterministic=True) completed
2026-03-04 15:06:20,781 - aiosqlite - DEBUG - executing functools.partial(<built-in method cursor of sqlite3.Connection object at 0x000002D04AD1A890>)
2026-03-04 15:06:20,781 - aiosqlite - DEBUG - operation functools.partial(<built-in method cursor of sqlite3.Connection object at 0x000002D04AD1A890>) completed
2026-03-04 15:06:20,782 - aiosqlite - DEBUG - executing functools.partial(<built-in method execute of sqlite3.Cursor object at 0x000002D04AD5CEC0>, 'SELECT count(products.id) AS count_1 \nFROM products', ())
2026-03-04 15:06:20,782 - aiosqlite - DEBUG - operation functools.partial(<built-in method execute of sqlite3.Cursor object at 0x000002D04AD5CEC0>, 'SELECT count(products.id) AS count_1 \nFROM products', ()) completed
2026-03-04 15:06:20,783 - aiosqlite - DEBUG - executing functools.partial(<built-in method fetchall of sqlite3.Cursor object at 0x000002D04AD5CEC0>)
2026-03-04 15:06:20,783 - aiosqlite - DEBUG - operation functools.partial(<built-in method fetchall of sqlite3.Cursor object at 0x000002D04AD5CEC0>) completed
2026-03-04 15:06:20,783 - aiosqlite - DEBUG - executing functools.partial(<built-in method close of sqlite3.Cursor object at 0x000002D04AD5CEC0>)
2026-03-04 15:06:20,784 - aiosqlite - DEBUG - operation functools.partial(<built-in method close of sqlite3.Cursor object at 0x000002D04AD5CEC0>) completed
2026-03-04 15:06:20,784 - aiosqlite - DEBUG - executing functools.partial(<built-in method cursor of sqlite3.Connection object at 0x000002D04AD1A890>)
2026-03-04 15:06:20,785 - aiosqlite - DEBUG - operation functools.partial(<built-in method cursor of sqlite3.Connection object at 0x000002D04AD1A890>) completed
2026-03-04 15:06:20,786 - aiosqlite - DEBUG - executing functools.partial(<built-in method execute of sqlite3.Cursor object at 0x000002D04AD5CEC0>, 'SELECT products.id, products.name, products.description, products.price, products.image, products.category, products.size, products.color, products.stock, products.created_at \nFROM products ORDER BY products.id DESC\n LIMIT ? OFFSET ?', (100, 0))
2026-03-04 15:06:20,787 - aiosqlite - DEBUG - operation functools.partial(<built-in method execute of sqlite3.Cursor object at 0x000002D04AD5CEC0>, 'SELECT products.id, products.name, products.description, products.price, products.image, products.category, products.size, products.color, products.stock, products.created_at \nFROM products ORDER BY products.id DESC\n LIMIT ? OFFSET ?', (100, 0)) completed
2026-03-04 15:06:20,788 - aiosqlite - DEBUG - executing functools.partial(<built-in method fetchall of sqlite3.Cursor object at 0x000002D04AD5CEC0>)
2026-03-04 15:06:20,788 - aiosqlite - DEBUG - operation functools.partial(<built-in method fetchall of sqlite3.Cursor object at 0x000002D04AD5CEC0>) completed
2026-03-04 15:06:20,789 - aiosqlite - DEBUG - executing functools.partial(<built-in method close of sqlite3.Cursor object at 0x000002D04AD5CEC0>)
2026-03-04 15:06:20,789 - aiosqlite - DEBUG - operation functools.partial(<built-in method close of sqlite3.Cursor object at 0x000002D04AD5CEC0>) completed
2026-03-04 15:06:20,789 - routers.products - DEBUG - Found 8 productss
2026-03-04 15:06:20,790 - core.database - DEBUG - [DB_OP] Database session cleanup after 0.0150s
2026-03-04 15:06:20,790 - aiosqlite - DEBUG - executing functools.partial(<built-in method rollback of sqlite3.Connection object at 0x000002D04AD1A890>)
2026-03-04 15:06:20,790 - aiosqlite - DEBUG - operation functools.partial(<built-in method rollback of sqlite3.Connection object at 0x000002D04AD1A890>) completed
2026-03-04 15:06:20,790 - aiosqlite - DEBUG - executing functools.partial(<built-in method rollback of sqlite3.Connection object at 0x000002D04AD1A890>)
2026-03-04 15:06:20,790 - aiosqlite - DEBUG - operation functools.partial(<built-in method rollback of sqlite3.Connection object at 0x000002D04AD1A890>) completed
2026-03-04 15:06:20,790 - aiosqlite - DEBUG - executing functools.partial(<built-in method close of sqlite3.Connection object at 0x000002D04AD1A890>)
2026-03-04 15:06:20,790 - aiosqlite - DEBUG - operation functools.partial(<built-in method close of sqlite3.Connection object at 0x000002D04AD1A890>) completed
2026-03-04 15:09:10,810 - core.database - DEBUG - [DB_OP] Starting get_db session creation
2026-03-04 15:09:10,811 - core.database - DEBUG - [DB_OP] Database session created successfully in 0.0010s
2026-03-04 15:09:10,835 - routers.products - DEBUG - Updating products 8 with data: name='Tianlesiwei Áo Sweater Dệt Kim Phong Cách Lười Màu Tối Phong Cách Âu Mỹ Cho Nam Và Nữ' description='Chào mừng đến với cửa hàng của chúng tôi 👏👏👏\n\n🌞Xin chào, khách hàng thân mến. Chúng tôi là cửa hàng tập trung vào quần áo thời trang nam💖\n\n🌞 Chúng tôi đảm bảo rằng quần áo của chúng tôi phù hợp với xu hướng của thời đại🎶 Với chất lượng cao 🥇 Và giá cả cạnh tranh ✅ Đó là nơi tốt nhất để bạn lựa chọn quần áo🚩\n\n🌞 Chúng tôi có sản phẩm mới trực tuyến mỗi ngày. khuyến mãi mới Xin đừng quên chú ý 👀 Mong được sự chú ý của bạn 😘\n\n🌞 Tất cả các mặt hàng có trong kho. với biểu đồ kích thước chi tiết Nếu bạn vẫn còn câu hỏi Vui lòng liên hệ với nhân viên dịch vụ khách hàng của chúng tôi 👩\u200d💼 Để trả lời câu hỏi của bạn.\n\n\n\n👍 Sở thích của mọi người bắt đầu với quần áo. Các sản phẩm may mặc của chúng tôi được làm từ các loại vải chất lượng cao chọn lọc. thủ công tinh tế thiết kế hiện đại Nó đáp ứng các tiêu chuẩn quốc tế. và thông qua quá trình kiểm tra nghiêm ngặt để bạn có thể yên tâm và yên tâm mặc nó.\n\n👍 Để bạn mặc với sự tự tin và phong cách. Chú ý đến từng chi tiết và chất lượng tạo ra trang phục độc đáo, chất lượng cao sẽ khiến bạn nổi bật giữa đám đông.\n\n👍 Bất kể bạn là nghề gì, sản phẩm quần áo của chúng tôi có thể đáp ứng nhu cầu của bạn. Sản phẩm may mặc của chúng tôi có nhiều kiểu dáng, màu sắc đẹp mắt, thoải mái và bền đẹp, để bạn có thể thể hiện cá tính và sự quyến rũ của mình trong những dịp khác nhau.\n\n\n\n🐱\u200d🏍🐱\u200d🏍🐱\u200d🏍Thời gian giao hàng: Trong vòng 14 ngày ✈\n\n🌞Nếu bạn thích sản phẩm của chúng tôi Bạn có thể thêm vào giỏ hàng của mình🛒\n\n🌞 Nếu bạn hài lòng với sản phẩm nhận được. Vui lòng cho chúng tôi đánh giá năm sao ⭐⭐⭐⭐⭐\n\n🌞Nếu bạn không hài lòng hoặc có bất kỳ câu hỏi nào Vui lòng liên hệ với chúng tôi qua chat. Chúng tôi sẽ cố gắng hết sức để giải quyết vấn đề của bạn 🤝\n\n🌞Hy vọng bạn có một trải nghiệm mua sắm thú vị 🎉🎉🎉' price=256000.0 image='https://down-vn.img.susercontent.com/file/cn-11134211-7r98o-lqokjsmk15w834.webp' category='Sweaters' size='XL' color='Đỏ' stock=45 created_at=None
2026-03-04 15:09:10,838 - aiosqlite - DEBUG - executing <function connect.<locals>.connector at 0x000002D04ACFDA80>
2026-03-04 15:09:10,839 - aiosqlite - DEBUG - operation <function connect.<locals>.connector at 0x000002D04ACFDA80> completed
2026-03-04 15:09:10,839 - aiosqlite - DEBUG - executing functools.partial(<built-in method create_function of sqlite3.Connection object at 0x000002D04AD1BB50>, 'regexp', 2, <function SQLiteDialect_pysqlite.on_connect.<locals>.regexp at 0x000002D04ACFCC20>, deterministic=True)
2026-03-04 15:09:10,840 - aiosqlite - DEBUG - operation functools.partial(<built-in method create_function of sqlite3.Connection object at 0x000002D04AD1BB50>, 'regexp', 2, <function SQLiteDialect_pysqlite.on_connect.<locals>.regexp at 0x000002D04ACFCC20>, deterministic=True) completed
2026-03-04 15:09:10,841 - aiosqlite - DEBUG - executing functools.partial(<built-in method create_function of sqlite3.Connection object at 0x000002D04AD1BB50>, 'floor', 1, <built-in function floor>, deterministic=True)
2026-03-04 15:09:10,841 - aiosqlite - DEBUG - operation functools.partial(<built-in method create_function of sqlite3.Connection object at 0x000002D04AD1BB50>, 'floor', 1, <built-in function floor>, deterministic=True) completed
2026-03-04 15:09:10,845 - aiosqlite - DEBUG - executing functools.partial(<built-in method cursor of sqlite3.Connection object at 0x000002D04AD1BB50>)
2026-03-04 15:09:10,845 - aiosqlite - DEBUG - operation functools.partial(<built-in method cursor of sqlite3.Connection object at 0x000002D04AD1BB50>) completed
2026-03-04 15:09:10,846 - aiosqlite - DEBUG - executing functools.partial(<built-in method execute of sqlite3.Cursor object at 0x000002D04AC89FC0>, 'SELECT products.id, products.name, products.description, products.price, products.image, products.category, products.size, products.color, products.stock, products.created_at \nFROM products \nWHERE products.id = ?', (8,))
2026-03-04 15:09:10,847 - aiosqlite - DEBUG - operation functools.partial(<built-in method execute of sqlite3.Cursor object at 0x000002D04AC89FC0>, 'SELECT products.id, products.name, products.description, products.price, products.image, products.category, products.size, products.color, products.stock, products.created_at \nFROM products \nWHERE products.id = ?', (8,)) completed
2026-03-04 15:09:10,847 - aiosqlite - DEBUG - executing functools.partial(<built-in method fetchall of sqlite3.Cursor object at 0x000002D04AC89FC0>)
2026-03-04 15:09:10,848 - aiosqlite - DEBUG - operation functools.partial(<built-in method fetchall of sqlite3.Cursor object at 0x000002D04AC89FC0>) completed
2026-03-04 15:09:10,848 - aiosqlite - DEBUG - executing functools.partial(<built-in method close of sqlite3.Cursor object at 0x000002D04AC89FC0>)
2026-03-04 15:09:10,849 - aiosqlite - DEBUG - operation functools.partial(<built-in method close of sqlite3.Cursor object at 0x000002D04AC89FC0>) completed
2026-03-04 15:09:10,857 - aiosqlite - DEBUG - executing functools.partial(<built-in method cursor of sqlite3.Connection object at 0x000002D04AD1BB50>)
2026-03-04 15:09:10,858 - aiosqlite - DEBUG - operation functools.partial(<built-in method cursor of sqlite3.Connection object at 0x000002D04AD1BB50>) completed
2026-03-04 15:09:10,858 - aiosqlite - DEBUG - executing functools.partial(<built-in method execute of sqlite3.Cursor object at 0x000002D04AC89FC0>, 'UPDATE products SET name=?, description=?, price=?, image=?, size=?, color=? WHERE products.id = ?', ('Tianlesiwei Áo Sweater Dệt Kim Phong Cách Lười Màu Tối Phong Cách Âu Mỹ Cho Nam Và Nữ', 'Chào mừng đến với cửa hàng của chúng tôi 👏👏👏\n\n🌞Xin chào, khách hàng thân mến. Chúng tôi là cửa hàng tập trung vào quần áo thời trang nam💖\n\n🌞 Chúng tôi đảm bảo rằng quần áo của chúng tôi phù hợp với xu hướng của thời đại🎶 Với chất lượng cao 🥇 Và giá cả cạnh tranh ✅ Đó là nơi tốt nhất để bạn lựa chọn quần áo🚩\n\n🌞 Chúng tôi có sản phẩm mới trực tuyến mỗi ngày. khuyến mãi mới Xin đừng quên chú ý 👀 Mong được sự chú ý của bạn 😘\n\n🌞 Tất cả các mặt hàng có trong kho. với biểu đồ kích thước chi tiết Nếu bạn vẫn còn câu hỏi Vui lòng liên hệ với nhân viên dịch vụ khách hàng của chúng tôi 👩\u200d💼 Để trả lời câu hỏi của bạn.\n\n\n\n👍 Sở thích của mọi người bắt đầu với quần áo. Các sản phẩm may mặc của chúng tôi được làm từ các loại vải chất lượng cao chọn lọc. thủ công tinh tế thiết kế hiện đại Nó đáp ứng các tiêu chuẩn quốc tế. và thông qua quá trình kiểm tra nghiêm ngặt để bạn có thể yên tâm và yên tâm mặc nó.\n\n👍 Để bạn mặc với sự tự tin và phong cách. Chú ý đến từng chi tiết và chất lượng tạo ra trang phục độc đáo, chất lượng cao sẽ khiến bạn nổi bật giữa đám đông.\n\n👍 Bất kể bạn là nghề gì, sản phẩm quần áo của chúng tôi có thể đáp ứng nhu cầu của bạn. Sản phẩm may mặc của chúng tôi có nhiều kiểu dáng, màu sắc đẹp mắt, thoải mái và bền đẹp, để bạn có thể thể hiện cá tính và sự quyến rũ của mình trong những dịp khác nhau.\n\n\n\n🐱\u200d🏍🐱\u200d🏍🐱\u200d🏍Thời gian giao hàng: Trong vòng 14 ngày ✈\n\n🌞Nếu bạn thích sản phẩm của chúng tôi Bạn có thể thêm vào giỏ hàng của mình🛒\n\n🌞 Nếu bạn hài lòng với sản phẩm nhận được. Vui lòng cho chúng tôi đánh giá năm sao ⭐⭐⭐⭐⭐\n\n🌞Nếu bạn không hài lòng hoặc có bất kỳ câu hỏi nào Vui lòng liên hệ với chúng tôi qua chat. Chúng tôi sẽ cố gắng hết sức để giải quyết vấn đề của bạn 🤝\n\n🌞Hy vọng bạn có một trải nghiệm mua sắm thú vị 🎉🎉🎉', 256000.0, 'https://down-vn.img.susercontent.com/file/cn-11134211-7r98o-lqokjsmk15w834.webp', 'XL', 'Đỏ', 8))
2026-03-04 15:09:10,862 - aiosqlite - DEBUG - operation functools.partial(<built-in method execute of sqlite3.Cursor object at 0x000002D04AC89FC0>, 'UPDATE products SET name=?, description=?, price=?, image=?, size=?, color=? WHERE products.id = ?', ('Tianlesiwei Áo Sweater Dệt Kim Phong Cách Lười Màu Tối Phong Cách Âu Mỹ Cho Nam Và Nữ', 'Chào mừng đến với cửa hàng của chúng tôi 👏👏👏\n\n🌞Xin chào, khách hàng thân mến. Chúng tôi là cửa hàng tập trung vào quần áo thời trang nam💖\n\n🌞 Chúng tôi đảm bảo rằng quần áo của chúng tôi phù hợp với xu hướng của thời đại🎶 Với chất lượng cao 🥇 Và giá cả cạnh tranh ✅ Đó là nơi tốt nhất để bạn lựa chọn quần áo🚩\n\n🌞 Chúng tôi có sản phẩm mới trực tuyến mỗi ngày. khuyến mãi mới Xin đừng quên chú ý 👀 Mong được sự chú ý của bạn 😘\n\n🌞 Tất cả các mặt hàng có trong kho. với biểu đồ kích thước chi tiết Nếu bạn vẫn còn câu hỏi Vui lòng liên hệ với nhân viên dịch vụ khách hàng của chúng tôi 👩\u200d💼 Để trả lời câu hỏi của bạn.\n\n\n\n👍 Sở thích của mọi người bắt đầu với quần áo. Các sản phẩm may mặc của chúng tôi được làm từ các loại vải chất lượng cao chọn lọc. thủ công tinh tế thiết kế hiện đại Nó đáp ứng các tiêu chuẩn quốc tế. và thông qua quá trình kiểm tra nghiêm ngặt để bạn có thể yên tâm và yên tâm mặc nó.\n\n👍 Để bạn mặc với sự tự tin và phong cách. Chú ý đến từng chi tiết và chất lượng tạo ra trang phục độc đáo, chất lượng cao sẽ khiến bạn nổi bật giữa đám đông.\n\n👍 Bất kể bạn là nghề gì, sản phẩm quần áo của chúng tôi có thể đáp ứng nhu cầu của bạn. Sản phẩm may mặc của chúng tôi có nhiều kiểu dáng, màu sắc đẹp mắt, thoải mái và bền đẹp, để bạn có thể thể hiện cá tính và sự quyến rũ của mình trong những dịp khác nhau.\n\n\n\n🐱\u200d🏍🐱\u200d🏍🐱\u200d🏍Thời gian giao hàng: Trong vòng 14 ngày ✈\n\n🌞Nếu bạn thích sản phẩm của chúng tôi Bạn có thể thêm vào giỏ hàng của mình🛒\n\n🌞 Nếu bạn hài lòng với sản phẩm nhận được. Vui lòng cho chúng tôi đánh giá năm sao ⭐⭐⭐⭐⭐\n\n🌞Nếu bạn không hài lòng hoặc có bất kỳ câu hỏi nào Vui lòng liên hệ với chúng tôi qua chat. Chúng tôi sẽ cố gắng hết sức để giải quyết vấn đề của bạn 🤝\n\n🌞Hy vọng bạn có một trải nghiệm mua sắm thú vị 🎉🎉🎉', 256000.0, 'https://down-vn.img.susercontent.com/file/cn-11134211-7r98o-lqokjsmk15w834.webp', 'XL', 'Đỏ', 8)) completed
2026-03-04 15:09:10,864 - aiosqlite - DEBUG - executing functools.partial(<built-in method close of sqlite3.Cursor object at 0x000002D04AC89FC0>)
2026-03-04 15:09:10,865 - aiosqlite - DEBUG - operation functools.partial(<built-in method close of sqlite3.Cursor object at 0x000002D04AC89FC0>) completed
2026-03-04 15:09:10,866 - aiosqlite - DEBUG - executing functools.partial(<built-in method commit of sqlite3.Connection object at 0x000002D04AD1BB50>)
2026-03-04 15:09:10,870 - aiosqlite - DEBUG - operation functools.partial(<built-in method commit of sqlite3.Connection object at 0x000002D04AD1BB50>) completed
2026-03-04 15:09:10,870 - aiosqlite - DEBUG - executing functools.partial(<built-in method rollback of sqlite3.Connection object at 0x000002D04AD1BB50>)
2026-03-04 15:09:10,870 - aiosqlite - DEBUG - operation functools.partial(<built-in method rollback of sqlite3.Connection object at 0x000002D04AD1BB50>) completed
2026-03-04 15:09:10,871 - aiosqlite - DEBUG - executing functools.partial(<built-in method close of sqlite3.Connection object at 0x000002D04AD1BB50>)
2026-03-04 15:09:10,871 - aiosqlite - DEBUG - operation functools.partial(<built-in method close of sqlite3.Connection object at 0x000002D04AD1BB50>) completed
2026-03-04 15:09:10,873 - aiosqlite - DEBUG - executing <function connect.<locals>.connector at 0x000002D04AD560C0>
2026-03-04 15:09:10,874 - aiosqlite - DEBUG - operation <function connect.<locals>.connector at 0x000002D04AD560C0> completed
2026-03-04 15:09:10,875 - aiosqlite - DEBUG - executing functools.partial(<built-in method create_function of sqlite3.Connection object at 0x000002D04AD1BB50>, 'regexp', 2, <function SQLiteDialect_pysqlite.on_connect.<locals>.regexp at 0x000002D04ACFCC20>, deterministic=True)
2026-03-04 15:09:10,875 - aiosqlite - DEBUG - operation functools.partial(<built-in method create_function of sqlite3.Connection object at 0x000002D04AD1BB50>, 'regexp', 2, <function SQLiteDialect_pysqlite.on_connect.<locals>.regexp at 0x000002D04ACFCC20>, deterministic=True) completed
2026-03-04 15:09:10,876 - aiosqlite - DEBUG - executing functools.partial(<built-in method create_function of sqlite3.Connection object at 0x000002D04AD1BB50>, 'floor', 1, <built-in function floor>, deterministic=True)
2026-03-04 15:09:10,876 - aiosqlite - DEBUG - operation functools.partial(<built-in method create_function of sqlite3.Connection object at 0x000002D04AD1BB50>, 'floor', 1, <built-in function floor>, deterministic=True) completed
2026-03-04 15:09:10,878 - aiosqlite - DEBUG - executing functools.partial(<built-in method cursor of sqlite3.Connection object at 0x000002D04AD1BB50>)
2026-03-04 15:09:10,879 - aiosqlite - DEBUG - operation functools.partial(<built-in method cursor of sqlite3.Connection object at 0x000002D04AD1BB50>) completed
2026-03-04 15:09:10,879 - aiosqlite - DEBUG - executing functools.partial(<built-in method execute of sqlite3.Cursor object at 0x000002D04AD14040>, 'SELECT products.id, products.name, products.description, products.price, products.image, products.category, products.size, products.color, products.stock, products.created_at \nFROM products \nWHERE products.id = ?', (8,))
2026-03-04 15:09:10,879 - aiosqlite - DEBUG - operation functools.partial(<built-in method execute of sqlite3.Cursor object at 0x000002D04AD14040>, 'SELECT products.id, products.name, products.description, products.price, products.image, products.category, products.size, products.color, products.stock, products.created_at \nFROM products \nWHERE products.id = ?', (8,)) completed
2026-03-04 15:09:10,879 - aiosqlite - DEBUG - executing functools.partial(<built-in method fetchall of sqlite3.Cursor object at 0x000002D04AD14040>)
2026-03-04 15:09:10,880 - aiosqlite - DEBUG - operation functools.partial(<built-in method fetchall of sqlite3.Cursor object at 0x000002D04AD14040>) completed
2026-03-04 15:09:10,880 - aiosqlite - DEBUG - executing functools.partial(<built-in method close of sqlite3.Cursor object at 0x000002D04AD14040>)
2026-03-04 15:09:10,880 - aiosqlite - DEBUG - operation functools.partial(<built-in method close of sqlite3.Cursor object at 0x000002D04AD14040>) completed
2026-03-04 15:09:10,881 - services.products - INFO - Updated products 8
2026-03-04 15:09:10,881 - routers.products - INFO - Products 8 updated successfully
2026-03-04 15:09:10,881 - core.database - DEBUG - [DB_OP] Database session cleanup after 0.0710s
2026-03-04 15:09:10,881 - aiosqlite - DEBUG - executing functools.partial(<built-in method rollback of sqlite3.Connection object at 0x000002D04AD1BB50>)
2026-03-04 15:09:10,882 - aiosqlite - DEBUG - operation functools.partial(<built-in method rollback of sqlite3.Connection object at 0x000002D04AD1BB50>) completed
2026-03-04 15:09:10,882 - aiosqlite - DEBUG - executing functools.partial(<built-in method rollback of sqlite3.Connection object at 0x000002D04AD1BB50>)
2026-03-04 15:09:10,882 - aiosqlite - DEBUG - operation functools.partial(<built-in method rollback of sqlite3.Connection object at 0x000002D04AD1BB50>) completed
2026-03-04 15:09:10,883 - aiosqlite - DEBUG - executing functools.partial(<built-in method close of sqlite3.Connection object at 0x000002D04AD1BB50>)
2026-03-04 15:09:10,883 - aiosqlite - DEBUG - operation functools.partial(<built-in method close of sqlite3.Connection object at 0x000002D04AD1BB50>) completed
2026-03-04 15:09:10,886 - core.database - DEBUG - [DB_OP] Starting get_db session creation
2026-03-04 15:09:10,886 - core.database - DEBUG - [DB_OP] Database session created successfully in 0.0000s
2026-03-04 15:09:10,886 - routers.products - DEBUG - Querying productss: query=None, sort=None, skip=0, limit=100, fields=None
2026-03-04 15:09:10,887 - aiosqlite - DEBUG - executing <function connect.<locals>.connector at 0x000002D04AD314E0>
2026-03-04 15:09:10,887 - aiosqlite - DEBUG - operation <function connect.<locals>.connector at 0x000002D04AD314E0> completed
2026-03-04 15:09:10,887 - aiosqlite - DEBUG - executing functools.partial(<built-in method create_function of sqlite3.Connection object at 0x000002D04AD1BC40>, 'regexp', 2, <function SQLiteDialect_pysqlite.on_connect.<locals>.regexp at 0x000002D04ACFCC20>, deterministic=True)
2026-03-04 15:09:10,888 - aiosqlite - DEBUG - operation functools.partial(<built-in method create_function of sqlite3.Connection object at 0x000002D04AD1BC40>, 'regexp', 2, <function SQLiteDialect_pysqlite.on_connect.<locals>.regexp at 0x000002D04ACFCC20>, deterministic=True) completed
2026-03-04 15:09:10,888 - aiosqlite - DEBUG - executing functools.partial(<built-in method create_function of sqlite3.Connection object at 0x000002D04AD1BC40>, 'floor', 1, <built-in function floor>, deterministic=True)
2026-03-04 15:09:10,888 - aiosqlite - DEBUG - operation functools.partial(<built-in method create_function of sqlite3.Connection object at 0x000002D04AD1BC40>, 'floor', 1, <built-in function floor>, deterministic=True) completed
2026-03-04 15:09:10,889 - aiosqlite - DEBUG - executing functools.partial(<built-in method cursor of sqlite3.Connection object at 0x000002D04AD1BC40>)
2026-03-04 15:09:10,890 - aiosqlite - DEBUG - operation functools.partial(<built-in method cursor of sqlite3.Connection object at 0x000002D04AD1BC40>) completed
2026-03-04 15:09:10,890 - aiosqlite - DEBUG - executing functools.partial(<built-in method execute of sqlite3.Cursor object at 0x000002D04AD5C6C0>, 'SELECT count(products.id) AS count_1 \nFROM products', ())
2026-03-04 15:09:10,890 - aiosqlite - DEBUG - operation functools.partial(<built-in method execute of sqlite3.Cursor object at 0x000002D04AD5C6C0>, 'SELECT count(products.id) AS count_1 \nFROM products', ()) completed
2026-03-04 15:09:10,891 - aiosqlite - DEBUG - executing functools.partial(<built-in method fetchall of sqlite3.Cursor object at 0x000002D04AD5C6C0>)
2026-03-04 15:09:10,891 - aiosqlite - DEBUG - operation functools.partial(<built-in method fetchall of sqlite3.Cursor object at 0x000002D04AD5C6C0>) completed
2026-03-04 15:09:10,891 - aiosqlite - DEBUG - executing functools.partial(<built-in method close of sqlite3.Cursor object at 0x000002D04AD5C6C0>)
2026-03-04 15:09:10,892 - aiosqlite - DEBUG - operation functools.partial(<built-in method close of sqlite3.Cursor object at 0x000002D04AD5C6C0>) completed
2026-03-04 15:09:10,892 - aiosqlite - DEBUG - executing functools.partial(<built-in method cursor of sqlite3.Connection object at 0x000002D04AD1BC40>)
2026-03-04 15:09:10,893 - aiosqlite - DEBUG - operation functools.partial(<built-in method cursor of sqlite3.Connection object at 0x000002D04AD1BC40>) completed
2026-03-04 15:09:10,893 - aiosqlite - DEBUG - executing functools.partial(<built-in method execute of sqlite3.Cursor object at 0x000002D04AD5C6C0>, 'SELECT products.id, products.name, products.description, products.price, products.image, products.category, products.size, products.color, products.stock, products.created_at \nFROM products ORDER BY products.id DESC\n LIMIT ? OFFSET ?', (100, 0))
2026-03-04 15:09:10,893 - aiosqlite - DEBUG - operation functools.partial(<built-in method execute of sqlite3.Cursor object at 0x000002D04AD5C6C0>, 'SELECT products.id, products.name, products.description, products.price, products.image, products.category, products.size, products.color, products.stock, products.created_at \nFROM products ORDER BY products.id DESC\n LIMIT ? OFFSET ?', (100, 0)) completed
2026-03-04 15:09:10,894 - aiosqlite - DEBUG - executing functools.partial(<built-in method fetchall of sqlite3.Cursor object at 0x000002D04AD5C6C0>)
2026-03-04 15:09:10,894 - aiosqlite - DEBUG - operation functools.partial(<built-in method fetchall of sqlite3.Cursor object at 0x000002D04AD5C6C0>) completed
2026-03-04 15:09:10,894 - aiosqlite - DEBUG - executing functools.partial(<built-in method close of sqlite3.Cursor object at 0x000002D04AD5C6C0>)
2026-03-04 15:09:10,894 - aiosqlite - DEBUG - operation functools.partial(<built-in method close of sqlite3.Cursor object at 0x000002D04AD5C6C0>) completed
2026-03-04 15:09:10,895 - routers.products - DEBUG - Found 8 productss
2026-03-04 15:09:10,896 - core.database - DEBUG - [DB_OP] Database session cleanup after 0.0094s
2026-03-04 15:09:10,896 - aiosqlite - DEBUG - executing functools.partial(<built-in method rollback of sqlite3.Connection object at 0x000002D04AD1BC40>)
2026-03-04 15:09:10,896 - aiosqlite - DEBUG - operation functools.partial(<built-in method rollback of sqlite3.Connection object at 0x000002D04AD1BC40>) completed
2026-03-04 15:09:10,897 - aiosqlite - DEBUG - executing functools.partial(<built-in method rollback of sqlite3.Connection object at 0x000002D04AD1BC40>)
2026-03-04 15:09:10,897 - aiosqlite - DEBUG - operation functools.partial(<built-in method rollback of sqlite3.Connection object at 0x000002D04AD1BC40>) completed
2026-03-04 15:09:10,897 - aiosqlite - DEBUG - executing functools.partial(<built-in method close of sqlite3.Connection object at 0x000002D04AD1BC40>)
2026-03-04 15:09:10,897 - aiosqlite - DEBUG - operation functools.partial(<built-in method close of sqlite3.Connection object at 0x000002D04AD1BC40>) completed
2026-03-04 15:11:59,985 - core.database - DEBUG - [DB_OP] Starting get_db session creation
2026-03-04 15:11:59,985 - core.database - DEBUG - [DB_OP] Database session created successfully in 0.0000s
2026-03-04 15:11:59,985 - routers.products - DEBUG - Updating products 7 with data: name='Quần Cargo kaki túi hộp 3KMENSWEAR, Quần Dài jean from uNIsex dáng suông form 45-85kg Có Túi' description='👖 QUẦN CARGO PANT KAKI / QUẦN JEAN DÀI UNISEX 3KMENSWEAR\n\nDáng Suông – Túi Hộp Cá Tính – Mặc Quanh Năm\n\nQuần 3KMENSWEAR thiết kế dáng suông unisex, phù hợp cho cả nam và nữ từ 45 – 85kg, mang đến cảm giác thoải mái – năng động – dễ phối đồ cho nhiều phong cách khác nhau.\n\n🔥 THIẾT KẾ CARGO TÚI HỘP HIỆN ĐẠI\n\nPhiên bản Cargo Pant kaki với túi hộp hai bên tạo điểm nhấn cá tính, đậm chất streetwear, vừa thời trang vừa tiện lợi khi sử dụng hằng ngày.\n\n👖 FORM SUÔNG DỄ MẶC – CHE KHUYẾT ĐIỂM\n\nDáng quần suông ống rộng vừa phải giúp tôn dáng, che khuyết điểm chân, mang lại sự linh hoạt khi di chuyển, phù hợp đi học, đi làm, dạo phố hay du lịch.\n\n🧵 CHẤT LIỆU KAKI / JEAN BỀN ĐẸP\n\nSử dụng chất liệu kaki cao cấp (và jean dày vừa), bề mặt mềm, đứng form, thoáng mát – bền màu – dễ giặt, phù hợp mặc cả bốn mùa.\n\n📋 THÔNG TIN SẢN PHẨM\n\nThương hiệu: 3KMENSWEAR\n\nKiểu dáng: Cargo pant kaki / Quần jean dài\n\nForm: Suông unisex\n\nCân nặng phù hợp: 45 – 85kg\n\nChất liệu: Kaki / Jean\n\nMùa sử dụng: Bốn mùa\n\nDịp sử dụng: Thông thường – đi học – đi làm – dạo phố\n\nHướng dẫn giặt: Giặt máy tiện lợi' price=204750.0 image='https://down-vn.img.susercontent.com/file/vn-11134207-81ztc-mkdmfcl2p14wb8.webp' category='men' size='XL' color='Xanh' stock=36 created_at=None
2026-03-04 15:11:59,987 - aiosqlite - DEBUG - executing <function connect.<locals>.connector at 0x000002D04ACFEDE0>
2026-03-04 15:11:59,987 - aiosqlite - DEBUG - operation <function connect.<locals>.connector at 0x000002D04ACFEDE0> completed
2026-03-04 15:11:59,988 - aiosqlite - DEBUG - executing functools.partial(<built-in method create_function of sqlite3.Connection object at 0x000002D04AD1AC50>, 'regexp', 2, <function SQLiteDialect_pysqlite.on_connect.<locals>.regexp at 0x000002D04ACFCC20>, deterministic=True)
2026-03-04 15:11:59,988 - aiosqlite - DEBUG - operation functools.partial(<built-in method create_function of sqlite3.Connection object at 0x000002D04AD1AC50>, 'regexp', 2, <function SQLiteDialect_pysqlite.on_connect.<locals>.regexp at 0x000002D04ACFCC20>, deterministic=True) completed
2026-03-04 15:11:59,989 - aiosqlite - DEBUG - executing functools.partial(<built-in method create_function of sqlite3.Connection object at 0x000002D04AD1AC50>, 'floor', 1, <built-in function floor>, deterministic=True)
2026-03-04 15:11:59,990 - aiosqlite - DEBUG - operation functools.partial(<built-in method create_function of sqlite3.Connection object at 0x000002D04AD1AC50>, 'floor', 1, <built-in function floor>, deterministic=True) completed
2026-03-04 15:11:59,990 - aiosqlite - DEBUG - executing functools.partial(<built-in method cursor of sqlite3.Connection object at 0x000002D04AD1AC50>)
2026-03-04 15:11:59,991 - aiosqlite - DEBUG - operation functools.partial(<built-in method cursor of sqlite3.Connection object at 0x000002D04AD1AC50>) completed
2026-03-04 15:11:59,991 - aiosqlite - DEBUG - executing functools.partial(<built-in method execute of sqlite3.Cursor object at 0x000002D04AD5C6C0>, 'SELECT products.id, products.name, products.description, products.price, products.image, products.category, products.size, products.color, products.stock, products.created_at \nFROM products \nWHERE products.id = ?', (7,))
2026-03-04 15:11:59,992 - aiosqlite - DEBUG - operation functools.partial(<built-in method execute of sqlite3.Cursor object at 0x000002D04AD5C6C0>, 'SELECT products.id, products.name, products.description, products.price, products.image, products.category, products.size, products.color, products.stock, products.created_at \nFROM products \nWHERE products.id = ?', (7,)) completed
2026-03-04 15:11:59,992 - aiosqlite - DEBUG - executing functools.partial(<built-in method fetchall of sqlite3.Cursor object at 0x000002D04AD5C6C0>)
2026-03-04 15:11:59,993 - aiosqlite - DEBUG - operation functools.partial(<built-in method fetchall of sqlite3.Cursor object at 0x000002D04AD5C6C0>) completed
2026-03-04 15:11:59,993 - aiosqlite - DEBUG - executing functools.partial(<built-in method close of sqlite3.Cursor object at 0x000002D04AD5C6C0>)
2026-03-04 15:11:59,993 - aiosqlite - DEBUG - operation functools.partial(<built-in method close of sqlite3.Cursor object at 0x000002D04AD5C6C0>) completed
2026-03-04 15:11:59,995 - aiosqlite - DEBUG - executing functools.partial(<built-in method cursor of sqlite3.Connection object at 0x000002D04AD1AC50>)
2026-03-04 15:11:59,995 - aiosqlite - DEBUG - operation functools.partial(<built-in method cursor of sqlite3.Connection object at 0x000002D04AD1AC50>) completed
2026-03-04 15:11:59,996 - aiosqlite - DEBUG - executing functools.partial(<built-in method execute of sqlite3.Cursor object at 0x000002D04AD5C6C0>, 'UPDATE products SET name=?, description=?, price=?, image=?, category=?, size=?, color=?, stock=? WHERE products.id = ?', ('Quần Cargo kaki túi hộp 3KMENSWEAR, Quần Dài jean from uNIsex dáng suông form 45-85kg Có Túi', '👖 QUẦN CARGO PANT KAKI / QUẦN JEAN DÀI UNISEX 3KMENSWEAR\n\nDáng Suông – Túi Hộp Cá Tính – Mặc Quanh Năm\n\nQuần 3KMENSWEAR thiết kế dáng suông unisex, phù hợp cho cả nam và nữ từ 45 – 85kg, mang đến cảm giác thoải mái – năng động – dễ phối đồ cho nhiều phong cách khác nhau.\n\n🔥 THIẾT KẾ CARGO TÚI HỘP HIỆN ĐẠI\n\nPhiên bản Cargo Pant kaki với túi hộp hai bên tạo điểm nhấn cá tính, đậm chất streetwear, vừa thời trang vừa tiện lợi khi sử dụng hằng ngày.\n\n👖 FORM SUÔNG DỄ MẶC – CHE KHUYẾT ĐIỂM\n\nDáng quần suông ống rộng vừa phải giúp tôn dáng, che khuyết điểm chân, mang lại sự linh hoạt khi di chuyển, phù hợp đi học, đi làm, dạo phố hay du lịch.\n\n🧵 CHẤT LIỆU KAKI / JEAN BỀN ĐẸP\n\nSử dụng chất liệu kaki cao cấp (và jean dày vừa), bề mặt mềm, đứng form, thoáng mát – bền màu – dễ giặt, phù hợp mặc cả bốn mùa.\n\n📋 THÔNG TIN SẢN PHẨM\n\nThương hiệu: 3KMENSWEAR\n\nKiểu dáng: Cargo pant kaki / Quần jean dài\n\nForm: Suông unisex\n\nCân nặng phù hợp: 45 – 85kg\n\nChất liệu: Kaki / Jean\n\nMùa sử dụng: Bốn mùa\n\nDịp sử dụng: Thông thường – đi học – đi làm – dạo phố\n\nHướng dẫn giặt: Giặt máy tiện lợi', 204750.0, 'https://down-vn.img.susercontent.com/file/vn-11134207-81ztc-mkdmfcl2p14wb8.webp', 'men', 'XL', 'Xanh', 36, 7))
2026-03-04 15:11:59,999 - aiosqlite - DEBUG - operation functools.partial(<built-in method execute of sqlite3.Cursor object at 0x000002D04AD5C6C0>, 'UPDATE products SET name=?, description=?, price=?, image=?, category=?, size=?, color=?, stock=? WHERE products.id = ?', ('Quần Cargo kaki túi hộp 3KMENSWEAR, Quần Dài jean from uNIsex dáng suông form 45-85kg Có Túi', '👖 QUẦN CARGO PANT KAKI / QUẦN JEAN DÀI UNISEX 3KMENSWEAR\n\nDáng Suông – Túi Hộp Cá Tính – Mặc Quanh Năm\n\nQuần 3KMENSWEAR thiết kế dáng suông unisex, phù hợp cho cả nam và nữ từ 45 – 85kg, mang đến cảm giác thoải mái – năng động – dễ phối đồ cho nhiều phong cách khác nhau.\n\n🔥 THIẾT KẾ CARGO TÚI HỘP HIỆN ĐẠI\n\nPhiên bản Cargo Pant kaki với túi hộp hai bên tạo điểm nhấn cá tính, đậm chất streetwear, vừa thời trang vừa tiện lợi khi sử dụng hằng ngày.\n\n👖 FORM SUÔNG DỄ MẶC – CHE KHUYẾT ĐIỂM\n\nDáng quần suông ống rộng vừa phải giúp tôn dáng, che khuyết điểm chân, mang lại sự linh hoạt khi di chuyển, phù hợp đi học, đi làm, dạo phố hay du lịch.\n\n🧵 CHẤT LIỆU KAKI / JEAN BỀN ĐẸP\n\nSử dụng chất liệu kaki cao cấp (và jean dày vừa), bề mặt mềm, đứng form, thoáng mát – bền màu – dễ giặt, phù hợp mặc cả bốn mùa.\n\n📋 THÔNG TIN SẢN PHẨM\n\nThương hiệu: 3KMENSWEAR\n\nKiểu dáng: Cargo pant kaki / Quần jean dài\n\nForm: Suông unisex\n\nCân nặng phù hợp: 45 – 85kg\n\nChất liệu: Kaki / Jean\n\nMùa sử dụng: Bốn mùa\n\nDịp sử dụng: Thông thường – đi học – đi làm – dạo phố\n\nHướng dẫn giặt: Giặt máy tiện lợi', 204750.0, 'https://down-vn.img.susercontent.com/file/vn-11134207-81ztc-mkdmfcl2p14wb8.webp', 'men', 'XL', 'Xanh', 36, 7)) completed
2026-03-04 15:12:00,001 - aiosqlite - DEBUG - executing functools.partial(<built-in method close of sqlite3.Cursor object at 0x000002D04AD5C6C0>)
2026-03-04 15:12:00,001 - aiosqlite - DEBUG - operation functools.partial(<built-in method close of sqlite3.Cursor object at 0x000002D04AD5C6C0>) completed
2026-03-04 15:12:00,002 - aiosqlite - DEBUG - executing functools.partial(<built-in method commit of sqlite3.Connection object at 0x000002D04AD1AC50>)
2026-03-04 15:12:00,005 - aiosqlite - DEBUG - operation functools.partial(<built-in method commit of sqlite3.Connection object at 0x000002D04AD1AC50>) completed
2026-03-04 15:12:00,005 - aiosqlite - DEBUG - executing functools.partial(<built-in method rollback of sqlite3.Connection object at 0x000002D04AD1AC50>)
2026-03-04 15:12:00,006 - aiosqlite - DEBUG - operation functools.partial(<built-in method rollback of sqlite3.Connection object at 0x000002D04AD1AC50>) completed
2026-03-04 15:12:00,007 - aiosqlite - DEBUG - executing functools.partial(<built-in method close of sqlite3.Connection object at 0x000002D04AD1AC50>)
2026-03-04 15:12:00,008 - aiosqlite - DEBUG - operation functools.partial(<built-in method close of sqlite3.Connection object at 0x000002D04AD1AC50>) completed
2026-03-04 15:12:00,011 - aiosqlite - DEBUG - executing <function connect.<locals>.connector at 0x000002D04AD31080>
2026-03-04 15:12:00,013 - aiosqlite - DEBUG - operation <function connect.<locals>.connector at 0x000002D04AD31080> completed
2026-03-04 15:12:00,015 - aiosqlite - DEBUG - executing functools.partial(<built-in method create_function of sqlite3.Connection object at 0x000002D04AD1AC50>, 'regexp', 2, <function SQLiteDialect_pysqlite.on_connect.<locals>.regexp at 0x000002D04ACFCC20>, deterministic=True)
2026-03-04 15:12:00,015 - aiosqlite - DEBUG - operation functools.partial(<built-in method create_function of sqlite3.Connection object at 0x000002D04AD1AC50>, 'regexp', 2, <function SQLiteDialect_pysqlite.on_connect.<locals>.regexp at 0x000002D04ACFCC20>, deterministic=True) completed
2026-03-04 15:12:00,016 - aiosqlite - DEBUG - executing functools.partial(<built-in method create_function of sqlite3.Connection object at 0x000002D04AD1AC50>, 'floor', 1, <built-in function floor>, deterministic=True)
2026-03-04 15:12:00,016 - aiosqlite - DEBUG - operation functools.partial(<built-in method create_function of sqlite3.Connection object at 0x000002D04AD1AC50>, 'floor', 1, <built-in function floor>, deterministic=True) completed
2026-03-04 15:12:00,017 - aiosqlite - DEBUG - executing functools.partial(<built-in method cursor of sqlite3.Connection object at 0x000002D04AD1AC50>)
2026-03-04 15:12:00,017 - aiosqlite - DEBUG - operation functools.partial(<built-in method cursor of sqlite3.Connection object at 0x000002D04AD1AC50>) completed
2026-03-04 15:12:00,017 - aiosqlite - DEBUG - executing functools.partial(<built-in method execute of sqlite3.Cursor object at 0x000002D04AD5CBC0>, 'SELECT products.id, products.name, products.description, products.price, products.image, products.category, products.size, products.color, products.stock, products.created_at \nFROM products \nWHERE products.id = ?', (7,))
2026-03-04 15:12:00,018 - aiosqlite - DEBUG - operation functools.partial(<built-in method execute of sqlite3.Cursor object at 0x000002D04AD5CBC0>, 'SELECT products.id, products.name, products.description, products.price, products.image, products.category, products.size, products.color, products.stock, products.created_at \nFROM products \nWHERE products.id = ?', (7,)) completed
2026-03-04 15:12:00,018 - aiosqlite - DEBUG - executing functools.partial(<built-in method fetchall of sqlite3.Cursor object at 0x000002D04AD5CBC0>)
2026-03-04 15:12:00,019 - aiosqlite - DEBUG - operation functools.partial(<built-in method fetchall of sqlite3.Cursor object at 0x000002D04AD5CBC0>) completed
2026-03-04 15:12:00,019 - aiosqlite - DEBUG - executing functools.partial(<built-in method close of sqlite3.Cursor object at 0x000002D04AD5CBC0>)
2026-03-04 15:12:00,019 - aiosqlite - DEBUG - operation functools.partial(<built-in method close of sqlite3.Cursor object at 0x000002D04AD5CBC0>) completed
2026-03-04 15:12:00,020 - services.products - INFO - Updated products 7
2026-03-04 15:12:00,020 - routers.products - INFO - Products 7 updated successfully
2026-03-04 15:12:00,020 - core.database - DEBUG - [DB_OP] Database session cleanup after 0.0349s
2026-03-04 15:12:00,021 - aiosqlite - DEBUG - executing functools.partial(<built-in method rollback of sqlite3.Connection object at 0x000002D04AD1AC50>)
2026-03-04 15:12:00,021 - aiosqlite - DEBUG - operation functools.partial(<built-in method rollback of sqlite3.Connection object at 0x000002D04AD1AC50>) completed
2026-03-04 15:12:00,022 - aiosqlite - DEBUG - executing functools.partial(<built-in method rollback of sqlite3.Connection object at 0x000002D04AD1AC50>)
2026-03-04 15:12:00,022 - aiosqlite - DEBUG - operation functools.partial(<built-in method rollback of sqlite3.Connection object at 0x000002D04AD1AC50>) completed
2026-03-04 15:12:00,022 - aiosqlite - DEBUG - executing functools.partial(<built-in method close of sqlite3.Connection object at 0x000002D04AD1AC50>)
2026-03-04 15:12:00,023 - aiosqlite - DEBUG - operation functools.partial(<built-in method close of sqlite3.Connection object at 0x000002D04AD1AC50>) completed
2026-03-04 15:12:00,025 - core.database - DEBUG - [DB_OP] Starting get_db session creation
2026-03-04 15:12:00,026 - core.database - DEBUG - [DB_OP] Database session created successfully in 0.0010s
2026-03-04 15:12:00,026 - routers.products - DEBUG - Querying productss: query=None, sort=None, skip=0, limit=100, fields=None
2026-03-04 15:12:00,027 - aiosqlite - DEBUG - executing <function connect.<locals>.connector at 0x000002D04AD30F40>
2026-03-04 15:12:00,027 - aiosqlite - DEBUG - operation <function connect.<locals>.connector at 0x000002D04AD30F40> completed
2026-03-04 15:12:00,028 - aiosqlite - DEBUG - executing functools.partial(<built-in method create_function of sqlite3.Connection object at 0x000002D04AD1B880>, 'regexp', 2, <function SQLiteDialect_pysqlite.on_connect.<locals>.regexp at 0x000002D04ACFCC20>, deterministic=True)
2026-03-04 15:12:00,028 - aiosqlite - DEBUG - operation functools.partial(<built-in method create_function of sqlite3.Connection object at 0x000002D04AD1B880>, 'regexp', 2, <function SQLiteDialect_pysqlite.on_connect.<locals>.regexp at 0x000002D04ACFCC20>, deterministic=True) completed
2026-03-04 15:12:00,030 - aiosqlite - DEBUG - executing functools.partial(<built-in method create_function of sqlite3.Connection object at 0x000002D04AD1B880>, 'floor', 1, <built-in function floor>, deterministic=True)
2026-03-04 15:12:00,030 - aiosqlite - DEBUG - operation functools.partial(<built-in method create_function of sqlite3.Connection object at 0x000002D04AD1B880>, 'floor', 1, <built-in function floor>, deterministic=True) completed
2026-03-04 15:12:00,031 - aiosqlite - DEBUG - executing functools.partial(<built-in method cursor of sqlite3.Connection object at 0x000002D04AD1B880>)
2026-03-04 15:12:00,031 - aiosqlite - DEBUG - operation functools.partial(<built-in method cursor of sqlite3.Connection object at 0x000002D04AD1B880>) completed
2026-03-04 15:12:00,031 - aiosqlite - DEBUG - executing functools.partial(<built-in method execute of sqlite3.Cursor object at 0x000002D04AD5D040>, 'SELECT count(products.id) AS count_1 \nFROM products', ())
2026-03-04 15:12:00,032 - aiosqlite - DEBUG - operation functools.partial(<built-in method execute of sqlite3.Cursor object at 0x000002D04AD5D040>, 'SELECT count(products.id) AS count_1 \nFROM products', ()) completed
2026-03-04 15:12:00,032 - aiosqlite - DEBUG - executing functools.partial(<built-in method fetchall of sqlite3.Cursor object at 0x000002D04AD5D040>)
2026-03-04 15:12:00,032 - aiosqlite - DEBUG - operation functools.partial(<built-in method fetchall of sqlite3.Cursor object at 0x000002D04AD5D040>) completed
2026-03-04 15:12:00,033 - aiosqlite - DEBUG - executing functools.partial(<built-in method close of sqlite3.Cursor object at 0x000002D04AD5D040>)
2026-03-04 15:12:00,033 - aiosqlite - DEBUG - operation functools.partial(<built-in method close of sqlite3.Cursor object at 0x000002D04AD5D040>) completed
2026-03-04 15:12:00,034 - aiosqlite - DEBUG - executing functools.partial(<built-in method cursor of sqlite3.Connection object at 0x000002D04AD1B880>)
2026-03-04 15:12:00,034 - aiosqlite - DEBUG - operation functools.partial(<built-in method cursor of sqlite3.Connection object at 0x000002D04AD1B880>) completed
2026-03-04 15:12:00,034 - aiosqlite - DEBUG - executing functools.partial(<built-in method execute of sqlite3.Cursor object at 0x000002D04AD5D040>, 'SELECT products.id, products.name, products.description, products.price, products.image, products.category, products.size, products.color, products.stock, products.created_at \nFROM products ORDER BY products.id DESC\n LIMIT ? OFFSET ?', (100, 0))
2026-03-04 15:12:00,035 - aiosqlite - DEBUG - operation functools.partial(<built-in method execute of sqlite3.Cursor object at 0x000002D04AD5D040>, 'SELECT products.id, products.name, products.description, products.price, products.image, products.category, products.size, products.color, products.stock, products.created_at \nFROM products ORDER BY products.id DESC\n LIMIT ? OFFSET ?', (100, 0)) completed
2026-03-04 15:12:00,036 - aiosqlite - DEBUG - executing functools.partial(<built-in method fetchall of sqlite3.Cursor object at 0x000002D04AD5D040>)
2026-03-04 15:12:00,036 - aiosqlite - DEBUG - operation functools.partial(<built-in method fetchall of sqlite3.Cursor object at 0x000002D04AD5D040>) completed
2026-03-04 15:12:00,037 - aiosqlite - DEBUG - executing functools.partial(<built-in method close of sqlite3.Cursor object at 0x000002D04AD5D040>)
2026-03-04 15:12:00,037 - aiosqlite - DEBUG - operation functools.partial(<built-in method close of sqlite3.Cursor object at 0x000002D04AD5D040>) completed
2026-03-04 15:12:00,037 - routers.products - DEBUG - Found 8 productss
2026-03-04 15:12:00,038 - core.database - DEBUG - [DB_OP] Database session cleanup after 0.0126s
2026-03-04 15:12:00,038 - aiosqlite - DEBUG - executing functools.partial(<built-in method rollback of sqlite3.Connection object at 0x000002D04AD1B880>)
2026-03-04 15:12:00,039 - aiosqlite - DEBUG - operation functools.partial(<built-in method rollback of sqlite3.Connection object at 0x000002D04AD1B880>) completed
2026-03-04 15:12:00,039 - aiosqlite - DEBUG - executing functools.partial(<built-in method rollback of sqlite3.Connection object at 0x000002D04AD1B880>)
2026-03-04 15:12:00,039 - aiosqlite - DEBUG - operation functools.partial(<built-in method rollback of sqlite3.Connection object at 0x000002D04AD1B880>) completed
2026-03-04 15:12:00,040 - aiosqlite - DEBUG - executing functools.partial(<built-in method close of sqlite3.Connection object at 0x000002D04AD1B880>)
2026-03-04 15:12:00,040 - aiosqlite - DEBUG - operation functools.partial(<built-in method close of sqlite3.Connection object at 0x000002D04AD1B880>) completed
2026-03-04 15:15:39,041 - core.database - DEBUG - [DB_OP] Starting get_db session creation
2026-03-04 15:15:39,042 - core.database - DEBUG - [DB_OP] Database session created successfully in 0.0010s
2026-03-04 15:15:39,043 - routers.products - DEBUG - Updating products 6 with data: name='Áo Thun Polo Nam Heritage Stripe Kẻ Sọc, Vải Cotton Cao Cấp, Thoáng Mát,Trẻ Trung, Thanh Lịch, Năng Động, Chuẩn Form' description='🔥 Khám phá phong cách mới với Áo Polo Nam Kẻ Sọc Xanh Rêu - Trắng Kem và Xanh Navy - Kem của chúng tôi! 🔥\n\n\n\nBạn đang tìm kiếm một chiếc áo polo vừa thoải mái, vừa thời trang để diện hàng ngày hay trong những dịp gặp gỡ bạn bè, đi chơi? Chiếc Áo Polo Kẻ Sọc Xanh  Rêu Trắng Kem này chính là lựa chọn hoàn hảo dành cho bạn!\n\n\n\n🌿 Đặc điểm nổi bật:\n\n\n\nThiết kế kẻ sọc thời thượng: Sự kết hợp hài hòa giữa màu xanh rêu trầm ấm và trắng kem tạo nên vẻ ngoài trẻ trung, năng động nhưng không kém phần lịch lãm. Kẻ sọc ngang kinh điển giúp bạn dễ dàng phối đồ và luôn hợp mốt.\n\n\n\nChất liệu Cotton cao cấp: Được làm từ 98% Cotton kết hợp 2% Spandex mang lại cảm giác mềm mại, thoáng mát, thấm hút mồ hôi cực tốt,  dễ chịu tối đa ngay cả trong những ngày hè nóng bức. Bề mặt vải mềm mịn, không gây kích ứng da.\n\n\n\nForm dáng Regular Fit chuẩn: Thiết kế ôm vừa phải, tôn dáng nhưng vẫn đảm bảo sự thoải mái trong mọi hoạt động. Phù hợp với nhiều vóc dáng khác nhau.\n\n\n\nĐa năng và dễ phối đồ: Dễ dàng kết hợp với quần jeans, quần kaki, quần short để đi học, đi làm, đi chơi, dạo phố, hay thậm chí là hẹn hò. Đây chắc chắn sẽ là item không thể thiếu trong tủ đồ của các chàng trai.\n\n\n\nĐường may tỉ mỉ, chắc chắn: Đảm bảo độ bền cao và tính thẩm mỹ cho sản phẩm. Cổ áo và tay áo được bo gọn gàng, tạo vẻ ngoài chỉn chu.\n\n\n\n✨ Tại sao bạn nên chọn Áo Polo của chúng tôi?\n\n\n\nPhong cách hiện đại: Luôn bắt kịp xu hướng thời trang mới nhất.\n\n\n\nChất lượng vượt trội: Cam kết sản phẩm đạt tiêu chuẩn cao.\n\n\n\nGiá cả phải chăng: Mang đến giá trị tốt nhất cho khách hàng.\n\n\n\nDễ dàng bảo quản: Giặt máy thoải mái, giữ form dáng tốt sau nhiều lần giặt.\n\n\n\n(Lưu ý: Bảng size chỉ mang tính chất tham khảo, vui lòng xem bảng size chi tiết trong phần hình ảnh hoặc liên hệ shop để được tư vấn chính xác nhất.)\n\n\n\n🛒 Đừng bỏ lỡ cơ hội sở hữu chiếc Áo Polo kẻ sọc "must-have" này! Thêm vào giỏ hàng ngay hôm nay để làm mới tủ đồ của bạn!' price=258000.0 image='https://down-vn.img.susercontent.com/file/vn-11134207-820l4-mg3wzmxlvor301@resize_w900_nl.webp' category='men' size='M' color='Xanh Rêu Kem' stock=355 created_at=None
2026-03-04 15:15:39,050 - aiosqlite - DEBUG - executing <function connect.<locals>.connector at 0x000002D04AD31080>
2026-03-04 15:15:39,053 - aiosqlite - DEBUG - operation <function connect.<locals>.connector at 0x000002D04AD31080> completed
2026-03-04 15:15:39,053 - aiosqlite - DEBUG - executing functools.partial(<built-in method create_function of sqlite3.Connection object at 0x000002D04AD1BA60>, 'regexp', 2, <function SQLiteDialect_pysqlite.on_connect.<locals>.regexp at 0x000002D04ACFCC20>, deterministic=True)
2026-03-04 15:15:39,054 - aiosqlite - DEBUG - operation functools.partial(<built-in method create_function of sqlite3.Connection object at 0x000002D04AD1BA60>, 'regexp', 2, <function SQLiteDialect_pysqlite.on_connect.<locals>.regexp at 0x000002D04ACFCC20>, deterministic=True) completed
2026-03-04 15:15:39,054 - aiosqlite - DEBUG - executing functools.partial(<built-in method create_function of sqlite3.Connection object at 0x000002D04AD1BA60>, 'floor', 1, <built-in function floor>, deterministic=True)
2026-03-04 15:15:39,055 - aiosqlite - DEBUG - operation functools.partial(<built-in method create_function of sqlite3.Connection object at 0x000002D04AD1BA60>, 'floor', 1, <built-in function floor>, deterministic=True) completed
2026-03-04 15:15:39,057 - aiosqlite - DEBUG - executing functools.partial(<built-in method cursor of sqlite3.Connection object at 0x000002D04AD1BA60>)
2026-03-04 15:15:39,058 - aiosqlite - DEBUG - operation functools.partial(<built-in method cursor of sqlite3.Connection object at 0x000002D04AD1BA60>) completed
2026-03-04 15:15:39,058 - aiosqlite - DEBUG - executing functools.partial(<built-in method execute of sqlite3.Cursor object at 0x000002D04AD5E2C0>, 'SELECT products.id, products.name, products.description, products.price, products.image, products.category, products.size, products.color, products.stock, products.created_at \nFROM products \nWHERE products.id = ?', (6,))
2026-03-04 15:15:39,059 - aiosqlite - DEBUG - operation functools.partial(<built-in method execute of sqlite3.Cursor object at 0x000002D04AD5E2C0>, 'SELECT products.id, products.name, products.description, products.price, products.image, products.category, products.size, products.color, products.stock, products.created_at \nFROM products \nWHERE products.id = ?', (6,)) completed
2026-03-04 15:15:39,059 - aiosqlite - DEBUG - executing functools.partial(<built-in method fetchall of sqlite3.Cursor object at 0x000002D04AD5E2C0>)
2026-03-04 15:15:39,059 - aiosqlite - DEBUG - operation functools.partial(<built-in method fetchall of sqlite3.Cursor object at 0x000002D04AD5E2C0>) completed
2026-03-04 15:15:39,060 - aiosqlite - DEBUG - executing functools.partial(<built-in method close of sqlite3.Cursor object at 0x000002D04AD5E2C0>)
2026-03-04 15:15:39,060 - aiosqlite - DEBUG - operation functools.partial(<built-in method close of sqlite3.Cursor object at 0x000002D04AD5E2C0>) completed
2026-03-04 15:15:39,062 - aiosqlite - DEBUG - executing functools.partial(<built-in method cursor of sqlite3.Connection object at 0x000002D04AD1BA60>)
2026-03-04 15:15:39,062 - aiosqlite - DEBUG - operation functools.partial(<built-in method cursor of sqlite3.Connection object at 0x000002D04AD1BA60>) completed
2026-03-04 15:15:39,063 - aiosqlite - DEBUG - executing functools.partial(<built-in method execute of sqlite3.Cursor object at 0x000002D04AD5E2C0>, 'UPDATE products SET name=?, description=?, price=?, image=?, category=?, size=?, color=?, stock=? WHERE products.id = ?', ('Áo Thun Polo Nam Heritage Stripe Kẻ Sọc, Vải Cotton Cao Cấp, Thoáng Mát,Trẻ Trung, Thanh Lịch, Năng Động, Chuẩn Form', '🔥 Khám phá phong cách mới với Áo Polo Nam Kẻ Sọc Xanh Rêu - Trắng Kem và Xanh Navy - Kem của chúng tôi! 🔥\n\n\n\nBạn đang tìm kiếm một chiếc áo polo vừa thoải mái, vừa thời trang để diện hàng ngày hay trong những dịp gặp gỡ bạn bè, đi chơi? Chiếc Áo Polo Kẻ Sọc Xanh  Rêu Trắng Kem này chính là lựa chọn hoàn hảo dành cho bạn!\n\n\n\n🌿 Đặc điểm nổi bật:\n\n\n\nThiết kế kẻ sọc thời thượng: Sự kết hợp hài hòa giữa màu xanh rêu trầm ấm và trắng kem tạo nên vẻ ngoài trẻ trung, năng động nhưng không kém phần lịch lãm. Kẻ sọc ngang kinh điển giúp bạn dễ dàng phối đồ và luôn hợp mốt.\n\n\n\nChất liệu Cotton cao cấp: Được làm từ 98% Cotton kết hợp 2% Spandex mang lại cảm giác mềm mại, thoáng mát, thấm hút mồ hôi cực tốt,  dễ chịu tối đa ngay cả trong những ngày hè nóng bức. Bề mặt vải mềm mịn, không gây kích ứng da.\n\n\n\nForm dáng Regular Fit chuẩn: Thiết kế ôm vừa phải, tôn dáng nhưng vẫn đảm bảo sự thoải mái trong mọi hoạt động. Phù hợp với nhiều vóc dáng khác nhau.\n\n\n\nĐa năng và dễ phối đồ: Dễ dàng kết hợp với quần jeans, quần kaki, quần short để đi học, đi làm, đi chơi, dạo phố, hay thậm chí là hẹn hò. Đây chắc chắn sẽ là item không thể thiếu trong tủ đồ của các chàng trai.\n\n\n\nĐường may tỉ mỉ, chắc chắn: Đảm bảo độ bền cao và tính thẩm mỹ cho sản phẩm. Cổ áo và tay áo được bo gọn gàng, tạo vẻ ngoài chỉn chu.\n\n\n\n✨ Tại sao bạn nên chọn Áo Polo của chúng tôi?\n\n\n\nPhong cách hiện đại: Luôn bắt kịp xu hướng thời trang mới nhất.\n\n\n\nChất lượng vượt trội: Cam kết sản phẩm đạt tiêu chuẩn cao.\n\n\n\nGiá cả phải chăng: Mang đến giá trị tốt nhất cho khách hàng.\n\n\n\nDễ dàng bảo quản: Giặt máy thoải mái, giữ form dáng tốt sau nhiều lần giặt.\n\n\n\n(Lưu ý: Bảng size chỉ mang tính chất tham khảo, vui lòng xem bảng size chi tiết trong phần hình ảnh hoặc liên hệ shop để được tư vấn chính xác nhất.)\n\n\n\n🛒 Đừng bỏ lỡ cơ hội sở hữu chiếc Áo Polo kẻ sọc "must-have" này! Thêm vào giỏ hàng ngay hôm nay để làm mới tủ đồ của bạn!', 258000.0, 'https://down-vn.img.susercontent.com/file/vn-11134207-820l4-mg3wzmxlvor301@resize_w900_nl.webp', 'men', 'M', 'Xanh Rêu Kem', 355, 6))
2026-03-04 15:15:39,065 - aiosqlite - DEBUG - operation functools.partial(<built-in method execute of sqlite3.Cursor object at 0x000002D04AD5E2C0>, 'UPDATE products SET name=?, description=?, price=?, image=?, category=?, size=?, color=?, stock=? WHERE products.id = ?', ('Áo Thun Polo Nam Heritage Stripe Kẻ Sọc, Vải Cotton Cao Cấp, Thoáng Mát,Trẻ Trung, Thanh Lịch, Năng Động, Chuẩn Form', '🔥 Khám phá phong cách mới với Áo Polo Nam Kẻ Sọc Xanh Rêu - Trắng Kem và Xanh Navy - Kem của chúng tôi! 🔥\n\n\n\nBạn đang tìm kiếm một chiếc áo polo vừa thoải mái, vừa thời trang để diện hàng ngày hay trong những dịp gặp gỡ bạn bè, đi chơi? Chiếc Áo Polo Kẻ Sọc Xanh  Rêu Trắng Kem này chính là lựa chọn hoàn hảo dành cho bạn!\n\n\n\n🌿 Đặc điểm nổi bật:\n\n\n\nThiết kế kẻ sọc thời thượng: Sự kết hợp hài hòa giữa màu xanh rêu trầm ấm và trắng kem tạo nên vẻ ngoài trẻ trung, năng động nhưng không kém phần lịch lãm. Kẻ sọc ngang kinh điển giúp bạn dễ dàng phối đồ và luôn hợp mốt.\n\n\n\nChất liệu Cotton cao cấp: Được làm từ 98% Cotton kết hợp 2% Spandex mang lại cảm giác mềm mại, thoáng mát, thấm hút mồ hôi cực tốt,  dễ chịu tối đa ngay cả trong những ngày hè nóng bức. Bề mặt vải mềm mịn, không gây kích ứng da.\n\n\n\nForm dáng Regular Fit chuẩn: Thiết kế ôm vừa phải, tôn dáng nhưng vẫn đảm bảo sự thoải mái trong mọi hoạt động. Phù hợp với nhiều vóc dáng khác nhau.\n\n\n\nĐa năng và dễ phối đồ: Dễ dàng kết hợp với quần jeans, quần kaki, quần short để đi học, đi làm, đi chơi, dạo phố, hay thậm chí là hẹn hò. Đây chắc chắn sẽ là item không thể thiếu trong tủ đồ của các chàng trai.\n\n\n\nĐường may tỉ mỉ, chắc chắn: Đảm bảo độ bền cao và tính thẩm mỹ cho sản phẩm. Cổ áo và tay áo được bo gọn gàng, tạo vẻ ngoài chỉn chu.\n\n\n\n✨ Tại sao bạn nên chọn Áo Polo của chúng tôi?\n\n\n\nPhong cách hiện đại: Luôn bắt kịp xu hướng thời trang mới nhất.\n\n\n\nChất lượng vượt trội: Cam kết sản phẩm đạt tiêu chuẩn cao.\n\n\n\nGiá cả phải chăng: Mang đến giá trị tốt nhất cho khách hàng.\n\n\n\nDễ dàng bảo quản: Giặt máy thoải mái, giữ form dáng tốt sau nhiều lần giặt.\n\n\n\n(Lưu ý: Bảng size chỉ mang tính chất tham khảo, vui lòng xem bảng size chi tiết trong phần hình ảnh hoặc liên hệ shop để được tư vấn chính xác nhất.)\n\n\n\n🛒 Đừng bỏ lỡ cơ hội sở hữu chiếc Áo Polo kẻ sọc "must-have" này! Thêm vào giỏ hàng ngay hôm nay để làm mới tủ đồ của bạn!', 258000.0, 'https://down-vn.img.susercontent.com/file/vn-11134207-820l4-mg3wzmxlvor301@resize_w900_nl.webp', 'men', 'M', 'Xanh Rêu Kem', 355, 6)) completed
2026-03-04 15:15:39,067 - aiosqlite - DEBUG - executing functools.partial(<built-in method close of sqlite3.Cursor object at 0x000002D04AD5E2C0>)
2026-03-04 15:15:39,067 - aiosqlite - DEBUG - operation functools.partial(<built-in method close of sqlite3.Cursor object at 0x000002D04AD5E2C0>) completed
2026-03-04 15:15:39,068 - aiosqlite - DEBUG - executing functools.partial(<built-in method commit of sqlite3.Connection object at 0x000002D04AD1BA60>)
2026-03-04 15:15:39,072 - aiosqlite - DEBUG - operation functools.partial(<built-in method commit of sqlite3.Connection object at 0x000002D04AD1BA60>) completed
2026-03-04 15:15:39,073 - aiosqlite - DEBUG - executing functools.partial(<built-in method rollback of sqlite3.Connection object at 0x000002D04AD1BA60>)
2026-03-04 15:15:39,073 - aiosqlite - DEBUG - operation functools.partial(<built-in method rollback of sqlite3.Connection object at 0x000002D04AD1BA60>) completed
2026-03-04 15:15:39,073 - aiosqlite - DEBUG - executing functools.partial(<built-in method close of sqlite3.Connection object at 0x000002D04AD1BA60>)
2026-03-04 15:15:39,074 - aiosqlite - DEBUG - operation functools.partial(<built-in method close of sqlite3.Connection object at 0x000002D04AD1BA60>) completed
2026-03-04 15:15:39,075 - aiosqlite - DEBUG - executing <function connect.<locals>.connector at 0x000002D04AD30F40>
2026-03-04 15:15:39,076 - aiosqlite - DEBUG - operation <function connect.<locals>.connector at 0x000002D04AD30F40> completed
2026-03-04 15:15:39,077 - aiosqlite - DEBUG - executing functools.partial(<built-in method create_function of sqlite3.Connection object at 0x000002D04AD1BA60>, 'regexp', 2, <function SQLiteDialect_pysqlite.on_connect.<locals>.regexp at 0x000002D04ACFCC20>, deterministic=True)
2026-03-04 15:15:39,078 - aiosqlite - DEBUG - operation functools.partial(<built-in method create_function of sqlite3.Connection object at 0x000002D04AD1BA60>, 'regexp', 2, <function SQLiteDialect_pysqlite.on_connect.<locals>.regexp at 0x000002D04ACFCC20>, deterministic=True) completed
2026-03-04 15:15:39,078 - aiosqlite - DEBUG - executing functools.partial(<built-in method create_function of sqlite3.Connection object at 0x000002D04AD1BA60>, 'floor', 1, <built-in function floor>, deterministic=True)
2026-03-04 15:15:39,078 - aiosqlite - DEBUG - operation functools.partial(<built-in method create_function of sqlite3.Connection object at 0x000002D04AD1BA60>, 'floor', 1, <built-in function floor>, deterministic=True) completed
2026-03-04 15:15:39,079 - aiosqlite - DEBUG - executing functools.partial(<built-in method cursor of sqlite3.Connection object at 0x000002D04AD1BA60>)
2026-03-04 15:15:39,079 - aiosqlite - DEBUG - operation functools.partial(<built-in method cursor of sqlite3.Connection object at 0x000002D04AD1BA60>) completed
2026-03-04 15:15:39,080 - aiosqlite - DEBUG - executing functools.partial(<built-in method execute of sqlite3.Cursor object at 0x000002D04AD5CFC0>, 'SELECT products.id, products.name, products.description, products.price, products.image, products.category, products.size, products.color, products.stock, products.created_at \nFROM products \nWHERE products.id = ?', (6,))
2026-03-04 15:15:39,080 - aiosqlite - DEBUG - operation functools.partial(<built-in method execute of sqlite3.Cursor object at 0x000002D04AD5CFC0>, 'SELECT products.id, products.name, products.description, products.price, products.image, products.category, products.size, products.color, products.stock, products.created_at \nFROM products \nWHERE products.id = ?', (6,)) completed
2026-03-04 15:15:39,081 - aiosqlite - DEBUG - executing functools.partial(<built-in method fetchall of sqlite3.Cursor object at 0x000002D04AD5CFC0>)
2026-03-04 15:15:39,081 - aiosqlite - DEBUG - operation functools.partial(<built-in method fetchall of sqlite3.Cursor object at 0x000002D04AD5CFC0>) completed
2026-03-04 15:15:39,081 - aiosqlite - DEBUG - executing functools.partial(<built-in method close of sqlite3.Cursor object at 0x000002D04AD5CFC0>)
2026-03-04 15:15:39,082 - aiosqlite - DEBUG - operation functools.partial(<built-in method close of sqlite3.Cursor object at 0x000002D04AD5CFC0>) completed
2026-03-04 15:15:39,082 - services.products - INFO - Updated products 6
2026-03-04 15:15:39,082 - routers.products - INFO - Products 6 updated successfully
2026-03-04 15:15:39,083 - core.database - DEBUG - [DB_OP] Database session cleanup after 0.0425s
2026-03-04 15:15:39,084 - aiosqlite - DEBUG - executing functools.partial(<built-in method rollback of sqlite3.Connection object at 0x000002D04AD1BA60>)
2026-03-04 15:15:39,084 - aiosqlite - DEBUG - operation functools.partial(<built-in method rollback of sqlite3.Connection object at 0x000002D04AD1BA60>) completed
2026-03-04 15:15:39,084 - aiosqlite - DEBUG - executing functools.partial(<built-in method rollback of sqlite3.Connection object at 0x000002D04AD1BA60>)
2026-03-04 15:15:39,085 - aiosqlite - DEBUG - operation functools.partial(<built-in method rollback of sqlite3.Connection object at 0x000002D04AD1BA60>) completed
2026-03-04 15:15:39,085 - aiosqlite - DEBUG - executing functools.partial(<built-in method close of sqlite3.Connection object at 0x000002D04AD1BA60>)
2026-03-04 15:15:39,085 - aiosqlite - DEBUG - operation functools.partial(<built-in method close of sqlite3.Connection object at 0x000002D04AD1BA60>) completed
2026-03-04 15:15:39,089 - core.database - DEBUG - [DB_OP] Starting get_db session creation
2026-03-04 15:15:39,089 - core.database - DEBUG - [DB_OP] Database session created successfully in 0.0000s
2026-03-04 15:15:39,090 - routers.products - DEBUG - Querying productss: query=None, sort=None, skip=0, limit=100, fields=None
2026-03-04 15:15:39,091 - aiosqlite - DEBUG - executing <function connect.<locals>.connector at 0x000002D04AD31080>
2026-03-04 15:15:39,092 - aiosqlite - DEBUG - operation <function connect.<locals>.connector at 0x000002D04AD31080> completed
2026-03-04 15:15:39,092 - aiosqlite - DEBUG - executing functools.partial(<built-in method create_function of sqlite3.Connection object at 0x000002D04AD1A980>, 'regexp', 2, <function SQLiteDialect_pysqlite.on_connect.<locals>.regexp at 0x000002D04ACFCC20>, deterministic=True)
2026-03-04 15:15:39,093 - aiosqlite - DEBUG - operation functools.partial(<built-in method create_function of sqlite3.Connection object at 0x000002D04AD1A980>, 'regexp', 2, <function SQLiteDialect_pysqlite.on_connect.<locals>.regexp at 0x000002D04ACFCC20>, deterministic=True) completed
2026-03-04 15:15:39,093 - aiosqlite - DEBUG - executing functools.partial(<built-in method create_function of sqlite3.Connection object at 0x000002D04AD1A980>, 'floor', 1, <built-in function floor>, deterministic=True)
2026-03-04 15:15:39,094 - aiosqlite - DEBUG - operation functools.partial(<built-in method create_function of sqlite3.Connection object at 0x000002D04AD1A980>, 'floor', 1, <built-in function floor>, deterministic=True) completed
2026-03-04 15:15:39,095 - aiosqlite - DEBUG - executing functools.partial(<built-in method cursor of sqlite3.Connection object at 0x000002D04AD1A980>)
2026-03-04 15:15:39,095 - aiosqlite - DEBUG - operation functools.partial(<built-in method cursor of sqlite3.Connection object at 0x000002D04AD1A980>) completed
2026-03-04 15:15:39,095 - aiosqlite - DEBUG - executing functools.partial(<built-in method execute of sqlite3.Cursor object at 0x000002D04AD5E540>, 'SELECT count(products.id) AS count_1 \nFROM products', ())
2026-03-04 15:15:39,096 - aiosqlite - DEBUG - operation functools.partial(<built-in method execute of sqlite3.Cursor object at 0x000002D04AD5E540>, 'SELECT count(products.id) AS count_1 \nFROM products', ()) completed
2026-03-04 15:15:39,096 - aiosqlite - DEBUG - executing functools.partial(<built-in method fetchall of sqlite3.Cursor object at 0x000002D04AD5E540>)
2026-03-04 15:15:39,097 - aiosqlite - DEBUG - operation functools.partial(<built-in method fetchall of sqlite3.Cursor object at 0x000002D04AD5E540>) completed
2026-03-04 15:15:39,098 - aiosqlite - DEBUG - executing functools.partial(<built-in method close of sqlite3.Cursor object at 0x000002D04AD5E540>)
2026-03-04 15:15:39,098 - aiosqlite - DEBUG - operation functools.partial(<built-in method close of sqlite3.Cursor object at 0x000002D04AD5E540>) completed
2026-03-04 15:15:39,099 - aiosqlite - DEBUG - executing functools.partial(<built-in method cursor of sqlite3.Connection object at 0x000002D04AD1A980>)
2026-03-04 15:15:39,099 - aiosqlite - DEBUG - operation functools.partial(<built-in method cursor of sqlite3.Connection object at 0x000002D04AD1A980>) completed
2026-03-04 15:15:39,100 - aiosqlite - DEBUG - executing functools.partial(<built-in method execute of sqlite3.Cursor object at 0x000002D04AD5E540>, 'SELECT products.id, products.name, products.description, products.price, products.image, products.category, products.size, products.color, products.stock, products.created_at \nFROM products ORDER BY products.id DESC\n LIMIT ? OFFSET ?', (100, 0))
2026-03-04 15:15:39,100 - aiosqlite - DEBUG - operation functools.partial(<built-in method execute of sqlite3.Cursor object at 0x000002D04AD5E540>, 'SELECT products.id, products.name, products.description, products.price, products.image, products.category, products.size, products.color, products.stock, products.created_at \nFROM products ORDER BY products.id DESC\n LIMIT ? OFFSET ?', (100, 0)) completed
2026-03-04 15:15:39,101 - aiosqlite - DEBUG - executing functools.partial(<built-in method fetchall of sqlite3.Cursor object at 0x000002D04AD5E540>)
2026-03-04 15:15:39,101 - aiosqlite - DEBUG - operation functools.partial(<built-in method fetchall of sqlite3.Cursor object at 0x000002D04AD5E540>) completed
2026-03-04 15:15:39,102 - aiosqlite - DEBUG - executing functools.partial(<built-in method close of sqlite3.Cursor object at 0x000002D04AD5E540>)
2026-03-04 15:15:39,102 - aiosqlite - DEBUG - operation functools.partial(<built-in method close of sqlite3.Cursor object at 0x000002D04AD5E540>) completed
2026-03-04 15:15:39,103 - routers.products - DEBUG - Found 8 productss
2026-03-04 15:15:39,103 - core.database - DEBUG - [DB_OP] Database session cleanup after 0.0136s
2026-03-04 15:15:39,103 - aiosqlite - DEBUG - executing functools.partial(<built-in method rollback of sqlite3.Connection object at 0x000002D04AD1A980>)
2026-03-04 15:15:39,104 - aiosqlite - DEBUG - operation functools.partial(<built-in method rollback of sqlite3.Connection object at 0x000002D04AD1A980>) completed
2026-03-04 15:15:39,104 - aiosqlite - DEBUG - executing functools.partial(<built-in method rollback of sqlite3.Connection object at 0x000002D04AD1A980>)
2026-03-04 15:15:39,104 - aiosqlite - DEBUG - operation functools.partial(<built-in method rollback of sqlite3.Connection object at 0x000002D04AD1A980>) completed
2026-03-04 15:15:39,105 - aiosqlite - DEBUG - executing functools.partial(<built-in method close of sqlite3.Connection object at 0x000002D04AD1A980>)
2026-03-04 15:15:39,105 - aiosqlite - DEBUG - operation functools.partial(<built-in method close of sqlite3.Connection object at 0x000002D04AD1A980>) completed
2026-03-04 15:15:41,626 - core.database - DEBUG - [DB_OP] Starting get_db session creation
2026-03-04 15:15:41,627 - core.database - DEBUG - [DB_OP] Database session created successfully in 0.0010s
2026-03-04 15:15:41,627 - routers.products - DEBUG - Querying productss: query=None, sort=None, skip=0, limit=1000, fields=None
2026-03-04 15:15:41,628 - aiosqlite - DEBUG - executing <function connect.<locals>.connector at 0x000002D04ACFEDE0>
2026-03-04 15:15:41,628 - aiosqlite - DEBUG - operation <function connect.<locals>.connector at 0x000002D04ACFEDE0> completed
2026-03-04 15:15:41,628 - aiosqlite - DEBUG - executing functools.partial(<built-in method create_function of sqlite3.Connection object at 0x000002D04AD1BC40>, 'regexp', 2, <function SQLiteDialect_pysqlite.on_connect.<locals>.regexp at 0x000002D04ACFCC20>, deterministic=True)
2026-03-04 15:15:41,629 - aiosqlite - DEBUG - operation functools.partial(<built-in method create_function of sqlite3.Connection object at 0x000002D04AD1BC40>, 'regexp', 2, <function SQLiteDialect_pysqlite.on_connect.<locals>.regexp at 0x000002D04ACFCC20>, deterministic=True) completed
2026-03-04 15:15:41,629 - aiosqlite - DEBUG - executing functools.partial(<built-in method create_function of sqlite3.Connection object at 0x000002D04AD1BC40>, 'floor', 1, <built-in function floor>, deterministic=True)
2026-03-04 15:15:41,629 - aiosqlite - DEBUG - operation functools.partial(<built-in method create_function of sqlite3.Connection object at 0x000002D04AD1BC40>, 'floor', 1, <built-in function floor>, deterministic=True) completed
2026-03-04 15:15:41,630 - aiosqlite - DEBUG - executing functools.partial(<built-in method cursor of sqlite3.Connection object at 0x000002D04AD1BC40>)
2026-03-04 15:15:41,630 - aiosqlite - DEBUG - operation functools.partial(<built-in method cursor of sqlite3.Connection object at 0x000002D04AD1BC40>) completed
2026-03-04 15:15:41,630 - aiosqlite - DEBUG - executing functools.partial(<built-in method execute of sqlite3.Cursor object at 0x000002D04AD5E540>, 'SELECT count(products.id) AS count_1 \nFROM products', ())
2026-03-04 15:15:41,631 - aiosqlite - DEBUG - operation functools.partial(<built-in method execute of sqlite3.Cursor object at 0x000002D04AD5E540>, 'SELECT count(products.id) AS count_1 \nFROM products', ()) completed
2026-03-04 15:15:41,631 - aiosqlite - DEBUG - executing functools.partial(<built-in method fetchall of sqlite3.Cursor object at 0x000002D04AD5E540>)
2026-03-04 15:15:41,631 - aiosqlite - DEBUG - operation functools.partial(<built-in method fetchall of sqlite3.Cursor object at 0x000002D04AD5E540>) completed
2026-03-04 15:15:41,631 - aiosqlite - DEBUG - executing functools.partial(<built-in method close of sqlite3.Cursor object at 0x000002D04AD5E540>)
2026-03-04 15:15:41,632 - aiosqlite - DEBUG - operation functools.partial(<built-in method close of sqlite3.Cursor object at 0x000002D04AD5E540>) completed
2026-03-04 15:15:41,633 - aiosqlite - DEBUG - executing functools.partial(<built-in method cursor of sqlite3.Connection object at 0x000002D04AD1BC40>)
2026-03-04 15:15:41,633 - aiosqlite - DEBUG - operation functools.partial(<built-in method cursor of sqlite3.Connection object at 0x000002D04AD1BC40>) completed
2026-03-04 15:15:41,633 - aiosqlite - DEBUG - executing functools.partial(<built-in method execute of sqlite3.Cursor object at 0x000002D04AD5E540>, 'SELECT products.id, products.name, products.description, products.price, products.image, products.category, products.size, products.color, products.stock, products.created_at \nFROM products ORDER BY products.id DESC\n LIMIT ? OFFSET ?', (1000, 0))
2026-03-04 15:15:41,634 - aiosqlite - DEBUG - operation functools.partial(<built-in method execute of sqlite3.Cursor object at 0x000002D04AD5E540>, 'SELECT products.id, products.name, products.description, products.price, products.image, products.category, products.size, products.color, products.stock, products.created_at \nFROM products ORDER BY products.id DESC\n LIMIT ? OFFSET ?', (1000, 0)) completed
2026-03-04 15:15:41,634 - aiosqlite - DEBUG - executing functools.partial(<built-in method fetchall of sqlite3.Cursor object at 0x000002D04AD5E540>)
2026-03-04 15:15:41,634 - aiosqlite - DEBUG - operation functools.partial(<built-in method fetchall of sqlite3.Cursor object at 0x000002D04AD5E540>) completed
2026-03-04 15:15:41,635 - aiosqlite - DEBUG - executing functools.partial(<built-in method close of sqlite3.Cursor object at 0x000002D04AD5E540>)
2026-03-04 15:15:41,635 - aiosqlite - DEBUG - operation functools.partial(<built-in method close of sqlite3.Cursor object at 0x000002D04AD5E540>) completed
2026-03-04 15:15:41,635 - routers.products - DEBUG - Found 8 productss
2026-03-04 15:15:41,636 - core.database - DEBUG - [DB_OP] Database session cleanup after 0.0100s
2026-03-04 15:15:41,636 - aiosqlite - DEBUG - executing functools.partial(<built-in method rollback of sqlite3.Connection object at 0x000002D04AD1BC40>)
2026-03-04 15:15:41,636 - aiosqlite - DEBUG - operation functools.partial(<built-in method rollback of sqlite3.Connection object at 0x000002D04AD1BC40>) completed
2026-03-04 15:15:41,636 - aiosqlite - DEBUG - executing functools.partial(<built-in method rollback of sqlite3.Connection object at 0x000002D04AD1BC40>)
2026-03-04 15:15:41,637 - aiosqlite - DEBUG - operation functools.partial(<built-in method rollback of sqlite3.Connection object at 0x000002D04AD1BC40>) completed
2026-03-04 15:15:41,637 - aiosqlite - DEBUG - executing functools.partial(<built-in method close of sqlite3.Connection object at 0x000002D04AD1BC40>)
2026-03-04 15:15:41,637 - aiosqlite - DEBUG - operation functools.partial(<built-in method close of sqlite3.Connection object at 0x000002D04AD1BC40>) completed
2026-03-04 15:17:21,726 - core.database - DEBUG - [DB_OP] Starting get_db session creation
2026-03-04 15:17:21,727 - core.database - DEBUG - [DB_OP] Database session created successfully in 0.0010s
2026-03-04 15:17:21,727 - routers.products - DEBUG - Querying productss: query=None, sort=None, skip=0, limit=100, fields=None
2026-03-04 15:17:21,728 - aiosqlite - DEBUG - executing <function connect.<locals>.connector at 0x000002D04ACFDE40>
2026-03-04 15:17:21,728 - aiosqlite - DEBUG - operation <function connect.<locals>.connector at 0x000002D04ACFDE40> completed
2026-03-04 15:17:21,729 - aiosqlite - DEBUG - executing functools.partial(<built-in method create_function of sqlite3.Connection object at 0x000002D04AD1BA60>, 'regexp', 2, <function SQLiteDialect_pysqlite.on_connect.<locals>.regexp at 0x000002D04ACFCC20>, deterministic=True)
2026-03-04 15:17:21,730 - aiosqlite - DEBUG - operation functools.partial(<built-in method create_function of sqlite3.Connection object at 0x000002D04AD1BA60>, 'regexp', 2, <function SQLiteDialect_pysqlite.on_connect.<locals>.regexp at 0x000002D04ACFCC20>, deterministic=True) completed
2026-03-04 15:17:21,730 - aiosqlite - DEBUG - executing functools.partial(<built-in method create_function of sqlite3.Connection object at 0x000002D04AD1BA60>, 'floor', 1, <built-in function floor>, deterministic=True)
2026-03-04 15:17:21,730 - aiosqlite - DEBUG - operation functools.partial(<built-in method create_function of sqlite3.Connection object at 0x000002D04AD1BA60>, 'floor', 1, <built-in function floor>, deterministic=True) completed
2026-03-04 15:17:21,731 - aiosqlite - DEBUG - executing functools.partial(<built-in method cursor of sqlite3.Connection object at 0x000002D04AD1BA60>)
2026-03-04 15:17:21,731 - aiosqlite - DEBUG - operation functools.partial(<built-in method cursor of sqlite3.Connection object at 0x000002D04AD1BA60>) completed
2026-03-04 15:17:21,732 - aiosqlite - DEBUG - executing functools.partial(<built-in method execute of sqlite3.Cursor object at 0x000002D04AD5E940>, 'SELECT count(products.id) AS count_1 \nFROM products', ())
2026-03-04 15:17:21,732 - aiosqlite - DEBUG - operation functools.partial(<built-in method execute of sqlite3.Cursor object at 0x000002D04AD5E940>, 'SELECT count(products.id) AS count_1 \nFROM products', ()) completed
2026-03-04 15:17:21,732 - aiosqlite - DEBUG - executing functools.partial(<built-in method fetchall of sqlite3.Cursor object at 0x000002D04AD5E940>)
2026-03-04 15:17:21,733 - aiosqlite - DEBUG - operation functools.partial(<built-in method fetchall of sqlite3.Cursor object at 0x000002D04AD5E940>) completed
2026-03-04 15:17:21,734 - aiosqlite - DEBUG - executing functools.partial(<built-in method close of sqlite3.Cursor object at 0x000002D04AD5E940>)
2026-03-04 15:17:21,734 - aiosqlite - DEBUG - operation functools.partial(<built-in method close of sqlite3.Cursor object at 0x000002D04AD5E940>) completed
2026-03-04 15:17:21,735 - aiosqlite - DEBUG - executing functools.partial(<built-in method cursor of sqlite3.Connection object at 0x000002D04AD1BA60>)
2026-03-04 15:17:21,735 - aiosqlite - DEBUG - operation functools.partial(<built-in method cursor of sqlite3.Connection object at 0x000002D04AD1BA60>) completed
2026-03-04 15:17:21,737 - aiosqlite - DEBUG - executing functools.partial(<built-in method execute of sqlite3.Cursor object at 0x000002D04AD5E940>, 'SELECT products.id, products.name, products.description, products.price, products.image, products.category, products.size, products.color, products.stock, products.created_at \nFROM products ORDER BY products.id DESC\n LIMIT ? OFFSET ?', (100, 0))
2026-03-04 15:17:21,739 - aiosqlite - DEBUG - operation functools.partial(<built-in method execute of sqlite3.Cursor object at 0x000002D04AD5E940>, 'SELECT products.id, products.name, products.description, products.price, products.image, products.category, products.size, products.color, products.stock, products.created_at \nFROM products ORDER BY products.id DESC\n LIMIT ? OFFSET ?', (100, 0)) completed
2026-03-04 15:17:21,740 - aiosqlite - DEBUG - executing functools.partial(<built-in method fetchall of sqlite3.Cursor object at 0x000002D04AD5E940>)
2026-03-04 15:17:21,740 - aiosqlite - DEBUG - operation functools.partial(<built-in method fetchall of sqlite3.Cursor object at 0x000002D04AD5E940>) completed
2026-03-04 15:17:21,740 - aiosqlite - DEBUG - executing functools.partial(<built-in method close of sqlite3.Cursor object at 0x000002D04AD5E940>)
2026-03-04 15:17:21,741 - aiosqlite - DEBUG - operation functools.partial(<built-in method close of sqlite3.Cursor object at 0x000002D04AD5E940>) completed
2026-03-04 15:17:21,741 - routers.products - DEBUG - Found 8 productss
2026-03-04 15:17:21,741 - core.database - DEBUG - [DB_OP] Database session cleanup after 0.0150s
2026-03-04 15:17:21,742 - aiosqlite - DEBUG - executing functools.partial(<built-in method rollback of sqlite3.Connection object at 0x000002D04AD1BA60>)
2026-03-04 15:17:21,742 - aiosqlite - DEBUG - operation functools.partial(<built-in method rollback of sqlite3.Connection object at 0x000002D04AD1BA60>) completed
2026-03-04 15:17:21,742 - aiosqlite - DEBUG - executing functools.partial(<built-in method rollback of sqlite3.Connection object at 0x000002D04AD1BA60>)
2026-03-04 15:17:21,742 - aiosqlite - DEBUG - operation functools.partial(<built-in method rollback of sqlite3.Connection object at 0x000002D04AD1BA60>) completed
2026-03-04 15:17:21,743 - aiosqlite - DEBUG - executing functools.partial(<built-in method close of sqlite3.Connection object at 0x000002D04AD1BA60>)
2026-03-04 15:17:21,743 - aiosqlite - DEBUG - operation functools.partial(<built-in method close of sqlite3.Connection object at 0x000002D04AD1BA60>) completed
2026-03-04 15:18:37,834 - core.database - DEBUG - [DB_OP] Starting get_db session creation
2026-03-04 15:18:37,835 - core.database - DEBUG - [DB_OP] Database session created successfully in 0.0010s
2026-03-04 15:18:37,835 - routers.products - DEBUG - Updating products 5 with data: name='Áo Khoác Da Loang V2 - Form Poxy - Chất Da PU - Phối Túi Dây Kéo Nam Tính - Phong Cách Hàn Quốc' description='Áo Khoác Da Loang V2 là một sản phẩm thời trang nam đầy phong cách và năng động. Với chất liệu da PU, áo khoác này có độ bền cao, dễ dàng vệ sinh và chống thấm nước tốt. Form Poxy giúp áo khoác ôm sát cơ thể, tạo cảm giác thoải mái khi mặc và dễ dàng di chuyển.\n\n\n\nPhối túi dây kéo nam tính giúp người mặc có thể đựng được nhiều đồ và dễ dàng lấy ra. Phong cách Hàn Quốc mang đến sự trẻ trung, năng động và thời trang cho người mặc.\n\n\n\nVới thiết kế đơn giản nhưng không kém phần sang trọng, Áo Khoác Da Loang V2 là một lựa chọn hoàn hảo cho những người đàn ông yêu thích phong cách Hàn Quốc và muốn tạo nên phong cách riêng của mình.' price=435600.0 image='https://down-vn.img.susercontent.com/file/vn-11134207-7ra0g-m80hgoxjg1onf4.webp' category='Jackets' size='M' color='Nâu' stock=575 created_at=None
2026-03-04 15:18:37,837 - aiosqlite - DEBUG - executing <function connect.<locals>.connector at 0x000002D04ACFEE80>
2026-03-04 15:18:37,837 - aiosqlite - DEBUG - operation <function connect.<locals>.connector at 0x000002D04ACFEE80> completed
2026-03-04 15:18:37,838 - aiosqlite - DEBUG - executing functools.partial(<built-in method create_function of sqlite3.Connection object at 0x000002D04AD1A980>, 'regexp', 2, <function SQLiteDialect_pysqlite.on_connect.<locals>.regexp at 0x000002D04ACFCC20>, deterministic=True)
2026-03-04 15:18:37,838 - aiosqlite - DEBUG - operation functools.partial(<built-in method create_function of sqlite3.Connection object at 0x000002D04AD1A980>, 'regexp', 2, <function SQLiteDialect_pysqlite.on_connect.<locals>.regexp at 0x000002D04ACFCC20>, deterministic=True) completed
2026-03-04 15:18:37,838 - aiosqlite - DEBUG - executing functools.partial(<built-in method create_function of sqlite3.Connection object at 0x000002D04AD1A980>, 'floor', 1, <built-in function floor>, deterministic=True)
2026-03-04 15:18:37,839 - aiosqlite - DEBUG - operation functools.partial(<built-in method create_function of sqlite3.Connection object at 0x000002D04AD1A980>, 'floor', 1, <built-in function floor>, deterministic=True) completed
2026-03-04 15:18:37,839 - aiosqlite - DEBUG - executing functools.partial(<built-in method cursor of sqlite3.Connection object at 0x000002D04AD1A980>)
2026-03-04 15:18:37,840 - aiosqlite - DEBUG - operation functools.partial(<built-in method cursor of sqlite3.Connection object at 0x000002D04AD1A980>) completed
2026-03-04 15:18:37,840 - aiosqlite - DEBUG - executing functools.partial(<built-in method execute of sqlite3.Cursor object at 0x000002D04AD5E940>, 'SELECT products.id, products.name, products.description, products.price, products.image, products.category, products.size, products.color, products.stock, products.created_at \nFROM products \nWHERE products.id = ?', (5,))
2026-03-04 15:18:37,841 - aiosqlite - DEBUG - operation functools.partial(<built-in method execute of sqlite3.Cursor object at 0x000002D04AD5E940>, 'SELECT products.id, products.name, products.description, products.price, products.image, products.category, products.size, products.color, products.stock, products.created_at \nFROM products \nWHERE products.id = ?', (5,)) completed
2026-03-04 15:18:37,842 - aiosqlite - DEBUG - executing functools.partial(<built-in method fetchall of sqlite3.Cursor object at 0x000002D04AD5E940>)
2026-03-04 15:18:37,842 - aiosqlite - DEBUG - operation functools.partial(<built-in method fetchall of sqlite3.Cursor object at 0x000002D04AD5E940>) completed
2026-03-04 15:18:37,842 - aiosqlite - DEBUG - executing functools.partial(<built-in method close of sqlite3.Cursor object at 0x000002D04AD5E940>)
2026-03-04 15:18:37,843 - aiosqlite - DEBUG - operation functools.partial(<built-in method close of sqlite3.Cursor object at 0x000002D04AD5E940>) completed
2026-03-04 15:18:37,844 - aiosqlite - DEBUG - executing functools.partial(<built-in method cursor of sqlite3.Connection object at 0x000002D04AD1A980>)
2026-03-04 15:18:37,845 - aiosqlite - DEBUG - operation functools.partial(<built-in method cursor of sqlite3.Connection object at 0x000002D04AD1A980>) completed
2026-03-04 15:18:37,845 - aiosqlite - DEBUG - executing functools.partial(<built-in method execute of sqlite3.Cursor object at 0x000002D04AD5E940>, 'UPDATE products SET name=?, description=?, price=?, image=?, size=?, color=?, stock=? WHERE products.id = ?', ('Áo Khoác Da Loang V2 - Form Poxy - Chất Da PU - Phối Túi Dây Kéo Nam Tính - Phong Cách Hàn Quốc', 'Áo Khoác Da Loang V2 là một sản phẩm thời trang nam đầy phong cách và năng động. Với chất liệu da PU, áo khoác này có độ bền cao, dễ dàng vệ sinh và chống thấm nước tốt. Form Poxy giúp áo khoác ôm sát cơ thể, tạo cảm giác thoải mái khi mặc và dễ dàng di chuyển.\n\n\n\nPhối túi dây kéo nam tính giúp người mặc có thể đựng được nhiều đồ và dễ dàng lấy ra. Phong cách Hàn Quốc mang đến sự trẻ trung, năng động và thời trang cho người mặc.\n\n\n\nVới thiết kế đơn giản nhưng không kém phần sang trọng, Áo Khoác Da Loang V2 là một lựa chọn hoàn hảo cho những người đàn ông yêu thích phong cách Hàn Quốc và muốn tạo nên phong cách riêng của mình.', 435600.0, 'https://down-vn.img.susercontent.com/file/vn-11134207-7ra0g-m80hgoxjg1onf4.webp', 'M', 'Nâu', 575, 5))
2026-03-04 15:18:37,847 - aiosqlite - DEBUG - operation functools.partial(<built-in method execute of sqlite3.Cursor object at 0x000002D04AD5E940>, 'UPDATE products SET name=?, description=?, price=?, image=?, size=?, color=?, stock=? WHERE products.id = ?', ('Áo Khoác Da Loang V2 - Form Poxy - Chất Da PU - Phối Túi Dây Kéo Nam Tính - Phong Cách Hàn Quốc', 'Áo Khoác Da Loang V2 là một sản phẩm thời trang nam đầy phong cách và năng động. Với chất liệu da PU, áo khoác này có độ bền cao, dễ dàng vệ sinh và chống thấm nước tốt. Form Poxy giúp áo khoác ôm sát cơ thể, tạo cảm giác thoải mái khi mặc và dễ dàng di chuyển.\n\n\n\nPhối túi dây kéo nam tính giúp người mặc có thể đựng được nhiều đồ và dễ dàng lấy ra. Phong cách Hàn Quốc mang đến sự trẻ trung, năng động và thời trang cho người mặc.\n\n\n\nVới thiết kế đơn giản nhưng không kém phần sang trọng, Áo Khoác Da Loang V2 là một lựa chọn hoàn hảo cho những người đàn ông yêu thích phong cách Hàn Quốc và muốn tạo nên phong cách riêng của mình.', 435600.0, 'https://down-vn.img.susercontent.com/file/vn-11134207-7ra0g-m80hgoxjg1onf4.webp', 'M', 'Nâu', 575, 5)) completed
2026-03-04 15:18:37,850 - aiosqlite - DEBUG - executing functools.partial(<built-in method close of sqlite3.Cursor object at 0x000002D04AD5E940>)
2026-03-04 15:18:37,850 - aiosqlite - DEBUG - operation functools.partial(<built-in method close of sqlite3.Cursor object at 0x000002D04AD5E940>) completed
2026-03-04 15:18:37,851 - aiosqlite - DEBUG - executing functools.partial(<built-in method commit of sqlite3.Connection object at 0x000002D04AD1A980>)
2026-03-04 15:18:37,855 - aiosqlite - DEBUG - operation functools.partial(<built-in method commit of sqlite3.Connection object at 0x000002D04AD1A980>) completed
2026-03-04 15:18:37,856 - aiosqlite - DEBUG - executing functools.partial(<built-in method rollback of sqlite3.Connection object at 0x000002D04AD1A980>)
2026-03-04 15:18:37,856 - aiosqlite - DEBUG - operation functools.partial(<built-in method rollback of sqlite3.Connection object at 0x000002D04AD1A980>) completed
2026-03-04 15:18:37,857 - aiosqlite - DEBUG - executing functools.partial(<built-in method close of sqlite3.Connection object at 0x000002D04AD1A980>)
2026-03-04 15:18:37,857 - aiosqlite - DEBUG - operation functools.partial(<built-in method close of sqlite3.Connection object at 0x000002D04AD1A980>) completed
2026-03-04 15:18:37,858 - aiosqlite - DEBUG - executing <function connect.<locals>.connector at 0x000002D04ACFDC60>
2026-03-04 15:18:37,861 - aiosqlite - DEBUG - operation <function connect.<locals>.connector at 0x000002D04ACFDC60> completed
2026-03-04 15:18:37,861 - aiosqlite - DEBUG - executing functools.partial(<built-in method create_function of sqlite3.Connection object at 0x000002D04AD1A980>, 'regexp', 2, <function SQLiteDialect_pysqlite.on_connect.<locals>.regexp at 0x000002D04ACFCC20>, deterministic=True)
2026-03-04 15:18:37,863 - aiosqlite - DEBUG - operation functools.partial(<built-in method create_function of sqlite3.Connection object at 0x000002D04AD1A980>, 'regexp', 2, <function SQLiteDialect_pysqlite.on_connect.<locals>.regexp at 0x000002D04ACFCC20>, deterministic=True) completed
2026-03-04 15:18:37,863 - aiosqlite - DEBUG - executing functools.partial(<built-in method create_function of sqlite3.Connection object at 0x000002D04AD1A980>, 'floor', 1, <built-in function floor>, deterministic=True)
2026-03-04 15:18:37,864 - aiosqlite - DEBUG - operation functools.partial(<built-in method create_function of sqlite3.Connection object at 0x000002D04AD1A980>, 'floor', 1, <built-in function floor>, deterministic=True) completed
2026-03-04 15:18:37,865 - aiosqlite - DEBUG - executing functools.partial(<built-in method cursor of sqlite3.Connection object at 0x000002D04AD1A980>)
2026-03-04 15:18:37,865 - aiosqlite - DEBUG - operation functools.partial(<built-in method cursor of sqlite3.Connection object at 0x000002D04AD1A980>) completed
2026-03-04 15:18:37,866 - aiosqlite - DEBUG - executing functools.partial(<built-in method execute of sqlite3.Cursor object at 0x000002D04AD5EBC0>, 'SELECT products.id, products.name, products.description, products.price, products.image, products.category, products.size, products.color, products.stock, products.created_at \nFROM products \nWHERE products.id = ?', (5,))
2026-03-04 15:18:37,866 - aiosqlite - DEBUG - operation functools.partial(<built-in method execute of sqlite3.Cursor object at 0x000002D04AD5EBC0>, 'SELECT products.id, products.name, products.description, products.price, products.image, products.category, products.size, products.color, products.stock, products.created_at \nFROM products \nWHERE products.id = ?', (5,)) completed
2026-03-04 15:18:37,867 - aiosqlite - DEBUG - executing functools.partial(<built-in method fetchall of sqlite3.Cursor object at 0x000002D04AD5EBC0>)
2026-03-04 15:18:37,867 - aiosqlite - DEBUG - operation functools.partial(<built-in method fetchall of sqlite3.Cursor object at 0x000002D04AD5EBC0>) completed
2026-03-04 15:18:37,867 - aiosqlite - DEBUG - executing functools.partial(<built-in method close of sqlite3.Cursor object at 0x000002D04AD5EBC0>)
2026-03-04 15:18:37,867 - aiosqlite - DEBUG - operation functools.partial(<built-in method close of sqlite3.Cursor object at 0x000002D04AD5EBC0>) completed
2026-03-04 15:18:37,868 - services.products - INFO - Updated products 5
2026-03-04 15:18:37,868 - routers.products - INFO - Products 5 updated successfully
2026-03-04 15:18:37,869 - core.database - DEBUG - [DB_OP] Database session cleanup after 0.0346s
2026-03-04 15:18:37,870 - aiosqlite - DEBUG - executing functools.partial(<built-in method rollback of sqlite3.Connection object at 0x000002D04AD1A980>)
2026-03-04 15:18:37,870 - aiosqlite - DEBUG - operation functools.partial(<built-in method rollback of sqlite3.Connection object at 0x000002D04AD1A980>) completed
2026-03-04 15:18:37,870 - aiosqlite - DEBUG - executing functools.partial(<built-in method rollback of sqlite3.Connection object at 0x000002D04AD1A980>)
2026-03-04 15:18:37,871 - aiosqlite - DEBUG - operation functools.partial(<built-in method rollback of sqlite3.Connection object at 0x000002D04AD1A980>) completed
2026-03-04 15:18:37,871 - aiosqlite - DEBUG - executing functools.partial(<built-in method close of sqlite3.Connection object at 0x000002D04AD1A980>)
2026-03-04 15:18:37,871 - aiosqlite - DEBUG - operation functools.partial(<built-in method close of sqlite3.Connection object at 0x000002D04AD1A980>) completed
2026-03-04 15:18:37,874 - core.database - DEBUG - [DB_OP] Starting get_db session creation
2026-03-04 15:18:37,874 - core.database - DEBUG - [DB_OP] Database session created successfully in 0.0000s
2026-03-04 15:18:37,874 - routers.products - DEBUG - Querying productss: query=None, sort=None, skip=0, limit=100, fields=None
2026-03-04 15:18:37,875 - aiosqlite - DEBUG - executing <function connect.<locals>.connector at 0x000002D04AD30EA0>
2026-03-04 15:18:37,876 - aiosqlite - DEBUG - operation <function connect.<locals>.connector at 0x000002D04AD30EA0> completed
2026-03-04 15:18:37,877 - aiosqlite - DEBUG - executing functools.partial(<built-in method create_function of sqlite3.Connection object at 0x000002D04AD1BC40>, 'regexp', 2, <function SQLiteDialect_pysqlite.on_connect.<locals>.regexp at 0x000002D04ACFCC20>, deterministic=True)
2026-03-04 15:18:37,877 - aiosqlite - DEBUG - operation functools.partial(<built-in method create_function of sqlite3.Connection object at 0x000002D04AD1BC40>, 'regexp', 2, <function SQLiteDialect_pysqlite.on_connect.<locals>.regexp at 0x000002D04ACFCC20>, deterministic=True) completed
2026-03-04 15:18:37,877 - aiosqlite - DEBUG - executing functools.partial(<built-in method create_function of sqlite3.Connection object at 0x000002D04AD1BC40>, 'floor', 1, <built-in function floor>, deterministic=True)
2026-03-04 15:18:37,877 - aiosqlite - DEBUG - operation functools.partial(<built-in method create_function of sqlite3.Connection object at 0x000002D04AD1BC40>, 'floor', 1, <built-in function floor>, deterministic=True) completed
2026-03-04 15:18:37,878 - aiosqlite - DEBUG - executing functools.partial(<built-in method cursor of sqlite3.Connection object at 0x000002D04AD1BC40>)
2026-03-04 15:18:37,878 - aiosqlite - DEBUG - operation functools.partial(<built-in method cursor of sqlite3.Connection object at 0x000002D04AD1BC40>) completed
2026-03-04 15:18:37,879 - aiosqlite - DEBUG - executing functools.partial(<built-in method execute of sqlite3.Cursor object at 0x000002D04AD5EEC0>, 'SELECT count(products.id) AS count_1 \nFROM products', ())
2026-03-04 15:18:37,879 - aiosqlite - DEBUG - operation functools.partial(<built-in method execute of sqlite3.Cursor object at 0x000002D04AD5EEC0>, 'SELECT count(products.id) AS count_1 \nFROM products', ()) completed
2026-03-04 15:18:37,879 - aiosqlite - DEBUG - executing functools.partial(<built-in method fetchall of sqlite3.Cursor object at 0x000002D04AD5EEC0>)
2026-03-04 15:18:37,879 - aiosqlite - DEBUG - operation functools.partial(<built-in method fetchall of sqlite3.Cursor object at 0x000002D04AD5EEC0>) completed
2026-03-04 15:18:37,880 - aiosqlite - DEBUG - executing functools.partial(<built-in method close of sqlite3.Cursor object at 0x000002D04AD5EEC0>)
2026-03-04 15:18:37,880 - aiosqlite - DEBUG - operation functools.partial(<built-in method close of sqlite3.Cursor object at 0x000002D04AD5EEC0>) completed
2026-03-04 15:18:37,881 - aiosqlite - DEBUG - executing functools.partial(<built-in method cursor of sqlite3.Connection object at 0x000002D04AD1BC40>)
2026-03-04 15:18:37,881 - aiosqlite - DEBUG - operation functools.partial(<built-in method cursor of sqlite3.Connection object at 0x000002D04AD1BC40>) completed
2026-03-04 15:18:37,881 - aiosqlite - DEBUG - executing functools.partial(<built-in method execute of sqlite3.Cursor object at 0x000002D04AD5EEC0>, 'SELECT products.id, products.name, products.description, products.price, products.image, products.category, products.size, products.color, products.stock, products.created_at \nFROM products ORDER BY products.id DESC\n LIMIT ? OFFSET ?', (100, 0))
2026-03-04 15:18:37,882 - aiosqlite - DEBUG - operation functools.partial(<built-in method execute of sqlite3.Cursor object at 0x000002D04AD5EEC0>, 'SELECT products.id, products.name, products.description, products.price, products.image, products.category, products.size, products.color, products.stock, products.created_at \nFROM products ORDER BY products.id DESC\n LIMIT ? OFFSET ?', (100, 0)) completed
2026-03-04 15:18:37,882 - aiosqlite - DEBUG - executing functools.partial(<built-in method fetchall of sqlite3.Cursor object at 0x000002D04AD5EEC0>)
2026-03-04 15:18:37,883 - aiosqlite - DEBUG - operation functools.partial(<built-in method fetchall of sqlite3.Cursor object at 0x000002D04AD5EEC0>) completed
2026-03-04 15:18:37,883 - aiosqlite - DEBUG - executing functools.partial(<built-in method close of sqlite3.Cursor object at 0x000002D04AD5EEC0>)
2026-03-04 15:18:37,883 - aiosqlite - DEBUG - operation functools.partial(<built-in method close of sqlite3.Cursor object at 0x000002D04AD5EEC0>) completed
2026-03-04 15:18:37,884 - routers.products - DEBUG - Found 8 productss
2026-03-04 15:18:37,884 - core.database - DEBUG - [DB_OP] Database session cleanup after 0.0104s
2026-03-04 15:18:37,884 - aiosqlite - DEBUG - executing functools.partial(<built-in method rollback of sqlite3.Connection object at 0x000002D04AD1BC40>)
2026-03-04 15:18:37,885 - aiosqlite - DEBUG - operation functools.partial(<built-in method rollback of sqlite3.Connection object at 0x000002D04AD1BC40>) completed
2026-03-04 15:18:37,885 - aiosqlite - DEBUG - executing functools.partial(<built-in method rollback of sqlite3.Connection object at 0x000002D04AD1BC40>)
2026-03-04 15:18:37,885 - aiosqlite - DEBUG - operation functools.partial(<built-in method rollback of sqlite3.Connection object at 0x000002D04AD1BC40>) completed
2026-03-04 15:18:37,886 - aiosqlite - DEBUG - executing functools.partial(<built-in method close of sqlite3.Connection object at 0x000002D04AD1BC40>)
2026-03-04 15:18:37,886 - aiosqlite - DEBUG - operation functools.partial(<built-in method close of sqlite3.Connection object at 0x000002D04AD1BC40>) completed
2026-03-04 15:20:27,667 - core.database - DEBUG - [DB_OP] Starting get_db session creation
2026-03-04 15:20:27,667 - core.database - DEBUG - [DB_OP] Database session created successfully in 0.0000s
2026-03-04 15:20:27,668 - routers.products - DEBUG - Updating products 4 with data: name='Váy Maxi hở vai sọc xanh mới cho nữ - Ren mùa hè ngọt ngào Váy dây đeo gợi cảm không tay kiểu Pháp' description='🌈Chào mừng đến với cửa hàng của chúng tôi, nếu bạn thích, bạn có thể nhận hàng và theo dõi!\n\n\n\nCửa hàng của chúng tôi giao hàng từ Hà Nội, và việc nhận hàng và chú ý được ưu tiên khi giao hàng. Chúng tôi thường xuyên cập nhật sản phẩm mới, vì vậy hãy đến và xem nhé💕\n\n\n\n🌟Chi tiết sản phẩm🌟\n\n\n\nKiểu dáng: váy dài có dây đeo\n\nChiều dài tay áo: không tay\n\nCác yếu tố phổ biến: ren, sọc\n\nMàu sắc: đỏ, xanh dương\n\nChiều dài: dài\n\nKiểu dáng: thanh lịch, kiểu Pháp, thời trang, dễ thương\n\nKích thước: S, M, L, XL\n\n\n\n——————❗Thông báo❗——————\n\n\n\n🌟Dịch vụ và cam kết của chúng tôi🌟\n\n\n\n💕Nếu bạn hài lòng với sản phẩm và dịch vụ của chúng tôi, hãy khen ngợi năm sao-◕‿◕\n\n\n\n💕Nếu bạn nhận được sai màu hoặc sản phẩm bị hỏng, hoặc nếu có bất kỳ vấn đề nào với sản phẩm, đừng vội đánh giá, bạn có thể liên hệ với bộ phận chăm sóc khách hàng, chúng tôi sẽ giải quyết mọi vấn đề cho bạn và cung cấp cho bạn câu trả lời thỏa đáng\n\n\n\n💕Lưu ý: Do sự khác biệt về ánh sáng và màn hình, màu sắc của sản phẩm có thể hơi khác so với sản phẩm thực tế. Cửa hàng của chúng tôi đã cố gắng hết sức để tải lên những bức ảnh gần nhất với màu sắc thực tế. Cảm ơn sự thông cảm của bạn.\n\n\n\n💕 Nếu bạn có bất kỳ câu hỏi nào về kích thước, vui lòng liên hệ với chúng tôi và cho chúng tôi biết chiều cao và cân nặng của bạn. Bộ phận chăm sóc khách hàng sẽ đề xuất kích thước phù hợp cho bạn.\n\n\n\n💕 Nếu hàng hóa sai hoặc bị lỗi, chúng tôi cam kết sẽ trả lại.\n\n\n\n💕 Nếu thỉnh thoảng có sản phẩm hết hàng và không có thời gian cập nhật, cửa hàng của chúng tôi sẽ liên hệ với người mua kịp thời để đàm phán giải pháp. Xin hãy thông cảm.\n\n\n\n💕 Giao hàng từ Hà Nội\n\n\n\n💕 Sản phẩm phù hợp 100% với mô tả. Tất cả hình ảnh sản phẩm đều do cửa hàng của chúng tôi chụp.\n\n\n\n💕 Nếu bạn có bất kỳ câu hỏi nào khác, vui lòng liên hệ với bộ phận chăm sóc khách hàng của cửa hàng và bộ phận chăm sóc khách hàng sẽ trả lời mọi câu hỏi của bạn.\n\n\n\n🌟 Chính sách bảo hành và đổi trả🌟\n\n\n\n1. Điều kiện sử dụng (trong vòng 07 ngày sau khi nhận sản phẩm)\n\n\n\n- Sản phẩm còn mới, chưa qua sử dụng, còn nguyên tag sản phẩm.\n\n\n\n- Sản phẩm bị lỗi hoặc hư hỏng do vận chuyển hoặc lý do của nhà sản xuất\n\n\n\n- Sản phẩm không có mùi và chưa từng được sử dụng, giặt hoặc chỉnh sửa.\n\n\n\n- Sai kích thước hoặc loại sản phẩm\n\n\n\n- Cung cấp video mở hộp khi sản phẩm có vấn đề\n\n\n\n🌟 Hướng dẫn giặt và bảo quản:🌟\n\n\n\n- Không sử dụng thuốc tẩy. Tránh ánh nắng trực tiếp.\n\n\n\n- Ủi sản phẩm nếu cần thiết và cài đặt nhiệt độ bàn ủi phù hợp theo từng loại vải.\n\n\n\n- Nếu giặt tay, không chà mạnh bằng bàn chải cứng. Nếu giặt máy, chọn chế độ giặt nhẹ và sử dụng chất tẩy rửa không phai màu để duy trì độ bền của sản phẩm.\n\n\n\n- Khi giặt áo phông lần đầu, hãy giặt tay bằng nước lạnh và không sử dụng xà phòng. Không giặt chung với quần áo màu khác (đặc biệt là quần áo trắng) vì áo phông tối màu (như đỏ đậm, cam, xanh đậm,...) dễ phai màu và ảnh hưởng đến quần áo khác.' price=191530.0 image='https://down-vn.img.susercontent.com/file/sg-11134201-7rata-mb7wdfm9cqj451.webp' category='Dresses' size='L' color='Xanh Da Trời' stock=81 created_at=None
2026-03-04 15:20:27,670 - aiosqlite - DEBUG - executing <function connect.<locals>.connector at 0x000002D04ACFEAC0>
2026-03-04 15:20:27,671 - aiosqlite - DEBUG - operation <function connect.<locals>.connector at 0x000002D04ACFEAC0> completed
2026-03-04 15:20:27,671 - aiosqlite - DEBUG - executing functools.partial(<built-in method create_function of sqlite3.Connection object at 0x000002D04AD1B970>, 'regexp', 2, <function SQLiteDialect_pysqlite.on_connect.<locals>.regexp at 0x000002D04ACFCC20>, deterministic=True)
2026-03-04 15:20:27,672 - aiosqlite - DEBUG - operation functools.partial(<built-in method create_function of sqlite3.Connection object at 0x000002D04AD1B970>, 'regexp', 2, <function SQLiteDialect_pysqlite.on_connect.<locals>.regexp at 0x000002D04ACFCC20>, deterministic=True) completed
2026-03-04 15:20:27,672 - aiosqlite - DEBUG - executing functools.partial(<built-in method create_function of sqlite3.Connection object at 0x000002D04AD1B970>, 'floor', 1, <built-in function floor>, deterministic=True)
2026-03-04 15:20:27,672 - aiosqlite - DEBUG - operation functools.partial(<built-in method create_function of sqlite3.Connection object at 0x000002D04AD1B970>, 'floor', 1, <built-in function floor>, deterministic=True) completed
2026-03-04 15:20:27,673 - aiosqlite - DEBUG - executing functools.partial(<built-in method cursor of sqlite3.Connection object at 0x000002D04AD1B970>)
2026-03-04 15:20:27,673 - aiosqlite - DEBUG - operation functools.partial(<built-in method cursor of sqlite3.Connection object at 0x000002D04AD1B970>) completed
2026-03-04 15:20:27,674 - aiosqlite - DEBUG - executing functools.partial(<built-in method execute of sqlite3.Cursor object at 0x000002D04AD5EEC0>, 'SELECT products.id, products.name, products.description, products.price, products.image, products.category, products.size, products.color, products.stock, products.created_at \nFROM products \nWHERE products.id = ?', (4,))
2026-03-04 15:20:27,674 - aiosqlite - DEBUG - operation functools.partial(<built-in method execute of sqlite3.Cursor object at 0x000002D04AD5EEC0>, 'SELECT products.id, products.name, products.description, products.price, products.image, products.category, products.size, products.color, products.stock, products.created_at \nFROM products \nWHERE products.id = ?', (4,)) completed
2026-03-04 15:20:27,675 - aiosqlite - DEBUG - executing functools.partial(<built-in method fetchall of sqlite3.Cursor object at 0x000002D04AD5EEC0>)
2026-03-04 15:20:27,675 - aiosqlite - DEBUG - operation functools.partial(<built-in method fetchall of sqlite3.Cursor object at 0x000002D04AD5EEC0>) completed
2026-03-04 15:20:27,675 - aiosqlite - DEBUG - executing functools.partial(<built-in method close of sqlite3.Cursor object at 0x000002D04AD5EEC0>)
2026-03-04 15:20:27,676 - aiosqlite - DEBUG - operation functools.partial(<built-in method close of sqlite3.Cursor object at 0x000002D04AD5EEC0>) completed
2026-03-04 15:20:27,677 - aiosqlite - DEBUG - executing functools.partial(<built-in method cursor of sqlite3.Connection object at 0x000002D04AD1B970>)
2026-03-04 15:20:27,677 - aiosqlite - DEBUG - operation functools.partial(<built-in method cursor of sqlite3.Connection object at 0x000002D04AD1B970>) completed
2026-03-04 15:20:27,677 - aiosqlite - DEBUG - executing functools.partial(<built-in method execute of sqlite3.Cursor object at 0x000002D04AD5EEC0>, 'UPDATE products SET name=?, description=?, price=?, image=?, size=?, color=?, stock=? WHERE products.id = ?', ('Váy Maxi hở vai sọc xanh mới cho nữ - Ren mùa hè ngọt ngào Váy dây đeo gợi cảm không tay kiểu Pháp', '🌈Chào mừng đến với cửa hàng của chúng tôi, nếu bạn thích, bạn có thể nhận hàng và theo dõi!\n\n\n\nCửa hàng của chúng tôi giao hàng từ Hà Nội, và việc nhận hàng và chú ý được ưu tiên khi giao hàng. Chúng tôi thường xuyên cập nhật sản phẩm mới, vì vậy hãy đến và xem nhé💕\n\n\n\n🌟Chi tiết sản phẩm🌟\n\n\n\nKiểu dáng: váy dài có dây đeo\n\nChiều dài tay áo: không tay\n\nCác yếu tố phổ biến: ren, sọc\n\nMàu sắc: đỏ, xanh dương\n\nChiều dài: dài\n\nKiểu dáng: thanh lịch, kiểu Pháp, thời trang, dễ thương\n\nKích thước: S, M, L, XL\n\n\n\n——————❗Thông báo❗——————\n\n\n\n🌟Dịch vụ và cam kết của chúng tôi🌟\n\n\n\n💕Nếu bạn hài lòng với sản phẩm và dịch vụ của chúng tôi, hãy khen ngợi năm sao-◕‿◕\n\n\n\n💕Nếu bạn nhận được sai màu hoặc sản phẩm bị hỏng, hoặc nếu có bất kỳ vấn đề nào với sản phẩm, đừng vội đánh giá, bạn có thể liên hệ với bộ phận chăm sóc khách hàng, chúng tôi sẽ giải quyết mọi vấn đề cho bạn và cung cấp cho bạn câu trả lời thỏa đáng\n\n\n\n💕Lưu ý: Do sự khác biệt về ánh sáng và màn hình, màu sắc của sản phẩm có thể hơi khác so với sản phẩm thực tế. Cửa hàng của chúng tôi đã cố gắng hết sức để tải lên những bức ảnh gần nhất với màu sắc thực tế. Cảm ơn sự thông cảm của bạn.\n\n\n\n💕 Nếu bạn có bất kỳ câu hỏi nào về kích thước, vui lòng liên hệ với chúng tôi và cho chúng tôi biết chiều cao và cân nặng của bạn. Bộ phận chăm sóc khách hàng sẽ đề xuất kích thước phù hợp cho bạn.\n\n\n\n💕 Nếu hàng hóa sai hoặc bị lỗi, chúng tôi cam kết sẽ trả lại.\n\n\n\n💕 Nếu thỉnh thoảng có sản phẩm hết hàng và không có thời gian cập nhật, cửa hàng của chúng tôi sẽ liên hệ với người mua kịp thời để đàm phán giải pháp. Xin hãy thông cảm.\n\n\n\n💕 Giao hàng từ Hà Nội\n\n\n\n💕 Sản phẩm phù hợp 100% với mô tả. Tất cả hình ảnh sản phẩm đều do cửa hàng của chúng tôi chụp.\n\n\n\n💕 Nếu bạn có bất kỳ câu hỏi nào khác, vui lòng liên hệ với bộ phận chăm sóc khách hàng của cửa hàng và bộ phận chăm sóc khách hàng sẽ trả lời mọi câu hỏi của bạn.\n\n\n\n🌟 Chính sách bảo hành và đổi trả🌟\n\n\n\n1. Điều kiện sử dụng (trong vòng 07 ngày sau khi nhận sản phẩm)\n\n\n\n- Sản phẩm còn mới, chưa qua sử dụng, còn nguyên tag sản phẩm.\n\n\n\n- Sản phẩm bị lỗi hoặc hư hỏng do vận chuyển hoặc lý do của nhà sản xuất\n\n\n\n- Sản phẩm không có mùi và chưa từng được sử dụng, giặt hoặc chỉnh sửa.\n\n\n\n- Sai kích thước hoặc loại sản phẩm\n\n\n\n- Cung cấp video mở hộp khi sản phẩm có vấn đề\n\n\n\n🌟 Hướng dẫn giặt và bảo quản:🌟\n\n\n\n- Không sử dụng thuốc tẩy. Tránh ánh nắng trực tiếp.\n\n\n\n- Ủi sản phẩm nếu cần thiết và cài đặt nhiệt độ bàn ủi phù hợp theo từng loại vải.\n\n\n\n- Nếu giặt tay, không chà mạnh bằng bàn chải cứng. Nếu giặt máy, chọn chế độ giặt nhẹ và sử dụng chất tẩy rửa không phai màu để duy trì độ bền của sản phẩm.\n\n\n\n- Khi giặt áo phông lần đầu, hãy giặt tay bằng nước lạnh và không sử dụng xà phòng. Không giặt chung với quần áo màu khác (đặc biệt là quần áo trắng) vì áo phông tối màu (như đỏ đậm, cam, xanh đậm,...) dễ phai màu và ảnh hưởng đến quần áo khác.', 191530.0, 'https://down-vn.img.susercontent.com/file/sg-11134201-7rata-mb7wdfm9cqj451.webp', 'L', 'Xanh Da Trời', 81, 4))
2026-03-04 15:20:27,680 - aiosqlite - DEBUG - operation functools.partial(<built-in method execute of sqlite3.Cursor object at 0x000002D04AD5EEC0>, 'UPDATE products SET name=?, description=?, price=?, image=?, size=?, color=?, stock=? WHERE products.id = ?', ('Váy Maxi hở vai sọc xanh mới cho nữ - Ren mùa hè ngọt ngào Váy dây đeo gợi cảm không tay kiểu Pháp', '🌈Chào mừng đến với cửa hàng của chúng tôi, nếu bạn thích, bạn có thể nhận hàng và theo dõi!\n\n\n\nCửa hàng của chúng tôi giao hàng từ Hà Nội, và việc nhận hàng và chú ý được ưu tiên khi giao hàng. Chúng tôi thường xuyên cập nhật sản phẩm mới, vì vậy hãy đến và xem nhé💕\n\n\n\n🌟Chi tiết sản phẩm🌟\n\n\n\nKiểu dáng: váy dài có dây đeo\n\nChiều dài tay áo: không tay\n\nCác yếu tố phổ biến: ren, sọc\n\nMàu sắc: đỏ, xanh dương\n\nChiều dài: dài\n\nKiểu dáng: thanh lịch, kiểu Pháp, thời trang, dễ thương\n\nKích thước: S, M, L, XL\n\n\n\n——————❗Thông báo❗——————\n\n\n\n🌟Dịch vụ và cam kết của chúng tôi🌟\n\n\n\n💕Nếu bạn hài lòng với sản phẩm và dịch vụ của chúng tôi, hãy khen ngợi năm sao-◕‿◕\n\n\n\n💕Nếu bạn nhận được sai màu hoặc sản phẩm bị hỏng, hoặc nếu có bất kỳ vấn đề nào với sản phẩm, đừng vội đánh giá, bạn có thể liên hệ với bộ phận chăm sóc khách hàng, chúng tôi sẽ giải quyết mọi vấn đề cho bạn và cung cấp cho bạn câu trả lời thỏa đáng\n\n\n\n💕Lưu ý: Do sự khác biệt về ánh sáng và màn hình, màu sắc của sản phẩm có thể hơi khác so với sản phẩm thực tế. Cửa hàng của chúng tôi đã cố gắng hết sức để tải lên những bức ảnh gần nhất với màu sắc thực tế. Cảm ơn sự thông cảm của bạn.\n\n\n\n💕 Nếu bạn có bất kỳ câu hỏi nào về kích thước, vui lòng liên hệ với chúng tôi và cho chúng tôi biết chiều cao và cân nặng của bạn. Bộ phận chăm sóc khách hàng sẽ đề xuất kích thước phù hợp cho bạn.\n\n\n\n💕 Nếu hàng hóa sai hoặc bị lỗi, chúng tôi cam kết sẽ trả lại.\n\n\n\n💕 Nếu thỉnh thoảng có sản phẩm hết hàng và không có thời gian cập nhật, cửa hàng của chúng tôi sẽ liên hệ với người mua kịp thời để đàm phán giải pháp. Xin hãy thông cảm.\n\n\n\n💕 Giao hàng từ Hà Nội\n\n\n\n💕 Sản phẩm phù hợp 100% với mô tả. Tất cả hình ảnh sản phẩm đều do cửa hàng của chúng tôi chụp.\n\n\n\n💕 Nếu bạn có bất kỳ câu hỏi nào khác, vui lòng liên hệ với bộ phận chăm sóc khách hàng của cửa hàng và bộ phận chăm sóc khách hàng sẽ trả lời mọi câu hỏi của bạn.\n\n\n\n🌟 Chính sách bảo hành và đổi trả🌟\n\n\n\n1. Điều kiện sử dụng (trong vòng 07 ngày sau khi nhận sản phẩm)\n\n\n\n- Sản phẩm còn mới, chưa qua sử dụng, còn nguyên tag sản phẩm.\n\n\n\n- Sản phẩm bị lỗi hoặc hư hỏng do vận chuyển hoặc lý do của nhà sản xuất\n\n\n\n- Sản phẩm không có mùi và chưa từng được sử dụng, giặt hoặc chỉnh sửa.\n\n\n\n- Sai kích thước hoặc loại sản phẩm\n\n\n\n- Cung cấp video mở hộp khi sản phẩm có vấn đề\n\n\n\n🌟 Hướng dẫn giặt và bảo quản:🌟\n\n\n\n- Không sử dụng thuốc tẩy. Tránh ánh nắng trực tiếp.\n\n\n\n- Ủi sản phẩm nếu cần thiết và cài đặt nhiệt độ bàn ủi phù hợp theo từng loại vải.\n\n\n\n- Nếu giặt tay, không chà mạnh bằng bàn chải cứng. Nếu giặt máy, chọn chế độ giặt nhẹ và sử dụng chất tẩy rửa không phai màu để duy trì độ bền của sản phẩm.\n\n\n\n- Khi giặt áo phông lần đầu, hãy giặt tay bằng nước lạnh và không sử dụng xà phòng. Không giặt chung với quần áo màu khác (đặc biệt là quần áo trắng) vì áo phông tối màu (như đỏ đậm, cam, xanh đậm,...) dễ phai màu và ảnh hưởng đến quần áo khác.', 191530.0, 'https://down-vn.img.susercontent.com/file/sg-11134201-7rata-mb7wdfm9cqj451.webp', 'L', 'Xanh Da Trời', 81, 4)) completed
2026-03-04 15:20:27,683 - aiosqlite - DEBUG - executing functools.partial(<built-in method close of sqlite3.Cursor object at 0x000002D04AD5EEC0>)
2026-03-04 15:20:27,683 - aiosqlite - DEBUG - operation functools.partial(<built-in method close of sqlite3.Cursor object at 0x000002D04AD5EEC0>) completed
2026-03-04 15:20:27,684 - aiosqlite - DEBUG - executing functools.partial(<built-in method commit of sqlite3.Connection object at 0x000002D04AD1B970>)
2026-03-04 15:20:27,687 - aiosqlite - DEBUG - operation functools.partial(<built-in method commit of sqlite3.Connection object at 0x000002D04AD1B970>) completed
2026-03-04 15:20:27,688 - aiosqlite - DEBUG - executing functools.partial(<built-in method rollback of sqlite3.Connection object at 0x000002D04AD1B970>)
2026-03-04 15:20:27,688 - aiosqlite - DEBUG - operation functools.partial(<built-in method rollback of sqlite3.Connection object at 0x000002D04AD1B970>) completed
2026-03-04 15:20:27,688 - aiosqlite - DEBUG - executing functools.partial(<built-in method close of sqlite3.Connection object at 0x000002D04AD1B970>)
2026-03-04 15:20:27,689 - aiosqlite - DEBUG - operation functools.partial(<built-in method close of sqlite3.Connection object at 0x000002D04AD1B970>) completed
2026-03-04 15:20:27,691 - aiosqlite - DEBUG - executing <function connect.<locals>.connector at 0x000002D04AD31300>
2026-03-04 15:20:27,692 - aiosqlite - DEBUG - operation <function connect.<locals>.connector at 0x000002D04AD31300> completed
2026-03-04 15:20:27,693 - aiosqlite - DEBUG - executing functools.partial(<built-in method create_function of sqlite3.Connection object at 0x000002D04AD1B970>, 'regexp', 2, <function SQLiteDialect_pysqlite.on_connect.<locals>.regexp at 0x000002D04ACFCC20>, deterministic=True)
2026-03-04 15:20:27,694 - aiosqlite - DEBUG - operation functools.partial(<built-in method create_function of sqlite3.Connection object at 0x000002D04AD1B970>, 'regexp', 2, <function SQLiteDialect_pysqlite.on_connect.<locals>.regexp at 0x000002D04ACFCC20>, deterministic=True) completed
2026-03-04 15:20:27,695 - aiosqlite - DEBUG - executing functools.partial(<built-in method create_function of sqlite3.Connection object at 0x000002D04AD1B970>, 'floor', 1, <built-in function floor>, deterministic=True)
2026-03-04 15:20:27,696 - aiosqlite - DEBUG - operation functools.partial(<built-in method create_function of sqlite3.Connection object at 0x000002D04AD1B970>, 'floor', 1, <built-in function floor>, deterministic=True) completed
2026-03-04 15:20:27,697 - aiosqlite - DEBUG - executing functools.partial(<built-in method cursor of sqlite3.Connection object at 0x000002D04AD1B970>)
2026-03-04 15:20:27,697 - aiosqlite - DEBUG - operation functools.partial(<built-in method cursor of sqlite3.Connection object at 0x000002D04AD1B970>) completed
2026-03-04 15:20:27,697 - aiosqlite - DEBUG - executing functools.partial(<built-in method execute of sqlite3.Cursor object at 0x000002D04AD5D240>, 'SELECT products.id, products.name, products.description, products.price, products.image, products.category, products.size, products.color, products.stock, products.created_at \nFROM products \nWHERE products.id = ?', (4,))
2026-03-04 15:20:27,698 - aiosqlite - DEBUG - operation functools.partial(<built-in method execute of sqlite3.Cursor object at 0x000002D04AD5D240>, 'SELECT products.id, products.name, products.description, products.price, products.image, products.category, products.size, products.color, products.stock, products.created_at \nFROM products \nWHERE products.id = ?', (4,)) completed
2026-03-04 15:20:27,698 - aiosqlite - DEBUG - executing functools.partial(<built-in method fetchall of sqlite3.Cursor object at 0x000002D04AD5D240>)
2026-03-04 15:20:27,698 - aiosqlite - DEBUG - operation functools.partial(<built-in method fetchall of sqlite3.Cursor object at 0x000002D04AD5D240>) completed
2026-03-04 15:20:27,699 - aiosqlite - DEBUG - executing functools.partial(<built-in method close of sqlite3.Cursor object at 0x000002D04AD5D240>)
2026-03-04 15:20:27,699 - aiosqlite - DEBUG - operation functools.partial(<built-in method close of sqlite3.Cursor object at 0x000002D04AD5D240>) completed
2026-03-04 15:20:27,699 - services.products - INFO - Updated products 4
2026-03-04 15:20:27,699 - routers.products - INFO - Products 4 updated successfully
2026-03-04 15:20:27,700 - core.database - DEBUG - [DB_OP] Database session cleanup after 0.0329s
2026-03-04 15:20:27,700 - aiosqlite - DEBUG - executing functools.partial(<built-in method rollback of sqlite3.Connection object at 0x000002D04AD1B970>)
2026-03-04 15:20:27,700 - aiosqlite - DEBUG - operation functools.partial(<built-in method rollback of sqlite3.Connection object at 0x000002D04AD1B970>) completed
2026-03-04 15:20:27,700 - aiosqlite - DEBUG - executing functools.partial(<built-in method rollback of sqlite3.Connection object at 0x000002D04AD1B970>)
2026-03-04 15:20:27,701 - aiosqlite - DEBUG - operation functools.partial(<built-in method rollback of sqlite3.Connection object at 0x000002D04AD1B970>) completed
2026-03-04 15:20:27,701 - aiosqlite - DEBUG - executing functools.partial(<built-in method close of sqlite3.Connection object at 0x000002D04AD1B970>)
2026-03-04 15:20:27,701 - aiosqlite - DEBUG - operation functools.partial(<built-in method close of sqlite3.Connection object at 0x000002D04AD1B970>) completed
2026-03-04 15:20:27,705 - core.database - DEBUG - [DB_OP] Starting get_db session creation
2026-03-04 15:20:27,705 - core.database - DEBUG - [DB_OP] Database session created successfully in 0.0010s
2026-03-04 15:20:27,705 - routers.products - DEBUG - Querying productss: query=None, sort=None, skip=0, limit=100, fields=None
2026-03-04 15:20:27,706 - aiosqlite - DEBUG - executing <function connect.<locals>.connector at 0x000002D04AD30FE0>
2026-03-04 15:20:27,706 - aiosqlite - DEBUG - operation <function connect.<locals>.connector at 0x000002D04AD30FE0> completed
2026-03-04 15:20:27,707 - aiosqlite - DEBUG - executing functools.partial(<built-in method create_function of sqlite3.Connection object at 0x000002D04AD1A980>, 'regexp', 2, <function SQLiteDialect_pysqlite.on_connect.<locals>.regexp at 0x000002D04ACFCC20>, deterministic=True)
2026-03-04 15:20:27,707 - aiosqlite - DEBUG - operation functools.partial(<built-in method create_function of sqlite3.Connection object at 0x000002D04AD1A980>, 'regexp', 2, <function SQLiteDialect_pysqlite.on_connect.<locals>.regexp at 0x000002D04ACFCC20>, deterministic=True) completed
2026-03-04 15:20:27,707 - aiosqlite - DEBUG - executing functools.partial(<built-in method create_function of sqlite3.Connection object at 0x000002D04AD1A980>, 'floor', 1, <built-in function floor>, deterministic=True)
2026-03-04 15:20:27,707 - aiosqlite - DEBUG - operation functools.partial(<built-in method create_function of sqlite3.Connection object at 0x000002D04AD1A980>, 'floor', 1, <built-in function floor>, deterministic=True) completed
2026-03-04 15:20:27,708 - aiosqlite - DEBUG - executing functools.partial(<built-in method cursor of sqlite3.Connection object at 0x000002D04AD1A980>)
2026-03-04 15:20:27,708 - aiosqlite - DEBUG - operation functools.partial(<built-in method cursor of sqlite3.Connection object at 0x000002D04AD1A980>) completed
2026-03-04 15:20:27,709 - aiosqlite - DEBUG - executing functools.partial(<built-in method execute of sqlite3.Cursor object at 0x000002D04AD5F040>, 'SELECT count(products.id) AS count_1 \nFROM products', ())
2026-03-04 15:20:27,710 - aiosqlite - DEBUG - operation functools.partial(<built-in method execute of sqlite3.Cursor object at 0x000002D04AD5F040>, 'SELECT count(products.id) AS count_1 \nFROM products', ()) completed
2026-03-04 15:20:27,710 - aiosqlite - DEBUG - executing functools.partial(<built-in method fetchall of sqlite3.Cursor object at 0x000002D04AD5F040>)
2026-03-04 15:20:27,710 - aiosqlite - DEBUG - operation functools.partial(<built-in method fetchall of sqlite3.Cursor object at 0x000002D04AD5F040>) completed
2026-03-04 15:20:27,711 - aiosqlite - DEBUG - executing functools.partial(<built-in method close of sqlite3.Cursor object at 0x000002D04AD5F040>)
2026-03-04 15:20:27,711 - aiosqlite - DEBUG - operation functools.partial(<built-in method close of sqlite3.Cursor object at 0x000002D04AD5F040>) completed
2026-03-04 15:20:27,712 - aiosqlite - DEBUG - executing functools.partial(<built-in method cursor of sqlite3.Connection object at 0x000002D04AD1A980>)
2026-03-04 15:20:27,712 - aiosqlite - DEBUG - operation functools.partial(<built-in method cursor of sqlite3.Connection object at 0x000002D04AD1A980>) completed
2026-03-04 15:20:27,712 - aiosqlite - DEBUG - executing functools.partial(<built-in method execute of sqlite3.Cursor object at 0x000002D04AD5F040>, 'SELECT products.id, products.name, products.description, products.price, products.image, products.category, products.size, products.color, products.stock, products.created_at \nFROM products ORDER BY products.id DESC\n LIMIT ? OFFSET ?', (100, 0))
2026-03-04 15:20:27,713 - aiosqlite - DEBUG - operation functools.partial(<built-in method execute of sqlite3.Cursor object at 0x000002D04AD5F040>, 'SELECT products.id, products.name, products.description, products.price, products.image, products.category, products.size, products.color, products.stock, products.created_at \nFROM products ORDER BY products.id DESC\n LIMIT ? OFFSET ?', (100, 0)) completed
2026-03-04 15:20:27,713 - aiosqlite - DEBUG - executing functools.partial(<built-in method fetchall of sqlite3.Cursor object at 0x000002D04AD5F040>)
2026-03-04 15:20:27,713 - aiosqlite - DEBUG - operation functools.partial(<built-in method fetchall of sqlite3.Cursor object at 0x000002D04AD5F040>) completed
2026-03-04 15:20:27,714 - aiosqlite - DEBUG - executing functools.partial(<built-in method close of sqlite3.Cursor object at 0x000002D04AD5F040>)
2026-03-04 15:20:27,719 - aiosqlite - DEBUG - operation functools.partial(<built-in method close of sqlite3.Cursor object at 0x000002D04AD5F040>) completed
2026-03-04 15:20:27,720 - routers.products - DEBUG - Found 8 productss
2026-03-04 15:20:27,721 - core.database - DEBUG - [DB_OP] Database session cleanup after 0.0170s
2026-03-04 15:20:27,722 - aiosqlite - DEBUG - executing functools.partial(<built-in method rollback of sqlite3.Connection object at 0x000002D04AD1A980>)
2026-03-04 15:20:27,722 - aiosqlite - DEBUG - operation functools.partial(<built-in method rollback of sqlite3.Connection object at 0x000002D04AD1A980>) completed
2026-03-04 15:20:27,723 - aiosqlite - DEBUG - executing functools.partial(<built-in method rollback of sqlite3.Connection object at 0x000002D04AD1A980>)
2026-03-04 15:20:27,723 - aiosqlite - DEBUG - operation functools.partial(<built-in method rollback of sqlite3.Connection object at 0x000002D04AD1A980>) completed
2026-03-04 15:20:27,724 - aiosqlite - DEBUG - executing functools.partial(<built-in method close of sqlite3.Connection object at 0x000002D04AD1A980>)
2026-03-04 15:20:27,726 - aiosqlite - DEBUG - operation functools.partial(<built-in method close of sqlite3.Connection object at 0x000002D04AD1A980>) completed
2026-03-04 15:22:27,506 - core.database - DEBUG - [DB_OP] Starting get_db session creation
2026-03-04 15:22:27,506 - core.database - DEBUG - [DB_OP] Database session created successfully in 0.0000s
2026-03-04 15:22:27,506 - routers.products - DEBUG - Updating products 3 with data: name='Áo hoodie Trơn màu nỉ bông nam nữ form rộng thu đông Monster X Street Basic Local Brand' description='Thông tin sản phẩm Áo hoodie nỉ bông Monster X Street nam nữ form rộng thu đông Local Brand\n\n- Hàng chuẩn MONSTER X STREET sản xuất, tem mác chuẩn chính hãng.\n\n- Chất liệu: nỉ bông cotton dày dặn, hạn chết bám lông\n\n- Mũ to 2 lớp cao cấp\n\n- Dệt bo tay, bo gấu\n\n- Đường may chuẩn chỉnh, tỉ mỉ, chắc chắn.\n\n- Mặc đi chơi hoặc khi vận động thể thao. Phù hợp khi mix đồ với nhiều loại.\n\n- Thiết kế hiện đại, trẻ trung, năng động. Dễ phối đồ.\n\n\n\nThông số chọn size:\n\nSize M: 1m55-1m6 (45kg – 55kg)\n\nSize L: 1m60-1m70 (55kg - 65kg)\n\nSize XL: 1m70-1m75 (60kg - 75kg)\n\nSize XXL: 1m75 – 1m80 (70kg - 85kg)\n\n(Bảng trên chỉ mang tính chất tham khảo, chọn mặc fom vừa vặn thoải mái, lên xuống size tuỳ theo sở thích ăn mặc của bạn)\n\n\n\nHướng dẫn sử dụng sản phẩm áo thun của MONSTER X STREET:\n\n- Nhớ lộn trái áo khi giặt và không giặt ngâm\n\n- Không giặt máy trong 7 ngày đầu\n\n- Không sử dụng thuốc tẩy\n\n- Khi phơi lộn trái và không phơi trực tiếp dưới ánh nắng mặt trời\n\n\n\nCHÚNG TÔI XIN CAM KẾT:\n\nSản phẩm áo hoodie của MONSTER X STREET:\n\nĐảm bảo vải chuẩn nỉ bông cotton dày dặn\n\nHàng có sẵn, giao hàng ngay khi nhận được đơn đặt hàng .\n\nHoàn tiền nếu sản phẩm lỗi, nhầm hoặc không giống với mô tả.\n\nChấp nhận đổi hàng khi size không vừa.\n\nHỗ trợ đổi trả theo quy định của Shopee .\n\n' price=145000.0 image='https://down-vn.img.susercontent.com/file/vn-11134207-820l4-mfzou05dfnyl00.webp' category='Hoodies' size='L' color='Đen' stock=56 created_at=None
2026-03-04 15:22:27,508 - aiosqlite - DEBUG - executing <function connect.<locals>.connector at 0x000002D04ACFEAC0>
2026-03-04 15:22:27,508 - aiosqlite - DEBUG - operation <function connect.<locals>.connector at 0x000002D04ACFEAC0> completed
2026-03-04 15:22:27,509 - aiosqlite - DEBUG - executing functools.partial(<built-in method create_function of sqlite3.Connection object at 0x000002D04AD1BB50>, 'regexp', 2, <function SQLiteDialect_pysqlite.on_connect.<locals>.regexp at 0x000002D04ACFCC20>, deterministic=True)
2026-03-04 15:22:27,509 - aiosqlite - DEBUG - operation functools.partial(<built-in method create_function of sqlite3.Connection object at 0x000002D04AD1BB50>, 'regexp', 2, <function SQLiteDialect_pysqlite.on_connect.<locals>.regexp at 0x000002D04ACFCC20>, deterministic=True) completed
2026-03-04 15:22:27,509 - aiosqlite - DEBUG - executing functools.partial(<built-in method create_function of sqlite3.Connection object at 0x000002D04AD1BB50>, 'floor', 1, <built-in function floor>, deterministic=True)
2026-03-04 15:22:27,509 - aiosqlite - DEBUG - operation functools.partial(<built-in method create_function of sqlite3.Connection object at 0x000002D04AD1BB50>, 'floor', 1, <built-in function floor>, deterministic=True) completed
2026-03-04 15:22:27,510 - aiosqlite - DEBUG - executing functools.partial(<built-in method cursor of sqlite3.Connection object at 0x000002D04AD1BB50>)
2026-03-04 15:22:27,510 - aiosqlite - DEBUG - operation functools.partial(<built-in method cursor of sqlite3.Connection object at 0x000002D04AD1BB50>) completed
2026-03-04 15:22:27,511 - aiosqlite - DEBUG - executing functools.partial(<built-in method execute of sqlite3.Cursor object at 0x000002D04AD5EE40>, 'SELECT products.id, products.name, products.description, products.price, products.image, products.category, products.size, products.color, products.stock, products.created_at \nFROM products \nWHERE products.id = ?', (3,))
2026-03-04 15:22:27,512 - aiosqlite - DEBUG - operation functools.partial(<built-in method execute of sqlite3.Cursor object at 0x000002D04AD5EE40>, 'SELECT products.id, products.name, products.description, products.price, products.image, products.category, products.size, products.color, products.stock, products.created_at \nFROM products \nWHERE products.id = ?', (3,)) completed
2026-03-04 15:22:27,512 - aiosqlite - DEBUG - executing functools.partial(<built-in method fetchall of sqlite3.Cursor object at 0x000002D04AD5EE40>)
2026-03-04 15:22:27,513 - aiosqlite - DEBUG - operation functools.partial(<built-in method fetchall of sqlite3.Cursor object at 0x000002D04AD5EE40>) completed
2026-03-04 15:22:27,513 - aiosqlite - DEBUG - executing functools.partial(<built-in method close of sqlite3.Cursor object at 0x000002D04AD5EE40>)
2026-03-04 15:22:27,513 - aiosqlite - DEBUG - operation functools.partial(<built-in method close of sqlite3.Cursor object at 0x000002D04AD5EE40>) completed
2026-03-04 15:22:27,514 - aiosqlite - DEBUG - executing functools.partial(<built-in method cursor of sqlite3.Connection object at 0x000002D04AD1BB50>)
2026-03-04 15:22:27,515 - aiosqlite - DEBUG - operation functools.partial(<built-in method cursor of sqlite3.Connection object at 0x000002D04AD1BB50>) completed
2026-03-04 15:22:27,515 - aiosqlite - DEBUG - executing functools.partial(<built-in method execute of sqlite3.Cursor object at 0x000002D04AD5EE40>, 'UPDATE products SET name=?, description=?, price=?, image=?, size=?, color=?, stock=? WHERE products.id = ?', ('Áo hoodie Trơn màu nỉ bông nam nữ form rộng thu đông Monster X Street Basic Local Brand', 'Thông tin sản phẩm Áo hoodie nỉ bông Monster X Street nam nữ form rộng thu đông Local Brand\n\n- Hàng chuẩn MONSTER X STREET sản xuất, tem mác chuẩn chính hãng.\n\n- Chất liệu: nỉ bông cotton dày dặn, hạn chết bám lông\n\n- Mũ to 2 lớp cao cấp\n\n- Dệt bo tay, bo gấu\n\n- Đường may chuẩn chỉnh, tỉ mỉ, chắc chắn.\n\n- Mặc đi chơi hoặc khi vận động thể thao. Phù hợp khi mix đồ với nhiều loại.\n\n- Thiết kế hiện đại, trẻ trung, năng động. Dễ phối đồ.\n\n\n\nThông số chọn size:\n\nSize M: 1m55-1m6 (45kg – 55kg)\n\nSize L: 1m60-1m70 (55kg - 65kg)\n\nSize XL: 1m70-1m75 (60kg - 75kg)\n\nSize XXL: 1m75 – 1m80 (70kg - 85kg)\n\n(Bảng trên chỉ mang tính chất tham khảo, chọn mặc fom vừa vặn thoải mái, lên xuống size tuỳ theo sở thích ăn mặc của bạn)\n\n\n\nHướng dẫn sử dụng sản phẩm áo thun của MONSTER X STREET:\n\n- Nhớ lộn trái áo khi giặt và không giặt ngâm\n\n- Không giặt máy trong 7 ngày đầu\n\n- Không sử dụng thuốc tẩy\n\n- Khi phơi lộn trái và không phơi trực tiếp dưới ánh nắng mặt trời\n\n\n\nCHÚNG TÔI XIN CAM KẾT:\n\nSản phẩm áo hoodie của MONSTER X STREET:\n\nĐảm bảo vải chuẩn nỉ bông cotton dày dặn\n\nHàng có sẵn, giao hàng ngay khi nhận được đơn đặt hàng .\n\nHoàn tiền nếu sản phẩm lỗi, nhầm hoặc không giống với mô tả.\n\nChấp nhận đổi hàng khi size không vừa.\n\nHỗ trợ đổi trả theo quy định của Shopee .\n\n', 145000.0, 'https://down-vn.img.susercontent.com/file/vn-11134207-820l4-mfzou05dfnyl00.webp', 'L', 'Đen', 56, 3))
2026-03-04 15:22:27,517 - aiosqlite - DEBUG - operation functools.partial(<built-in method execute of sqlite3.Cursor object at 0x000002D04AD5EE40>, 'UPDATE products SET name=?, description=?, price=?, image=?, size=?, color=?, stock=? WHERE products.id = ?', ('Áo hoodie Trơn màu nỉ bông nam nữ form rộng thu đông Monster X Street Basic Local Brand', 'Thông tin sản phẩm Áo hoodie nỉ bông Monster X Street nam nữ form rộng thu đông Local Brand\n\n- Hàng chuẩn MONSTER X STREET sản xuất, tem mác chuẩn chính hãng.\n\n- Chất liệu: nỉ bông cotton dày dặn, hạn chết bám lông\n\n- Mũ to 2 lớp cao cấp\n\n- Dệt bo tay, bo gấu\n\n- Đường may chuẩn chỉnh, tỉ mỉ, chắc chắn.\n\n- Mặc đi chơi hoặc khi vận động thể thao. Phù hợp khi mix đồ với nhiều loại.\n\n- Thiết kế hiện đại, trẻ trung, năng động. Dễ phối đồ.\n\n\n\nThông số chọn size:\n\nSize M: 1m55-1m6 (45kg – 55kg)\n\nSize L: 1m60-1m70 (55kg - 65kg)\n\nSize XL: 1m70-1m75 (60kg - 75kg)\n\nSize XXL: 1m75 – 1m80 (70kg - 85kg)\n\n(Bảng trên chỉ mang tính chất tham khảo, chọn mặc fom vừa vặn thoải mái, lên xuống size tuỳ theo sở thích ăn mặc của bạn)\n\n\n\nHướng dẫn sử dụng sản phẩm áo thun của MONSTER X STREET:\n\n- Nhớ lộn trái áo khi giặt và không giặt ngâm\n\n- Không giặt máy trong 7 ngày đầu\n\n- Không sử dụng thuốc tẩy\n\n- Khi phơi lộn trái và không phơi trực tiếp dưới ánh nắng mặt trời\n\n\n\nCHÚNG TÔI XIN CAM KẾT:\n\nSản phẩm áo hoodie của MONSTER X STREET:\n\nĐảm bảo vải chuẩn nỉ bông cotton dày dặn\n\nHàng có sẵn, giao hàng ngay khi nhận được đơn đặt hàng .\n\nHoàn tiền nếu sản phẩm lỗi, nhầm hoặc không giống với mô tả.\n\nChấp nhận đổi hàng khi size không vừa.\n\nHỗ trợ đổi trả theo quy định của Shopee .\n\n', 145000.0, 'https://down-vn.img.susercontent.com/file/vn-11134207-820l4-mfzou05dfnyl00.webp', 'L', 'Đen', 56, 3)) completed
2026-03-04 15:22:27,519 - aiosqlite - DEBUG - executing functools.partial(<built-in method close of sqlite3.Cursor object at 0x000002D04AD5EE40>)
2026-03-04 15:22:27,519 - aiosqlite - DEBUG - operation functools.partial(<built-in method close of sqlite3.Cursor object at 0x000002D04AD5EE40>) completed
2026-03-04 15:22:27,520 - aiosqlite - DEBUG - executing functools.partial(<built-in method commit of sqlite3.Connection object at 0x000002D04AD1BB50>)
2026-03-04 15:22:27,523 - aiosqlite - DEBUG - operation functools.partial(<built-in method commit of sqlite3.Connection object at 0x000002D04AD1BB50>) completed
2026-03-04 15:22:27,523 - aiosqlite - DEBUG - executing functools.partial(<built-in method rollback of sqlite3.Connection object at 0x000002D04AD1BB50>)
2026-03-04 15:22:27,524 - aiosqlite - DEBUG - operation functools.partial(<built-in method rollback of sqlite3.Connection object at 0x000002D04AD1BB50>) completed
2026-03-04 15:22:27,525 - aiosqlite - DEBUG - executing functools.partial(<built-in method close of sqlite3.Connection object at 0x000002D04AD1BB50>)
2026-03-04 15:22:27,526 - aiosqlite - DEBUG - operation functools.partial(<built-in method close of sqlite3.Connection object at 0x000002D04AD1BB50>) completed
2026-03-04 15:22:27,527 - aiosqlite - DEBUG - executing <function connect.<locals>.connector at 0x000002D04AD30E00>
2026-03-04 15:22:27,530 - aiosqlite - DEBUG - operation <function connect.<locals>.connector at 0x000002D04AD30E00> completed
2026-03-04 15:22:27,530 - aiosqlite - DEBUG - executing functools.partial(<built-in method create_function of sqlite3.Connection object at 0x000002D04AD1BB50>, 'regexp', 2, <function SQLiteDialect_pysqlite.on_connect.<locals>.regexp at 0x000002D04ACFCC20>, deterministic=True)
2026-03-04 15:22:27,531 - aiosqlite - DEBUG - operation functools.partial(<built-in method create_function of sqlite3.Connection object at 0x000002D04AD1BB50>, 'regexp', 2, <function SQLiteDialect_pysqlite.on_connect.<locals>.regexp at 0x000002D04ACFCC20>, deterministic=True) completed
2026-03-04 15:22:27,531 - aiosqlite - DEBUG - executing functools.partial(<built-in method create_function of sqlite3.Connection object at 0x000002D04AD1BB50>, 'floor', 1, <built-in function floor>, deterministic=True)
2026-03-04 15:22:27,531 - aiosqlite - DEBUG - operation functools.partial(<built-in method create_function of sqlite3.Connection object at 0x000002D04AD1BB50>, 'floor', 1, <built-in function floor>, deterministic=True) completed
2026-03-04 15:22:27,532 - aiosqlite - DEBUG - executing functools.partial(<built-in method cursor of sqlite3.Connection object at 0x000002D04AD1BB50>)
2026-03-04 15:22:27,532 - aiosqlite - DEBUG - operation functools.partial(<built-in method cursor of sqlite3.Connection object at 0x000002D04AD1BB50>) completed
2026-03-04 15:22:27,532 - aiosqlite - DEBUG - executing functools.partial(<built-in method execute of sqlite3.Cursor object at 0x000002D04AD5EB40>, 'SELECT products.id, products.name, products.description, products.price, products.image, products.category, products.size, products.color, products.stock, products.created_at \nFROM products \nWHERE products.id = ?', (3,))
2026-03-04 15:22:27,533 - aiosqlite - DEBUG - operation functools.partial(<built-in method execute of sqlite3.Cursor object at 0x000002D04AD5EB40>, 'SELECT products.id, products.name, products.description, products.price, products.image, products.category, products.size, products.color, products.stock, products.created_at \nFROM products \nWHERE products.id = ?', (3,)) completed
2026-03-04 15:22:27,533 - aiosqlite - DEBUG - executing functools.partial(<built-in method fetchall of sqlite3.Cursor object at 0x000002D04AD5EB40>)
2026-03-04 15:22:27,533 - aiosqlite - DEBUG - operation functools.partial(<built-in method fetchall of sqlite3.Cursor object at 0x000002D04AD5EB40>) completed
2026-03-04 15:22:27,534 - aiosqlite - DEBUG - executing functools.partial(<built-in method close of sqlite3.Cursor object at 0x000002D04AD5EB40>)
2026-03-04 15:22:27,534 - aiosqlite - DEBUG - operation functools.partial(<built-in method close of sqlite3.Cursor object at 0x000002D04AD5EB40>) completed
2026-03-04 15:22:27,534 - services.products - INFO - Updated products 3
2026-03-04 15:22:27,534 - routers.products - INFO - Products 3 updated successfully
2026-03-04 15:22:27,534 - core.database - DEBUG - [DB_OP] Database session cleanup after 0.0277s
2026-03-04 15:22:27,535 - aiosqlite - DEBUG - executing functools.partial(<built-in method rollback of sqlite3.Connection object at 0x000002D04AD1BB50>)
2026-03-04 15:22:27,535 - aiosqlite - DEBUG - operation functools.partial(<built-in method rollback of sqlite3.Connection object at 0x000002D04AD1BB50>) completed
2026-03-04 15:22:27,536 - aiosqlite - DEBUG - executing functools.partial(<built-in method rollback of sqlite3.Connection object at 0x000002D04AD1BB50>)
2026-03-04 15:22:27,536 - aiosqlite - DEBUG - operation functools.partial(<built-in method rollback of sqlite3.Connection object at 0x000002D04AD1BB50>) completed
2026-03-04 15:22:27,537 - aiosqlite - DEBUG - executing functools.partial(<built-in method close of sqlite3.Connection object at 0x000002D04AD1BB50>)
2026-03-04 15:22:27,537 - aiosqlite - DEBUG - operation functools.partial(<built-in method close of sqlite3.Connection object at 0x000002D04AD1BB50>) completed
2026-03-04 15:22:27,540 - core.database - DEBUG - [DB_OP] Starting get_db session creation
2026-03-04 15:22:27,540 - core.database - DEBUG - [DB_OP] Database session created successfully in 0.0000s
2026-03-04 15:22:27,540 - routers.products - DEBUG - Querying productss: query=None, sort=None, skip=0, limit=100, fields=None
2026-03-04 15:22:27,541 - aiosqlite - DEBUG - executing <function connect.<locals>.connector at 0x000002D04AD31300>
2026-03-04 15:22:27,542 - aiosqlite - DEBUG - operation <function connect.<locals>.connector at 0x000002D04AD31300> completed
2026-03-04 15:22:27,542 - aiosqlite - DEBUG - executing functools.partial(<built-in method create_function of sqlite3.Connection object at 0x000002D04AD1BC40>, 'regexp', 2, <function SQLiteDialect_pysqlite.on_connect.<locals>.regexp at 0x000002D04ACFCC20>, deterministic=True)
2026-03-04 15:22:27,543 - aiosqlite - DEBUG - operation functools.partial(<built-in method create_function of sqlite3.Connection object at 0x000002D04AD1BC40>, 'regexp', 2, <function SQLiteDialect_pysqlite.on_connect.<locals>.regexp at 0x000002D04ACFCC20>, deterministic=True) completed
2026-03-04 15:22:27,543 - aiosqlite - DEBUG - executing functools.partial(<built-in method create_function of sqlite3.Connection object at 0x000002D04AD1BC40>, 'floor', 1, <built-in function floor>, deterministic=True)
2026-03-04 15:22:27,543 - aiosqlite - DEBUG - operation functools.partial(<built-in method create_function of sqlite3.Connection object at 0x000002D04AD1BC40>, 'floor', 1, <built-in function floor>, deterministic=True) completed
2026-03-04 15:22:27,544 - aiosqlite - DEBUG - executing functools.partial(<built-in method cursor of sqlite3.Connection object at 0x000002D04AD1BC40>)
2026-03-04 15:22:27,544 - aiosqlite - DEBUG - operation functools.partial(<built-in method cursor of sqlite3.Connection object at 0x000002D04AD1BC40>) completed
2026-03-04 15:22:27,544 - aiosqlite - DEBUG - executing functools.partial(<built-in method execute of sqlite3.Cursor object at 0x000002D04AD5CBC0>, 'SELECT count(products.id) AS count_1 \nFROM products', ())
2026-03-04 15:22:27,545 - aiosqlite - DEBUG - operation functools.partial(<built-in method execute of sqlite3.Cursor object at 0x000002D04AD5CBC0>, 'SELECT count(products.id) AS count_1 \nFROM products', ()) completed
2026-03-04 15:22:27,545 - aiosqlite - DEBUG - executing functools.partial(<built-in method fetchall of sqlite3.Cursor object at 0x000002D04AD5CBC0>)
2026-03-04 15:22:27,546 - aiosqlite - DEBUG - operation functools.partial(<built-in method fetchall of sqlite3.Cursor object at 0x000002D04AD5CBC0>) completed
2026-03-04 15:22:27,546 - aiosqlite - DEBUG - executing functools.partial(<built-in method close of sqlite3.Cursor object at 0x000002D04AD5CBC0>)
2026-03-04 15:22:27,546 - aiosqlite - DEBUG - operation functools.partial(<built-in method close of sqlite3.Cursor object at 0x000002D04AD5CBC0>) completed
2026-03-04 15:22:27,547 - aiosqlite - DEBUG - executing functools.partial(<built-in method cursor of sqlite3.Connection object at 0x000002D04AD1BC40>)
2026-03-04 15:22:27,547 - aiosqlite - DEBUG - operation functools.partial(<built-in method cursor of sqlite3.Connection object at 0x000002D04AD1BC40>) completed
2026-03-04 15:22:27,548 - aiosqlite - DEBUG - executing functools.partial(<built-in method execute of sqlite3.Cursor object at 0x000002D04AD5CBC0>, 'SELECT products.id, products.name, products.description, products.price, products.image, products.category, products.size, products.color, products.stock, products.created_at \nFROM products ORDER BY products.id DESC\n LIMIT ? OFFSET ?', (100, 0))
2026-03-04 15:22:27,548 - aiosqlite - DEBUG - operation functools.partial(<built-in method execute of sqlite3.Cursor object at 0x000002D04AD5CBC0>, 'SELECT products.id, products.name, products.description, products.price, products.image, products.category, products.size, products.color, products.stock, products.created_at \nFROM products ORDER BY products.id DESC\n LIMIT ? OFFSET ?', (100, 0)) completed
2026-03-04 15:22:27,549 - aiosqlite - DEBUG - executing functools.partial(<built-in method fetchall of sqlite3.Cursor object at 0x000002D04AD5CBC0>)
2026-03-04 15:22:27,549 - aiosqlite - DEBUG - operation functools.partial(<built-in method fetchall of sqlite3.Cursor object at 0x000002D04AD5CBC0>) completed
2026-03-04 15:22:27,550 - aiosqlite - DEBUG - executing functools.partial(<built-in method close of sqlite3.Cursor object at 0x000002D04AD5CBC0>)
2026-03-04 15:22:27,550 - aiosqlite - DEBUG - operation functools.partial(<built-in method close of sqlite3.Cursor object at 0x000002D04AD5CBC0>) completed
2026-03-04 15:22:27,550 - routers.products - DEBUG - Found 8 productss
2026-03-04 15:22:27,551 - core.database - DEBUG - [DB_OP] Database session cleanup after 0.0117s
2026-03-04 15:22:27,551 - aiosqlite - DEBUG - executing functools.partial(<built-in method rollback of sqlite3.Connection object at 0x000002D04AD1BC40>)
2026-03-04 15:22:27,552 - aiosqlite - DEBUG - operation functools.partial(<built-in method rollback of sqlite3.Connection object at 0x000002D04AD1BC40>) completed
2026-03-04 15:22:27,552 - aiosqlite - DEBUG - executing functools.partial(<built-in method rollback of sqlite3.Connection object at 0x000002D04AD1BC40>)
2026-03-04 15:22:27,552 - aiosqlite - DEBUG - operation functools.partial(<built-in method rollback of sqlite3.Connection object at 0x000002D04AD1BC40>) completed
2026-03-04 15:22:27,553 - aiosqlite - DEBUG - executing functools.partial(<built-in method close of sqlite3.Connection object at 0x000002D04AD1BC40>)
2026-03-04 15:22:27,553 - aiosqlite - DEBUG - operation functools.partial(<built-in method close of sqlite3.Connection object at 0x000002D04AD1BC40>) completed
2026-03-04 15:23:57,498 - core.database - DEBUG - [DB_OP] Starting get_db session creation
2026-03-04 15:23:57,499 - core.database - DEBUG - [DB_OP] Database session created successfully in 0.0010s
2026-03-04 15:23:57,499 - routers.products - DEBUG - Updating products 2 with data: name='(Ken Studio x IDYLLIC) Quần Jean Denim Unisex Ống Suông Đứng Form Basic Phong Cách Lịch Sự Chất Liệu Cao Cấp' description='(IDYLLIC) Quần Jean Denim Unisex Ống Suông Đứng Nam Nữ – Form Basic – Thời Trang Lịch Sự\n\nSự lựa chọn hoàn hảo cho các bạn trẻ yêu thích phong cách basic – thanh lịch – dễ phối đồ. Thiết kế tối giản, không co giãn nhưng vẫn thoải mái, giúp người mặc tôn dáng, giữ form chuẩn, thích hợp cho cả nam và nữ.\n\n\n\n🔥 Đặc điểm nổi bật\n\n\n\n\n\n\n\n\n\nForm dáng: Suông đứng basic, phù hợp nhiều dáng người.\n\n\n\n\n\n\n\nThiết kế: Unisex, thanh lịch, hợp cho đi học, đi làm, đi chơi.\n\n\n\n\n\n\n\nChất liệu: Jean denim cao cấp, bền màu, dày dặn, hạn chế nhăn.\n\n\n\n\n\n\n\nMàu sắc: Đa dạng , dễ phối cùng áo sơ mi, thun, polo.\n\n\n\n\n\n\n\nPhong cách: Minimal – Retro – Smart Casual.\n\n\n\n\n\n\n\nỨng dụng: Lịch sự khi đi học, công sở, hẹn hò, dạo phố.\n\n\n\n\n\n\n\n📏 Tư vấn size (26–34)\n\n\n\n\n\n\n\n\n\nSize 26–27: 45–52kg\n\n\n\n\n\n\n\nSize 28–29: 53–60kg\n\n\n\n\n\n\n\nSize 30–31: 61–68kg\n\n\n\n\n\n\n\nSize 32–33: 69–75kg\n\n\n\n\n\n\n\nSize 34: 76–82kg\n\n\n\n👉 Khách có chiều cao đặc biệt nên inbox shop để được hỗ trợ tư vấn size chuẩn nhất.\n\n\n\n\n\n\n\n💎 Lý do chọn quần Kaki Denim IDYLLIC\n\n\n\n\n\n\n\n\n\nForm chuẩn, đứng dáng, dễ phối đồ.\n\n\n\n\n\n\n\nChất kaki denim bền, dày, thoáng mát, hạn chế xù nhão.\n\n\n\n\n\n\n\nMặc được trong nhiều hoàn cảnh: đi học, đi làm, đi chơi.\n\n\n\n\n\n\n\nCam kết sản phẩm chuẩn ảnh – chuẩn mô tả.\n\n\n\n\n\n\n\nHỗ trợ đổi trả nếu có lỗi từ NSX.\n\n\n\n\n\n\n\n🌟 Gợi ý phối đồ\n\n\n\n\n\n\n\n\n\nÁo sơ mi basic + giày tây → lịch sự, công sở.\n\n\n\n\n\n\n\nÁo polo + sneaker → năng động, trẻ trung.\n\n\n\n\n\n\n\nÁo thun oversized + loafer → retro, phong cách.\n\n\n\n\n\n\n\n\n\n📌 Hashtag SEO Shopee' price=250000.0 image='https://down-vn.img.susercontent.com/file/vn-11134207-820l4-megoqfobzjeu91.webp' category='Jeans' size='M' color='Be' stock=78 created_at=None
2026-03-04 15:23:57,501 - aiosqlite - DEBUG - executing <function connect.<locals>.connector at 0x000002D04ACFF100>
2026-03-04 15:23:57,501 - aiosqlite - DEBUG - operation <function connect.<locals>.connector at 0x000002D04ACFF100> completed
2026-03-04 15:23:57,501 - aiosqlite - DEBUG - executing functools.partial(<built-in method create_function of sqlite3.Connection object at 0x000002D04AD1BE20>, 'regexp', 2, <function SQLiteDialect_pysqlite.on_connect.<locals>.regexp at 0x000002D04ACFCC20>, deterministic=True)
2026-03-04 15:23:57,502 - aiosqlite - DEBUG - operation functools.partial(<built-in method create_function of sqlite3.Connection object at 0x000002D04AD1BE20>, 'regexp', 2, <function SQLiteDialect_pysqlite.on_connect.<locals>.regexp at 0x000002D04ACFCC20>, deterministic=True) completed
2026-03-04 15:23:57,502 - aiosqlite - DEBUG - executing functools.partial(<built-in method create_function of sqlite3.Connection object at 0x000002D04AD1BE20>, 'floor', 1, <built-in function floor>, deterministic=True)
2026-03-04 15:23:57,503 - aiosqlite - DEBUG - operation functools.partial(<built-in method create_function of sqlite3.Connection object at 0x000002D04AD1BE20>, 'floor', 1, <built-in function floor>, deterministic=True) completed
2026-03-04 15:23:57,503 - aiosqlite - DEBUG - executing functools.partial(<built-in method cursor of sqlite3.Connection object at 0x000002D04AD1BE20>)
2026-03-04 15:23:57,504 - aiosqlite - DEBUG - operation functools.partial(<built-in method cursor of sqlite3.Connection object at 0x000002D04AD1BE20>) completed
2026-03-04 15:23:57,504 - aiosqlite - DEBUG - executing functools.partial(<built-in method execute of sqlite3.Cursor object at 0x000002D04AD5CBC0>, 'SELECT products.id, products.name, products.description, products.price, products.image, products.category, products.size, products.color, products.stock, products.created_at \nFROM products \nWHERE products.id = ?', (2,))
2026-03-04 15:23:57,505 - aiosqlite - DEBUG - operation functools.partial(<built-in method execute of sqlite3.Cursor object at 0x000002D04AD5CBC0>, 'SELECT products.id, products.name, products.description, products.price, products.image, products.category, products.size, products.color, products.stock, products.created_at \nFROM products \nWHERE products.id = ?', (2,)) completed
2026-03-04 15:23:57,506 - aiosqlite - DEBUG - executing functools.partial(<built-in method fetchall of sqlite3.Cursor object at 0x000002D04AD5CBC0>)
2026-03-04 15:23:57,506 - aiosqlite - DEBUG - operation functools.partial(<built-in method fetchall of sqlite3.Cursor object at 0x000002D04AD5CBC0>) completed
2026-03-04 15:23:57,507 - aiosqlite - DEBUG - executing functools.partial(<built-in method close of sqlite3.Cursor object at 0x000002D04AD5CBC0>)
2026-03-04 15:23:57,507 - aiosqlite - DEBUG - operation functools.partial(<built-in method close of sqlite3.Cursor object at 0x000002D04AD5CBC0>) completed
2026-03-04 15:23:57,509 - aiosqlite - DEBUG - executing functools.partial(<built-in method cursor of sqlite3.Connection object at 0x000002D04AD1BE20>)
2026-03-04 15:23:57,509 - aiosqlite - DEBUG - operation functools.partial(<built-in method cursor of sqlite3.Connection object at 0x000002D04AD1BE20>) completed
2026-03-04 15:23:57,509 - aiosqlite - DEBUG - executing functools.partial(<built-in method execute of sqlite3.Cursor object at 0x000002D04AD5CBC0>, 'UPDATE products SET name=?, description=?, price=?, image=?, size=?, color=?, stock=? WHERE products.id = ?', ('(Ken Studio x IDYLLIC) Quần Jean Denim Unisex Ống Suông Đứng Form Basic Phong Cách Lịch Sự Chất Liệu Cao Cấp', '(IDYLLIC) Quần Jean Denim Unisex Ống Suông Đứng Nam Nữ – Form Basic – Thời Trang Lịch Sự\n\nSự lựa chọn hoàn hảo cho các bạn trẻ yêu thích phong cách basic – thanh lịch – dễ phối đồ. Thiết kế tối giản, không co giãn nhưng vẫn thoải mái, giúp người mặc tôn dáng, giữ form chuẩn, thích hợp cho cả nam và nữ.\n\n\n\n🔥 Đặc điểm nổi bật\n\n\n\n\n\n\n\n\n\nForm dáng: Suông đứng basic, phù hợp nhiều dáng người.\n\n\n\n\n\n\n\nThiết kế: Unisex, thanh lịch, hợp cho đi học, đi làm, đi chơi.\n\n\n\n\n\n\n\nChất liệu: Jean denim cao cấp, bền màu, dày dặn, hạn chế nhăn.\n\n\n\n\n\n\n\nMàu sắc: Đa dạng , dễ phối cùng áo sơ mi, thun, polo.\n\n\n\n\n\n\n\nPhong cách: Minimal – Retro – Smart Casual.\n\n\n\n\n\n\n\nỨng dụng: Lịch sự khi đi học, công sở, hẹn hò, dạo phố.\n\n\n\n\n\n\n\n📏 Tư vấn size (26–34)\n\n\n\n\n\n\n\n\n\nSize 26–27: 45–52kg\n\n\n\n\n\n\n\nSize 28–29: 53–60kg\n\n\n\n\n\n\n\nSize 30–31: 61–68kg\n\n\n\n\n\n\n\nSize 32–33: 69–75kg\n\n\n\n\n\n\n\nSize 34: 76–82kg\n\n\n\n👉 Khách có chiều cao đặc biệt nên inbox shop để được hỗ trợ tư vấn size chuẩn nhất.\n\n\n\n\n\n\n\n💎 Lý do chọn quần Kaki Denim IDYLLIC\n\n\n\n\n\n\n\n\n\nForm chuẩn, đứng dáng, dễ phối đồ.\n\n\n\n\n\n\n\nChất kaki denim bền, dày, thoáng mát, hạn chế xù nhão.\n\n\n\n\n\n\n\nMặc được trong nhiều hoàn cảnh: đi học, đi làm, đi chơi.\n\n\n\n\n\n\n\nCam kết sản phẩm chuẩn ảnh – chuẩn mô tả.\n\n\n\n\n\n\n\nHỗ trợ đổi trả nếu có lỗi từ NSX.\n\n\n\n\n\n\n\n🌟 Gợi ý phối đồ\n\n\n\n\n\n\n\n\n\nÁo sơ mi basic + giày tây → lịch sự, công sở.\n\n\n\n\n\n\n\nÁo polo + sneaker → năng động, trẻ trung.\n\n\n\n\n\n\n\nÁo thun oversized + loafer → retro, phong cách.\n\n\n\n\n\n\n\n\n\n📌 Hashtag SEO Shopee', 250000.0, 'https://down-vn.img.susercontent.com/file/vn-11134207-820l4-megoqfobzjeu91.webp', 'M', 'Be', 78, 2))
2026-03-04 15:23:57,511 - aiosqlite - DEBUG - operation functools.partial(<built-in method execute of sqlite3.Cursor object at 0x000002D04AD5CBC0>, 'UPDATE products SET name=?, description=?, price=?, image=?, size=?, color=?, stock=? WHERE products.id = ?', ('(Ken Studio x IDYLLIC) Quần Jean Denim Unisex Ống Suông Đứng Form Basic Phong Cách Lịch Sự Chất Liệu Cao Cấp', '(IDYLLIC) Quần Jean Denim Unisex Ống Suông Đứng Nam Nữ – Form Basic – Thời Trang Lịch Sự\n\nSự lựa chọn hoàn hảo cho các bạn trẻ yêu thích phong cách basic – thanh lịch – dễ phối đồ. Thiết kế tối giản, không co giãn nhưng vẫn thoải mái, giúp người mặc tôn dáng, giữ form chuẩn, thích hợp cho cả nam và nữ.\n\n\n\n🔥 Đặc điểm nổi bật\n\n\n\n\n\n\n\n\n\nForm dáng: Suông đứng basic, phù hợp nhiều dáng người.\n\n\n\n\n\n\n\nThiết kế: Unisex, thanh lịch, hợp cho đi học, đi làm, đi chơi.\n\n\n\n\n\n\n\nChất liệu: Jean denim cao cấp, bền màu, dày dặn, hạn chế nhăn.\n\n\n\n\n\n\n\nMàu sắc: Đa dạng , dễ phối cùng áo sơ mi, thun, polo.\n\n\n\n\n\n\n\nPhong cách: Minimal – Retro – Smart Casual.\n\n\n\n\n\n\n\nỨng dụng: Lịch sự khi đi học, công sở, hẹn hò, dạo phố.\n\n\n\n\n\n\n\n📏 Tư vấn size (26–34)\n\n\n\n\n\n\n\n\n\nSize 26–27: 45–52kg\n\n\n\n\n\n\n\nSize 28–29: 53–60kg\n\n\n\n\n\n\n\nSize 30–31: 61–68kg\n\n\n\n\n\n\n\nSize 32–33: 69–75kg\n\n\n\n\n\n\n\nSize 34: 76–82kg\n\n\n\n👉 Khách có chiều cao đặc biệt nên inbox shop để được hỗ trợ tư vấn size chuẩn nhất.\n\n\n\n\n\n\n\n💎 Lý do chọn quần Kaki Denim IDYLLIC\n\n\n\n\n\n\n\n\n\nForm chuẩn, đứng dáng, dễ phối đồ.\n\n\n\n\n\n\n\nChất kaki denim bền, dày, thoáng mát, hạn chế xù nhão.\n\n\n\n\n\n\n\nMặc được trong nhiều hoàn cảnh: đi học, đi làm, đi chơi.\n\n\n\n\n\n\n\nCam kết sản phẩm chuẩn ảnh – chuẩn mô tả.\n\n\n\n\n\n\n\nHỗ trợ đổi trả nếu có lỗi từ NSX.\n\n\n\n\n\n\n\n🌟 Gợi ý phối đồ\n\n\n\n\n\n\n\n\n\nÁo sơ mi basic + giày tây → lịch sự, công sở.\n\n\n\n\n\n\n\nÁo polo + sneaker → năng động, trẻ trung.\n\n\n\n\n\n\n\nÁo thun oversized + loafer → retro, phong cách.\n\n\n\n\n\n\n\n\n\n📌 Hashtag SEO Shopee', 250000.0, 'https://down-vn.img.susercontent.com/file/vn-11134207-820l4-megoqfobzjeu91.webp', 'M', 'Be', 78, 2)) completed
2026-03-04 15:23:57,513 - aiosqlite - DEBUG - executing functools.partial(<built-in method close of sqlite3.Cursor object at 0x000002D04AD5CBC0>)
2026-03-04 15:23:57,514 - aiosqlite - DEBUG - operation functools.partial(<built-in method close of sqlite3.Cursor object at 0x000002D04AD5CBC0>) completed
2026-03-04 15:23:57,516 - aiosqlite - DEBUG - executing functools.partial(<built-in method commit of sqlite3.Connection object at 0x000002D04AD1BE20>)
2026-03-04 15:23:57,519 - aiosqlite - DEBUG - operation functools.partial(<built-in method commit of sqlite3.Connection object at 0x000002D04AD1BE20>) completed
2026-03-04 15:23:57,520 - aiosqlite - DEBUG - executing functools.partial(<built-in method rollback of sqlite3.Connection object at 0x000002D04AD1BE20>)
2026-03-04 15:23:57,521 - aiosqlite - DEBUG - operation functools.partial(<built-in method rollback of sqlite3.Connection object at 0x000002D04AD1BE20>) completed
2026-03-04 15:23:57,523 - aiosqlite - DEBUG - executing functools.partial(<built-in method close of sqlite3.Connection object at 0x000002D04AD1BE20>)
2026-03-04 15:23:57,523 - aiosqlite - DEBUG - operation functools.partial(<built-in method close of sqlite3.Connection object at 0x000002D04AD1BE20>) completed
2026-03-04 15:23:57,525 - aiosqlite - DEBUG - executing <function connect.<locals>.connector at 0x000002D04ACFEDE0>
2026-03-04 15:23:57,526 - aiosqlite - DEBUG - operation <function connect.<locals>.connector at 0x000002D04ACFEDE0> completed
2026-03-04 15:23:57,527 - aiosqlite - DEBUG - executing functools.partial(<built-in method create_function of sqlite3.Connection object at 0x000002D04AD1BE20>, 'regexp', 2, <function SQLiteDialect_pysqlite.on_connect.<locals>.regexp at 0x000002D04ACFCC20>, deterministic=True)
2026-03-04 15:23:57,527 - aiosqlite - DEBUG - operation functools.partial(<built-in method create_function of sqlite3.Connection object at 0x000002D04AD1BE20>, 'regexp', 2, <function SQLiteDialect_pysqlite.on_connect.<locals>.regexp at 0x000002D04ACFCC20>, deterministic=True) completed
2026-03-04 15:23:57,528 - aiosqlite - DEBUG - executing functools.partial(<built-in method create_function of sqlite3.Connection object at 0x000002D04AD1BE20>, 'floor', 1, <built-in function floor>, deterministic=True)
2026-03-04 15:23:57,528 - aiosqlite - DEBUG - operation functools.partial(<built-in method create_function of sqlite3.Connection object at 0x000002D04AD1BE20>, 'floor', 1, <built-in function floor>, deterministic=True) completed
2026-03-04 15:23:57,529 - aiosqlite - DEBUG - executing functools.partial(<built-in method cursor of sqlite3.Connection object at 0x000002D04AD1BE20>)
2026-03-04 15:23:57,529 - aiosqlite - DEBUG - operation functools.partial(<built-in method cursor of sqlite3.Connection object at 0x000002D04AD1BE20>) completed
2026-03-04 15:23:57,530 - aiosqlite - DEBUG - executing functools.partial(<built-in method execute of sqlite3.Cursor object at 0x000002D04AD5E4C0>, 'SELECT products.id, products.name, products.description, products.price, products.image, products.category, products.size, products.color, products.stock, products.created_at \nFROM products \nWHERE products.id = ?', (2,))
2026-03-04 15:23:57,530 - aiosqlite - DEBUG - operation functools.partial(<built-in method execute of sqlite3.Cursor object at 0x000002D04AD5E4C0>, 'SELECT products.id, products.name, products.description, products.price, products.image, products.category, products.size, products.color, products.stock, products.created_at \nFROM products \nWHERE products.id = ?', (2,)) completed
2026-03-04 15:23:57,531 - aiosqlite - DEBUG - executing functools.partial(<built-in method fetchall of sqlite3.Cursor object at 0x000002D04AD5E4C0>)
2026-03-04 15:23:57,531 - aiosqlite - DEBUG - operation functools.partial(<built-in method fetchall of sqlite3.Cursor object at 0x000002D04AD5E4C0>) completed
2026-03-04 15:23:57,531 - aiosqlite - DEBUG - executing functools.partial(<built-in method close of sqlite3.Cursor object at 0x000002D04AD5E4C0>)
2026-03-04 15:23:57,531 - aiosqlite - DEBUG - operation functools.partial(<built-in method close of sqlite3.Cursor object at 0x000002D04AD5E4C0>) completed
2026-03-04 15:23:57,532 - services.products - INFO - Updated products 2
2026-03-04 15:23:57,532 - routers.products - INFO - Products 2 updated successfully
2026-03-04 15:23:57,532 - core.database - DEBUG - [DB_OP] Database session cleanup after 0.0343s
2026-03-04 15:23:57,533 - aiosqlite - DEBUG - executing functools.partial(<built-in method rollback of sqlite3.Connection object at 0x000002D04AD1BE20>)
2026-03-04 15:23:57,533 - aiosqlite - DEBUG - operation functools.partial(<built-in method rollback of sqlite3.Connection object at 0x000002D04AD1BE20>) completed
2026-03-04 15:23:57,533 - aiosqlite - DEBUG - executing functools.partial(<built-in method rollback of sqlite3.Connection object at 0x000002D04AD1BE20>)
2026-03-04 15:23:57,533 - aiosqlite - DEBUG - operation functools.partial(<built-in method rollback of sqlite3.Connection object at 0x000002D04AD1BE20>) completed
2026-03-04 15:23:57,534 - aiosqlite - DEBUG - executing functools.partial(<built-in method close of sqlite3.Connection object at 0x000002D04AD1BE20>)
2026-03-04 15:23:57,534 - aiosqlite - DEBUG - operation functools.partial(<built-in method close of sqlite3.Connection object at 0x000002D04AD1BE20>) completed
2026-03-04 15:23:57,538 - core.database - DEBUG - [DB_OP] Starting get_db session creation
2026-03-04 15:23:57,539 - core.database - DEBUG - [DB_OP] Database session created successfully in 0.0010s
2026-03-04 15:23:57,539 - routers.products - DEBUG - Querying productss: query=None, sort=None, skip=0, limit=100, fields=None
2026-03-04 15:23:57,540 - aiosqlite - DEBUG - executing <function connect.<locals>.connector at 0x000002D04AD30FE0>
2026-03-04 15:23:57,540 - aiosqlite - DEBUG - operation <function connect.<locals>.connector at 0x000002D04AD30FE0> completed
2026-03-04 15:23:57,541 - aiosqlite - DEBUG - executing functools.partial(<built-in method create_function of sqlite3.Connection object at 0x000002D04AD1BB50>, 'regexp', 2, <function SQLiteDialect_pysqlite.on_connect.<locals>.regexp at 0x000002D04ACFCC20>, deterministic=True)
2026-03-04 15:23:57,541 - aiosqlite - DEBUG - operation functools.partial(<built-in method create_function of sqlite3.Connection object at 0x000002D04AD1BB50>, 'regexp', 2, <function SQLiteDialect_pysqlite.on_connect.<locals>.regexp at 0x000002D04ACFCC20>, deterministic=True) completed
2026-03-04 15:23:57,542 - aiosqlite - DEBUG - executing functools.partial(<built-in method create_function of sqlite3.Connection object at 0x000002D04AD1BB50>, 'floor', 1, <built-in function floor>, deterministic=True)
2026-03-04 15:23:57,542 - aiosqlite - DEBUG - operation functools.partial(<built-in method create_function of sqlite3.Connection object at 0x000002D04AD1BB50>, 'floor', 1, <built-in function floor>, deterministic=True) completed
2026-03-04 15:23:57,543 - aiosqlite - DEBUG - executing functools.partial(<built-in method cursor of sqlite3.Connection object at 0x000002D04AD1BB50>)
2026-03-04 15:23:57,543 - aiosqlite - DEBUG - operation functools.partial(<built-in method cursor of sqlite3.Connection object at 0x000002D04AD1BB50>) completed
2026-03-04 15:23:57,544 - aiosqlite - DEBUG - executing functools.partial(<built-in method execute of sqlite3.Cursor object at 0x000002D04AD5F2C0>, 'SELECT count(products.id) AS count_1 \nFROM products', ())
2026-03-04 15:23:57,544 - aiosqlite - DEBUG - operation functools.partial(<built-in method execute of sqlite3.Cursor object at 0x000002D04AD5F2C0>, 'SELECT count(products.id) AS count_1 \nFROM products', ()) completed
2026-03-04 15:23:57,545 - aiosqlite - DEBUG - executing functools.partial(<built-in method fetchall of sqlite3.Cursor object at 0x000002D04AD5F2C0>)
2026-03-04 15:23:57,545 - aiosqlite - DEBUG - operation functools.partial(<built-in method fetchall of sqlite3.Cursor object at 0x000002D04AD5F2C0>) completed
2026-03-04 15:23:57,545 - aiosqlite - DEBUG - executing functools.partial(<built-in method close of sqlite3.Cursor object at 0x000002D04AD5F2C0>)
2026-03-04 15:23:57,546 - aiosqlite - DEBUG - operation functools.partial(<built-in method close of sqlite3.Cursor object at 0x000002D04AD5F2C0>) completed
2026-03-04 15:23:57,547 - aiosqlite - DEBUG - executing functools.partial(<built-in method cursor of sqlite3.Connection object at 0x000002D04AD1BB50>)
2026-03-04 15:23:57,547 - aiosqlite - DEBUG - operation functools.partial(<built-in method cursor of sqlite3.Connection object at 0x000002D04AD1BB50>) completed
2026-03-04 15:23:57,547 - aiosqlite - DEBUG - executing functools.partial(<built-in method execute of sqlite3.Cursor object at 0x000002D04AD5F2C0>, 'SELECT products.id, products.name, products.description, products.price, products.image, products.category, products.size, products.color, products.stock, products.created_at \nFROM products ORDER BY products.id DESC\n LIMIT ? OFFSET ?', (100, 0))
2026-03-04 15:23:57,548 - aiosqlite - DEBUG - operation functools.partial(<built-in method execute of sqlite3.Cursor object at 0x000002D04AD5F2C0>, 'SELECT products.id, products.name, products.description, products.price, products.image, products.category, products.size, products.color, products.stock, products.created_at \nFROM products ORDER BY products.id DESC\n LIMIT ? OFFSET ?', (100, 0)) completed
2026-03-04 15:23:57,548 - aiosqlite - DEBUG - executing functools.partial(<built-in method fetchall of sqlite3.Cursor object at 0x000002D04AD5F2C0>)
2026-03-04 15:23:57,549 - aiosqlite - DEBUG - operation functools.partial(<built-in method fetchall of sqlite3.Cursor object at 0x000002D04AD5F2C0>) completed
2026-03-04 15:23:57,550 - aiosqlite - DEBUG - executing functools.partial(<built-in method close of sqlite3.Cursor object at 0x000002D04AD5F2C0>)
2026-03-04 15:23:57,550 - aiosqlite - DEBUG - operation functools.partial(<built-in method close of sqlite3.Cursor object at 0x000002D04AD5F2C0>) completed
2026-03-04 15:23:57,551 - routers.products - DEBUG - Found 8 productss
2026-03-04 15:23:57,551 - core.database - DEBUG - [DB_OP] Database session cleanup after 0.0130s
2026-03-04 15:23:57,552 - aiosqlite - DEBUG - executing functools.partial(<built-in method rollback of sqlite3.Connection object at 0x000002D04AD1BB50>)
2026-03-04 15:23:57,552 - aiosqlite - DEBUG - operation functools.partial(<built-in method rollback of sqlite3.Connection object at 0x000002D04AD1BB50>) completed
2026-03-04 15:23:57,553 - aiosqlite - DEBUG - executing functools.partial(<built-in method rollback of sqlite3.Connection object at 0x000002D04AD1BB50>)
2026-03-04 15:23:57,553 - aiosqlite - DEBUG - operation functools.partial(<built-in method rollback of sqlite3.Connection object at 0x000002D04AD1BB50>) completed
2026-03-04 15:23:57,553 - aiosqlite - DEBUG - executing functools.partial(<built-in method close of sqlite3.Connection object at 0x000002D04AD1BB50>)
2026-03-04 15:23:57,554 - aiosqlite - DEBUG - operation functools.partial(<built-in method close of sqlite3.Connection object at 0x000002D04AD1BB50>) completed
2026-03-04 15:25:18,595 - core.database - DEBUG - [DB_OP] Starting get_db session creation
2026-03-04 15:25:18,595 - core.database - DEBUG - [DB_OP] Database session created successfully in 0.0000s
2026-03-04 15:25:18,597 - routers.products - DEBUG - Updating products 1 with data: name='Short Sleeve T-Shirt, Classic Street Style with Spider Print, Pure Cotton Material, American Trend, Unisex Shirt' description='Washing instructions：Machine washable,Wash in cold water\n\nFit: Loose and baggy\n\nStyle：Platform,Korean,Minimalist,street\n\nSeason：Autumn,Spring,Summer\n\nSleeve type：None\n\nSleeve length：Short sleeve\n\nNeckline：Boat neck\n\nOccasion：Casual\n\nMaterial：Cotton' price=149999.0 image='https://down-vn.img.susercontent.com/file/sg-11134201-82618-mj8ge3qu5blw1b@resize_w900_nl.webp' category='T-Shirts' size='2XL' color='Đen' stock=100 created_at=None
2026-03-04 15:25:18,599 - aiosqlite - DEBUG - executing <function connect.<locals>.connector at 0x000002D04ACFEAC0>
2026-03-04 15:25:18,599 - aiosqlite - DEBUG - operation <function connect.<locals>.connector at 0x000002D04ACFEAC0> completed
2026-03-04 15:25:18,600 - aiosqlite - DEBUG - executing functools.partial(<built-in method create_function of sqlite3.Connection object at 0x000002D04AD1BA60>, 'regexp', 2, <function SQLiteDialect_pysqlite.on_connect.<locals>.regexp at 0x000002D04ACFCC20>, deterministic=True)
2026-03-04 15:25:18,600 - aiosqlite - DEBUG - operation functools.partial(<built-in method create_function of sqlite3.Connection object at 0x000002D04AD1BA60>, 'regexp', 2, <function SQLiteDialect_pysqlite.on_connect.<locals>.regexp at 0x000002D04ACFCC20>, deterministic=True) completed
2026-03-04 15:25:18,601 - aiosqlite - DEBUG - executing functools.partial(<built-in method create_function of sqlite3.Connection object at 0x000002D04AD1BA60>, 'floor', 1, <built-in function floor>, deterministic=True)
2026-03-04 15:25:18,601 - aiosqlite - DEBUG - operation functools.partial(<built-in method create_function of sqlite3.Connection object at 0x000002D04AD1BA60>, 'floor', 1, <built-in function floor>, deterministic=True) completed
2026-03-04 15:25:18,602 - aiosqlite - DEBUG - executing functools.partial(<built-in method cursor of sqlite3.Connection object at 0x000002D04AD1BA60>)
2026-03-04 15:25:18,602 - aiosqlite - DEBUG - operation functools.partial(<built-in method cursor of sqlite3.Connection object at 0x000002D04AD1BA60>) completed
2026-03-04 15:25:18,602 - aiosqlite - DEBUG - executing functools.partial(<built-in method execute of sqlite3.Cursor object at 0x000002D04AD5E5C0>, 'SELECT products.id, products.name, products.description, products.price, products.image, products.category, products.size, products.color, products.stock, products.created_at \nFROM products \nWHERE products.id = ?', (1,))
2026-03-04 15:25:18,603 - aiosqlite - DEBUG - operation functools.partial(<built-in method execute of sqlite3.Cursor object at 0x000002D04AD5E5C0>, 'SELECT products.id, products.name, products.description, products.price, products.image, products.category, products.size, products.color, products.stock, products.created_at \nFROM products \nWHERE products.id = ?', (1,)) completed
2026-03-04 15:25:18,604 - aiosqlite - DEBUG - executing functools.partial(<built-in method fetchall of sqlite3.Cursor object at 0x000002D04AD5E5C0>)
2026-03-04 15:25:18,604 - aiosqlite - DEBUG - operation functools.partial(<built-in method fetchall of sqlite3.Cursor object at 0x000002D04AD5E5C0>) completed
2026-03-04 15:25:18,605 - aiosqlite - DEBUG - executing functools.partial(<built-in method close of sqlite3.Cursor object at 0x000002D04AD5E5C0>)
2026-03-04 15:25:18,605 - aiosqlite - DEBUG - operation functools.partial(<built-in method close of sqlite3.Cursor object at 0x000002D04AD5E5C0>) completed
2026-03-04 15:25:18,606 - aiosqlite - DEBUG - executing functools.partial(<built-in method cursor of sqlite3.Connection object at 0x000002D04AD1BA60>)
2026-03-04 15:25:18,606 - aiosqlite - DEBUG - operation functools.partial(<built-in method cursor of sqlite3.Connection object at 0x000002D04AD1BA60>) completed
2026-03-04 15:25:18,607 - aiosqlite - DEBUG - executing functools.partial(<built-in method execute of sqlite3.Cursor object at 0x000002D04AD5E5C0>, 'UPDATE products SET name=?, description=?, price=?, image=?, size=?, color=? WHERE products.id = ?', ('Short Sleeve T-Shirt, Classic Street Style with Spider Print, Pure Cotton Material, American Trend, Unisex Shirt', 'Washing instructions：Machine washable,Wash in cold water\n\nFit: Loose and baggy\n\nStyle：Platform,Korean,Minimalist,street\n\nSeason：Autumn,Spring,Summer\n\nSleeve type：None\n\nSleeve length：Short sleeve\n\nNeckline：Boat neck\n\nOccasion：Casual\n\nMaterial：Cotton', 149999.0, 'https://down-vn.img.susercontent.com/file/sg-11134201-82618-mj8ge3qu5blw1b@resize_w900_nl.webp', '2XL', 'Đen', 1))
2026-03-04 15:25:18,608 - aiosqlite - DEBUG - operation functools.partial(<built-in method execute of sqlite3.Cursor object at 0x000002D04AD5E5C0>, 'UPDATE products SET name=?, description=?, price=?, image=?, size=?, color=? WHERE products.id = ?', ('Short Sleeve T-Shirt, Classic Street Style with Spider Print, Pure Cotton Material, American Trend, Unisex Shirt', 'Washing instructions：Machine washable,Wash in cold water\n\nFit: Loose and baggy\n\nStyle：Platform,Korean,Minimalist,street\n\nSeason：Autumn,Spring,Summer\n\nSleeve type：None\n\nSleeve length：Short sleeve\n\nNeckline：Boat neck\n\nOccasion：Casual\n\nMaterial：Cotton', 149999.0, 'https://down-vn.img.susercontent.com/file/sg-11134201-82618-mj8ge3qu5blw1b@resize_w900_nl.webp', '2XL', 'Đen', 1)) completed
2026-03-04 15:25:18,609 - aiosqlite - DEBUG - executing functools.partial(<built-in method close of sqlite3.Cursor object at 0x000002D04AD5E5C0>)
2026-03-04 15:25:18,609 - aiosqlite - DEBUG - operation functools.partial(<built-in method close of sqlite3.Cursor object at 0x000002D04AD5E5C0>) completed
2026-03-04 15:25:18,610 - aiosqlite - DEBUG - executing functools.partial(<built-in method commit of sqlite3.Connection object at 0x000002D04AD1BA60>)
2026-03-04 15:25:18,614 - aiosqlite - DEBUG - operation functools.partial(<built-in method commit of sqlite3.Connection object at 0x000002D04AD1BA60>) completed
2026-03-04 15:25:18,615 - aiosqlite - DEBUG - executing functools.partial(<built-in method rollback of sqlite3.Connection object at 0x000002D04AD1BA60>)
2026-03-04 15:25:18,615 - aiosqlite - DEBUG - operation functools.partial(<built-in method rollback of sqlite3.Connection object at 0x000002D04AD1BA60>) completed
2026-03-04 15:25:18,616 - aiosqlite - DEBUG - executing functools.partial(<built-in method close of sqlite3.Connection object at 0x000002D04AD1BA60>)
2026-03-04 15:25:18,616 - aiosqlite - DEBUG - operation functools.partial(<built-in method close of sqlite3.Connection object at 0x000002D04AD1BA60>) completed
2026-03-04 15:25:18,617 - aiosqlite - DEBUG - executing <function connect.<locals>.connector at 0x000002D04ACFDA80>
2026-03-04 15:25:18,618 - aiosqlite - DEBUG - operation <function connect.<locals>.connector at 0x000002D04ACFDA80> completed
2026-03-04 15:25:18,618 - aiosqlite - DEBUG - executing functools.partial(<built-in method create_function of sqlite3.Connection object at 0x000002D04AD1BA60>, 'regexp', 2, <function SQLiteDialect_pysqlite.on_connect.<locals>.regexp at 0x000002D04ACFCC20>, deterministic=True)
2026-03-04 15:25:18,618 - aiosqlite - DEBUG - operation functools.partial(<built-in method create_function of sqlite3.Connection object at 0x000002D04AD1BA60>, 'regexp', 2, <function SQLiteDialect_pysqlite.on_connect.<locals>.regexp at 0x000002D04ACFCC20>, deterministic=True) completed
2026-03-04 15:25:18,619 - aiosqlite - DEBUG - executing functools.partial(<built-in method create_function of sqlite3.Connection object at 0x000002D04AD1BA60>, 'floor', 1, <built-in function floor>, deterministic=True)
2026-03-04 15:25:18,619 - aiosqlite - DEBUG - operation functools.partial(<built-in method create_function of sqlite3.Connection object at 0x000002D04AD1BA60>, 'floor', 1, <built-in function floor>, deterministic=True) completed
2026-03-04 15:25:18,620 - aiosqlite - DEBUG - executing functools.partial(<built-in method cursor of sqlite3.Connection object at 0x000002D04AD1BA60>)
2026-03-04 15:25:18,620 - aiosqlite - DEBUG - operation functools.partial(<built-in method cursor of sqlite3.Connection object at 0x000002D04AD1BA60>) completed
2026-03-04 15:25:18,621 - aiosqlite - DEBUG - executing functools.partial(<built-in method execute of sqlite3.Cursor object at 0x000002D04AD5C4C0>, 'SELECT products.id, products.name, products.description, products.price, products.image, products.category, products.size, products.color, products.stock, products.created_at \nFROM products \nWHERE products.id = ?', (1,))
2026-03-04 15:25:18,621 - aiosqlite - DEBUG - operation functools.partial(<built-in method execute of sqlite3.Cursor object at 0x000002D04AD5C4C0>, 'SELECT products.id, products.name, products.description, products.price, products.image, products.category, products.size, products.color, products.stock, products.created_at \nFROM products \nWHERE products.id = ?', (1,)) completed
2026-03-04 15:25:18,621 - aiosqlite - DEBUG - executing functools.partial(<built-in method fetchall of sqlite3.Cursor object at 0x000002D04AD5C4C0>)
2026-03-04 15:25:18,622 - aiosqlite - DEBUG - operation functools.partial(<built-in method fetchall of sqlite3.Cursor object at 0x000002D04AD5C4C0>) completed
2026-03-04 15:25:18,622 - aiosqlite - DEBUG - executing functools.partial(<built-in method close of sqlite3.Cursor object at 0x000002D04AD5C4C0>)
2026-03-04 15:25:18,622 - aiosqlite - DEBUG - operation functools.partial(<built-in method close of sqlite3.Cursor object at 0x000002D04AD5C4C0>) completed
2026-03-04 15:25:18,622 - services.products - INFO - Updated products 1
2026-03-04 15:25:18,622 - routers.products - INFO - Products 1 updated successfully
2026-03-04 15:25:18,622 - core.database - DEBUG - [DB_OP] Database session cleanup after 0.0274s
2026-03-04 15:25:18,622 - aiosqlite - DEBUG - executing functools.partial(<built-in method rollback of sqlite3.Connection object at 0x000002D04AD1BA60>)
2026-03-04 15:25:18,623 - aiosqlite - DEBUG - operation functools.partial(<built-in method rollback of sqlite3.Connection object at 0x000002D04AD1BA60>) completed
2026-03-04 15:25:18,623 - aiosqlite - DEBUG - executing functools.partial(<built-in method rollback of sqlite3.Connection object at 0x000002D04AD1BA60>)
2026-03-04 15:25:18,623 - aiosqlite - DEBUG - operation functools.partial(<built-in method rollback of sqlite3.Connection object at 0x000002D04AD1BA60>) completed
2026-03-04 15:25:18,623 - aiosqlite - DEBUG - executing functools.partial(<built-in method close of sqlite3.Connection object at 0x000002D04AD1BA60>)
2026-03-04 15:25:18,623 - aiosqlite - DEBUG - operation functools.partial(<built-in method close of sqlite3.Connection object at 0x000002D04AD1BA60>) completed
2026-03-04 15:25:18,627 - core.database - DEBUG - [DB_OP] Starting get_db session creation
2026-03-04 15:25:18,627 - core.database - DEBUG - [DB_OP] Database session created successfully in 0.0000s
2026-03-04 15:25:18,628 - routers.products - DEBUG - Querying productss: query=None, sort=None, skip=0, limit=100, fields=None
2026-03-04 15:25:18,628 - aiosqlite - DEBUG - executing <function connect.<locals>.connector at 0x000002D04AD30F40>
2026-03-04 15:25:18,629 - aiosqlite - DEBUG - operation <function connect.<locals>.connector at 0x000002D04AD30F40> completed
2026-03-04 15:25:18,629 - aiosqlite - DEBUG - executing functools.partial(<built-in method create_function of sqlite3.Connection object at 0x000002D04AD1BE20>, 'regexp', 2, <function SQLiteDialect_pysqlite.on_connect.<locals>.regexp at 0x000002D04ACFCC20>, deterministic=True)
2026-03-04 15:25:18,629 - aiosqlite - DEBUG - operation functools.partial(<built-in method create_function of sqlite3.Connection object at 0x000002D04AD1BE20>, 'regexp', 2, <function SQLiteDialect_pysqlite.on_connect.<locals>.regexp at 0x000002D04ACFCC20>, deterministic=True) completed
2026-03-04 15:25:18,629 - aiosqlite - DEBUG - executing functools.partial(<built-in method create_function of sqlite3.Connection object at 0x000002D04AD1BE20>, 'floor', 1, <built-in function floor>, deterministic=True)
2026-03-04 15:25:18,630 - aiosqlite - DEBUG - operation functools.partial(<built-in method create_function of sqlite3.Connection object at 0x000002D04AD1BE20>, 'floor', 1, <built-in function floor>, deterministic=True) completed
2026-03-04 15:25:18,630 - aiosqlite - DEBUG - executing functools.partial(<built-in method cursor of sqlite3.Connection object at 0x000002D04AD1BE20>)
2026-03-04 15:25:18,630 - aiosqlite - DEBUG - operation functools.partial(<built-in method cursor of sqlite3.Connection object at 0x000002D04AD1BE20>) completed
2026-03-04 15:25:18,630 - aiosqlite - DEBUG - executing functools.partial(<built-in method execute of sqlite3.Cursor object at 0x000002D04AD5E540>, 'SELECT count(products.id) AS count_1 \nFROM products', ())
2026-03-04 15:25:18,631 - aiosqlite - DEBUG - operation functools.partial(<built-in method execute of sqlite3.Cursor object at 0x000002D04AD5E540>, 'SELECT count(products.id) AS count_1 \nFROM products', ()) completed
2026-03-04 15:25:18,631 - aiosqlite - DEBUG - executing functools.partial(<built-in method fetchall of sqlite3.Cursor object at 0x000002D04AD5E540>)
2026-03-04 15:25:18,631 - aiosqlite - DEBUG - operation functools.partial(<built-in method fetchall of sqlite3.Cursor object at 0x000002D04AD5E540>) completed
2026-03-04 15:25:18,632 - aiosqlite - DEBUG - executing functools.partial(<built-in method close of sqlite3.Cursor object at 0x000002D04AD5E540>)
2026-03-04 15:25:18,632 - aiosqlite - DEBUG - operation functools.partial(<built-in method close of sqlite3.Cursor object at 0x000002D04AD5E540>) completed
2026-03-04 15:25:18,633 - aiosqlite - DEBUG - executing functools.partial(<built-in method cursor of sqlite3.Connection object at 0x000002D04AD1BE20>)
2026-03-04 15:25:18,633 - aiosqlite - DEBUG - operation functools.partial(<built-in method cursor of sqlite3.Connection object at 0x000002D04AD1BE20>) completed
2026-03-04 15:25:18,634 - aiosqlite - DEBUG - executing functools.partial(<built-in method execute of sqlite3.Cursor object at 0x000002D04AD5E540>, 'SELECT products.id, products.name, products.description, products.price, products.image, products.category, products.size, products.color, products.stock, products.created_at \nFROM products ORDER BY products.id DESC\n LIMIT ? OFFSET ?', (100, 0))
2026-03-04 15:25:18,634 - aiosqlite - DEBUG - operation functools.partial(<built-in method execute of sqlite3.Cursor object at 0x000002D04AD5E540>, 'SELECT products.id, products.name, products.description, products.price, products.image, products.category, products.size, products.color, products.stock, products.created_at \nFROM products ORDER BY products.id DESC\n LIMIT ? OFFSET ?', (100, 0)) completed
2026-03-04 15:25:18,634 - aiosqlite - DEBUG - executing functools.partial(<built-in method fetchall of sqlite3.Cursor object at 0x000002D04AD5E540>)
2026-03-04 15:25:18,635 - aiosqlite - DEBUG - operation functools.partial(<built-in method fetchall of sqlite3.Cursor object at 0x000002D04AD5E540>) completed
2026-03-04 15:25:18,635 - aiosqlite - DEBUG - executing functools.partial(<built-in method close of sqlite3.Cursor object at 0x000002D04AD5E540>)
2026-03-04 15:25:18,635 - aiosqlite - DEBUG - operation functools.partial(<built-in method close of sqlite3.Cursor object at 0x000002D04AD5E540>) completed
2026-03-04 15:25:18,636 - routers.products - DEBUG - Found 8 productss
2026-03-04 15:25:18,636 - core.database - DEBUG - [DB_OP] Database session cleanup after 0.0091s
2026-03-04 15:25:18,637 - aiosqlite - DEBUG - executing functools.partial(<built-in method rollback of sqlite3.Connection object at 0x000002D04AD1BE20>)
2026-03-04 15:25:18,637 - aiosqlite - DEBUG - operation functools.partial(<built-in method rollback of sqlite3.Connection object at 0x000002D04AD1BE20>) completed
2026-03-04 15:25:18,637 - aiosqlite - DEBUG - executing functools.partial(<built-in method rollback of sqlite3.Connection object at 0x000002D04AD1BE20>)
2026-03-04 15:25:18,637 - aiosqlite - DEBUG - operation functools.partial(<built-in method rollback of sqlite3.Connection object at 0x000002D04AD1BE20>) completed
2026-03-04 15:25:18,638 - aiosqlite - DEBUG - executing functools.partial(<built-in method close of sqlite3.Connection object at 0x000002D04AD1BE20>)
2026-03-04 15:25:18,638 - aiosqlite - DEBUG - operation functools.partial(<built-in method close of sqlite3.Connection object at 0x000002D04AD1BE20>) completed
2026-03-04 15:25:20,558 - core.database - DEBUG - [DB_OP] Starting get_db session creation
2026-03-04 15:25:20,559 - core.database - DEBUG - [DB_OP] Database session created successfully in 0.0010s
2026-03-04 15:25:20,559 - routers.products - DEBUG - Querying productss: query=None, sort=None, skip=0, limit=1000, fields=None
2026-03-04 15:25:20,560 - aiosqlite - DEBUG - executing <function connect.<locals>.connector at 0x000002D04AD30E00>
2026-03-04 15:25:20,560 - aiosqlite - DEBUG - operation <function connect.<locals>.connector at 0x000002D04AD30E00> completed
2026-03-04 15:25:20,561 - aiosqlite - DEBUG - executing functools.partial(<built-in method create_function of sqlite3.Connection object at 0x000002D04AD1B880>, 'regexp', 2, <function SQLiteDialect_pysqlite.on_connect.<locals>.regexp at 0x000002D04ACFCC20>, deterministic=True)
2026-03-04 15:25:20,561 - aiosqlite - DEBUG - operation functools.partial(<built-in method create_function of sqlite3.Connection object at 0x000002D04AD1B880>, 'regexp', 2, <function SQLiteDialect_pysqlite.on_connect.<locals>.regexp at 0x000002D04ACFCC20>, deterministic=True) completed
2026-03-04 15:25:20,561 - aiosqlite - DEBUG - executing functools.partial(<built-in method create_function of sqlite3.Connection object at 0x000002D04AD1B880>, 'floor', 1, <built-in function floor>, deterministic=True)
2026-03-04 15:25:20,561 - aiosqlite - DEBUG - operation functools.partial(<built-in method create_function of sqlite3.Connection object at 0x000002D04AD1B880>, 'floor', 1, <built-in function floor>, deterministic=True) completed
2026-03-04 15:25:20,562 - aiosqlite - DEBUG - executing functools.partial(<built-in method cursor of sqlite3.Connection object at 0x000002D04AD1B880>)
2026-03-04 15:25:20,562 - aiosqlite - DEBUG - operation functools.partial(<built-in method cursor of sqlite3.Connection object at 0x000002D04AD1B880>) completed
2026-03-04 15:25:20,563 - aiosqlite - DEBUG - executing functools.partial(<built-in method execute of sqlite3.Cursor object at 0x000002D04AD5CFC0>, 'SELECT count(products.id) AS count_1 \nFROM products', ())
2026-03-04 15:25:20,563 - aiosqlite - DEBUG - operation functools.partial(<built-in method execute of sqlite3.Cursor object at 0x000002D04AD5CFC0>, 'SELECT count(products.id) AS count_1 \nFROM products', ()) completed
2026-03-04 15:25:20,564 - aiosqlite - DEBUG - executing functools.partial(<built-in method fetchall of sqlite3.Cursor object at 0x000002D04AD5CFC0>)
2026-03-04 15:25:20,564 - aiosqlite - DEBUG - operation functools.partial(<built-in method fetchall of sqlite3.Cursor object at 0x000002D04AD5CFC0>) completed
2026-03-04 15:25:20,564 - aiosqlite - DEBUG - executing functools.partial(<built-in method close of sqlite3.Cursor object at 0x000002D04AD5CFC0>)
2026-03-04 15:25:20,564 - aiosqlite - DEBUG - operation functools.partial(<built-in method close of sqlite3.Cursor object at 0x000002D04AD5CFC0>) completed
2026-03-04 15:25:20,565 - aiosqlite - DEBUG - executing functools.partial(<built-in method cursor of sqlite3.Connection object at 0x000002D04AD1B880>)
2026-03-04 15:25:20,565 - aiosqlite - DEBUG - operation functools.partial(<built-in method cursor of sqlite3.Connection object at 0x000002D04AD1B880>) completed
2026-03-04 15:25:20,566 - aiosqlite - DEBUG - executing functools.partial(<built-in method execute of sqlite3.Cursor object at 0x000002D04AD5CFC0>, 'SELECT products.id, products.name, products.description, products.price, products.image, products.category, products.size, products.color, products.stock, products.created_at \nFROM products ORDER BY products.id DESC\n LIMIT ? OFFSET ?', (1000, 0))
2026-03-04 15:25:20,566 - aiosqlite - DEBUG - operation functools.partial(<built-in method execute of sqlite3.Cursor object at 0x000002D04AD5CFC0>, 'SELECT products.id, products.name, products.description, products.price, products.image, products.category, products.size, products.color, products.stock, products.created_at \nFROM products ORDER BY products.id DESC\n LIMIT ? OFFSET ?', (1000, 0)) completed
2026-03-04 15:25:20,567 - aiosqlite - DEBUG - executing functools.partial(<built-in method fetchall of sqlite3.Cursor object at 0x000002D04AD5CFC0>)
2026-03-04 15:25:20,567 - aiosqlite - DEBUG - operation functools.partial(<built-in method fetchall of sqlite3.Cursor object at 0x000002D04AD5CFC0>) completed
2026-03-04 15:25:20,567 - aiosqlite - DEBUG - executing functools.partial(<built-in method close of sqlite3.Cursor object at 0x000002D04AD5CFC0>)
2026-03-04 15:25:20,567 - aiosqlite - DEBUG - operation functools.partial(<built-in method close of sqlite3.Cursor object at 0x000002D04AD5CFC0>) completed
2026-03-04 15:25:20,568 - routers.products - DEBUG - Found 8 productss
2026-03-04 15:25:20,568 - core.database - DEBUG - [DB_OP] Database session cleanup after 0.0100s
2026-03-04 15:25:20,569 - aiosqlite - DEBUG - executing functools.partial(<built-in method rollback of sqlite3.Connection object at 0x000002D04AD1B880>)
2026-03-04 15:25:20,569 - aiosqlite - DEBUG - operation functools.partial(<built-in method rollback of sqlite3.Connection object at 0x000002D04AD1B880>) completed
2026-03-04 15:25:20,569 - aiosqlite - DEBUG - executing functools.partial(<built-in method rollback of sqlite3.Connection object at 0x000002D04AD1B880>)
2026-03-04 15:25:20,569 - aiosqlite - DEBUG - operation functools.partial(<built-in method rollback of sqlite3.Connection object at 0x000002D04AD1B880>) completed
2026-03-04 15:25:20,570 - aiosqlite - DEBUG - executing functools.partial(<built-in method close of sqlite3.Connection object at 0x000002D04AD1B880>)
2026-03-04 15:25:20,570 - aiosqlite - DEBUG - operation functools.partial(<built-in method close of sqlite3.Connection object at 0x000002D04AD1B880>) completed
2026-03-04 15:26:35,429 - core.database - DEBUG - [DB_OP] Starting get_db session creation
2026-03-04 15:26:35,429 - core.database - DEBUG - [DB_OP] Database session created successfully in 0.0000s
2026-03-04 15:26:35,430 - routers.products - DEBUG - Querying productss: query=None, sort=None, skip=0, limit=100, fields=None
2026-03-04 15:26:35,431 - aiosqlite - DEBUG - executing <function connect.<locals>.connector at 0x000002D04AC5D580>
2026-03-04 15:26:35,432 - aiosqlite - DEBUG - operation <function connect.<locals>.connector at 0x000002D04AC5D580> completed
2026-03-04 15:26:35,433 - aiosqlite - DEBUG - executing functools.partial(<built-in method create_function of sqlite3.Connection object at 0x000002D04AD1BA60>, 'regexp', 2, <function SQLiteDialect_pysqlite.on_connect.<locals>.regexp at 0x000002D04ACFCC20>, deterministic=True)
2026-03-04 15:26:35,433 - aiosqlite - DEBUG - operation functools.partial(<built-in method create_function of sqlite3.Connection object at 0x000002D04AD1BA60>, 'regexp', 2, <function SQLiteDialect_pysqlite.on_connect.<locals>.regexp at 0x000002D04ACFCC20>, deterministic=True) completed
2026-03-04 15:26:35,434 - aiosqlite - DEBUG - executing functools.partial(<built-in method create_function of sqlite3.Connection object at 0x000002D04AD1BA60>, 'floor', 1, <built-in function floor>, deterministic=True)
2026-03-04 15:26:35,434 - aiosqlite - DEBUG - operation functools.partial(<built-in method create_function of sqlite3.Connection object at 0x000002D04AD1BA60>, 'floor', 1, <built-in function floor>, deterministic=True) completed
2026-03-04 15:26:35,435 - aiosqlite - DEBUG - executing functools.partial(<built-in method cursor of sqlite3.Connection object at 0x000002D04AD1BA60>)
2026-03-04 15:26:35,435 - aiosqlite - DEBUG - operation functools.partial(<built-in method cursor of sqlite3.Connection object at 0x000002D04AD1BA60>) completed
2026-03-04 15:26:35,436 - aiosqlite - DEBUG - executing functools.partial(<built-in method execute of sqlite3.Cursor object at 0x000002D04AD5F740>, 'SELECT count(products.id) AS count_1 \nFROM products', ())
2026-03-04 15:26:35,436 - aiosqlite - DEBUG - operation functools.partial(<built-in method execute of sqlite3.Cursor object at 0x000002D04AD5F740>, 'SELECT count(products.id) AS count_1 \nFROM products', ()) completed
2026-03-04 15:26:35,437 - aiosqlite - DEBUG - executing functools.partial(<built-in method fetchall of sqlite3.Cursor object at 0x000002D04AD5F740>)
2026-03-04 15:26:35,437 - aiosqlite - DEBUG - operation functools.partial(<built-in method fetchall of sqlite3.Cursor object at 0x000002D04AD5F740>) completed
2026-03-04 15:26:35,438 - aiosqlite - DEBUG - executing functools.partial(<built-in method close of sqlite3.Cursor object at 0x000002D04AD5F740>)
2026-03-04 15:26:35,438 - aiosqlite - DEBUG - operation functools.partial(<built-in method close of sqlite3.Cursor object at 0x000002D04AD5F740>) completed
2026-03-04 15:26:35,439 - aiosqlite - DEBUG - executing functools.partial(<built-in method cursor of sqlite3.Connection object at 0x000002D04AD1BA60>)
2026-03-04 15:26:35,439 - aiosqlite - DEBUG - operation functools.partial(<built-in method cursor of sqlite3.Connection object at 0x000002D04AD1BA60>) completed
2026-03-04 15:26:35,440 - aiosqlite - DEBUG - executing functools.partial(<built-in method execute of sqlite3.Cursor object at 0x000002D04AD5F740>, 'SELECT products.id, products.name, products.description, products.price, products.image, products.category, products.size, products.color, products.stock, products.created_at \nFROM products ORDER BY products.id DESC\n LIMIT ? OFFSET ?', (100, 0))
2026-03-04 15:26:35,440 - aiosqlite - DEBUG - operation functools.partial(<built-in method execute of sqlite3.Cursor object at 0x000002D04AD5F740>, 'SELECT products.id, products.name, products.description, products.price, products.image, products.category, products.size, products.color, products.stock, products.created_at \nFROM products ORDER BY products.id DESC\n LIMIT ? OFFSET ?', (100, 0)) completed
2026-03-04 15:26:35,441 - aiosqlite - DEBUG - executing functools.partial(<built-in method fetchall of sqlite3.Cursor object at 0x000002D04AD5F740>)
2026-03-04 15:26:35,441 - aiosqlite - DEBUG - operation functools.partial(<built-in method fetchall of sqlite3.Cursor object at 0x000002D04AD5F740>) completed
2026-03-04 15:26:35,442 - aiosqlite - DEBUG - executing functools.partial(<built-in method close of sqlite3.Cursor object at 0x000002D04AD5F740>)
2026-03-04 15:26:35,442 - aiosqlite - DEBUG - operation functools.partial(<built-in method close of sqlite3.Cursor object at 0x000002D04AD5F740>) completed
2026-03-04 15:26:35,443 - routers.products - DEBUG - Found 8 productss
2026-03-04 15:26:35,443 - core.database - DEBUG - [DB_OP] Database session cleanup after 0.0140s
2026-03-04 15:26:35,444 - aiosqlite - DEBUG - executing functools.partial(<built-in method rollback of sqlite3.Connection object at 0x000002D04AD1BA60>)
2026-03-04 15:26:35,444 - aiosqlite - DEBUG - operation functools.partial(<built-in method rollback of sqlite3.Connection object at 0x000002D04AD1BA60>) completed
2026-03-04 15:26:35,445 - aiosqlite - DEBUG - executing functools.partial(<built-in method rollback of sqlite3.Connection object at 0x000002D04AD1BA60>)
2026-03-04 15:26:35,445 - aiosqlite - DEBUG - operation functools.partial(<built-in method rollback of sqlite3.Connection object at 0x000002D04AD1BA60>) completed
2026-03-04 15:26:35,446 - aiosqlite - DEBUG - executing functools.partial(<built-in method close of sqlite3.Connection object at 0x000002D04AD1BA60>)
2026-03-04 15:26:35,446 - aiosqlite - DEBUG - operation functools.partial(<built-in method close of sqlite3.Connection object at 0x000002D04AD1BA60>) completed
2026-03-04 15:27:15,163 - core.database - DEBUG - [DB_OP] Starting get_db session creation
2026-03-04 15:27:15,163 - core.database - DEBUG - [DB_OP] Database session created successfully in 0.0000s
2026-03-04 15:27:15,170 - routers.products - DEBUG - Creating new products with data: name='Áo phông Cotton GAM ESPORT | MSI 2025 | Đội tuyển Liên Minh Huyền Thoại Việt Nam | Áo phông trắng đen nam nữ' description='Thông tin sản phẩm : GAM ESPORT | MSI 2025 \n\n\n\n- Chất liệu: Thun 98% Cotton cao cấp, 2% sợi co dãn\n\n\n\n- Thấm hút mồ hôi rất tốt, thoáng mát, mềm mịn, không xù lông.\n\n\n\n- Đường may tỉ mỉ, chắc chắn\n\n\n\n- Mặc ở nhà, mặc đi chơi hoặc khi vận động thể thao. Phù hợp khi mix đồ với nhiều loại.\n\n\n\n- Thiết kế hiện đại, trẻ trung, năng động , dễ phối đồ.\n\n\n\n\n\nHƯỚNG DẪN SỬ DỤNG VÀ BẢO QUẢN\n\n\n\n\n\n- Lần đầu đem về chỉ xả nước lạnh rồi phơi khô để đảm bảo chất in trên áo không bong tróc nhé\n\n\n\n- Mỗi khi giặt nhớ lộn trái áo và không giặt ngâm.\n\n\n\n- Không sử dụng thuốc tẩy.\n\n\n\n- Khi phơi nhớ lộn phải và không phơi trực tiếp dưới ánh nắng mặt trời.\n\n\n\n\n\nLưu ý: Khi bạn gặp bất kì vấn đề gì đừng vội đánh giá Sản Phẩm mà hãy liên hệ Shop để được hỗ trợ 1 cách tốt nhất  nhé.' price=295000.0 image='https://down-vn.img.susercontent.com/file/vn-11134207-7ras8-mbm2cntv4wp319.webp' category='men' size='XL' color='Đen' stock=77 created_at=None
2026-03-04 15:27:15,172 - aiosqlite - DEBUG - executing <function connect.<locals>.connector at 0x000002D04AD56E80>
2026-03-04 15:27:15,173 - aiosqlite - DEBUG - operation <function connect.<locals>.connector at 0x000002D04AD56E80> completed
2026-03-04 15:27:15,174 - aiosqlite - DEBUG - executing functools.partial(<built-in method create_function of sqlite3.Connection object at 0x000002D04AD1A890>, 'regexp', 2, <function SQLiteDialect_pysqlite.on_connect.<locals>.regexp at 0x000002D04ACFCC20>, deterministic=True)
2026-03-04 15:27:15,174 - aiosqlite - DEBUG - operation functools.partial(<built-in method create_function of sqlite3.Connection object at 0x000002D04AD1A890>, 'regexp', 2, <function SQLiteDialect_pysqlite.on_connect.<locals>.regexp at 0x000002D04ACFCC20>, deterministic=True) completed
2026-03-04 15:27:15,175 - aiosqlite - DEBUG - executing functools.partial(<built-in method create_function of sqlite3.Connection object at 0x000002D04AD1A890>, 'floor', 1, <built-in function floor>, deterministic=True)
2026-03-04 15:27:15,175 - aiosqlite - DEBUG - operation functools.partial(<built-in method create_function of sqlite3.Connection object at 0x000002D04AD1A890>, 'floor', 1, <built-in function floor>, deterministic=True) completed
2026-03-04 15:27:15,177 - aiosqlite - DEBUG - executing functools.partial(<built-in method cursor of sqlite3.Connection object at 0x000002D04AD1A890>)
2026-03-04 15:27:15,178 - aiosqlite - DEBUG - operation functools.partial(<built-in method cursor of sqlite3.Connection object at 0x000002D04AD1A890>) completed
2026-03-04 15:27:15,178 - aiosqlite - DEBUG - executing functools.partial(<built-in method execute of sqlite3.Cursor object at 0x000002D04AC89DC0>, 'INSERT INTO products (name, description, price, image, category, size, color, stock, created_at) VALUES (?, ?, ?, ?, ?, ?, ?, ?, ?)', ('Áo phông Cotton GAM ESPORT | MSI 2025 | Đội tuyển Liên Minh Huyền Thoại Việt Nam | Áo phông trắng đen nam nữ', 'Thông tin sản phẩm : GAM ESPORT | MSI 2025 \n\n\n\n- Chất liệu: Thun 98% Cotton cao cấp, 2% sợi co dãn\n\n\n\n- Thấm hút mồ hôi rất tốt, thoáng mát, mềm mịn, không xù lông.\n\n\n\n- Đường may tỉ mỉ, chắc chắn\n\n\n\n- Mặc ở nhà, mặc đi chơi hoặc khi vận động thể thao. Phù hợp khi mix đồ với nhiều loại.\n\n\n\n- Thiết kế hiện đại, trẻ trung, năng động , dễ phối đồ.\n\n\n\n\n\nHƯỚNG DẪN SỬ DỤNG VÀ BẢO QUẢN\n\n\n\n\n\n- Lần đầu đem về chỉ xả nước lạnh rồi phơi khô để đảm bảo chất in trên áo không bong tróc nhé\n\n\n\n- Mỗi khi giặt nhớ lộn trái áo và không giặt ngâm.\n\n\n\n- Không sử dụng thuốc tẩy.\n\n\n\n- Khi phơi nhớ lộn phải và không phơi trực tiếp dưới ánh nắng mặt trời.\n\n\n\n\n\nLưu ý: Khi bạn gặp bất kì vấn đề gì đừng vội đánh giá Sản Phẩm mà hãy liên hệ Shop để được hỗ trợ 1 cách tốt nhất  nhé.', 295000.0, 'https://down-vn.img.susercontent.com/file/vn-11134207-7ras8-mbm2cntv4wp319.webp', 'men', 'XL', 'Đen', 77, None))
2026-03-04 15:27:15,180 - aiosqlite - DEBUG - operation functools.partial(<built-in method execute of sqlite3.Cursor object at 0x000002D04AC89DC0>, 'INSERT INTO products (name, description, price, image, category, size, color, stock, created_at) VALUES (?, ?, ?, ?, ?, ?, ?, ?, ?)', ('Áo phông Cotton GAM ESPORT | MSI 2025 | Đội tuyển Liên Minh Huyền Thoại Việt Nam | Áo phông trắng đen nam nữ', 'Thông tin sản phẩm : GAM ESPORT | MSI 2025 \n\n\n\n- Chất liệu: Thun 98% Cotton cao cấp, 2% sợi co dãn\n\n\n\n- Thấm hút mồ hôi rất tốt, thoáng mát, mềm mịn, không xù lông.\n\n\n\n- Đường may tỉ mỉ, chắc chắn\n\n\n\n- Mặc ở nhà, mặc đi chơi hoặc khi vận động thể thao. Phù hợp khi mix đồ với nhiều loại.\n\n\n\n- Thiết kế hiện đại, trẻ trung, năng động , dễ phối đồ.\n\n\n\n\n\nHƯỚNG DẪN SỬ DỤNG VÀ BẢO QUẢN\n\n\n\n\n\n- Lần đầu đem về chỉ xả nước lạnh rồi phơi khô để đảm bảo chất in trên áo không bong tróc nhé\n\n\n\n- Mỗi khi giặt nhớ lộn trái áo và không giặt ngâm.\n\n\n\n- Không sử dụng thuốc tẩy.\n\n\n\n- Khi phơi nhớ lộn phải và không phơi trực tiếp dưới ánh nắng mặt trời.\n\n\n\n\n\nLưu ý: Khi bạn gặp bất kì vấn đề gì đừng vội đánh giá Sản Phẩm mà hãy liên hệ Shop để được hỗ trợ 1 cách tốt nhất  nhé.', 295000.0, 'https://down-vn.img.susercontent.com/file/vn-11134207-7ras8-mbm2cntv4wp319.webp', 'men', 'XL', 'Đen', 77, None)) completed
2026-03-04 15:27:15,181 - aiosqlite - DEBUG - executing functools.partial(<built-in method close of sqlite3.Cursor object at 0x000002D04AC89DC0>)
2026-03-04 15:27:15,182 - aiosqlite - DEBUG - operation functools.partial(<built-in method close of sqlite3.Cursor object at 0x000002D04AC89DC0>) completed
2026-03-04 15:27:15,184 - aiosqlite - DEBUG - executing functools.partial(<built-in method commit of sqlite3.Connection object at 0x000002D04AD1A890>)
2026-03-04 15:27:15,188 - aiosqlite - DEBUG - operation functools.partial(<built-in method commit of sqlite3.Connection object at 0x000002D04AD1A890>) completed
2026-03-04 15:27:15,189 - aiosqlite - DEBUG - executing functools.partial(<built-in method rollback of sqlite3.Connection object at 0x000002D04AD1A890>)
2026-03-04 15:27:15,189 - aiosqlite - DEBUG - operation functools.partial(<built-in method rollback of sqlite3.Connection object at 0x000002D04AD1A890>) completed
2026-03-04 15:27:15,190 - aiosqlite - DEBUG - executing functools.partial(<built-in method close of sqlite3.Connection object at 0x000002D04AD1A890>)
2026-03-04 15:27:15,190 - aiosqlite - DEBUG - operation functools.partial(<built-in method close of sqlite3.Connection object at 0x000002D04AD1A890>) completed
2026-03-04 15:27:15,191 - aiosqlite - DEBUG - executing <function connect.<locals>.connector at 0x000002D04AD57880>
2026-03-04 15:27:15,192 - aiosqlite - DEBUG - operation <function connect.<locals>.connector at 0x000002D04AD57880> completed
2026-03-04 15:27:15,193 - aiosqlite - DEBUG - executing functools.partial(<built-in method create_function of sqlite3.Connection object at 0x000002D04AD1A890>, 'regexp', 2, <function SQLiteDialect_pysqlite.on_connect.<locals>.regexp at 0x000002D04ACFCC20>, deterministic=True)
2026-03-04 15:27:15,193 - aiosqlite - DEBUG - operation functools.partial(<built-in method create_function of sqlite3.Connection object at 0x000002D04AD1A890>, 'regexp', 2, <function SQLiteDialect_pysqlite.on_connect.<locals>.regexp at 0x000002D04ACFCC20>, deterministic=True) completed
2026-03-04 15:27:15,193 - aiosqlite - DEBUG - executing functools.partial(<built-in method create_function of sqlite3.Connection object at 0x000002D04AD1A890>, 'floor', 1, <built-in function floor>, deterministic=True)
2026-03-04 15:27:15,193 - aiosqlite - DEBUG - operation functools.partial(<built-in method create_function of sqlite3.Connection object at 0x000002D04AD1A890>, 'floor', 1, <built-in function floor>, deterministic=True) completed
2026-03-04 15:27:15,194 - aiosqlite - DEBUG - executing functools.partial(<built-in method cursor of sqlite3.Connection object at 0x000002D04AD1A890>)
2026-03-04 15:27:15,194 - aiosqlite - DEBUG - operation functools.partial(<built-in method cursor of sqlite3.Connection object at 0x000002D04AD1A890>) completed
2026-03-04 15:27:15,195 - aiosqlite - DEBUG - executing functools.partial(<built-in method execute of sqlite3.Cursor object at 0x000002D04AD5F840>, 'SELECT products.id, products.name, products.description, products.price, products.image, products.category, products.size, products.color, products.stock, products.created_at \nFROM products \nWHERE products.id = ?', (9,))
2026-03-04 15:27:15,196 - aiosqlite - DEBUG - operation functools.partial(<built-in method execute of sqlite3.Cursor object at 0x000002D04AD5F840>, 'SELECT products.id, products.name, products.description, products.price, products.image, products.category, products.size, products.color, products.stock, products.created_at \nFROM products \nWHERE products.id = ?', (9,)) completed
2026-03-04 15:27:15,197 - aiosqlite - DEBUG - executing functools.partial(<built-in method fetchall of sqlite3.Cursor object at 0x000002D04AD5F840>)
2026-03-04 15:27:15,197 - aiosqlite - DEBUG - operation functools.partial(<built-in method fetchall of sqlite3.Cursor object at 0x000002D04AD5F840>) completed
2026-03-04 15:27:15,197 - aiosqlite - DEBUG - executing functools.partial(<built-in method close of sqlite3.Cursor object at 0x000002D04AD5F840>)
2026-03-04 15:27:15,197 - aiosqlite - DEBUG - operation functools.partial(<built-in method close of sqlite3.Cursor object at 0x000002D04AD5F840>) completed
2026-03-04 15:27:15,198 - services.products - INFO - Created products with id: 9
2026-03-04 15:27:15,198 - routers.products - INFO - Products created successfully with id: 9
2026-03-04 15:27:15,198 - core.database - DEBUG - [DB_OP] Database session cleanup after 0.0348s
2026-03-04 15:27:15,198 - aiosqlite - DEBUG - executing functools.partial(<built-in method rollback of sqlite3.Connection object at 0x000002D04AD1A890>)
2026-03-04 15:27:15,198 - aiosqlite - DEBUG - operation functools.partial(<built-in method rollback of sqlite3.Connection object at 0x000002D04AD1A890>) completed
2026-03-04 15:27:15,199 - aiosqlite - DEBUG - executing functools.partial(<built-in method rollback of sqlite3.Connection object at 0x000002D04AD1A890>)
2026-03-04 15:27:15,199 - aiosqlite - DEBUG - operation functools.partial(<built-in method rollback of sqlite3.Connection object at 0x000002D04AD1A890>) completed
2026-03-04 15:27:15,199 - aiosqlite - DEBUG - executing functools.partial(<built-in method close of sqlite3.Connection object at 0x000002D04AD1A890>)
2026-03-04 15:27:15,199 - aiosqlite - DEBUG - operation functools.partial(<built-in method close of sqlite3.Connection object at 0x000002D04AD1A890>) completed
2026-03-04 15:27:15,203 - core.database - DEBUG - [DB_OP] Starting get_db session creation
2026-03-04 15:27:15,203 - core.database - DEBUG - [DB_OP] Database session created successfully in 0.0000s
2026-03-04 15:27:15,204 - routers.products - DEBUG - Querying productss: query=None, sort=None, skip=0, limit=100, fields=None
2026-03-04 15:27:15,204 - aiosqlite - DEBUG - executing <function connect.<locals>.connector at 0x000002D04AD57560>
2026-03-04 15:27:15,205 - aiosqlite - DEBUG - operation <function connect.<locals>.connector at 0x000002D04AD57560> completed
2026-03-04 15:27:15,205 - aiosqlite - DEBUG - executing functools.partial(<built-in method create_function of sqlite3.Connection object at 0x000002D04AD1B880>, 'regexp', 2, <function SQLiteDialect_pysqlite.on_connect.<locals>.regexp at 0x000002D04ACFCC20>, deterministic=True)
2026-03-04 15:27:15,205 - aiosqlite - DEBUG - operation functools.partial(<built-in method create_function of sqlite3.Connection object at 0x000002D04AD1B880>, 'regexp', 2, <function SQLiteDialect_pysqlite.on_connect.<locals>.regexp at 0x000002D04ACFCC20>, deterministic=True) completed
2026-03-04 15:27:15,206 - aiosqlite - DEBUG - executing functools.partial(<built-in method create_function of sqlite3.Connection object at 0x000002D04AD1B880>, 'floor', 1, <built-in function floor>, deterministic=True)
2026-03-04 15:27:15,206 - aiosqlite - DEBUG - operation functools.partial(<built-in method create_function of sqlite3.Connection object at 0x000002D04AD1B880>, 'floor', 1, <built-in function floor>, deterministic=True) completed
2026-03-04 15:27:15,206 - aiosqlite - DEBUG - executing functools.partial(<built-in method cursor of sqlite3.Connection object at 0x000002D04AD1B880>)
2026-03-04 15:27:15,207 - aiosqlite - DEBUG - operation functools.partial(<built-in method cursor of sqlite3.Connection object at 0x000002D04AD1B880>) completed
2026-03-04 15:27:15,207 - aiosqlite - DEBUG - executing functools.partial(<built-in method execute of sqlite3.Cursor object at 0x000002D04AD5F040>, 'SELECT count(products.id) AS count_1 \nFROM products', ())
2026-03-04 15:27:15,207 - aiosqlite - DEBUG - operation functools.partial(<built-in method execute of sqlite3.Cursor object at 0x000002D04AD5F040>, 'SELECT count(products.id) AS count_1 \nFROM products', ()) completed
2026-03-04 15:27:15,208 - aiosqlite - DEBUG - executing functools.partial(<built-in method fetchall of sqlite3.Cursor object at 0x000002D04AD5F040>)
2026-03-04 15:27:15,208 - aiosqlite - DEBUG - operation functools.partial(<built-in method fetchall of sqlite3.Cursor object at 0x000002D04AD5F040>) completed
2026-03-04 15:27:15,208 - aiosqlite - DEBUG - executing functools.partial(<built-in method close of sqlite3.Cursor object at 0x000002D04AD5F040>)
2026-03-04 15:27:15,208 - aiosqlite - DEBUG - operation functools.partial(<built-in method close of sqlite3.Cursor object at 0x000002D04AD5F040>) completed
2026-03-04 15:27:15,209 - aiosqlite - DEBUG - executing functools.partial(<built-in method cursor of sqlite3.Connection object at 0x000002D04AD1B880>)
2026-03-04 15:27:15,210 - aiosqlite - DEBUG - operation functools.partial(<built-in method cursor of sqlite3.Connection object at 0x000002D04AD1B880>) completed
2026-03-04 15:27:15,210 - aiosqlite - DEBUG - executing functools.partial(<built-in method execute of sqlite3.Cursor object at 0x000002D04AD5F040>, 'SELECT products.id, products.name, products.description, products.price, products.image, products.category, products.size, products.color, products.stock, products.created_at \nFROM products ORDER BY products.id DESC\n LIMIT ? OFFSET ?', (100, 0))
2026-03-04 15:27:15,211 - aiosqlite - DEBUG - operation functools.partial(<built-in method execute of sqlite3.Cursor object at 0x000002D04AD5F040>, 'SELECT products.id, products.name, products.description, products.price, products.image, products.category, products.size, products.color, products.stock, products.created_at \nFROM products ORDER BY products.id DESC\n LIMIT ? OFFSET ?', (100, 0)) completed
2026-03-04 15:27:15,211 - aiosqlite - DEBUG - executing functools.partial(<built-in method fetchall of sqlite3.Cursor object at 0x000002D04AD5F040>)
2026-03-04 15:27:15,212 - aiosqlite - DEBUG - operation functools.partial(<built-in method fetchall of sqlite3.Cursor object at 0x000002D04AD5F040>) completed
2026-03-04 15:27:15,212 - aiosqlite - DEBUG - executing functools.partial(<built-in method close of sqlite3.Cursor object at 0x000002D04AD5F040>)
2026-03-04 15:27:15,212 - aiosqlite - DEBUG - operation functools.partial(<built-in method close of sqlite3.Cursor object at 0x000002D04AD5F040>) completed
2026-03-04 15:27:15,213 - routers.products - DEBUG - Found 9 productss
2026-03-04 15:27:15,213 - core.database - DEBUG - [DB_OP] Database session cleanup after 0.0095s
2026-03-04 15:27:15,213 - aiosqlite - DEBUG - executing functools.partial(<built-in method rollback of sqlite3.Connection object at 0x000002D04AD1B880>)
2026-03-04 15:27:15,213 - aiosqlite - DEBUG - operation functools.partial(<built-in method rollback of sqlite3.Connection object at 0x000002D04AD1B880>) completed
2026-03-04 15:27:15,214 - aiosqlite - DEBUG - executing functools.partial(<built-in method rollback of sqlite3.Connection object at 0x000002D04AD1B880>)
2026-03-04 15:27:15,214 - aiosqlite - DEBUG - operation functools.partial(<built-in method rollback of sqlite3.Connection object at 0x000002D04AD1B880>) completed
2026-03-04 15:27:15,214 - aiosqlite - DEBUG - executing functools.partial(<built-in method close of sqlite3.Connection object at 0x000002D04AD1B880>)
2026-03-04 15:27:15,214 - aiosqlite - DEBUG - operation functools.partial(<built-in method close of sqlite3.Connection object at 0x000002D04AD1B880>) completed
2026-03-04 15:27:16,720 - core.database - DEBUG - [DB_OP] Starting get_db session creation
2026-03-04 15:27:16,721 - core.database - DEBUG - [DB_OP] Database session created successfully in 0.0010s
2026-03-04 15:27:16,721 - routers.products - DEBUG - Querying productss: query=None, sort=None, skip=0, limit=1000, fields=None
2026-03-04 15:27:16,722 - aiosqlite - DEBUG - executing <function connect.<locals>.connector at 0x000002D04AD577E0>
2026-03-04 15:27:16,723 - aiosqlite - DEBUG - operation <function connect.<locals>.connector at 0x000002D04AD577E0> completed
2026-03-04 15:27:16,724 - aiosqlite - DEBUG - executing functools.partial(<built-in method create_function of sqlite3.Connection object at 0x000002D04AD1BB50>, 'regexp', 2, <function SQLiteDialect_pysqlite.on_connect.<locals>.regexp at 0x000002D04ACFCC20>, deterministic=True)
2026-03-04 15:27:16,724 - aiosqlite - DEBUG - operation functools.partial(<built-in method create_function of sqlite3.Connection object at 0x000002D04AD1BB50>, 'regexp', 2, <function SQLiteDialect_pysqlite.on_connect.<locals>.regexp at 0x000002D04ACFCC20>, deterministic=True) completed
2026-03-04 15:27:16,725 - aiosqlite - DEBUG - executing functools.partial(<built-in method create_function of sqlite3.Connection object at 0x000002D04AD1BB50>, 'floor', 1, <built-in function floor>, deterministic=True)
2026-03-04 15:27:16,725 - aiosqlite - DEBUG - operation functools.partial(<built-in method create_function of sqlite3.Connection object at 0x000002D04AD1BB50>, 'floor', 1, <built-in function floor>, deterministic=True) completed
2026-03-04 15:27:16,726 - aiosqlite - DEBUG - executing functools.partial(<built-in method cursor of sqlite3.Connection object at 0x000002D04AD1BB50>)
2026-03-04 15:27:16,726 - aiosqlite - DEBUG - operation functools.partial(<built-in method cursor of sqlite3.Connection object at 0x000002D04AD1BB50>) completed
2026-03-04 15:27:16,726 - aiosqlite - DEBUG - executing functools.partial(<built-in method execute of sqlite3.Cursor object at 0x000002D04AD5D9C0>, 'SELECT count(products.id) AS count_1 \nFROM products', ())
2026-03-04 15:27:16,727 - aiosqlite - DEBUG - operation functools.partial(<built-in method execute of sqlite3.Cursor object at 0x000002D04AD5D9C0>, 'SELECT count(products.id) AS count_1 \nFROM products', ()) completed
2026-03-04 15:27:16,727 - aiosqlite - DEBUG - executing functools.partial(<built-in method fetchall of sqlite3.Cursor object at 0x000002D04AD5D9C0>)
2026-03-04 15:27:16,727 - aiosqlite - DEBUG - operation functools.partial(<built-in method fetchall of sqlite3.Cursor object at 0x000002D04AD5D9C0>) completed
2026-03-04 15:27:16,728 - aiosqlite - DEBUG - executing functools.partial(<built-in method close of sqlite3.Cursor object at 0x000002D04AD5D9C0>)
2026-03-04 15:27:16,728 - aiosqlite - DEBUG - operation functools.partial(<built-in method close of sqlite3.Cursor object at 0x000002D04AD5D9C0>) completed
2026-03-04 15:27:16,728 - aiosqlite - DEBUG - executing functools.partial(<built-in method cursor of sqlite3.Connection object at 0x000002D04AD1BB50>)
2026-03-04 15:27:16,729 - aiosqlite - DEBUG - operation functools.partial(<built-in method cursor of sqlite3.Connection object at 0x000002D04AD1BB50>) completed
2026-03-04 15:27:16,729 - aiosqlite - DEBUG - executing functools.partial(<built-in method execute of sqlite3.Cursor object at 0x000002D04AD5D9C0>, 'SELECT products.id, products.name, products.description, products.price, products.image, products.category, products.size, products.color, products.stock, products.created_at \nFROM products ORDER BY products.id DESC\n LIMIT ? OFFSET ?', (1000, 0))
2026-03-04 15:27:16,730 - aiosqlite - DEBUG - operation functools.partial(<built-in method execute of sqlite3.Cursor object at 0x000002D04AD5D9C0>, 'SELECT products.id, products.name, products.description, products.price, products.image, products.category, products.size, products.color, products.stock, products.created_at \nFROM products ORDER BY products.id DESC\n LIMIT ? OFFSET ?', (1000, 0)) completed
2026-03-04 15:27:16,730 - aiosqlite - DEBUG - executing functools.partial(<built-in method fetchall of sqlite3.Cursor object at 0x000002D04AD5D9C0>)
2026-03-04 15:27:16,731 - aiosqlite - DEBUG - operation functools.partial(<built-in method fetchall of sqlite3.Cursor object at 0x000002D04AD5D9C0>) completed
2026-03-04 15:27:16,731 - aiosqlite - DEBUG - executing functools.partial(<built-in method close of sqlite3.Cursor object at 0x000002D04AD5D9C0>)
2026-03-04 15:27:16,731 - aiosqlite - DEBUG - operation functools.partial(<built-in method close of sqlite3.Cursor object at 0x000002D04AD5D9C0>) completed
2026-03-04 15:27:16,732 - routers.products - DEBUG - Found 9 productss
2026-03-04 15:27:16,732 - core.database - DEBUG - [DB_OP] Database session cleanup after 0.0120s
2026-03-04 15:27:16,733 - aiosqlite - DEBUG - executing functools.partial(<built-in method rollback of sqlite3.Connection object at 0x000002D04AD1BB50>)
2026-03-04 15:27:16,733 - aiosqlite - DEBUG - operation functools.partial(<built-in method rollback of sqlite3.Connection object at 0x000002D04AD1BB50>) completed
2026-03-04 15:27:16,733 - aiosqlite - DEBUG - executing functools.partial(<built-in method rollback of sqlite3.Connection object at 0x000002D04AD1BB50>)
2026-03-04 15:27:16,733 - aiosqlite - DEBUG - operation functools.partial(<built-in method rollback of sqlite3.Connection object at 0x000002D04AD1BB50>) completed
2026-03-04 15:27:16,734 - aiosqlite - DEBUG - executing functools.partial(<built-in method close of sqlite3.Connection object at 0x000002D04AD1BB50>)
2026-03-04 15:27:16,734 - aiosqlite - DEBUG - operation functools.partial(<built-in method close of sqlite3.Connection object at 0x000002D04AD1BB50>) completed
2026-03-04 15:28:31,974 - core.database - DEBUG - [DB_OP] Starting get_db session creation
2026-03-04 15:28:31,974 - core.database - DEBUG - [DB_OP] Database session created successfully in 0.0000s
2026-03-04 15:28:31,975 - routers.products - DEBUG - Querying productss: query=None, sort=None, skip=0, limit=100, fields=None
2026-03-04 15:28:31,976 - aiosqlite - DEBUG - executing <function connect.<locals>.connector at 0x000002D04AD56340>
2026-03-04 15:28:31,976 - aiosqlite - DEBUG - operation <function connect.<locals>.connector at 0x000002D04AD56340> completed
2026-03-04 15:28:31,977 - aiosqlite - DEBUG - executing functools.partial(<built-in method create_function of sqlite3.Connection object at 0x000002D04AD1A890>, 'regexp', 2, <function SQLiteDialect_pysqlite.on_connect.<locals>.regexp at 0x000002D04ACFCC20>, deterministic=True)
2026-03-04 15:28:31,977 - aiosqlite - DEBUG - operation functools.partial(<built-in method create_function of sqlite3.Connection object at 0x000002D04AD1A890>, 'regexp', 2, <function SQLiteDialect_pysqlite.on_connect.<locals>.regexp at 0x000002D04ACFCC20>, deterministic=True) completed
2026-03-04 15:28:31,977 - aiosqlite - DEBUG - executing functools.partial(<built-in method create_function of sqlite3.Connection object at 0x000002D04AD1A890>, 'floor', 1, <built-in function floor>, deterministic=True)
2026-03-04 15:28:31,977 - aiosqlite - DEBUG - operation functools.partial(<built-in method create_function of sqlite3.Connection object at 0x000002D04AD1A890>, 'floor', 1, <built-in function floor>, deterministic=True) completed
2026-03-04 15:28:31,978 - aiosqlite - DEBUG - executing functools.partial(<built-in method cursor of sqlite3.Connection object at 0x000002D04AD1A890>)
2026-03-04 15:28:31,978 - aiosqlite - DEBUG - operation functools.partial(<built-in method cursor of sqlite3.Connection object at 0x000002D04AD1A890>) completed
2026-03-04 15:28:31,979 - aiosqlite - DEBUG - executing functools.partial(<built-in method execute of sqlite3.Cursor object at 0x000002D04AD5C4C0>, 'SELECT count(products.id) AS count_1 \nFROM products', ())
2026-03-04 15:28:31,981 - aiosqlite - DEBUG - operation functools.partial(<built-in method execute of sqlite3.Cursor object at 0x000002D04AD5C4C0>, 'SELECT count(products.id) AS count_1 \nFROM products', ()) completed
2026-03-04 15:28:31,981 - aiosqlite - DEBUG - executing functools.partial(<built-in method fetchall of sqlite3.Cursor object at 0x000002D04AD5C4C0>)
2026-03-04 15:28:31,981 - aiosqlite - DEBUG - operation functools.partial(<built-in method fetchall of sqlite3.Cursor object at 0x000002D04AD5C4C0>) completed
2026-03-04 15:28:31,982 - aiosqlite - DEBUG - executing functools.partial(<built-in method close of sqlite3.Cursor object at 0x000002D04AD5C4C0>)
2026-03-04 15:28:31,982 - aiosqlite - DEBUG - operation functools.partial(<built-in method close of sqlite3.Cursor object at 0x000002D04AD5C4C0>) completed
2026-03-04 15:28:31,983 - aiosqlite - DEBUG - executing functools.partial(<built-in method cursor of sqlite3.Connection object at 0x000002D04AD1A890>)
2026-03-04 15:28:31,983 - aiosqlite - DEBUG - operation functools.partial(<built-in method cursor of sqlite3.Connection object at 0x000002D04AD1A890>) completed
2026-03-04 15:28:31,984 - aiosqlite - DEBUG - executing functools.partial(<built-in method execute of sqlite3.Cursor object at 0x000002D04AD5C4C0>, 'SELECT products.id, products.name, products.description, products.price, products.image, products.category, products.size, products.color, products.stock, products.created_at \nFROM products ORDER BY products.id DESC\n LIMIT ? OFFSET ?', (100, 0))
2026-03-04 15:28:31,985 - aiosqlite - DEBUG - operation functools.partial(<built-in method execute of sqlite3.Cursor object at 0x000002D04AD5C4C0>, 'SELECT products.id, products.name, products.description, products.price, products.image, products.category, products.size, products.color, products.stock, products.created_at \nFROM products ORDER BY products.id DESC\n LIMIT ? OFFSET ?', (100, 0)) completed
2026-03-04 15:28:31,987 - aiosqlite - DEBUG - executing functools.partial(<built-in method fetchall of sqlite3.Cursor object at 0x000002D04AD5C4C0>)
2026-03-04 15:28:31,988 - aiosqlite - DEBUG - operation functools.partial(<built-in method fetchall of sqlite3.Cursor object at 0x000002D04AD5C4C0>) completed
2026-03-04 15:28:31,988 - aiosqlite - DEBUG - executing functools.partial(<built-in method close of sqlite3.Cursor object at 0x000002D04AD5C4C0>)
2026-03-04 15:28:31,988 - aiosqlite - DEBUG - operation functools.partial(<built-in method close of sqlite3.Cursor object at 0x000002D04AD5C4C0>) completed
2026-03-04 15:28:31,989 - routers.products - DEBUG - Found 9 productss
2026-03-04 15:28:31,990 - core.database - DEBUG - [DB_OP] Database session cleanup after 0.0170s
2026-03-04 15:28:31,990 - aiosqlite - DEBUG - executing functools.partial(<built-in method rollback of sqlite3.Connection object at 0x000002D04AD1A890>)
2026-03-04 15:28:31,991 - aiosqlite - DEBUG - operation functools.partial(<built-in method rollback of sqlite3.Connection object at 0x000002D04AD1A890>) completed
2026-03-04 15:28:31,991 - aiosqlite - DEBUG - executing functools.partial(<built-in method rollback of sqlite3.Connection object at 0x000002D04AD1A890>)
2026-03-04 15:28:31,991 - aiosqlite - DEBUG - operation functools.partial(<built-in method rollback of sqlite3.Connection object at 0x000002D04AD1A890>) completed
2026-03-04 15:28:31,992 - aiosqlite - DEBUG - executing functools.partial(<built-in method close of sqlite3.Connection object at 0x000002D04AD1A890>)
2026-03-04 15:28:31,992 - aiosqlite - DEBUG - operation functools.partial(<built-in method close of sqlite3.Connection object at 0x000002D04AD1A890>) completed
2026-03-04 15:29:21,695 - core.database - DEBUG - [DB_OP] Starting get_db session creation
2026-03-04 15:29:21,695 - core.database - DEBUG - [DB_OP] Database session created successfully in 0.0000s
2026-03-04 15:29:21,696 - routers.products - DEBUG - Creating new products with data: name='G2 ESPORTS - PRO KIT 2025 - JERSEY. Giá TRỊ và Liên Minh Huyền Thoại E-sports Nam Thể Thao' description='Chào mừng đến với cửa hàng của chúng tôi!Trong trường hợp bình thường, chúng tôi sẽ chuyển hàng trong vòng 1-2 ngày (sẽ có sự chậm trễ trong các ngày lễ). Sau khi giao hàng, nó có thể đến Việt Nam, Philippines và Malaysia trong khoảng 6 ngày sau khi giao hàng!\n\nHãy đến với cửa hàng của chúng tôi, nếu bạn có bất kỳ câu hỏi nào, xin vui lòng liên hệ với chúng tôi, và chúng tôi sẽ giải quyết tất cả các vấn đề của bạn ở lần đầu tiên.\n\nThông tin sản phẩm:\n\nThành phần vải chính: sợi polyeste (polyeste)\n\nHàm lượng các thành phần vải chính: 95\n\nĐộ dày: Bình thường\n\nPhiên bản: Lỏng lẻo\n\nQuy trình: in kỹ thuật số\n\nLưu ý:\n\n1. Vui lòng đọc thông tin kích thước trước khi chọn kích thước, cảm ơn bạn.\n\nĐơn vị: cm, 1 inch = 2,54 cm; Kích thước người lớn: xs-5XL.\n\n2. Hình ảnh chỉ hiển thị mẫu. Hình ảnh hơi khác so với vật thể thực do ánh sáng, môi trường, máy ảnh và các hiệu ứng khác nhau\n\n3. Sẽ có 1-3 cm lỗi trong đo lường hướng dẫn sử dụng, xin vui lòng hiểu.\n\nCảm ơn bạn.\n\nCảm ơn bạn đã ghé thăm cửa hàng của chúng tôi.\n\nLoại da: Không có\n\nMô hình: Khác, Tie Dye, Print\n\nChiều dài hàng đầu: Dài\n\nPhù hợp cao: Không\n\nChiều dài tay áo: Tay áo ngắn\n\nĐường viền cổ áo: cổ tròn\n\nLoại phù hợp hàng đầu: Cổ điển\n\nCộng với kích thước: Có\n\nPhong cách: Thể thao, Được thiết kế riêng, Sự kiện thể thao, Sự kiện chơi game (E - sự kiện thể thao)\n\nChất liệu: Những người khác\n\nMùa: mùa hè\n\nNước sản xuất: Trung Quốc Chào mừng đến với cửa hàng của chúng tôi\n\nHãy đến với cửa hàng của chúng tôi, nếu bạn có bất kỳ câu hỏi nào, xin vui lòng liên hệ với chúng tôi, và chúng tôi sẽ giải quyết tất cả các vấn đề của bạn ở lần đầu tiên.\n\nThông tin sản phẩm:\n\nThành phần vải chính: sợi polyeste (polyeste)\n\nHàm lượng các thành phần vải chính: 95\n\nĐộ dày: Bình thường\n\nPhiên bản: Lỏng lẻo\n\nQuy trình: in kỹ thuật số\n\nLưu ý:\n\n1. Vui lòng đọc thông tin kích thước trước khi chọn kích thước, cảm ơn bạn.\n\nĐơn vị: cm, 1 inch = 2,54 cm; Kích thước người lớn: s-5XL.\n\n2. Hình ảnh chỉ hiển thị mẫu. Hình ảnh hơi khác so với vật thể thực do ánh sáng, môi trường, máy ảnh và các hiệu ứng khác nhau\n\n3. Sẽ có 1-3 cm lỗi trong đo lường hướng dẫn sử dụng, xin vui lòng hiểu.\n\nCảm ơn bạn.\n\nCảm ơn bạn đã ghé thăm cửa hàng của chúng tôi.\n\nLoại da: Không có\n\nMô hình: Khác, Tie Dye, Print\n\nChiều dài hàng đầu: Dài\n\nPhù hợp cao: Không\n\nChiều dài tay áo\n\nChức năng trang phục: Dry Fit\n\nMô hình: In\n\nNén mài mòn: Có\n\nChất liệu: Khác, Polyester\n\nNam giới\n\nLoại thể thao: Khác' price=129600.0 image='https://down-vn.img.susercontent.com/file/sg-11134201-7ra13-m5aat0opnedc72.webp' category='T-Shirts' size='2XL' color='Đen' stock=77 created_at=None
2026-03-04 15:29:21,698 - aiosqlite - DEBUG - executing <function connect.<locals>.connector at 0x000002D04AD560C0>
2026-03-04 15:29:21,698 - aiosqlite - DEBUG - operation <function connect.<locals>.connector at 0x000002D04AD560C0> completed
2026-03-04 15:29:21,699 - aiosqlite - DEBUG - executing functools.partial(<built-in method create_function of sqlite3.Connection object at 0x000002D04AD1BC40>, 'regexp', 2, <function SQLiteDialect_pysqlite.on_connect.<locals>.regexp at 0x000002D04ACFCC20>, deterministic=True)
2026-03-04 15:29:21,699 - aiosqlite - DEBUG - operation functools.partial(<built-in method create_function of sqlite3.Connection object at 0x000002D04AD1BC40>, 'regexp', 2, <function SQLiteDialect_pysqlite.on_connect.<locals>.regexp at 0x000002D04ACFCC20>, deterministic=True) completed
2026-03-04 15:29:21,699 - aiosqlite - DEBUG - executing functools.partial(<built-in method create_function of sqlite3.Connection object at 0x000002D04AD1BC40>, 'floor', 1, <built-in function floor>, deterministic=True)
2026-03-04 15:29:21,700 - aiosqlite - DEBUG - operation functools.partial(<built-in method create_function of sqlite3.Connection object at 0x000002D04AD1BC40>, 'floor', 1, <built-in function floor>, deterministic=True) completed
2026-03-04 15:29:21,700 - aiosqlite - DEBUG - executing functools.partial(<built-in method cursor of sqlite3.Connection object at 0x000002D04AD1BC40>)
2026-03-04 15:29:21,701 - aiosqlite - DEBUG - operation functools.partial(<built-in method cursor of sqlite3.Connection object at 0x000002D04AD1BC40>) completed
2026-03-04 15:29:21,701 - aiosqlite - DEBUG - executing functools.partial(<built-in method execute of sqlite3.Cursor object at 0x000002D04AD5C8C0>, 'INSERT INTO products (name, description, price, image, category, size, color, stock, created_at) VALUES (?, ?, ?, ?, ?, ?, ?, ?, ?)', ('G2 ESPORTS - PRO KIT 2025 - JERSEY. Giá TRỊ và Liên Minh Huyền Thoại E-sports Nam Thể Thao', 'Chào mừng đến với cửa hàng của chúng tôi!Trong trường hợp bình thường, chúng tôi sẽ chuyển hàng trong vòng 1-2 ngày (sẽ có sự chậm trễ trong các ngày lễ). Sau khi giao hàng, nó có thể đến Việt Nam, Philippines và Malaysia trong khoảng 6 ngày sau khi giao hàng!\n\nHãy đến với cửa hàng của chúng tôi, nếu bạn có bất kỳ câu hỏi nào, xin vui lòng liên hệ với chúng tôi, và chúng tôi sẽ giải quyết tất cả các vấn đề của bạn ở lần đầu tiên.\n\nThông tin sản phẩm:\n\nThành phần vải chính: sợi polyeste (polyeste)\n\nHàm lượng các thành phần vải chính: 95\n\nĐộ dày: Bình thường\n\nPhiên bản: Lỏng lẻo\n\nQuy trình: in kỹ thuật số\n\nLưu ý:\n\n1. Vui lòng đọc thông tin kích thước trước khi chọn kích thước, cảm ơn bạn.\n\nĐơn vị: cm, 1 inch = 2,54 cm; Kích thước người lớn: xs-5XL.\n\n2. Hình ảnh chỉ hiển thị mẫu. Hình ảnh hơi khác so với vật thể thực do ánh sáng, môi trường, máy ảnh và các hiệu ứng khác nhau\n\n3. Sẽ có 1-3 cm lỗi trong đo lường hướng dẫn sử dụng, xin vui lòng hiểu.\n\nCảm ơn bạn.\n\nCảm ơn bạn đã ghé thăm cửa hàng của chúng tôi.\n\nLoại da: Không có\n\nMô hình: Khác, Tie Dye, Print\n\nChiều dài hàng đầu: Dài\n\nPhù hợp cao: Không\n\nChiều dài tay áo: Tay áo ngắn\n\nĐường viền cổ áo: cổ tròn\n\nLoại phù hợp hàng đầu: Cổ điển\n\nCộng với kích thước: Có\n\nPhong cách: Thể thao, Được thiết kế riêng, Sự kiện thể thao, Sự kiện chơi game (E - sự kiện thể thao)\n\nChất liệu: Những người khác\n\nMùa: mùa hè\n\nNước sản xuất: Trung Quốc Chào mừng đến với cửa hàng của chúng tôi\n\nHãy đến với cửa hàng của chúng tôi, nếu bạn có bất kỳ câu hỏi nào, xin vui lòng liên hệ với chúng tôi, và chúng tôi sẽ giải quyết tất cả các vấn đề của bạn ở lần đầu tiên.\n\nThông tin sản phẩm:\n\nThành phần vải chính: sợi polyeste (polyeste)\n\nHàm lượng các thành phần vải chính: 95\n\nĐộ dày: Bình thường\n\nPhiên bản: Lỏng lẻo\n\nQuy trình: in kỹ thuật số\n\nLưu ý:\n\n1. Vui lòng đọc thông tin kích thước trước khi chọn kích thước, cảm ơn bạn.\n\nĐơn vị: cm, 1 inch = 2,54 cm; Kích thước người lớn: s-5XL.\n\n2. Hình ảnh chỉ hiển thị mẫu. Hình ảnh hơi khác so với vật thể thực do ánh sáng, môi trường, máy ảnh và các hiệu ứng khác nhau\n\n3. Sẽ có 1-3 cm lỗi trong đo lường hướng dẫn sử dụng, xin vui lòng hiểu.\n\nCảm ơn bạn.\n\nCảm ơn bạn đã ghé thăm cửa hàng của chúng tôi.\n\nLoại da: Không có\n\nMô hình: Khác, Tie Dye, Print\n\nChiều dài hàng đầu: Dài\n\nPhù hợp cao: Không\n\nChiều dài tay áo\n\nChức năng trang phục: Dry Fit\n\nMô hình: In\n\nNén mài mòn: Có\n\nChất liệu: Khác, Polyester\n\nNam giới\n\nLoại thể thao: Khác', 129600.0, 'https://down-vn.img.susercontent.com/file/sg-11134201-7ra13-m5aat0opnedc72.webp', 'T-Shirts', '2XL', 'Đen', 77, None))
2026-03-04 15:29:21,704 - aiosqlite - DEBUG - operation functools.partial(<built-in method execute of sqlite3.Cursor object at 0x000002D04AD5C8C0>, 'INSERT INTO products (name, description, price, image, category, size, color, stock, created_at) VALUES (?, ?, ?, ?, ?, ?, ?, ?, ?)', ('G2 ESPORTS - PRO KIT 2025 - JERSEY. Giá TRỊ và Liên Minh Huyền Thoại E-sports Nam Thể Thao', 'Chào mừng đến với cửa hàng của chúng tôi!Trong trường hợp bình thường, chúng tôi sẽ chuyển hàng trong vòng 1-2 ngày (sẽ có sự chậm trễ trong các ngày lễ). Sau khi giao hàng, nó có thể đến Việt Nam, Philippines và Malaysia trong khoảng 6 ngày sau khi giao hàng!\n\nHãy đến với cửa hàng của chúng tôi, nếu bạn có bất kỳ câu hỏi nào, xin vui lòng liên hệ với chúng tôi, và chúng tôi sẽ giải quyết tất cả các vấn đề của bạn ở lần đầu tiên.\n\nThông tin sản phẩm:\n\nThành phần vải chính: sợi polyeste (polyeste)\n\nHàm lượng các thành phần vải chính: 95\n\nĐộ dày: Bình thường\n\nPhiên bản: Lỏng lẻo\n\nQuy trình: in kỹ thuật số\n\nLưu ý:\n\n1. Vui lòng đọc thông tin kích thước trước khi chọn kích thước, cảm ơn bạn.\n\nĐơn vị: cm, 1 inch = 2,54 cm; Kích thước người lớn: xs-5XL.\n\n2. Hình ảnh chỉ hiển thị mẫu. Hình ảnh hơi khác so với vật thể thực do ánh sáng, môi trường, máy ảnh và các hiệu ứng khác nhau\n\n3. Sẽ có 1-3 cm lỗi trong đo lường hướng dẫn sử dụng, xin vui lòng hiểu.\n\nCảm ơn bạn.\n\nCảm ơn bạn đã ghé thăm cửa hàng của chúng tôi.\n\nLoại da: Không có\n\nMô hình: Khác, Tie Dye, Print\n\nChiều dài hàng đầu: Dài\n\nPhù hợp cao: Không\n\nChiều dài tay áo: Tay áo ngắn\n\nĐường viền cổ áo: cổ tròn\n\nLoại phù hợp hàng đầu: Cổ điển\n\nCộng với kích thước: Có\n\nPhong cách: Thể thao, Được thiết kế riêng, Sự kiện thể thao, Sự kiện chơi game (E - sự kiện thể thao)\n\nChất liệu: Những người khác\n\nMùa: mùa hè\n\nNước sản xuất: Trung Quốc Chào mừng đến với cửa hàng của chúng tôi\n\nHãy đến với cửa hàng của chúng tôi, nếu bạn có bất kỳ câu hỏi nào, xin vui lòng liên hệ với chúng tôi, và chúng tôi sẽ giải quyết tất cả các vấn đề của bạn ở lần đầu tiên.\n\nThông tin sản phẩm:\n\nThành phần vải chính: sợi polyeste (polyeste)\n\nHàm lượng các thành phần vải chính: 95\n\nĐộ dày: Bình thường\n\nPhiên bản: Lỏng lẻo\n\nQuy trình: in kỹ thuật số\n\nLưu ý:\n\n1. Vui lòng đọc thông tin kích thước trước khi chọn kích thước, cảm ơn bạn.\n\nĐơn vị: cm, 1 inch = 2,54 cm; Kích thước người lớn: s-5XL.\n\n2. Hình ảnh chỉ hiển thị mẫu. Hình ảnh hơi khác so với vật thể thực do ánh sáng, môi trường, máy ảnh và các hiệu ứng khác nhau\n\n3. Sẽ có 1-3 cm lỗi trong đo lường hướng dẫn sử dụng, xin vui lòng hiểu.\n\nCảm ơn bạn.\n\nCảm ơn bạn đã ghé thăm cửa hàng của chúng tôi.\n\nLoại da: Không có\n\nMô hình: Khác, Tie Dye, Print\n\nChiều dài hàng đầu: Dài\n\nPhù hợp cao: Không\n\nChiều dài tay áo\n\nChức năng trang phục: Dry Fit\n\nMô hình: In\n\nNén mài mòn: Có\n\nChất liệu: Khác, Polyester\n\nNam giới\n\nLoại thể thao: Khác', 129600.0, 'https://down-vn.img.susercontent.com/file/sg-11134201-7ra13-m5aat0opnedc72.webp', 'T-Shirts', '2XL', 'Đen', 77, None)) completed
2026-03-04 15:29:21,706 - aiosqlite - DEBUG - executing functools.partial(<built-in method close of sqlite3.Cursor object at 0x000002D04AD5C8C0>)
2026-03-04 15:29:21,707 - aiosqlite - DEBUG - operation functools.partial(<built-in method close of sqlite3.Cursor object at 0x000002D04AD5C8C0>) completed
2026-03-04 15:29:21,708 - aiosqlite - DEBUG - executing functools.partial(<built-in method commit of sqlite3.Connection object at 0x000002D04AD1BC40>)
2026-03-04 15:29:21,711 - aiosqlite - DEBUG - operation functools.partial(<built-in method commit of sqlite3.Connection object at 0x000002D04AD1BC40>) completed
2026-03-04 15:29:21,712 - aiosqlite - DEBUG - executing functools.partial(<built-in method rollback of sqlite3.Connection object at 0x000002D04AD1BC40>)
2026-03-04 15:29:21,712 - aiosqlite - DEBUG - operation functools.partial(<built-in method rollback of sqlite3.Connection object at 0x000002D04AD1BC40>) completed
2026-03-04 15:29:21,712 - aiosqlite - DEBUG - executing functools.partial(<built-in method close of sqlite3.Connection object at 0x000002D04AD1BC40>)
2026-03-04 15:29:21,713 - aiosqlite - DEBUG - operation functools.partial(<built-in method close of sqlite3.Connection object at 0x000002D04AD1BC40>) completed
2026-03-04 15:29:21,714 - aiosqlite - DEBUG - executing <function connect.<locals>.connector at 0x000002D04AD57A60>
2026-03-04 15:29:21,716 - aiosqlite - DEBUG - operation <function connect.<locals>.connector at 0x000002D04AD57A60> completed
2026-03-04 15:29:21,717 - aiosqlite - DEBUG - executing functools.partial(<built-in method create_function of sqlite3.Connection object at 0x000002D04AD1BC40>, 'regexp', 2, <function SQLiteDialect_pysqlite.on_connect.<locals>.regexp at 0x000002D04ACFCC20>, deterministic=True)
2026-03-04 15:29:21,719 - aiosqlite - DEBUG - operation functools.partial(<built-in method create_function of sqlite3.Connection object at 0x000002D04AD1BC40>, 'regexp', 2, <function SQLiteDialect_pysqlite.on_connect.<locals>.regexp at 0x000002D04ACFCC20>, deterministic=True) completed
2026-03-04 15:29:21,720 - aiosqlite - DEBUG - executing functools.partial(<built-in method create_function of sqlite3.Connection object at 0x000002D04AD1BC40>, 'floor', 1, <built-in function floor>, deterministic=True)
2026-03-04 15:29:21,720 - aiosqlite - DEBUG - operation functools.partial(<built-in method create_function of sqlite3.Connection object at 0x000002D04AD1BC40>, 'floor', 1, <built-in function floor>, deterministic=True) completed
2026-03-04 15:29:21,720 - aiosqlite - DEBUG - executing functools.partial(<built-in method cursor of sqlite3.Connection object at 0x000002D04AD1BC40>)
2026-03-04 15:29:21,721 - aiosqlite - DEBUG - operation functools.partial(<built-in method cursor of sqlite3.Connection object at 0x000002D04AD1BC40>) completed
2026-03-04 15:29:21,721 - aiosqlite - DEBUG - executing functools.partial(<built-in method execute of sqlite3.Cursor object at 0x000002D04AD5C6C0>, 'SELECT products.id, products.name, products.description, products.price, products.image, products.category, products.size, products.color, products.stock, products.created_at \nFROM products \nWHERE products.id = ?', (10,))
2026-03-04 15:29:21,721 - aiosqlite - DEBUG - operation functools.partial(<built-in method execute of sqlite3.Cursor object at 0x000002D04AD5C6C0>, 'SELECT products.id, products.name, products.description, products.price, products.image, products.category, products.size, products.color, products.stock, products.created_at \nFROM products \nWHERE products.id = ?', (10,)) completed
2026-03-04 15:29:21,722 - aiosqlite - DEBUG - executing functools.partial(<built-in method fetchall of sqlite3.Cursor object at 0x000002D04AD5C6C0>)
2026-03-04 15:29:21,722 - aiosqlite - DEBUG - operation functools.partial(<built-in method fetchall of sqlite3.Cursor object at 0x000002D04AD5C6C0>) completed
2026-03-04 15:29:21,723 - aiosqlite - DEBUG - executing functools.partial(<built-in method close of sqlite3.Cursor object at 0x000002D04AD5C6C0>)
2026-03-04 15:29:21,723 - aiosqlite - DEBUG - operation functools.partial(<built-in method close of sqlite3.Cursor object at 0x000002D04AD5C6C0>) completed
2026-03-04 15:29:21,725 - services.products - INFO - Created products with id: 10
2026-03-04 15:29:21,725 - routers.products - INFO - Products created successfully with id: 10
2026-03-04 15:29:21,725 - core.database - DEBUG - [DB_OP] Database session cleanup after 0.0292s
2026-03-04 15:29:21,726 - aiosqlite - DEBUG - executing functools.partial(<built-in method rollback of sqlite3.Connection object at 0x000002D04AD1BC40>)
2026-03-04 15:29:21,726 - aiosqlite - DEBUG - operation functools.partial(<built-in method rollback of sqlite3.Connection object at 0x000002D04AD1BC40>) completed
2026-03-04 15:29:21,727 - aiosqlite - DEBUG - executing functools.partial(<built-in method rollback of sqlite3.Connection object at 0x000002D04AD1BC40>)
2026-03-04 15:29:21,727 - aiosqlite - DEBUG - operation functools.partial(<built-in method rollback of sqlite3.Connection object at 0x000002D04AD1BC40>) completed
2026-03-04 15:29:21,727 - aiosqlite - DEBUG - executing functools.partial(<built-in method close of sqlite3.Connection object at 0x000002D04AD1BC40>)
2026-03-04 15:29:21,727 - aiosqlite - DEBUG - operation functools.partial(<built-in method close of sqlite3.Connection object at 0x000002D04AD1BC40>) completed
2026-03-04 15:29:21,731 - core.database - DEBUG - [DB_OP] Starting get_db session creation
2026-03-04 15:29:21,731 - core.database - DEBUG - [DB_OP] Database session created successfully in 0.0000s
2026-03-04 15:29:21,732 - routers.products - DEBUG - Querying productss: query=None, sort=None, skip=0, limit=100, fields=None
2026-03-04 15:29:21,733 - aiosqlite - DEBUG - executing <function connect.<locals>.connector at 0x000002D04ACFDC60>
2026-03-04 15:29:21,733 - aiosqlite - DEBUG - operation <function connect.<locals>.connector at 0x000002D04ACFDC60> completed
2026-03-04 15:29:21,733 - aiosqlite - DEBUG - executing functools.partial(<built-in method create_function of sqlite3.Connection object at 0x000002D04AD1BB50>, 'regexp', 2, <function SQLiteDialect_pysqlite.on_connect.<locals>.regexp at 0x000002D04ACFCC20>, deterministic=True)
2026-03-04 15:29:21,734 - aiosqlite - DEBUG - operation functools.partial(<built-in method create_function of sqlite3.Connection object at 0x000002D04AD1BB50>, 'regexp', 2, <function SQLiteDialect_pysqlite.on_connect.<locals>.regexp at 0x000002D04ACFCC20>, deterministic=True) completed
2026-03-04 15:29:21,734 - aiosqlite - DEBUG - executing functools.partial(<built-in method create_function of sqlite3.Connection object at 0x000002D04AD1BB50>, 'floor', 1, <built-in function floor>, deterministic=True)
2026-03-04 15:29:21,734 - aiosqlite - DEBUG - operation functools.partial(<built-in method create_function of sqlite3.Connection object at 0x000002D04AD1BB50>, 'floor', 1, <built-in function floor>, deterministic=True) completed
2026-03-04 15:29:21,735 - aiosqlite - DEBUG - executing functools.partial(<built-in method cursor of sqlite3.Connection object at 0x000002D04AD1BB50>)
2026-03-04 15:29:21,735 - aiosqlite - DEBUG - operation functools.partial(<built-in method cursor of sqlite3.Connection object at 0x000002D04AD1BB50>) completed
2026-03-04 15:29:21,736 - aiosqlite - DEBUG - executing functools.partial(<built-in method execute of sqlite3.Cursor object at 0x000002D04AD5EEC0>, 'SELECT count(products.id) AS count_1 \nFROM products', ())
2026-03-04 15:29:21,736 - aiosqlite - DEBUG - operation functools.partial(<built-in method execute of sqlite3.Cursor object at 0x000002D04AD5EEC0>, 'SELECT count(products.id) AS count_1 \nFROM products', ()) completed
2026-03-04 15:29:21,736 - aiosqlite - DEBUG - executing functools.partial(<built-in method fetchall of sqlite3.Cursor object at 0x000002D04AD5EEC0>)
2026-03-04 15:29:21,736 - aiosqlite - DEBUG - operation functools.partial(<built-in method fetchall of sqlite3.Cursor object at 0x000002D04AD5EEC0>) completed
2026-03-04 15:29:21,737 - aiosqlite - DEBUG - executing functools.partial(<built-in method close of sqlite3.Cursor object at 0x000002D04AD5EEC0>)
2026-03-04 15:29:21,737 - aiosqlite - DEBUG - operation functools.partial(<built-in method close of sqlite3.Cursor object at 0x000002D04AD5EEC0>) completed
2026-03-04 15:29:21,738 - aiosqlite - DEBUG - executing functools.partial(<built-in method cursor of sqlite3.Connection object at 0x000002D04AD1BB50>)
2026-03-04 15:29:21,739 - aiosqlite - DEBUG - operation functools.partial(<built-in method cursor of sqlite3.Connection object at 0x000002D04AD1BB50>) completed
2026-03-04 15:29:21,739 - aiosqlite - DEBUG - executing functools.partial(<built-in method execute of sqlite3.Cursor object at 0x000002D04AD5EEC0>, 'SELECT products.id, products.name, products.description, products.price, products.image, products.category, products.size, products.color, products.stock, products.created_at \nFROM products ORDER BY products.id DESC\n LIMIT ? OFFSET ?', (100, 0))
2026-03-04 15:29:21,740 - aiosqlite - DEBUG - operation functools.partial(<built-in method execute of sqlite3.Cursor object at 0x000002D04AD5EEC0>, 'SELECT products.id, products.name, products.description, products.price, products.image, products.category, products.size, products.color, products.stock, products.created_at \nFROM products ORDER BY products.id DESC\n LIMIT ? OFFSET ?', (100, 0)) completed
2026-03-04 15:29:21,741 - aiosqlite - DEBUG - executing functools.partial(<built-in method fetchall of sqlite3.Cursor object at 0x000002D04AD5EEC0>)
2026-03-04 15:29:21,741 - aiosqlite - DEBUG - operation functools.partial(<built-in method fetchall of sqlite3.Cursor object at 0x000002D04AD5EEC0>) completed
2026-03-04 15:29:21,742 - aiosqlite - DEBUG - executing functools.partial(<built-in method close of sqlite3.Cursor object at 0x000002D04AD5EEC0>)
2026-03-04 15:29:21,742 - aiosqlite - DEBUG - operation functools.partial(<built-in method close of sqlite3.Cursor object at 0x000002D04AD5EEC0>) completed
2026-03-04 15:29:21,744 - routers.products - DEBUG - Found 10 productss
2026-03-04 15:29:21,744 - core.database - DEBUG - [DB_OP] Database session cleanup after 0.0131s
2026-03-04 15:29:21,745 - aiosqlite - DEBUG - executing functools.partial(<built-in method rollback of sqlite3.Connection object at 0x000002D04AD1BB50>)
2026-03-04 15:29:21,745 - aiosqlite - DEBUG - operation functools.partial(<built-in method rollback of sqlite3.Connection object at 0x000002D04AD1BB50>) completed
2026-03-04 15:29:21,746 - aiosqlite - DEBUG - executing functools.partial(<built-in method rollback of sqlite3.Connection object at 0x000002D04AD1BB50>)
2026-03-04 15:29:21,746 - aiosqlite - DEBUG - operation functools.partial(<built-in method rollback of sqlite3.Connection object at 0x000002D04AD1BB50>) completed
2026-03-04 15:29:21,747 - aiosqlite - DEBUG - executing functools.partial(<built-in method close of sqlite3.Connection object at 0x000002D04AD1BB50>)
2026-03-04 15:29:21,747 - aiosqlite - DEBUG - operation functools.partial(<built-in method close of sqlite3.Connection object at 0x000002D04AD1BB50>) completed
2026-03-04 15:29:23,514 - core.database - DEBUG - [DB_OP] Starting get_db session creation
2026-03-04 15:29:23,515 - core.database - DEBUG - [DB_OP] Database session created successfully in 0.0010s
2026-03-04 15:29:23,515 - routers.products - DEBUG - Querying productss: query=None, sort=None, skip=0, limit=1000, fields=None
2026-03-04 15:29:23,516 - aiosqlite - DEBUG - executing <function connect.<locals>.connector at 0x000002D04ACFDE40>
2026-03-04 15:29:23,516 - aiosqlite - DEBUG - operation <function connect.<locals>.connector at 0x000002D04ACFDE40> completed
2026-03-04 15:29:23,517 - aiosqlite - DEBUG - executing functools.partial(<built-in method create_function of sqlite3.Connection object at 0x000002D04AD1BE20>, 'regexp', 2, <function SQLiteDialect_pysqlite.on_connect.<locals>.regexp at 0x000002D04ACFCC20>, deterministic=True)
2026-03-04 15:29:23,517 - aiosqlite - DEBUG - operation functools.partial(<built-in method create_function of sqlite3.Connection object at 0x000002D04AD1BE20>, 'regexp', 2, <function SQLiteDialect_pysqlite.on_connect.<locals>.regexp at 0x000002D04ACFCC20>, deterministic=True) completed
2026-03-04 15:29:23,518 - aiosqlite - DEBUG - executing functools.partial(<built-in method create_function of sqlite3.Connection object at 0x000002D04AD1BE20>, 'floor', 1, <built-in function floor>, deterministic=True)
2026-03-04 15:29:23,518 - aiosqlite - DEBUG - operation functools.partial(<built-in method create_function of sqlite3.Connection object at 0x000002D04AD1BE20>, 'floor', 1, <built-in function floor>, deterministic=True) completed
2026-03-04 15:29:23,519 - aiosqlite - DEBUG - executing functools.partial(<built-in method cursor of sqlite3.Connection object at 0x000002D04AD1BE20>)
2026-03-04 15:29:23,519 - aiosqlite - DEBUG - operation functools.partial(<built-in method cursor of sqlite3.Connection object at 0x000002D04AD1BE20>) completed
2026-03-04 15:29:23,520 - aiosqlite - DEBUG - executing functools.partial(<built-in method execute of sqlite3.Cursor object at 0x000002D04AD5F0C0>, 'SELECT count(products.id) AS count_1 \nFROM products', ())
2026-03-04 15:29:23,521 - aiosqlite - DEBUG - operation functools.partial(<built-in method execute of sqlite3.Cursor object at 0x000002D04AD5F0C0>, 'SELECT count(products.id) AS count_1 \nFROM products', ()) completed
2026-03-04 15:29:23,522 - aiosqlite - DEBUG - executing functools.partial(<built-in method fetchall of sqlite3.Cursor object at 0x000002D04AD5F0C0>)
2026-03-04 15:29:23,522 - aiosqlite - DEBUG - operation functools.partial(<built-in method fetchall of sqlite3.Cursor object at 0x000002D04AD5F0C0>) completed
2026-03-04 15:29:23,523 - aiosqlite - DEBUG - executing functools.partial(<built-in method close of sqlite3.Cursor object at 0x000002D04AD5F0C0>)
2026-03-04 15:29:23,523 - aiosqlite - DEBUG - operation functools.partial(<built-in method close of sqlite3.Cursor object at 0x000002D04AD5F0C0>) completed
2026-03-04 15:29:23,524 - aiosqlite - DEBUG - executing functools.partial(<built-in method cursor of sqlite3.Connection object at 0x000002D04AD1BE20>)
2026-03-04 15:29:23,525 - aiosqlite - DEBUG - operation functools.partial(<built-in method cursor of sqlite3.Connection object at 0x000002D04AD1BE20>) completed
2026-03-04 15:29:23,526 - aiosqlite - DEBUG - executing functools.partial(<built-in method execute of sqlite3.Cursor object at 0x000002D04AD5F0C0>, 'SELECT products.id, products.name, products.description, products.price, products.image, products.category, products.size, products.color, products.stock, products.created_at \nFROM products ORDER BY products.id DESC\n LIMIT ? OFFSET ?', (1000, 0))
2026-03-04 15:29:23,526 - aiosqlite - DEBUG - operation functools.partial(<built-in method execute of sqlite3.Cursor object at 0x000002D04AD5F0C0>, 'SELECT products.id, products.name, products.description, products.price, products.image, products.category, products.size, products.color, products.stock, products.created_at \nFROM products ORDER BY products.id DESC\n LIMIT ? OFFSET ?', (1000, 0)) completed
2026-03-04 15:29:23,527 - aiosqlite - DEBUG - executing functools.partial(<built-in method fetchall of sqlite3.Cursor object at 0x000002D04AD5F0C0>)
2026-03-04 15:29:23,527 - aiosqlite - DEBUG - operation functools.partial(<built-in method fetchall of sqlite3.Cursor object at 0x000002D04AD5F0C0>) completed
2026-03-04 15:29:23,528 - aiosqlite - DEBUG - executing functools.partial(<built-in method close of sqlite3.Cursor object at 0x000002D04AD5F0C0>)
2026-03-04 15:29:23,528 - aiosqlite - DEBUG - operation functools.partial(<built-in method close of sqlite3.Cursor object at 0x000002D04AD5F0C0>) completed
2026-03-04 15:29:23,529 - routers.products - DEBUG - Found 10 productss
2026-03-04 15:29:23,530 - core.database - DEBUG - [DB_OP] Database session cleanup after 0.0160s
2026-03-04 15:29:23,530 - aiosqlite - DEBUG - executing functools.partial(<built-in method rollback of sqlite3.Connection object at 0x000002D04AD1BE20>)
2026-03-04 15:29:23,531 - aiosqlite - DEBUG - operation functools.partial(<built-in method rollback of sqlite3.Connection object at 0x000002D04AD1BE20>) completed
2026-03-04 15:29:23,531 - aiosqlite - DEBUG - executing functools.partial(<built-in method rollback of sqlite3.Connection object at 0x000002D04AD1BE20>)
2026-03-04 15:29:23,532 - aiosqlite - DEBUG - operation functools.partial(<built-in method rollback of sqlite3.Connection object at 0x000002D04AD1BE20>) completed
2026-03-04 15:29:23,533 - aiosqlite - DEBUG - executing functools.partial(<built-in method close of sqlite3.Connection object at 0x000002D04AD1BE20>)
2026-03-04 15:29:23,533 - aiosqlite - DEBUG - operation functools.partial(<built-in method close of sqlite3.Connection object at 0x000002D04AD1BE20>) completed
2026-03-04 15:29:43,903 - core.database - DEBUG - [DB_OP] Starting get_db session creation
2026-03-04 15:29:43,903 - core.database - DEBUG - [DB_OP] Database session created successfully in 0.0000s
2026-03-04 15:29:43,905 - routers.products - DEBUG - Querying productss: query=None, sort=None, skip=0, limit=1000, fields=None
2026-03-04 15:29:43,907 - aiosqlite - DEBUG - executing <function connect.<locals>.connector at 0x000002D04ACFDA80>
2026-03-04 15:29:43,907 - aiosqlite - DEBUG - operation <function connect.<locals>.connector at 0x000002D04ACFDA80> completed
2026-03-04 15:29:43,908 - aiosqlite - DEBUG - executing functools.partial(<built-in method create_function of sqlite3.Connection object at 0x000002D04AD1B880>, 'regexp', 2, <function SQLiteDialect_pysqlite.on_connect.<locals>.regexp at 0x000002D04ACFCC20>, deterministic=True)
2026-03-04 15:29:43,908 - aiosqlite - DEBUG - operation functools.partial(<built-in method create_function of sqlite3.Connection object at 0x000002D04AD1B880>, 'regexp', 2, <function SQLiteDialect_pysqlite.on_connect.<locals>.regexp at 0x000002D04ACFCC20>, deterministic=True) completed
2026-03-04 15:29:43,909 - aiosqlite - DEBUG - executing functools.partial(<built-in method create_function of sqlite3.Connection object at 0x000002D04AD1B880>, 'floor', 1, <built-in function floor>, deterministic=True)
2026-03-04 15:29:43,909 - aiosqlite - DEBUG - operation functools.partial(<built-in method create_function of sqlite3.Connection object at 0x000002D04AD1B880>, 'floor', 1, <built-in function floor>, deterministic=True) completed
2026-03-04 15:29:43,910 - aiosqlite - DEBUG - executing functools.partial(<built-in method cursor of sqlite3.Connection object at 0x000002D04AD1B880>)
2026-03-04 15:29:43,911 - aiosqlite - DEBUG - operation functools.partial(<built-in method cursor of sqlite3.Connection object at 0x000002D04AD1B880>) completed
2026-03-04 15:29:43,912 - aiosqlite - DEBUG - executing functools.partial(<built-in method execute of sqlite3.Cursor object at 0x000002D04AD5F940>, 'SELECT count(products.id) AS count_1 \nFROM products', ())
2026-03-04 15:29:43,913 - aiosqlite - DEBUG - operation functools.partial(<built-in method execute of sqlite3.Cursor object at 0x000002D04AD5F940>, 'SELECT count(products.id) AS count_1 \nFROM products', ()) completed
2026-03-04 15:29:43,913 - aiosqlite - DEBUG - executing functools.partial(<built-in method fetchall of sqlite3.Cursor object at 0x000002D04AD5F940>)
2026-03-04 15:29:43,914 - aiosqlite - DEBUG - operation functools.partial(<built-in method fetchall of sqlite3.Cursor object at 0x000002D04AD5F940>) completed
2026-03-04 15:29:43,914 - aiosqlite - DEBUG - executing functools.partial(<built-in method close of sqlite3.Cursor object at 0x000002D04AD5F940>)
2026-03-04 15:29:43,914 - aiosqlite - DEBUG - operation functools.partial(<built-in method close of sqlite3.Cursor object at 0x000002D04AD5F940>) completed
2026-03-04 15:29:43,915 - aiosqlite - DEBUG - executing functools.partial(<built-in method cursor of sqlite3.Connection object at 0x000002D04AD1B880>)
2026-03-04 15:29:43,916 - aiosqlite - DEBUG - operation functools.partial(<built-in method cursor of sqlite3.Connection object at 0x000002D04AD1B880>) completed
2026-03-04 15:29:43,916 - aiosqlite - DEBUG - executing functools.partial(<built-in method execute of sqlite3.Cursor object at 0x000002D04AD5F940>, 'SELECT products.id, products.name, products.description, products.price, products.image, products.category, products.size, products.color, products.stock, products.created_at \nFROM products ORDER BY products.id DESC\n LIMIT ? OFFSET ?', (1000, 0))
2026-03-04 15:29:43,917 - aiosqlite - DEBUG - operation functools.partial(<built-in method execute of sqlite3.Cursor object at 0x000002D04AD5F940>, 'SELECT products.id, products.name, products.description, products.price, products.image, products.category, products.size, products.color, products.stock, products.created_at \nFROM products ORDER BY products.id DESC\n LIMIT ? OFFSET ?', (1000, 0)) completed
2026-03-04 15:29:43,919 - aiosqlite - DEBUG - executing functools.partial(<built-in method fetchall of sqlite3.Cursor object at 0x000002D04AD5F940>)
2026-03-04 15:29:43,919 - aiosqlite - DEBUG - operation functools.partial(<built-in method fetchall of sqlite3.Cursor object at 0x000002D04AD5F940>) completed
2026-03-04 15:29:43,920 - aiosqlite - DEBUG - executing functools.partial(<built-in method close of sqlite3.Cursor object at 0x000002D04AD5F940>)
2026-03-04 15:29:43,920 - aiosqlite - DEBUG - operation functools.partial(<built-in method close of sqlite3.Cursor object at 0x000002D04AD5F940>) completed
2026-03-04 15:29:43,921 - routers.products - DEBUG - Found 10 productss
2026-03-04 15:29:43,922 - core.database - DEBUG - [DB_OP] Database session cleanup after 0.0189s
2026-03-04 15:29:43,922 - aiosqlite - DEBUG - executing functools.partial(<built-in method rollback of sqlite3.Connection object at 0x000002D04AD1B880>)
2026-03-04 15:29:43,923 - aiosqlite - DEBUG - operation functools.partial(<built-in method rollback of sqlite3.Connection object at 0x000002D04AD1B880>) completed
2026-03-04 15:29:43,923 - aiosqlite - DEBUG - executing functools.partial(<built-in method rollback of sqlite3.Connection object at 0x000002D04AD1B880>)
2026-03-04 15:29:43,924 - aiosqlite - DEBUG - operation functools.partial(<built-in method rollback of sqlite3.Connection object at 0x000002D04AD1B880>) completed
2026-03-04 15:29:43,924 - aiosqlite - DEBUG - executing functools.partial(<built-in method close of sqlite3.Connection object at 0x000002D04AD1B880>)
2026-03-04 15:29:43,925 - aiosqlite - DEBUG - operation functools.partial(<built-in method close of sqlite3.Connection object at 0x000002D04AD1B880>) completed
2026-03-04 15:29:56,881 - core.database - DEBUG - [DB_OP] Starting get_db session creation
2026-03-04 15:29:56,882 - core.database - DEBUG - [DB_OP] Database session created successfully in 0.0013s
2026-03-04 15:29:56,882 - routers.auth - INFO - [login] Login attempt for: sonhynmin4@gmail.com
2026-03-04 15:29:56,883 - aiosqlite - DEBUG - executing <function connect.<locals>.connector at 0x000002D04AD57740>
2026-03-04 15:29:56,884 - aiosqlite - DEBUG - operation <function connect.<locals>.connector at 0x000002D04AD57740> completed
2026-03-04 15:29:56,885 - aiosqlite - DEBUG - executing functools.partial(<built-in method create_function of sqlite3.Connection object at 0x000002D04AD1A890>, 'regexp', 2, <function SQLiteDialect_pysqlite.on_connect.<locals>.regexp at 0x000002D04ACFCC20>, deterministic=True)
2026-03-04 15:29:56,885 - aiosqlite - DEBUG - operation functools.partial(<built-in method create_function of sqlite3.Connection object at 0x000002D04AD1A890>, 'regexp', 2, <function SQLiteDialect_pysqlite.on_connect.<locals>.regexp at 0x000002D04ACFCC20>, deterministic=True) completed
2026-03-04 15:29:56,886 - aiosqlite - DEBUG - executing functools.partial(<built-in method create_function of sqlite3.Connection object at 0x000002D04AD1A890>, 'floor', 1, <built-in function floor>, deterministic=True)
2026-03-04 15:29:56,886 - aiosqlite - DEBUG - operation functools.partial(<built-in method create_function of sqlite3.Connection object at 0x000002D04AD1A890>, 'floor', 1, <built-in function floor>, deterministic=True) completed
2026-03-04 15:29:56,886 - aiosqlite - DEBUG - executing functools.partial(<built-in method cursor of sqlite3.Connection object at 0x000002D04AD1A890>)
2026-03-04 15:29:56,887 - aiosqlite - DEBUG - operation functools.partial(<built-in method cursor of sqlite3.Connection object at 0x000002D04AD1A890>) completed
2026-03-04 15:29:56,887 - aiosqlite - DEBUG - executing functools.partial(<built-in method execute of sqlite3.Cursor object at 0x000002D04AD5D9C0>, 'SELECT users.id, users.email, users.name, users.role, users.created_at, users.last_login, users.hashed_password \nFROM users \nWHERE lower(users.email) = ?', ('sonhynmin4@gmail.com',))
2026-03-04 15:29:56,887 - aiosqlite - DEBUG - operation functools.partial(<built-in method execute of sqlite3.Cursor object at 0x000002D04AD5D9C0>, 'SELECT users.id, users.email, users.name, users.role, users.created_at, users.last_login, users.hashed_password \nFROM users \nWHERE lower(users.email) = ?', ('sonhynmin4@gmail.com',)) completed
2026-03-04 15:29:56,888 - aiosqlite - DEBUG - executing functools.partial(<built-in method fetchall of sqlite3.Cursor object at 0x000002D04AD5D9C0>)
2026-03-04 15:29:56,888 - aiosqlite - DEBUG - operation functools.partial(<built-in method fetchall of sqlite3.Cursor object at 0x000002D04AD5D9C0>) completed
2026-03-04 15:29:56,888 - aiosqlite - DEBUG - executing functools.partial(<built-in method close of sqlite3.Cursor object at 0x000002D04AD5D9C0>)
2026-03-04 15:29:56,888 - aiosqlite - DEBUG - operation functools.partial(<built-in method close of sqlite3.Cursor object at 0x000002D04AD5D9C0>) completed
2026-03-04 15:29:57,109 - core.auth - DEBUG - Authentication token created for user hash: 8485fccb
2026-03-04 15:29:57,109 - routers.auth - INFO - [login] Login successful for user: 1c358d91-8a88-410f-b3aa-e3c4a0eb2770
2026-03-04 15:29:57,109 - core.database - DEBUG - [DB_OP] Database session cleanup after 0.2281s
2026-03-04 15:29:57,110 - aiosqlite - DEBUG - executing functools.partial(<built-in method rollback of sqlite3.Connection object at 0x000002D04AD1A890>)
2026-03-04 15:29:57,110 - aiosqlite - DEBUG - operation functools.partial(<built-in method rollback of sqlite3.Connection object at 0x000002D04AD1A890>) completed
2026-03-04 15:29:57,110 - aiosqlite - DEBUG - executing functools.partial(<built-in method rollback of sqlite3.Connection object at 0x000002D04AD1A890>)
2026-03-04 15:29:57,110 - aiosqlite - DEBUG - operation functools.partial(<built-in method rollback of sqlite3.Connection object at 0x000002D04AD1A890>) completed
2026-03-04 15:29:57,111 - aiosqlite - DEBUG - executing functools.partial(<built-in method close of sqlite3.Connection object at 0x000002D04AD1A890>)
2026-03-04 15:29:57,111 - aiosqlite - DEBUG - operation functools.partial(<built-in method close of sqlite3.Connection object at 0x000002D04AD1A890>) completed
2026-03-04 15:30:03,104 - core.database - DEBUG - [DB_OP] Starting get_db session creation
2026-03-04 15:30:03,105 - core.database - DEBUG - [DB_OP] Database session created successfully in 0.0010s
2026-03-04 15:30:03,105 - routers.products - DEBUG - Querying productss: query=None, sort=None, skip=0, limit=1000, fields=None
2026-03-04 15:30:03,107 - aiosqlite - DEBUG - executing <function connect.<locals>.connector at 0x000002D04ACFDE40>
2026-03-04 15:30:03,107 - aiosqlite - DEBUG - operation <function connect.<locals>.connector at 0x000002D04ACFDE40> completed
2026-03-04 15:30:03,108 - aiosqlite - DEBUG - executing functools.partial(<built-in method create_function of sqlite3.Connection object at 0x000002D04AD1B880>, 'regexp', 2, <function SQLiteDialect_pysqlite.on_connect.<locals>.regexp at 0x000002D04ACFCC20>, deterministic=True)
2026-03-04 15:30:03,108 - aiosqlite - DEBUG - operation functools.partial(<built-in method create_function of sqlite3.Connection object at 0x000002D04AD1B880>, 'regexp', 2, <function SQLiteDialect_pysqlite.on_connect.<locals>.regexp at 0x000002D04ACFCC20>, deterministic=True) completed
2026-03-04 15:30:03,109 - aiosqlite - DEBUG - executing functools.partial(<built-in method create_function of sqlite3.Connection object at 0x000002D04AD1B880>, 'floor', 1, <built-in function floor>, deterministic=True)
2026-03-04 15:30:03,109 - aiosqlite - DEBUG - operation functools.partial(<built-in method create_function of sqlite3.Connection object at 0x000002D04AD1B880>, 'floor', 1, <built-in function floor>, deterministic=True) completed
2026-03-04 15:30:03,110 - aiosqlite - DEBUG - executing functools.partial(<built-in method cursor of sqlite3.Connection object at 0x000002D04AD1B880>)
2026-03-04 15:30:03,110 - aiosqlite - DEBUG - operation functools.partial(<built-in method cursor of sqlite3.Connection object at 0x000002D04AD1B880>) completed
2026-03-04 15:30:03,111 - aiosqlite - DEBUG - executing functools.partial(<built-in method execute of sqlite3.Cursor object at 0x000002D04AD5FF40>, 'SELECT count(products.id) AS count_1 \nFROM products', ())
2026-03-04 15:30:03,112 - aiosqlite - DEBUG - operation functools.partial(<built-in method execute of sqlite3.Cursor object at 0x000002D04AD5FF40>, 'SELECT count(products.id) AS count_1 \nFROM products', ()) completed
2026-03-04 15:30:03,113 - aiosqlite - DEBUG - executing functools.partial(<built-in method fetchall of sqlite3.Cursor object at 0x000002D04AD5FF40>)
2026-03-04 15:30:03,113 - aiosqlite - DEBUG - operation functools.partial(<built-in method fetchall of sqlite3.Cursor object at 0x000002D04AD5FF40>) completed
2026-03-04 15:30:03,114 - aiosqlite - DEBUG - executing functools.partial(<built-in method close of sqlite3.Cursor object at 0x000002D04AD5FF40>)
2026-03-04 15:30:03,114 - aiosqlite - DEBUG - operation functools.partial(<built-in method close of sqlite3.Cursor object at 0x000002D04AD5FF40>) completed
2026-03-04 15:30:03,115 - aiosqlite - DEBUG - executing functools.partial(<built-in method cursor of sqlite3.Connection object at 0x000002D04AD1B880>)
2026-03-04 15:30:03,116 - aiosqlite - DEBUG - operation functools.partial(<built-in method cursor of sqlite3.Connection object at 0x000002D04AD1B880>) completed
2026-03-04 15:30:03,116 - aiosqlite - DEBUG - executing functools.partial(<built-in method execute of sqlite3.Cursor object at 0x000002D04AD5FF40>, 'SELECT products.id, products.name, products.description, products.price, products.image, products.category, products.size, products.color, products.stock, products.created_at \nFROM products ORDER BY products.id DESC\n LIMIT ? OFFSET ?', (1000, 0))
2026-03-04 15:30:03,117 - aiosqlite - DEBUG - operation functools.partial(<built-in method execute of sqlite3.Cursor object at 0x000002D04AD5FF40>, 'SELECT products.id, products.name, products.description, products.price, products.image, products.category, products.size, products.color, products.stock, products.created_at \nFROM products ORDER BY products.id DESC\n LIMIT ? OFFSET ?', (1000, 0)) completed
2026-03-04 15:30:03,117 - aiosqlite - DEBUG - executing functools.partial(<built-in method fetchall of sqlite3.Cursor object at 0x000002D04AD5FF40>)
2026-03-04 15:30:03,118 - aiosqlite - DEBUG - operation functools.partial(<built-in method fetchall of sqlite3.Cursor object at 0x000002D04AD5FF40>) completed
2026-03-04 15:30:03,118 - aiosqlite - DEBUG - executing functools.partial(<built-in method close of sqlite3.Cursor object at 0x000002D04AD5FF40>)
2026-03-04 15:30:03,119 - aiosqlite - DEBUG - operation functools.partial(<built-in method close of sqlite3.Cursor object at 0x000002D04AD5FF40>) completed
2026-03-04 15:30:03,120 - routers.products - DEBUG - Found 10 productss
2026-03-04 15:30:03,121 - core.database - DEBUG - [DB_OP] Database session cleanup after 0.0180s
2026-03-04 15:30:03,122 - aiosqlite - DEBUG - executing functools.partial(<built-in method rollback of sqlite3.Connection object at 0x000002D04AD1B880>)
2026-03-04 15:30:03,122 - aiosqlite - DEBUG - operation functools.partial(<built-in method rollback of sqlite3.Connection object at 0x000002D04AD1B880>) completed
2026-03-04 15:30:03,123 - aiosqlite - DEBUG - executing functools.partial(<built-in method rollback of sqlite3.Connection object at 0x000002D04AD1B880>)
2026-03-04 15:30:03,123 - aiosqlite - DEBUG - operation functools.partial(<built-in method rollback of sqlite3.Connection object at 0x000002D04AD1B880>) completed
2026-03-04 15:30:03,124 - aiosqlite - DEBUG - executing functools.partial(<built-in method close of sqlite3.Connection object at 0x000002D04AD1B880>)
2026-03-04 15:30:03,124 - aiosqlite - DEBUG - operation functools.partial(<built-in method close of sqlite3.Connection object at 0x000002D04AD1B880>) completed
2026-03-04 15:30:20,045 - core.auth - DEBUG - Authentication token validated for user hash: 8485fccb
2026-03-04 15:30:20,046 - core.database - DEBUG - [DB_OP] Starting get_db session creation
2026-03-04 15:30:20,046 - core.database - DEBUG - [DB_OP] Database session created successfully in 0.0000s
2026-03-04 15:30:20,051 - aiosqlite - DEBUG - executing <function connect.<locals>.connector at 0x000002D04AD7DC60>
2026-03-04 15:30:20,051 - aiosqlite - DEBUG - operation <function connect.<locals>.connector at 0x000002D04AD7DC60> completed
2026-03-04 15:30:20,051 - aiosqlite - DEBUG - executing functools.partial(<built-in method create_function of sqlite3.Connection object at 0x000002D04AD1BA60>, 'regexp', 2, <function SQLiteDialect_pysqlite.on_connect.<locals>.regexp at 0x000002D04ACFCC20>, deterministic=True)
2026-03-04 15:30:20,052 - aiosqlite - DEBUG - operation functools.partial(<built-in method create_function of sqlite3.Connection object at 0x000002D04AD1BA60>, 'regexp', 2, <function SQLiteDialect_pysqlite.on_connect.<locals>.regexp at 0x000002D04ACFCC20>, deterministic=True) completed
2026-03-04 15:30:20,052 - aiosqlite - DEBUG - executing functools.partial(<built-in method create_function of sqlite3.Connection object at 0x000002D04AD1BA60>, 'floor', 1, <built-in function floor>, deterministic=True)
2026-03-04 15:30:20,052 - aiosqlite - DEBUG - operation functools.partial(<built-in method create_function of sqlite3.Connection object at 0x000002D04AD1BA60>, 'floor', 1, <built-in function floor>, deterministic=True) completed
2026-03-04 15:30:20,055 - aiosqlite - DEBUG - executing functools.partial(<built-in method cursor of sqlite3.Connection object at 0x000002D04AD1BA60>)
2026-03-04 15:30:20,055 - aiosqlite - DEBUG - operation functools.partial(<built-in method cursor of sqlite3.Connection object at 0x000002D04AD1BA60>) completed
2026-03-04 15:30:20,055 - aiosqlite - DEBUG - executing functools.partial(<built-in method execute of sqlite3.Cursor object at 0x000002D04AD4E3C0>, 'INSERT INTO orders (user_id, customer_name, phone, address, total_amount, products, status) VALUES (?, ?, ?, ?, ?, ?, ?) RETURNING id, created_at', ('1c358d91-8a88-410f-b3aa-e3c4a0eb2770', 'sonhynmin4', '0935054920', 'tổ 7 khu vực 2 phường Trần Quang Diệu TP Qui Nhơn, Tỉnh Bình Định', 399999.0, '[{"product_id": 1, "name": "Short Sleeve T-Shirt, Classic Street Style with Spider Print, Pure Cotton Material, American Trend, Unisex Shirt", "price": 149999, "quantity": 1, "image": "https://down-vn.img.susercontent.com/file/sg-11134201-82618-mj8ge3qu5blw1b@resize_w900_nl.webp"}, {"product_id": 2, "name": "(Ken Studio x IDYLLIC) Qu\\u1ea7n Jean Denim Unisex \\u1ed0ng Su\\u00f4ng \\u0110\\u1ee9ng Form Basic Phong C\\u00e1ch L\\u1ecbch S\\u1ef1 Ch\\u1ea5t Li\\u1ec7u Cao C\\u1ea5p", "price": 250000, "quantity": 1, "image": "https://down-vn.img.susercontent.com/file/vn-11134207-820l4-megoqfobzjeu91.webp"}]', 'pending'))
2026-03-04 15:30:20,058 - aiosqlite - DEBUG - operation functools.partial(<built-in method execute of sqlite3.Cursor object at 0x000002D04AD4E3C0>, 'INSERT INTO orders (user_id, customer_name, phone, address, total_amount, products, status) VALUES (?, ?, ?, ?, ?, ?, ?) RETURNING id, created_at', ('1c358d91-8a88-410f-b3aa-e3c4a0eb2770', 'sonhynmin4', '0935054920', 'tổ 7 khu vực 2 phường Trần Quang Diệu TP Qui Nhơn, Tỉnh Bình Định', 399999.0, '[{"product_id": 1, "name": "Short Sleeve T-Shirt, Classic Street Style with Spider Print, Pure Cotton Material, American Trend, Unisex Shirt", "price": 149999, "quantity": 1, "image": "https://down-vn.img.susercontent.com/file/sg-11134201-82618-mj8ge3qu5blw1b@resize_w900_nl.webp"}, {"product_id": 2, "name": "(Ken Studio x IDYLLIC) Qu\\u1ea7n Jean Denim Unisex \\u1ed0ng Su\\u00f4ng \\u0110\\u1ee9ng Form Basic Phong C\\u00e1ch L\\u1ecbch S\\u1ef1 Ch\\u1ea5t Li\\u1ec7u Cao C\\u1ea5p", "price": 250000, "quantity": 1, "image": "https://down-vn.img.susercontent.com/file/vn-11134207-820l4-megoqfobzjeu91.webp"}]', 'pending')) completed
2026-03-04 15:30:20,059 - aiosqlite - DEBUG - executing functools.partial(<built-in method fetchall of sqlite3.Cursor object at 0x000002D04AD4E3C0>)
2026-03-04 15:30:20,059 - aiosqlite - DEBUG - operation functools.partial(<built-in method fetchall of sqlite3.Cursor object at 0x000002D04AD4E3C0>) completed
2026-03-04 15:30:20,059 - aiosqlite - DEBUG - executing functools.partial(<built-in method close of sqlite3.Cursor object at 0x000002D04AD4E3C0>)
2026-03-04 15:30:20,059 - aiosqlite - DEBUG - operation functools.partial(<built-in method close of sqlite3.Cursor object at 0x000002D04AD4E3C0>) completed
2026-03-04 15:30:20,060 - aiosqlite - DEBUG - executing functools.partial(<built-in method commit of sqlite3.Connection object at 0x000002D04AD1BA60>)
2026-03-04 15:30:20,063 - aiosqlite - DEBUG - operation functools.partial(<built-in method commit of sqlite3.Connection object at 0x000002D04AD1BA60>) completed
2026-03-04 15:30:20,064 - aiosqlite - DEBUG - executing functools.partial(<built-in method rollback of sqlite3.Connection object at 0x000002D04AD1BA60>)
2026-03-04 15:30:20,064 - aiosqlite - DEBUG - operation functools.partial(<built-in method rollback of sqlite3.Connection object at 0x000002D04AD1BA60>) completed
2026-03-04 15:30:20,064 - aiosqlite - DEBUG - executing functools.partial(<built-in method close of sqlite3.Connection object at 0x000002D04AD1BA60>)
2026-03-04 15:30:20,065 - aiosqlite - DEBUG - operation functools.partial(<built-in method close of sqlite3.Connection object at 0x000002D04AD1BA60>) completed
2026-03-04 15:30:20,065 - aiosqlite - DEBUG - executing <function connect.<locals>.connector at 0x000002D04AD56340>
2026-03-04 15:30:20,066 - aiosqlite - DEBUG - operation <function connect.<locals>.connector at 0x000002D04AD56340> completed
2026-03-04 15:30:20,067 - aiosqlite - DEBUG - executing functools.partial(<built-in method create_function of sqlite3.Connection object at 0x000002D04AD1BA60>, 'regexp', 2, <function SQLiteDialect_pysqlite.on_connect.<locals>.regexp at 0x000002D04ACFCC20>, deterministic=True)
2026-03-04 15:30:20,067 - aiosqlite - DEBUG - operation functools.partial(<built-in method create_function of sqlite3.Connection object at 0x000002D04AD1BA60>, 'regexp', 2, <function SQLiteDialect_pysqlite.on_connect.<locals>.regexp at 0x000002D04ACFCC20>, deterministic=True) completed
2026-03-04 15:30:20,067 - aiosqlite - DEBUG - executing functools.partial(<built-in method create_function of sqlite3.Connection object at 0x000002D04AD1BA60>, 'floor', 1, <built-in function floor>, deterministic=True)
2026-03-04 15:30:20,069 - aiosqlite - DEBUG - operation functools.partial(<built-in method create_function of sqlite3.Connection object at 0x000002D04AD1BA60>, 'floor', 1, <built-in function floor>, deterministic=True) completed
2026-03-04 15:30:20,070 - aiosqlite - DEBUG - executing functools.partial(<built-in method cursor of sqlite3.Connection object at 0x000002D04AD1BA60>)
2026-03-04 15:30:20,070 - aiosqlite - DEBUG - operation functools.partial(<built-in method cursor of sqlite3.Connection object at 0x000002D04AD1BA60>) completed
2026-03-04 15:30:20,070 - aiosqlite - DEBUG - executing functools.partial(<built-in method execute of sqlite3.Cursor object at 0x000002D04AD5FA40>, 'SELECT orders.id, orders.user_id, orders.customer_name, orders.phone, orders.address, orders.total_amount, orders.products, orders.status, orders.created_at \nFROM orders \nWHERE orders.id = ?', (1,))
2026-03-04 15:30:20,071 - aiosqlite - DEBUG - operation functools.partial(<built-in method execute of sqlite3.Cursor object at 0x000002D04AD5FA40>, 'SELECT orders.id, orders.user_id, orders.customer_name, orders.phone, orders.address, orders.total_amount, orders.products, orders.status, orders.created_at \nFROM orders \nWHERE orders.id = ?', (1,)) completed
2026-03-04 15:30:20,072 - aiosqlite - DEBUG - executing functools.partial(<built-in method fetchall of sqlite3.Cursor object at 0x000002D04AD5FA40>)
2026-03-04 15:30:20,072 - aiosqlite - DEBUG - operation functools.partial(<built-in method fetchall of sqlite3.Cursor object at 0x000002D04AD5FA40>) completed
2026-03-04 15:30:20,072 - aiosqlite - DEBUG - executing functools.partial(<built-in method close of sqlite3.Cursor object at 0x000002D04AD5FA40>)
2026-03-04 15:30:20,072 - aiosqlite - DEBUG - operation functools.partial(<built-in method close of sqlite3.Cursor object at 0x000002D04AD5FA40>) completed
2026-03-04 15:30:20,073 - core.database - DEBUG - [DB_OP] Database session cleanup after 0.0265s
2026-03-04 15:30:20,073 - aiosqlite - DEBUG - executing functools.partial(<built-in method rollback of sqlite3.Connection object at 0x000002D04AD1BA60>)
2026-03-04 15:30:20,073 - aiosqlite - DEBUG - operation functools.partial(<built-in method rollback of sqlite3.Connection object at 0x000002D04AD1BA60>) completed
2026-03-04 15:30:20,074 - aiosqlite - DEBUG - executing functools.partial(<built-in method rollback of sqlite3.Connection object at 0x000002D04AD1BA60>)
2026-03-04 15:30:20,074 - aiosqlite - DEBUG - operation functools.partial(<built-in method rollback of sqlite3.Connection object at 0x000002D04AD1BA60>) completed
2026-03-04 15:30:20,074 - aiosqlite - DEBUG - executing functools.partial(<built-in method close of sqlite3.Connection object at 0x000002D04AD1BA60>)
2026-03-04 15:30:20,074 - aiosqlite - DEBUG - operation functools.partial(<built-in method close of sqlite3.Connection object at 0x000002D04AD1BA60>) completed
2026-03-04 15:30:23,106 - core.database - DEBUG - [DB_OP] Starting get_db session creation
2026-03-04 15:30:23,107 - core.database - DEBUG - [DB_OP] Database session created successfully in 0.0010s
2026-03-04 15:30:23,107 - routers.products - DEBUG - Querying productss: query=None, sort=None, skip=0, limit=1000, fields=None
2026-03-04 15:30:23,108 - aiosqlite - DEBUG - executing <function connect.<locals>.connector at 0x000002D04AD57560>
2026-03-04 15:30:23,109 - aiosqlite - DEBUG - operation <function connect.<locals>.connector at 0x000002D04AD57560> completed
2026-03-04 15:30:23,109 - aiosqlite - DEBUG - executing functools.partial(<built-in method create_function of sqlite3.Connection object at 0x000002D04AD1A890>, 'regexp', 2, <function SQLiteDialect_pysqlite.on_connect.<locals>.regexp at 0x000002D04ACFCC20>, deterministic=True)
2026-03-04 15:30:23,110 - aiosqlite - DEBUG - operation functools.partial(<built-in method create_function of sqlite3.Connection object at 0x000002D04AD1A890>, 'regexp', 2, <function SQLiteDialect_pysqlite.on_connect.<locals>.regexp at 0x000002D04ACFCC20>, deterministic=True) completed
2026-03-04 15:30:23,110 - aiosqlite - DEBUG - executing functools.partial(<built-in method create_function of sqlite3.Connection object at 0x000002D04AD1A890>, 'floor', 1, <built-in function floor>, deterministic=True)
2026-03-04 15:30:23,111 - aiosqlite - DEBUG - operation functools.partial(<built-in method create_function of sqlite3.Connection object at 0x000002D04AD1A890>, 'floor', 1, <built-in function floor>, deterministic=True) completed
2026-03-04 15:30:23,112 - aiosqlite - DEBUG - executing functools.partial(<built-in method cursor of sqlite3.Connection object at 0x000002D04AD1A890>)
2026-03-04 15:30:23,112 - aiosqlite - DEBUG - operation functools.partial(<built-in method cursor of sqlite3.Connection object at 0x000002D04AD1A890>) completed
2026-03-04 15:30:23,112 - aiosqlite - DEBUG - executing functools.partial(<built-in method execute of sqlite3.Cursor object at 0x000002D04AD5F4C0>, 'SELECT count(products.id) AS count_1 \nFROM products', ())
2026-03-04 15:30:23,113 - aiosqlite - DEBUG - operation functools.partial(<built-in method execute of sqlite3.Cursor object at 0x000002D04AD5F4C0>, 'SELECT count(products.id) AS count_1 \nFROM products', ()) completed
2026-03-04 15:30:23,114 - aiosqlite - DEBUG - executing functools.partial(<built-in method fetchall of sqlite3.Cursor object at 0x000002D04AD5F4C0>)
2026-03-04 15:30:23,114 - aiosqlite - DEBUG - operation functools.partial(<built-in method fetchall of sqlite3.Cursor object at 0x000002D04AD5F4C0>) completed
2026-03-04 15:30:23,114 - aiosqlite - DEBUG - executing functools.partial(<built-in method close of sqlite3.Cursor object at 0x000002D04AD5F4C0>)
2026-03-04 15:30:23,114 - aiosqlite - DEBUG - operation functools.partial(<built-in method close of sqlite3.Cursor object at 0x000002D04AD5F4C0>) completed
2026-03-04 15:30:23,115 - aiosqlite - DEBUG - executing functools.partial(<built-in method cursor of sqlite3.Connection object at 0x000002D04AD1A890>)
2026-03-04 15:30:23,115 - aiosqlite - DEBUG - operation functools.partial(<built-in method cursor of sqlite3.Connection object at 0x000002D04AD1A890>) completed
2026-03-04 15:30:23,115 - aiosqlite - DEBUG - executing functools.partial(<built-in method execute of sqlite3.Cursor object at 0x000002D04AD5F4C0>, 'SELECT products.id, products.name, products.description, products.price, products.image, products.category, products.size, products.color, products.stock, products.created_at \nFROM products ORDER BY products.id DESC\n LIMIT ? OFFSET ?', (1000, 0))
2026-03-04 15:30:23,116 - aiosqlite - DEBUG - operation functools.partial(<built-in method execute of sqlite3.Cursor object at 0x000002D04AD5F4C0>, 'SELECT products.id, products.name, products.description, products.price, products.image, products.category, products.size, products.color, products.stock, products.created_at \nFROM products ORDER BY products.id DESC\n LIMIT ? OFFSET ?', (1000, 0)) completed
2026-03-04 15:30:23,116 - aiosqlite - DEBUG - executing functools.partial(<built-in method fetchall of sqlite3.Cursor object at 0x000002D04AD5F4C0>)
2026-03-04 15:30:23,117 - aiosqlite - DEBUG - operation functools.partial(<built-in method fetchall of sqlite3.Cursor object at 0x000002D04AD5F4C0>) completed
2026-03-04 15:30:23,117 - aiosqlite - DEBUG - executing functools.partial(<built-in method close of sqlite3.Cursor object at 0x000002D04AD5F4C0>)
2026-03-04 15:30:23,117 - aiosqlite - DEBUG - operation functools.partial(<built-in method close of sqlite3.Cursor object at 0x000002D04AD5F4C0>) completed
2026-03-04 15:30:23,118 - routers.products - DEBUG - Found 10 productss
2026-03-04 15:30:23,119 - core.database - DEBUG - [DB_OP] Database session cleanup after 0.0130s
2026-03-04 15:30:23,120 - aiosqlite - DEBUG - executing functools.partial(<built-in method rollback of sqlite3.Connection object at 0x000002D04AD1A890>)
2026-03-04 15:30:23,120 - aiosqlite - DEBUG - operation functools.partial(<built-in method rollback of sqlite3.Connection object at 0x000002D04AD1A890>) completed
2026-03-04 15:30:23,120 - aiosqlite - DEBUG - executing functools.partial(<built-in method rollback of sqlite3.Connection object at 0x000002D04AD1A890>)
2026-03-04 15:30:23,121 - aiosqlite - DEBUG - operation functools.partial(<built-in method rollback of sqlite3.Connection object at 0x000002D04AD1A890>) completed
2026-03-04 15:30:23,121 - aiosqlite - DEBUG - executing functools.partial(<built-in method close of sqlite3.Connection object at 0x000002D04AD1A890>)
2026-03-04 15:30:23,122 - aiosqlite - DEBUG - operation functools.partial(<built-in method close of sqlite3.Connection object at 0x000002D04AD1A890>) completed
2026-03-04 15:31:05,582 - core.database - DEBUG - [DB_OP] Starting get_db session creation
2026-03-04 15:31:05,582 - core.database - DEBUG - [DB_OP] Database session created successfully in 0.0000s
2026-03-04 15:31:05,582 - routers.products - DEBUG - Querying productss: query=None, sort=None, skip=0, limit=1000, fields=None
2026-03-04 15:31:05,583 - aiosqlite - DEBUG - executing <function connect.<locals>.connector at 0x000002D04AD57880>
2026-03-04 15:31:05,583 - aiosqlite - DEBUG - operation <function connect.<locals>.connector at 0x000002D04AD57880> completed
2026-03-04 15:31:05,584 - aiosqlite - DEBUG - executing functools.partial(<built-in method create_function of sqlite3.Connection object at 0x000002D04AD1B880>, 'regexp', 2, <function SQLiteDialect_pysqlite.on_connect.<locals>.regexp at 0x000002D04ACFCC20>, deterministic=True)
2026-03-04 15:31:05,584 - aiosqlite - DEBUG - operation functools.partial(<built-in method create_function of sqlite3.Connection object at 0x000002D04AD1B880>, 'regexp', 2, <function SQLiteDialect_pysqlite.on_connect.<locals>.regexp at 0x000002D04ACFCC20>, deterministic=True) completed
2026-03-04 15:31:05,584 - aiosqlite - DEBUG - executing functools.partial(<built-in method create_function of sqlite3.Connection object at 0x000002D04AD1B880>, 'floor', 1, <built-in function floor>, deterministic=True)
2026-03-04 15:31:05,585 - aiosqlite - DEBUG - operation functools.partial(<built-in method create_function of sqlite3.Connection object at 0x000002D04AD1B880>, 'floor', 1, <built-in function floor>, deterministic=True) completed
2026-03-04 15:31:05,585 - aiosqlite - DEBUG - executing functools.partial(<built-in method cursor of sqlite3.Connection object at 0x000002D04AD1B880>)
2026-03-04 15:31:05,585 - aiosqlite - DEBUG - operation functools.partial(<built-in method cursor of sqlite3.Connection object at 0x000002D04AD1B880>) completed
2026-03-04 15:31:05,586 - aiosqlite - DEBUG - executing functools.partial(<built-in method execute of sqlite3.Cursor object at 0x000002D04AD5EDC0>, 'SELECT count(products.id) AS count_1 \nFROM products', ())
2026-03-04 15:31:05,586 - aiosqlite - DEBUG - operation functools.partial(<built-in method execute of sqlite3.Cursor object at 0x000002D04AD5EDC0>, 'SELECT count(products.id) AS count_1 \nFROM products', ()) completed
2026-03-04 15:31:05,586 - aiosqlite - DEBUG - executing functools.partial(<built-in method fetchall of sqlite3.Cursor object at 0x000002D04AD5EDC0>)
2026-03-04 15:31:05,587 - aiosqlite - DEBUG - operation functools.partial(<built-in method fetchall of sqlite3.Cursor object at 0x000002D04AD5EDC0>) completed
2026-03-04 15:31:05,587 - aiosqlite - DEBUG - executing functools.partial(<built-in method close of sqlite3.Cursor object at 0x000002D04AD5EDC0>)
2026-03-04 15:31:05,587 - aiosqlite - DEBUG - operation functools.partial(<built-in method close of sqlite3.Cursor object at 0x000002D04AD5EDC0>) completed
2026-03-04 15:31:05,588 - aiosqlite - DEBUG - executing functools.partial(<built-in method cursor of sqlite3.Connection object at 0x000002D04AD1B880>)
2026-03-04 15:31:05,589 - aiosqlite - DEBUG - operation functools.partial(<built-in method cursor of sqlite3.Connection object at 0x000002D04AD1B880>) completed
2026-03-04 15:31:05,589 - aiosqlite - DEBUG - executing functools.partial(<built-in method execute of sqlite3.Cursor object at 0x000002D04AD5EDC0>, 'SELECT products.id, products.name, products.description, products.price, products.image, products.category, products.size, products.color, products.stock, products.created_at \nFROM products ORDER BY products.id DESC\n LIMIT ? OFFSET ?', (1000, 0))
2026-03-04 15:31:05,589 - aiosqlite - DEBUG - operation functools.partial(<built-in method execute of sqlite3.Cursor object at 0x000002D04AD5EDC0>, 'SELECT products.id, products.name, products.description, products.price, products.image, products.category, products.size, products.color, products.stock, products.created_at \nFROM products ORDER BY products.id DESC\n LIMIT ? OFFSET ?', (1000, 0)) completed
2026-03-04 15:31:05,590 - aiosqlite - DEBUG - executing functools.partial(<built-in method fetchall of sqlite3.Cursor object at 0x000002D04AD5EDC0>)
2026-03-04 15:31:05,590 - aiosqlite - DEBUG - operation functools.partial(<built-in method fetchall of sqlite3.Cursor object at 0x000002D04AD5EDC0>) completed
2026-03-04 15:31:05,591 - aiosqlite - DEBUG - executing functools.partial(<built-in method close of sqlite3.Cursor object at 0x000002D04AD5EDC0>)
2026-03-04 15:31:05,591 - aiosqlite - DEBUG - operation functools.partial(<built-in method close of sqlite3.Cursor object at 0x000002D04AD5EDC0>) completed
2026-03-04 15:31:05,592 - routers.products - DEBUG - Found 10 productss
2026-03-04 15:31:05,592 - core.database - DEBUG - [DB_OP] Database session cleanup after 0.0100s
2026-03-04 15:31:05,592 - aiosqlite - DEBUG - executing functools.partial(<built-in method rollback of sqlite3.Connection object at 0x000002D04AD1B880>)
2026-03-04 15:31:05,593 - aiosqlite - DEBUG - operation functools.partial(<built-in method rollback of sqlite3.Connection object at 0x000002D04AD1B880>) completed
2026-03-04 15:31:05,593 - aiosqlite - DEBUG - executing functools.partial(<built-in method rollback of sqlite3.Connection object at 0x000002D04AD1B880>)
2026-03-04 15:31:05,593 - aiosqlite - DEBUG - operation functools.partial(<built-in method rollback of sqlite3.Connection object at 0x000002D04AD1B880>) completed
2026-03-04 15:31:05,593 - aiosqlite - DEBUG - executing functools.partial(<built-in method close of sqlite3.Connection object at 0x000002D04AD1B880>)
2026-03-04 15:31:05,594 - aiosqlite - DEBUG - operation functools.partial(<built-in method close of sqlite3.Connection object at 0x000002D04AD1B880>) completed
2026-03-04 15:31:06,569 - core.database - DEBUG - [DB_OP] Starting get_db session creation
2026-03-04 15:31:06,569 - core.database - DEBUG - [DB_OP] Database session created successfully in 0.0000s
2026-03-04 15:31:06,570 - routers.products - DEBUG - Querying productss: query=None, sort=None, skip=0, limit=1000, fields=None
2026-03-04 15:31:06,573 - aiosqlite - DEBUG - executing <function connect.<locals>.connector at 0x000002D04AD54860>
2026-03-04 15:31:06,574 - aiosqlite - DEBUG - operation <function connect.<locals>.connector at 0x000002D04AD54860> completed
2026-03-04 15:31:06,574 - aiosqlite - DEBUG - executing functools.partial(<built-in method create_function of sqlite3.Connection object at 0x000002D04AD1BA60>, 'regexp', 2, <function SQLiteDialect_pysqlite.on_connect.<locals>.regexp at 0x000002D04ACFCC20>, deterministic=True)
2026-03-04 15:31:06,575 - aiosqlite - DEBUG - operation functools.partial(<built-in method create_function of sqlite3.Connection object at 0x000002D04AD1BA60>, 'regexp', 2, <function SQLiteDialect_pysqlite.on_connect.<locals>.regexp at 0x000002D04ACFCC20>, deterministic=True) completed
2026-03-04 15:31:06,575 - aiosqlite - DEBUG - executing functools.partial(<built-in method create_function of sqlite3.Connection object at 0x000002D04AD1BA60>, 'floor', 1, <built-in function floor>, deterministic=True)
2026-03-04 15:31:06,576 - aiosqlite - DEBUG - operation functools.partial(<built-in method create_function of sqlite3.Connection object at 0x000002D04AD1BA60>, 'floor', 1, <built-in function floor>, deterministic=True) completed
2026-03-04 15:31:06,576 - aiosqlite - DEBUG - executing functools.partial(<built-in method cursor of sqlite3.Connection object at 0x000002D04AD1BA60>)
2026-03-04 15:31:06,576 - aiosqlite - DEBUG - operation functools.partial(<built-in method cursor of sqlite3.Connection object at 0x000002D04AD1BA60>) completed
2026-03-04 15:31:06,577 - aiosqlite - DEBUG - executing functools.partial(<built-in method execute of sqlite3.Cursor object at 0x000002D04AD5EEC0>, 'SELECT count(products.id) AS count_1 \nFROM products', ())
2026-03-04 15:31:06,579 - aiosqlite - DEBUG - operation functools.partial(<built-in method execute of sqlite3.Cursor object at 0x000002D04AD5EEC0>, 'SELECT count(products.id) AS count_1 \nFROM products', ()) completed
2026-03-04 15:31:06,579 - aiosqlite - DEBUG - executing functools.partial(<built-in method fetchall of sqlite3.Cursor object at 0x000002D04AD5EEC0>)
2026-03-04 15:31:06,580 - aiosqlite - DEBUG - operation functools.partial(<built-in method fetchall of sqlite3.Cursor object at 0x000002D04AD5EEC0>) completed
2026-03-04 15:31:06,580 - aiosqlite - DEBUG - executing functools.partial(<built-in method close of sqlite3.Cursor object at 0x000002D04AD5EEC0>)
2026-03-04 15:31:06,581 - aiosqlite - DEBUG - operation functools.partial(<built-in method close of sqlite3.Cursor object at 0x000002D04AD5EEC0>) completed
2026-03-04 15:31:06,581 - aiosqlite - DEBUG - executing functools.partial(<built-in method cursor of sqlite3.Connection object at 0x000002D04AD1BA60>)
2026-03-04 15:31:06,582 - aiosqlite - DEBUG - operation functools.partial(<built-in method cursor of sqlite3.Connection object at 0x000002D04AD1BA60>) completed
2026-03-04 15:31:06,582 - aiosqlite - DEBUG - executing functools.partial(<built-in method execute of sqlite3.Cursor object at 0x000002D04AD5EEC0>, 'SELECT products.id, products.name, products.description, products.price, products.image, products.category, products.size, products.color, products.stock, products.created_at \nFROM products ORDER BY products.id DESC\n LIMIT ? OFFSET ?', (1000, 0))
2026-03-04 15:31:06,583 - aiosqlite - DEBUG - operation functools.partial(<built-in method execute of sqlite3.Cursor object at 0x000002D04AD5EEC0>, 'SELECT products.id, products.name, products.description, products.price, products.image, products.category, products.size, products.color, products.stock, products.created_at \nFROM products ORDER BY products.id DESC\n LIMIT ? OFFSET ?', (1000, 0)) completed
2026-03-04 15:31:06,584 - aiosqlite - DEBUG - executing functools.partial(<built-in method fetchall of sqlite3.Cursor object at 0x000002D04AD5EEC0>)
2026-03-04 15:31:06,585 - aiosqlite - DEBUG - operation functools.partial(<built-in method fetchall of sqlite3.Cursor object at 0x000002D04AD5EEC0>) completed
2026-03-04 15:31:06,586 - aiosqlite - DEBUG - executing functools.partial(<built-in method close of sqlite3.Cursor object at 0x000002D04AD5EEC0>)
2026-03-04 15:31:06,586 - aiosqlite - DEBUG - operation functools.partial(<built-in method close of sqlite3.Cursor object at 0x000002D04AD5EEC0>) completed
2026-03-04 15:31:06,587 - routers.products - DEBUG - Found 10 productss
2026-03-04 15:31:06,587 - core.database - DEBUG - [DB_OP] Database session cleanup after 0.0189s
2026-03-04 15:31:06,588 - aiosqlite - DEBUG - executing functools.partial(<built-in method rollback of sqlite3.Connection object at 0x000002D04AD1BA60>)
2026-03-04 15:31:06,588 - aiosqlite - DEBUG - operation functools.partial(<built-in method rollback of sqlite3.Connection object at 0x000002D04AD1BA60>) completed
2026-03-04 15:31:06,588 - aiosqlite - DEBUG - executing functools.partial(<built-in method rollback of sqlite3.Connection object at 0x000002D04AD1BA60>)
2026-03-04 15:31:06,588 - aiosqlite - DEBUG - operation functools.partial(<built-in method rollback of sqlite3.Connection object at 0x000002D04AD1BA60>) completed
2026-03-04 15:31:06,589 - aiosqlite - DEBUG - executing functools.partial(<built-in method close of sqlite3.Connection object at 0x000002D04AD1BA60>)
2026-03-04 15:31:06,589 - aiosqlite - DEBUG - operation functools.partial(<built-in method close of sqlite3.Connection object at 0x000002D04AD1BA60>) completed
2026-03-04 15:32:05,827 - core.database - DEBUG - [DB_OP] Starting get_db session creation
2026-03-04 15:32:05,827 - core.database - DEBUG - [DB_OP] Database session created successfully in 0.0000s
2026-03-04 15:32:05,828 - routers.products - DEBUG - Querying productss: query=None, sort=None, skip=0, limit=1000, fields=None
2026-03-04 15:32:05,829 - aiosqlite - DEBUG - executing <function connect.<locals>.connector at 0x000002D04AD57880>
2026-03-04 15:32:05,829 - aiosqlite - DEBUG - operation <function connect.<locals>.connector at 0x000002D04AD57880> completed
2026-03-04 15:32:05,829 - aiosqlite - DEBUG - executing functools.partial(<built-in method create_function of sqlite3.Connection object at 0x000002D04AD1A890>, 'regexp', 2, <function SQLiteDialect_pysqlite.on_connect.<locals>.regexp at 0x000002D04ACFCC20>, deterministic=True)
2026-03-04 15:32:05,830 - aiosqlite - DEBUG - operation functools.partial(<built-in method create_function of sqlite3.Connection object at 0x000002D04AD1A890>, 'regexp', 2, <function SQLiteDialect_pysqlite.on_connect.<locals>.regexp at 0x000002D04ACFCC20>, deterministic=True) completed
2026-03-04 15:32:05,830 - aiosqlite - DEBUG - executing functools.partial(<built-in method create_function of sqlite3.Connection object at 0x000002D04AD1A890>, 'floor', 1, <built-in function floor>, deterministic=True)
2026-03-04 15:32:05,830 - aiosqlite - DEBUG - operation functools.partial(<built-in method create_function of sqlite3.Connection object at 0x000002D04AD1A890>, 'floor', 1, <built-in function floor>, deterministic=True) completed
2026-03-04 15:32:05,831 - aiosqlite - DEBUG - executing functools.partial(<built-in method cursor of sqlite3.Connection object at 0x000002D04AD1A890>)
2026-03-04 15:32:05,831 - aiosqlite - DEBUG - operation functools.partial(<built-in method cursor of sqlite3.Connection object at 0x000002D04AD1A890>) completed
2026-03-04 15:32:05,832 - aiosqlite - DEBUG - executing functools.partial(<built-in method execute of sqlite3.Cursor object at 0x000002D04AD5E3C0>, 'SELECT count(products.id) AS count_1 \nFROM products', ())
2026-03-04 15:32:05,832 - aiosqlite - DEBUG - operation functools.partial(<built-in method execute of sqlite3.Cursor object at 0x000002D04AD5E3C0>, 'SELECT count(products.id) AS count_1 \nFROM products', ()) completed
2026-03-04 15:32:05,832 - aiosqlite - DEBUG - executing functools.partial(<built-in method fetchall of sqlite3.Cursor object at 0x000002D04AD5E3C0>)
2026-03-04 15:32:05,833 - aiosqlite - DEBUG - operation functools.partial(<built-in method fetchall of sqlite3.Cursor object at 0x000002D04AD5E3C0>) completed
2026-03-04 15:32:05,833 - aiosqlite - DEBUG - executing functools.partial(<built-in method close of sqlite3.Cursor object at 0x000002D04AD5E3C0>)
2026-03-04 15:32:05,833 - aiosqlite - DEBUG - operation functools.partial(<built-in method close of sqlite3.Cursor object at 0x000002D04AD5E3C0>) completed
2026-03-04 15:32:05,834 - aiosqlite - DEBUG - executing functools.partial(<built-in method cursor of sqlite3.Connection object at 0x000002D04AD1A890>)
2026-03-04 15:32:05,834 - aiosqlite - DEBUG - operation functools.partial(<built-in method cursor of sqlite3.Connection object at 0x000002D04AD1A890>) completed
2026-03-04 15:32:05,835 - aiosqlite - DEBUG - executing functools.partial(<built-in method execute of sqlite3.Cursor object at 0x000002D04AD5E3C0>, 'SELECT products.id, products.name, products.description, products.price, products.image, products.category, products.size, products.color, products.stock, products.created_at \nFROM products ORDER BY products.id DESC\n LIMIT ? OFFSET ?', (1000, 0))
2026-03-04 15:32:05,835 - aiosqlite - DEBUG - operation functools.partial(<built-in method execute of sqlite3.Cursor object at 0x000002D04AD5E3C0>, 'SELECT products.id, products.name, products.description, products.price, products.image, products.category, products.size, products.color, products.stock, products.created_at \nFROM products ORDER BY products.id DESC\n LIMIT ? OFFSET ?', (1000, 0)) completed
2026-03-04 15:32:05,835 - aiosqlite - DEBUG - executing functools.partial(<built-in method fetchall of sqlite3.Cursor object at 0x000002D04AD5E3C0>)
2026-03-04 15:32:05,836 - aiosqlite - DEBUG - operation functools.partial(<built-in method fetchall of sqlite3.Cursor object at 0x000002D04AD5E3C0>) completed
2026-03-04 15:32:05,836 - aiosqlite - DEBUG - executing functools.partial(<built-in method close of sqlite3.Cursor object at 0x000002D04AD5E3C0>)
2026-03-04 15:32:05,836 - aiosqlite - DEBUG - operation functools.partial(<built-in method close of sqlite3.Cursor object at 0x000002D04AD5E3C0>) completed
2026-03-04 15:32:05,837 - routers.products - DEBUG - Found 10 productss
2026-03-04 15:32:05,837 - core.database - DEBUG - [DB_OP] Database session cleanup after 0.0100s
2026-03-04 15:32:05,837 - aiosqlite - DEBUG - executing functools.partial(<built-in method rollback of sqlite3.Connection object at 0x000002D04AD1A890>)
2026-03-04 15:32:05,837 - aiosqlite - DEBUG - operation functools.partial(<built-in method rollback of sqlite3.Connection object at 0x000002D04AD1A890>) completed
2026-03-04 15:32:05,838 - aiosqlite - DEBUG - executing functools.partial(<built-in method rollback of sqlite3.Connection object at 0x000002D04AD1A890>)
2026-03-04 15:32:05,838 - aiosqlite - DEBUG - operation functools.partial(<built-in method rollback of sqlite3.Connection object at 0x000002D04AD1A890>) completed
2026-03-04 15:32:05,838 - aiosqlite - DEBUG - executing functools.partial(<built-in method close of sqlite3.Connection object at 0x000002D04AD1A890>)
2026-03-04 15:32:05,838 - aiosqlite - DEBUG - operation functools.partial(<built-in method close of sqlite3.Connection object at 0x000002D04AD1A890>) completed
2026-03-04 15:32:20,689 - core.database - DEBUG - [DB_OP] Starting get_db session creation
2026-03-04 15:32:20,689 - core.database - DEBUG - [DB_OP] Database session created successfully in 0.0000s
2026-03-04 15:32:20,689 - routers.auth - INFO - [login] Login attempt for: admin2@example.com
2026-03-04 15:32:20,691 - aiosqlite - DEBUG - executing <function connect.<locals>.connector at 0x000002D04AD577E0>
2026-03-04 15:32:20,691 - aiosqlite - DEBUG - operation <function connect.<locals>.connector at 0x000002D04AD577E0> completed
2026-03-04 15:32:20,692 - aiosqlite - DEBUG - executing functools.partial(<built-in method create_function of sqlite3.Connection object at 0x000002D04AD1A980>, 'regexp', 2, <function SQLiteDialect_pysqlite.on_connect.<locals>.regexp at 0x000002D04ACFCC20>, deterministic=True)
2026-03-04 15:32:20,692 - aiosqlite - DEBUG - operation functools.partial(<built-in method create_function of sqlite3.Connection object at 0x000002D04AD1A980>, 'regexp', 2, <function SQLiteDialect_pysqlite.on_connect.<locals>.regexp at 0x000002D04ACFCC20>, deterministic=True) completed
2026-03-04 15:32:20,692 - aiosqlite - DEBUG - executing functools.partial(<built-in method create_function of sqlite3.Connection object at 0x000002D04AD1A980>, 'floor', 1, <built-in function floor>, deterministic=True)
2026-03-04 15:32:20,693 - aiosqlite - DEBUG - operation functools.partial(<built-in method create_function of sqlite3.Connection object at 0x000002D04AD1A980>, 'floor', 1, <built-in function floor>, deterministic=True) completed
2026-03-04 15:32:20,693 - aiosqlite - DEBUG - executing functools.partial(<built-in method cursor of sqlite3.Connection object at 0x000002D04AD1A980>)
2026-03-04 15:32:20,693 - aiosqlite - DEBUG - operation functools.partial(<built-in method cursor of sqlite3.Connection object at 0x000002D04AD1A980>) completed
2026-03-04 15:32:20,693 - aiosqlite - DEBUG - executing functools.partial(<built-in method execute of sqlite3.Cursor object at 0x000002D04AD8D240>, 'SELECT users.id, users.email, users.name, users.role, users.created_at, users.last_login, users.hashed_password \nFROM users \nWHERE lower(users.email) = ?', ('admin2@example.com',))
2026-03-04 15:32:20,694 - aiosqlite - DEBUG - operation functools.partial(<built-in method execute of sqlite3.Cursor object at 0x000002D04AD8D240>, 'SELECT users.id, users.email, users.name, users.role, users.created_at, users.last_login, users.hashed_password \nFROM users \nWHERE lower(users.email) = ?', ('admin2@example.com',)) completed
2026-03-04 15:32:20,694 - aiosqlite - DEBUG - executing functools.partial(<built-in method fetchall of sqlite3.Cursor object at 0x000002D04AD8D240>)
2026-03-04 15:32:20,694 - aiosqlite - DEBUG - operation functools.partial(<built-in method fetchall of sqlite3.Cursor object at 0x000002D04AD8D240>) completed
2026-03-04 15:32:20,695 - aiosqlite - DEBUG - executing functools.partial(<built-in method close of sqlite3.Cursor object at 0x000002D04AD8D240>)
2026-03-04 15:32:20,695 - aiosqlite - DEBUG - operation functools.partial(<built-in method close of sqlite3.Cursor object at 0x000002D04AD8D240>) completed
2026-03-04 15:32:20,914 - core.auth - DEBUG - Authentication token created for user hash: 3b14ac7f
2026-03-04 15:32:20,915 - routers.auth - INFO - [login] Login successful for user: 6bf4b957-7c2a-467a-b6d6-db32462caaf1
2026-03-04 15:32:20,915 - core.database - DEBUG - [DB_OP] Database session cleanup after 0.2258s
2026-03-04 15:32:20,915 - aiosqlite - DEBUG - executing functools.partial(<built-in method rollback of sqlite3.Connection object at 0x000002D04AD1A980>)
2026-03-04 15:32:20,916 - aiosqlite - DEBUG - operation functools.partial(<built-in method rollback of sqlite3.Connection object at 0x000002D04AD1A980>) completed
2026-03-04 15:32:20,916 - aiosqlite - DEBUG - executing functools.partial(<built-in method rollback of sqlite3.Connection object at 0x000002D04AD1A980>)
2026-03-04 15:32:20,916 - aiosqlite - DEBUG - operation functools.partial(<built-in method rollback of sqlite3.Connection object at 0x000002D04AD1A980>) completed
2026-03-04 15:32:20,916 - aiosqlite - DEBUG - executing functools.partial(<built-in method close of sqlite3.Connection object at 0x000002D04AD1A980>)
2026-03-04 15:32:20,917 - aiosqlite - DEBUG - operation functools.partial(<built-in method close of sqlite3.Connection object at 0x000002D04AD1A980>) completed
2026-03-04 15:32:22,105 - core.database - DEBUG - [DB_OP] Starting get_db session creation
2026-03-04 15:32:22,105 - core.database - DEBUG - [DB_OP] Database session created successfully in 0.0000s
2026-03-04 15:32:22,106 - routers.products - DEBUG - Querying productss: query=None, sort=None, skip=0, limit=100, fields=None
2026-03-04 15:32:22,108 - aiosqlite - DEBUG - executing <function connect.<locals>.connector at 0x000002D04AD57A60>
2026-03-04 15:32:22,109 - aiosqlite - DEBUG - operation <function connect.<locals>.connector at 0x000002D04AD57A60> completed
2026-03-04 15:32:22,111 - aiosqlite - DEBUG - executing functools.partial(<built-in method create_function of sqlite3.Connection object at 0x000002D04AD1A890>, 'regexp', 2, <function SQLiteDialect_pysqlite.on_connect.<locals>.regexp at 0x000002D04ACFCC20>, deterministic=True)
2026-03-04 15:32:22,111 - aiosqlite - DEBUG - operation functools.partial(<built-in method create_function of sqlite3.Connection object at 0x000002D04AD1A890>, 'regexp', 2, <function SQLiteDialect_pysqlite.on_connect.<locals>.regexp at 0x000002D04ACFCC20>, deterministic=True) completed
2026-03-04 15:32:22,113 - aiosqlite - DEBUG - executing functools.partial(<built-in method create_function of sqlite3.Connection object at 0x000002D04AD1A890>, 'floor', 1, <built-in function floor>, deterministic=True)
2026-03-04 15:32:22,114 - aiosqlite - DEBUG - operation functools.partial(<built-in method create_function of sqlite3.Connection object at 0x000002D04AD1A890>, 'floor', 1, <built-in function floor>, deterministic=True) completed
2026-03-04 15:32:22,115 - aiosqlite - DEBUG - executing functools.partial(<built-in method cursor of sqlite3.Connection object at 0x000002D04AD1A890>)
2026-03-04 15:32:22,116 - aiosqlite - DEBUG - operation functools.partial(<built-in method cursor of sqlite3.Connection object at 0x000002D04AD1A890>) completed
2026-03-04 15:32:22,116 - aiosqlite - DEBUG - executing functools.partial(<built-in method execute of sqlite3.Cursor object at 0x000002D04AD5E540>, 'SELECT count(products.id) AS count_1 \nFROM products', ())
2026-03-04 15:32:22,118 - aiosqlite - DEBUG - operation functools.partial(<built-in method execute of sqlite3.Cursor object at 0x000002D04AD5E540>, 'SELECT count(products.id) AS count_1 \nFROM products', ()) completed
2026-03-04 15:32:22,119 - aiosqlite - DEBUG - executing functools.partial(<built-in method fetchall of sqlite3.Cursor object at 0x000002D04AD5E540>)
2026-03-04 15:32:22,120 - aiosqlite - DEBUG - operation functools.partial(<built-in method fetchall of sqlite3.Cursor object at 0x000002D04AD5E540>) completed
2026-03-04 15:32:22,121 - aiosqlite - DEBUG - executing functools.partial(<built-in method close of sqlite3.Cursor object at 0x000002D04AD5E540>)
2026-03-04 15:32:22,122 - aiosqlite - DEBUG - operation functools.partial(<built-in method close of sqlite3.Cursor object at 0x000002D04AD5E540>) completed
2026-03-04 15:32:22,123 - aiosqlite - DEBUG - executing functools.partial(<built-in method cursor of sqlite3.Connection object at 0x000002D04AD1A890>)
2026-03-04 15:32:22,123 - aiosqlite - DEBUG - operation functools.partial(<built-in method cursor of sqlite3.Connection object at 0x000002D04AD1A890>) completed
2026-03-04 15:32:22,124 - aiosqlite - DEBUG - executing functools.partial(<built-in method execute of sqlite3.Cursor object at 0x000002D04AD5E540>, 'SELECT products.id, products.name, products.description, products.price, products.image, products.category, products.size, products.color, products.stock, products.created_at \nFROM products ORDER BY products.id DESC\n LIMIT ? OFFSET ?', (100, 0))
2026-03-04 15:32:22,125 - aiosqlite - DEBUG - operation functools.partial(<built-in method execute of sqlite3.Cursor object at 0x000002D04AD5E540>, 'SELECT products.id, products.name, products.description, products.price, products.image, products.category, products.size, products.color, products.stock, products.created_at \nFROM products ORDER BY products.id DESC\n LIMIT ? OFFSET ?', (100, 0)) completed
2026-03-04 15:32:22,125 - aiosqlite - DEBUG - executing functools.partial(<built-in method fetchall of sqlite3.Cursor object at 0x000002D04AD5E540>)
2026-03-04 15:32:22,125 - aiosqlite - DEBUG - operation functools.partial(<built-in method fetchall of sqlite3.Cursor object at 0x000002D04AD5E540>) completed
2026-03-04 15:32:22,126 - aiosqlite - DEBUG - executing functools.partial(<built-in method close of sqlite3.Cursor object at 0x000002D04AD5E540>)
2026-03-04 15:32:22,126 - aiosqlite - DEBUG - operation functools.partial(<built-in method close of sqlite3.Cursor object at 0x000002D04AD5E540>) completed
2026-03-04 15:32:22,127 - routers.products - DEBUG - Found 10 productss
2026-03-04 15:32:22,128 - core.database - DEBUG - [DB_OP] Database session cleanup after 0.0235s
2026-03-04 15:32:22,128 - aiosqlite - DEBUG - executing functools.partial(<built-in method rollback of sqlite3.Connection object at 0x000002D04AD1A890>)
2026-03-04 15:32:22,129 - aiosqlite - DEBUG - operation functools.partial(<built-in method rollback of sqlite3.Connection object at 0x000002D04AD1A890>) completed
2026-03-04 15:32:22,129 - aiosqlite - DEBUG - executing functools.partial(<built-in method rollback of sqlite3.Connection object at 0x000002D04AD1A890>)
2026-03-04 15:32:22,130 - aiosqlite - DEBUG - operation functools.partial(<built-in method rollback of sqlite3.Connection object at 0x000002D04AD1A890>) completed
2026-03-04 15:32:22,130 - aiosqlite - DEBUG - executing functools.partial(<built-in method close of sqlite3.Connection object at 0x000002D04AD1A890>)
2026-03-04 15:32:22,130 - aiosqlite - DEBUG - operation functools.partial(<built-in method close of sqlite3.Connection object at 0x000002D04AD1A890>) completed
2026-03-04 15:32:29,891 - core.database - DEBUG - [DB_OP] Starting get_db session creation
2026-03-04 15:32:29,891 - core.database - DEBUG - [DB_OP] Database session created successfully in 0.0000s
2026-03-04 15:32:29,892 - routers.products - DEBUG - Updating products 9 with data: name='Áo phông Cotton GAM ESPORT | MSI 2025 | Đội tuyển Liên Minh Huyền Thoại Việt Nam | Áo phông trắng đen nam nữ' description='Thông tin sản phẩm : GAM ESPORT | MSI 2025 \n\n\n\n- Chất liệu: Thun 98% Cotton cao cấp, 2% sợi co dãn\n\n\n\n- Thấm hút mồ hôi rất tốt, thoáng mát, mềm mịn, không xù lông.\n\n\n\n- Đường may tỉ mỉ, chắc chắn\n\n\n\n- Mặc ở nhà, mặc đi chơi hoặc khi vận động thể thao. Phù hợp khi mix đồ với nhiều loại.\n\n\n\n- Thiết kế hiện đại, trẻ trung, năng động , dễ phối đồ.\n\n\n\n\n\nHƯỚNG DẪN SỬ DỤNG VÀ BẢO QUẢN\n\n\n\n\n\n- Lần đầu đem về chỉ xả nước lạnh rồi phơi khô để đảm bảo chất in trên áo không bong tróc nhé\n\n\n\n- Mỗi khi giặt nhớ lộn trái áo và không giặt ngâm.\n\n\n\n- Không sử dụng thuốc tẩy.\n\n\n\n- Khi phơi nhớ lộn phải và không phơi trực tiếp dưới ánh nắng mặt trời.\n\n\n\n\n\nLưu ý: Khi bạn gặp bất kì vấn đề gì đừng vội đánh giá Sản Phẩm mà hãy liên hệ Shop để được hỗ trợ 1 cách tốt nhất  nhé.' price=295000.0 image='https://down-vn.img.susercontent.com/file/vn-11134207-7ras8-mbm2cntv4wp319.webp' category='T-Shirts' size='XL' color='Đen' stock=77 created_at=None
2026-03-04 15:32:29,893 - aiosqlite - DEBUG - executing <function connect.<locals>.connector at 0x000002D04AD57880>
2026-03-04 15:32:29,893 - aiosqlite - DEBUG - operation <function connect.<locals>.connector at 0x000002D04AD57880> completed
2026-03-04 15:32:29,893 - aiosqlite - DEBUG - executing functools.partial(<built-in method create_function of sqlite3.Connection object at 0x000002D04AD1B970>, 'regexp', 2, <function SQLiteDialect_pysqlite.on_connect.<locals>.regexp at 0x000002D04ACFCC20>, deterministic=True)
2026-03-04 15:32:29,893 - aiosqlite - DEBUG - operation functools.partial(<built-in method create_function of sqlite3.Connection object at 0x000002D04AD1B970>, 'regexp', 2, <function SQLiteDialect_pysqlite.on_connect.<locals>.regexp at 0x000002D04ACFCC20>, deterministic=True) completed
2026-03-04 15:32:29,894 - aiosqlite - DEBUG - executing functools.partial(<built-in method create_function of sqlite3.Connection object at 0x000002D04AD1B970>, 'floor', 1, <built-in function floor>, deterministic=True)
2026-03-04 15:32:29,894 - aiosqlite - DEBUG - operation functools.partial(<built-in method create_function of sqlite3.Connection object at 0x000002D04AD1B970>, 'floor', 1, <built-in function floor>, deterministic=True) completed
2026-03-04 15:32:29,895 - aiosqlite - DEBUG - executing functools.partial(<built-in method cursor of sqlite3.Connection object at 0x000002D04AD1B970>)
2026-03-04 15:32:29,895 - aiosqlite - DEBUG - operation functools.partial(<built-in method cursor of sqlite3.Connection object at 0x000002D04AD1B970>) completed
2026-03-04 15:32:29,895 - aiosqlite - DEBUG - executing functools.partial(<built-in method execute of sqlite3.Cursor object at 0x000002D04AD8C7C0>, 'SELECT products.id, products.name, products.description, products.price, products.image, products.category, products.size, products.color, products.stock, products.created_at \nFROM products \nWHERE products.id = ?', (9,))
2026-03-04 15:32:29,896 - aiosqlite - DEBUG - operation functools.partial(<built-in method execute of sqlite3.Cursor object at 0x000002D04AD8C7C0>, 'SELECT products.id, products.name, products.description, products.price, products.image, products.category, products.size, products.color, products.stock, products.created_at \nFROM products \nWHERE products.id = ?', (9,)) completed
2026-03-04 15:32:29,896 - aiosqlite - DEBUG - executing functools.partial(<built-in method fetchall of sqlite3.Cursor object at 0x000002D04AD8C7C0>)
2026-03-04 15:32:29,896 - aiosqlite - DEBUG - operation functools.partial(<built-in method fetchall of sqlite3.Cursor object at 0x000002D04AD8C7C0>) completed
2026-03-04 15:32:29,897 - aiosqlite - DEBUG - executing functools.partial(<built-in method close of sqlite3.Cursor object at 0x000002D04AD8C7C0>)
2026-03-04 15:32:29,897 - aiosqlite - DEBUG - operation functools.partial(<built-in method close of sqlite3.Cursor object at 0x000002D04AD8C7C0>) completed
2026-03-04 15:32:29,898 - aiosqlite - DEBUG - executing functools.partial(<built-in method cursor of sqlite3.Connection object at 0x000002D04AD1B970>)
2026-03-04 15:32:29,898 - aiosqlite - DEBUG - operation functools.partial(<built-in method cursor of sqlite3.Connection object at 0x000002D04AD1B970>) completed
2026-03-04 15:32:29,899 - aiosqlite - DEBUG - executing functools.partial(<built-in method execute of sqlite3.Cursor object at 0x000002D04AD5E540>, 'UPDATE products SET category=? WHERE products.id = ?', ('T-Shirts', 9))
2026-03-04 15:32:29,899 - aiosqlite - DEBUG - operation functools.partial(<built-in method execute of sqlite3.Cursor object at 0x000002D04AD5E540>, 'UPDATE products SET category=? WHERE products.id = ?', ('T-Shirts', 9)) completed
2026-03-04 15:32:29,900 - aiosqlite - DEBUG - executing functools.partial(<built-in method close of sqlite3.Cursor object at 0x000002D04AD5E540>)
2026-03-04 15:32:29,900 - aiosqlite - DEBUG - operation functools.partial(<built-in method close of sqlite3.Cursor object at 0x000002D04AD5E540>) completed
2026-03-04 15:32:29,901 - aiosqlite - DEBUG - executing functools.partial(<built-in method commit of sqlite3.Connection object at 0x000002D04AD1B970>)
2026-03-04 15:32:29,904 - aiosqlite - DEBUG - operation functools.partial(<built-in method commit of sqlite3.Connection object at 0x000002D04AD1B970>) completed
2026-03-04 15:32:29,905 - aiosqlite - DEBUG - executing functools.partial(<built-in method rollback of sqlite3.Connection object at 0x000002D04AD1B970>)
2026-03-04 15:32:29,905 - aiosqlite - DEBUG - operation functools.partial(<built-in method rollback of sqlite3.Connection object at 0x000002D04AD1B970>) completed
2026-03-04 15:32:29,905 - aiosqlite - DEBUG - executing functools.partial(<built-in method close of sqlite3.Connection object at 0x000002D04AD1B970>)
2026-03-04 15:32:29,905 - aiosqlite - DEBUG - operation functools.partial(<built-in method close of sqlite3.Connection object at 0x000002D04AD1B970>) completed
2026-03-04 15:32:29,906 - aiosqlite - DEBUG - executing <function connect.<locals>.connector at 0x000002D04AD57560>
2026-03-04 15:32:29,908 - aiosqlite - DEBUG - operation <function connect.<locals>.connector at 0x000002D04AD57560> completed
2026-03-04 15:32:29,909 - aiosqlite - DEBUG - executing functools.partial(<built-in method create_function of sqlite3.Connection object at 0x000002D04AD1B970>, 'regexp', 2, <function SQLiteDialect_pysqlite.on_connect.<locals>.regexp at 0x000002D04ACFCC20>, deterministic=True)
2026-03-04 15:32:29,909 - aiosqlite - DEBUG - operation functools.partial(<built-in method create_function of sqlite3.Connection object at 0x000002D04AD1B970>, 'regexp', 2, <function SQLiteDialect_pysqlite.on_connect.<locals>.regexp at 0x000002D04ACFCC20>, deterministic=True) completed
2026-03-04 15:32:29,910 - aiosqlite - DEBUG - executing functools.partial(<built-in method create_function of sqlite3.Connection object at 0x000002D04AD1B970>, 'floor', 1, <built-in function floor>, deterministic=True)
2026-03-04 15:32:29,910 - aiosqlite - DEBUG - operation functools.partial(<built-in method create_function of sqlite3.Connection object at 0x000002D04AD1B970>, 'floor', 1, <built-in function floor>, deterministic=True) completed
2026-03-04 15:32:29,912 - aiosqlite - DEBUG - executing functools.partial(<built-in method cursor of sqlite3.Connection object at 0x000002D04AD1B970>)
2026-03-04 15:32:29,913 - aiosqlite - DEBUG - operation functools.partial(<built-in method cursor of sqlite3.Connection object at 0x000002D04AD1B970>) completed
2026-03-04 15:32:29,913 - aiosqlite - DEBUG - executing functools.partial(<built-in method execute of sqlite3.Cursor object at 0x000002D04AD8C1C0>, 'SELECT products.id, products.name, products.description, products.price, products.image, products.category, products.size, products.color, products.stock, products.created_at \nFROM products \nWHERE products.id = ?', (9,))
2026-03-04 15:32:29,914 - aiosqlite - DEBUG - operation functools.partial(<built-in method execute of sqlite3.Cursor object at 0x000002D04AD8C1C0>, 'SELECT products.id, products.name, products.description, products.price, products.image, products.category, products.size, products.color, products.stock, products.created_at \nFROM products \nWHERE products.id = ?', (9,)) completed
2026-03-04 15:32:29,914 - aiosqlite - DEBUG - executing functools.partial(<built-in method fetchall of sqlite3.Cursor object at 0x000002D04AD8C1C0>)
2026-03-04 15:32:29,914 - aiosqlite - DEBUG - operation functools.partial(<built-in method fetchall of sqlite3.Cursor object at 0x000002D04AD8C1C0>) completed
2026-03-04 15:32:29,914 - aiosqlite - DEBUG - executing functools.partial(<built-in method close of sqlite3.Cursor object at 0x000002D04AD8C1C0>)
2026-03-04 15:32:29,915 - aiosqlite - DEBUG - operation functools.partial(<built-in method close of sqlite3.Cursor object at 0x000002D04AD8C1C0>) completed
2026-03-04 15:32:29,915 - services.products - INFO - Updated products 9
2026-03-04 15:32:29,915 - routers.products - INFO - Products 9 updated successfully
2026-03-04 15:32:29,915 - core.database - DEBUG - [DB_OP] Database session cleanup after 0.0246s
2026-03-04 15:32:29,916 - aiosqlite - DEBUG - executing functools.partial(<built-in method rollback of sqlite3.Connection object at 0x000002D04AD1B970>)
2026-03-04 15:32:29,916 - aiosqlite - DEBUG - operation functools.partial(<built-in method rollback of sqlite3.Connection object at 0x000002D04AD1B970>) completed
2026-03-04 15:32:29,916 - aiosqlite - DEBUG - executing functools.partial(<built-in method rollback of sqlite3.Connection object at 0x000002D04AD1B970>)
2026-03-04 15:32:29,916 - aiosqlite - DEBUG - operation functools.partial(<built-in method rollback of sqlite3.Connection object at 0x000002D04AD1B970>) completed
2026-03-04 15:32:29,917 - aiosqlite - DEBUG - executing functools.partial(<built-in method close of sqlite3.Connection object at 0x000002D04AD1B970>)
2026-03-04 15:32:29,917 - aiosqlite - DEBUG - operation functools.partial(<built-in method close of sqlite3.Connection object at 0x000002D04AD1B970>) completed
2026-03-04 15:32:29,920 - core.database - DEBUG - [DB_OP] Starting get_db session creation
2026-03-04 15:32:29,921 - core.database - DEBUG - [DB_OP] Database session created successfully in 0.0010s
2026-03-04 15:32:29,921 - routers.products - DEBUG - Querying productss: query=None, sort=None, skip=0, limit=100, fields=None
2026-03-04 15:32:29,922 - aiosqlite - DEBUG - executing <function connect.<locals>.connector at 0x000002D04AD57560>
2026-03-04 15:32:29,922 - aiosqlite - DEBUG - operation <function connect.<locals>.connector at 0x000002D04AD57560> completed
2026-03-04 15:32:29,922 - aiosqlite - DEBUG - executing functools.partial(<built-in method create_function of sqlite3.Connection object at 0x000002D04AD1B880>, 'regexp', 2, <function SQLiteDialect_pysqlite.on_connect.<locals>.regexp at 0x000002D04ACFCC20>, deterministic=True)
2026-03-04 15:32:29,923 - aiosqlite - DEBUG - operation functools.partial(<built-in method create_function of sqlite3.Connection object at 0x000002D04AD1B880>, 'regexp', 2, <function SQLiteDialect_pysqlite.on_connect.<locals>.regexp at 0x000002D04ACFCC20>, deterministic=True) completed
2026-03-04 15:32:29,923 - aiosqlite - DEBUG - executing functools.partial(<built-in method create_function of sqlite3.Connection object at 0x000002D04AD1B880>, 'floor', 1, <built-in function floor>, deterministic=True)
2026-03-04 15:32:29,923 - aiosqlite - DEBUG - operation functools.partial(<built-in method create_function of sqlite3.Connection object at 0x000002D04AD1B880>, 'floor', 1, <built-in function floor>, deterministic=True) completed
2026-03-04 15:32:29,924 - aiosqlite - DEBUG - executing functools.partial(<built-in method cursor of sqlite3.Connection object at 0x000002D04AD1B880>)
2026-03-04 15:32:29,924 - aiosqlite - DEBUG - operation functools.partial(<built-in method cursor of sqlite3.Connection object at 0x000002D04AD1B880>) completed
2026-03-04 15:32:29,924 - aiosqlite - DEBUG - executing functools.partial(<built-in method execute of sqlite3.Cursor object at 0x000002D04AD5F840>, 'SELECT count(products.id) AS count_1 \nFROM products', ())
2026-03-04 15:32:29,925 - aiosqlite - DEBUG - operation functools.partial(<built-in method execute of sqlite3.Cursor object at 0x000002D04AD5F840>, 'SELECT count(products.id) AS count_1 \nFROM products', ()) completed
2026-03-04 15:32:29,926 - aiosqlite - DEBUG - executing functools.partial(<built-in method fetchall of sqlite3.Cursor object at 0x000002D04AD5F840>)
2026-03-04 15:32:29,926 - aiosqlite - DEBUG - operation functools.partial(<built-in method fetchall of sqlite3.Cursor object at 0x000002D04AD5F840>) completed
2026-03-04 15:32:29,927 - aiosqlite - DEBUG - executing functools.partial(<built-in method close of sqlite3.Cursor object at 0x000002D04AD5F840>)
2026-03-04 15:32:29,927 - aiosqlite - DEBUG - operation functools.partial(<built-in method close of sqlite3.Cursor object at 0x000002D04AD5F840>) completed
2026-03-04 15:32:29,927 - aiosqlite - DEBUG - executing functools.partial(<built-in method cursor of sqlite3.Connection object at 0x000002D04AD1B880>)
2026-03-04 15:32:29,928 - aiosqlite - DEBUG - operation functools.partial(<built-in method cursor of sqlite3.Connection object at 0x000002D04AD1B880>) completed
2026-03-04 15:32:29,928 - aiosqlite - DEBUG - executing functools.partial(<built-in method execute of sqlite3.Cursor object at 0x000002D04AD5F840>, 'SELECT products.id, products.name, products.description, products.price, products.image, products.category, products.size, products.color, products.stock, products.created_at \nFROM products ORDER BY products.id DESC\n LIMIT ? OFFSET ?', (100, 0))
2026-03-04 15:32:29,928 - aiosqlite - DEBUG - operation functools.partial(<built-in method execute of sqlite3.Cursor object at 0x000002D04AD5F840>, 'SELECT products.id, products.name, products.description, products.price, products.image, products.category, products.size, products.color, products.stock, products.created_at \nFROM products ORDER BY products.id DESC\n LIMIT ? OFFSET ?', (100, 0)) completed
2026-03-04 15:32:29,929 - aiosqlite - DEBUG - executing functools.partial(<built-in method fetchall of sqlite3.Cursor object at 0x000002D04AD5F840>)
2026-03-04 15:32:29,929 - aiosqlite - DEBUG - operation functools.partial(<built-in method fetchall of sqlite3.Cursor object at 0x000002D04AD5F840>) completed
2026-03-04 15:32:29,930 - aiosqlite - DEBUG - executing functools.partial(<built-in method close of sqlite3.Cursor object at 0x000002D04AD5F840>)
2026-03-04 15:32:29,930 - aiosqlite - DEBUG - operation functools.partial(<built-in method close of sqlite3.Cursor object at 0x000002D04AD5F840>) completed
2026-03-04 15:32:29,930 - routers.products - DEBUG - Found 10 productss
2026-03-04 15:32:29,931 - core.database - DEBUG - [DB_OP] Database session cleanup after 0.0110s
2026-03-04 15:32:29,932 - aiosqlite - DEBUG - executing functools.partial(<built-in method rollback of sqlite3.Connection object at 0x000002D04AD1B880>)
2026-03-04 15:32:29,932 - aiosqlite - DEBUG - operation functools.partial(<built-in method rollback of sqlite3.Connection object at 0x000002D04AD1B880>) completed
2026-03-04 15:32:29,933 - aiosqlite - DEBUG - executing functools.partial(<built-in method rollback of sqlite3.Connection object at 0x000002D04AD1B880>)
2026-03-04 15:32:29,933 - aiosqlite - DEBUG - operation functools.partial(<built-in method rollback of sqlite3.Connection object at 0x000002D04AD1B880>) completed
2026-03-04 15:32:29,933 - aiosqlite - DEBUG - executing functools.partial(<built-in method close of sqlite3.Connection object at 0x000002D04AD1B880>)
2026-03-04 15:32:29,934 - aiosqlite - DEBUG - operation functools.partial(<built-in method close of sqlite3.Connection object at 0x000002D04AD1B880>) completed
2026-03-04 15:32:31,117 - core.database - DEBUG - [DB_OP] Starting get_db session creation
2026-03-04 15:32:31,117 - core.database - DEBUG - [DB_OP] Database session created successfully in 0.0000s
2026-03-04 15:32:31,117 - routers.products - DEBUG - Querying productss: query=None, sort=None, skip=0, limit=1000, fields=None
2026-03-04 15:32:31,119 - aiosqlite - DEBUG - executing <function connect.<locals>.connector at 0x000002D04AD57A60>
2026-03-04 15:32:31,119 - aiosqlite - DEBUG - operation <function connect.<locals>.connector at 0x000002D04AD57A60> completed
2026-03-04 15:32:31,120 - aiosqlite - DEBUG - executing functools.partial(<built-in method create_function of sqlite3.Connection object at 0x000002D04AD1B970>, 'regexp', 2, <function SQLiteDialect_pysqlite.on_connect.<locals>.regexp at 0x000002D04ACFCC20>, deterministic=True)
2026-03-04 15:32:31,120 - aiosqlite - DEBUG - operation functools.partial(<built-in method create_function of sqlite3.Connection object at 0x000002D04AD1B970>, 'regexp', 2, <function SQLiteDialect_pysqlite.on_connect.<locals>.regexp at 0x000002D04ACFCC20>, deterministic=True) completed
2026-03-04 15:32:31,121 - aiosqlite - DEBUG - executing functools.partial(<built-in method create_function of sqlite3.Connection object at 0x000002D04AD1B970>, 'floor', 1, <built-in function floor>, deterministic=True)
2026-03-04 15:32:31,121 - aiosqlite - DEBUG - operation functools.partial(<built-in method create_function of sqlite3.Connection object at 0x000002D04AD1B970>, 'floor', 1, <built-in function floor>, deterministic=True) completed
2026-03-04 15:32:31,122 - aiosqlite - DEBUG - executing functools.partial(<built-in method cursor of sqlite3.Connection object at 0x000002D04AD1B970>)
2026-03-04 15:32:31,123 - aiosqlite - DEBUG - operation functools.partial(<built-in method cursor of sqlite3.Connection object at 0x000002D04AD1B970>) completed
2026-03-04 15:32:31,123 - aiosqlite - DEBUG - executing functools.partial(<built-in method execute of sqlite3.Cursor object at 0x000002D04AD5CBC0>, 'SELECT count(products.id) AS count_1 \nFROM products', ())
2026-03-04 15:32:31,124 - aiosqlite - DEBUG - operation functools.partial(<built-in method execute of sqlite3.Cursor object at 0x000002D04AD5CBC0>, 'SELECT count(products.id) AS count_1 \nFROM products', ()) completed
2026-03-04 15:32:31,124 - aiosqlite - DEBUG - executing functools.partial(<built-in method fetchall of sqlite3.Cursor object at 0x000002D04AD5CBC0>)
2026-03-04 15:32:31,124 - aiosqlite - DEBUG - operation functools.partial(<built-in method fetchall of sqlite3.Cursor object at 0x000002D04AD5CBC0>) completed
2026-03-04 15:32:31,125 - aiosqlite - DEBUG - executing functools.partial(<built-in method close of sqlite3.Cursor object at 0x000002D04AD5CBC0>)
2026-03-04 15:32:31,125 - aiosqlite - DEBUG - operation functools.partial(<built-in method close of sqlite3.Cursor object at 0x000002D04AD5CBC0>) completed
2026-03-04 15:32:31,126 - aiosqlite - DEBUG - executing functools.partial(<built-in method cursor of sqlite3.Connection object at 0x000002D04AD1B970>)
2026-03-04 15:32:31,126 - aiosqlite - DEBUG - operation functools.partial(<built-in method cursor of sqlite3.Connection object at 0x000002D04AD1B970>) completed
2026-03-04 15:32:31,127 - aiosqlite - DEBUG - executing functools.partial(<built-in method execute of sqlite3.Cursor object at 0x000002D04AD5CBC0>, 'SELECT products.id, products.name, products.description, products.price, products.image, products.category, products.size, products.color, products.stock, products.created_at \nFROM products ORDER BY products.id DESC\n LIMIT ? OFFSET ?', (1000, 0))
2026-03-04 15:32:31,127 - aiosqlite - DEBUG - operation functools.partial(<built-in method execute of sqlite3.Cursor object at 0x000002D04AD5CBC0>, 'SELECT products.id, products.name, products.description, products.price, products.image, products.category, products.size, products.color, products.stock, products.created_at \nFROM products ORDER BY products.id DESC\n LIMIT ? OFFSET ?', (1000, 0)) completed
2026-03-04 15:32:31,127 - aiosqlite - DEBUG - executing functools.partial(<built-in method fetchall of sqlite3.Cursor object at 0x000002D04AD5CBC0>)
2026-03-04 15:32:31,128 - aiosqlite - DEBUG - operation functools.partial(<built-in method fetchall of sqlite3.Cursor object at 0x000002D04AD5CBC0>) completed
2026-03-04 15:32:31,128 - aiosqlite - DEBUG - executing functools.partial(<built-in method close of sqlite3.Cursor object at 0x000002D04AD5CBC0>)
2026-03-04 15:32:31,128 - aiosqlite - DEBUG - operation functools.partial(<built-in method close of sqlite3.Cursor object at 0x000002D04AD5CBC0>) completed
2026-03-04 15:32:31,129 - routers.products - DEBUG - Found 10 productss
2026-03-04 15:32:31,129 - core.database - DEBUG - [DB_OP] Database session cleanup after 0.0119s
2026-03-04 15:32:31,129 - aiosqlite - DEBUG - executing functools.partial(<built-in method rollback of sqlite3.Connection object at 0x000002D04AD1B970>)
2026-03-04 15:32:31,130 - aiosqlite - DEBUG - operation functools.partial(<built-in method rollback of sqlite3.Connection object at 0x000002D04AD1B970>) completed
2026-03-04 15:32:31,130 - aiosqlite - DEBUG - executing functools.partial(<built-in method rollback of sqlite3.Connection object at 0x000002D04AD1B970>)
2026-03-04 15:32:31,130 - aiosqlite - DEBUG - operation functools.partial(<built-in method rollback of sqlite3.Connection object at 0x000002D04AD1B970>) completed
2026-03-04 15:32:31,130 - aiosqlite - DEBUG - executing functools.partial(<built-in method close of sqlite3.Connection object at 0x000002D04AD1B970>)
2026-03-04 15:32:31,131 - aiosqlite - DEBUG - operation functools.partial(<built-in method close of sqlite3.Connection object at 0x000002D04AD1B970>) completed
2026-03-04 15:33:20,414 - core.database - DEBUG - [DB_OP] Starting get_db session creation
2026-03-04 15:33:20,415 - core.database - DEBUG - [DB_OP] Database session created successfully in 0.0010s
2026-03-04 15:33:20,415 - routers.products - DEBUG - Querying productss: query=None, sort=None, skip=0, limit=100, fields=None
2026-03-04 15:33:20,416 - aiosqlite - DEBUG - executing <function connect.<locals>.connector at 0x000002D04AD57880>
2026-03-04 15:33:20,416 - aiosqlite - DEBUG - operation <function connect.<locals>.connector at 0x000002D04AD57880> completed
2026-03-04 15:33:20,417 - aiosqlite - DEBUG - executing functools.partial(<built-in method create_function of sqlite3.Connection object at 0x000002D04AD1A980>, 'regexp', 2, <function SQLiteDialect_pysqlite.on_connect.<locals>.regexp at 0x000002D04ACFCC20>, deterministic=True)
2026-03-04 15:33:20,417 - aiosqlite - DEBUG - operation functools.partial(<built-in method create_function of sqlite3.Connection object at 0x000002D04AD1A980>, 'regexp', 2, <function SQLiteDialect_pysqlite.on_connect.<locals>.regexp at 0x000002D04ACFCC20>, deterministic=True) completed
2026-03-04 15:33:20,418 - aiosqlite - DEBUG - executing functools.partial(<built-in method create_function of sqlite3.Connection object at 0x000002D04AD1A980>, 'floor', 1, <built-in function floor>, deterministic=True)
2026-03-04 15:33:20,418 - aiosqlite - DEBUG - operation functools.partial(<built-in method create_function of sqlite3.Connection object at 0x000002D04AD1A980>, 'floor', 1, <built-in function floor>, deterministic=True) completed
2026-03-04 15:33:20,419 - aiosqlite - DEBUG - executing functools.partial(<built-in method cursor of sqlite3.Connection object at 0x000002D04AD1A980>)
2026-03-04 15:33:20,419 - aiosqlite - DEBUG - operation functools.partial(<built-in method cursor of sqlite3.Connection object at 0x000002D04AD1A980>) completed
2026-03-04 15:33:20,419 - aiosqlite - DEBUG - executing functools.partial(<built-in method execute of sqlite3.Cursor object at 0x000002D04AD8C7C0>, 'SELECT count(products.id) AS count_1 \nFROM products', ())
2026-03-04 15:33:20,421 - aiosqlite - DEBUG - operation functools.partial(<built-in method execute of sqlite3.Cursor object at 0x000002D04AD8C7C0>, 'SELECT count(products.id) AS count_1 \nFROM products', ()) completed
2026-03-04 15:33:20,421 - aiosqlite - DEBUG - executing functools.partial(<built-in method fetchall of sqlite3.Cursor object at 0x000002D04AD8C7C0>)
2026-03-04 15:33:20,422 - aiosqlite - DEBUG - operation functools.partial(<built-in method fetchall of sqlite3.Cursor object at 0x000002D04AD8C7C0>) completed
2026-03-04 15:33:20,422 - aiosqlite - DEBUG - executing functools.partial(<built-in method close of sqlite3.Cursor object at 0x000002D04AD8C7C0>)
2026-03-04 15:33:20,422 - aiosqlite - DEBUG - operation functools.partial(<built-in method close of sqlite3.Cursor object at 0x000002D04AD8C7C0>) completed
2026-03-04 15:33:20,423 - aiosqlite - DEBUG - executing functools.partial(<built-in method cursor of sqlite3.Connection object at 0x000002D04AD1A980>)
2026-03-04 15:33:20,423 - aiosqlite - DEBUG - operation functools.partial(<built-in method cursor of sqlite3.Connection object at 0x000002D04AD1A980>) completed
2026-03-04 15:33:20,424 - aiosqlite - DEBUG - executing functools.partial(<built-in method execute of sqlite3.Cursor object at 0x000002D04AD8C7C0>, 'SELECT products.id, products.name, products.description, products.price, products.image, products.category, products.size, products.color, products.stock, products.created_at \nFROM products ORDER BY products.id DESC\n LIMIT ? OFFSET ?', (100, 0))
2026-03-04 15:33:20,424 - aiosqlite - DEBUG - operation functools.partial(<built-in method execute of sqlite3.Cursor object at 0x000002D04AD8C7C0>, 'SELECT products.id, products.name, products.description, products.price, products.image, products.category, products.size, products.color, products.stock, products.created_at \nFROM products ORDER BY products.id DESC\n LIMIT ? OFFSET ?', (100, 0)) completed
2026-03-04 15:33:20,425 - aiosqlite - DEBUG - executing functools.partial(<built-in method fetchall of sqlite3.Cursor object at 0x000002D04AD8C7C0>)
2026-03-04 15:33:20,425 - aiosqlite - DEBUG - operation functools.partial(<built-in method fetchall of sqlite3.Cursor object at 0x000002D04AD8C7C0>) completed
2026-03-04 15:33:20,426 - aiosqlite - DEBUG - executing functools.partial(<built-in method close of sqlite3.Cursor object at 0x000002D04AD8C7C0>)
2026-03-04 15:33:20,426 - aiosqlite - DEBUG - operation functools.partial(<built-in method close of sqlite3.Cursor object at 0x000002D04AD8C7C0>) completed
2026-03-04 15:33:20,426 - routers.products - DEBUG - Found 10 productss
2026-03-04 15:33:20,427 - core.database - DEBUG - [DB_OP] Database session cleanup after 0.0130s
2026-03-04 15:33:20,427 - aiosqlite - DEBUG - executing functools.partial(<built-in method rollback of sqlite3.Connection object at 0x000002D04AD1A980>)
2026-03-04 15:33:20,427 - aiosqlite - DEBUG - operation functools.partial(<built-in method rollback of sqlite3.Connection object at 0x000002D04AD1A980>) completed
2026-03-04 15:33:20,428 - aiosqlite - DEBUG - executing functools.partial(<built-in method rollback of sqlite3.Connection object at 0x000002D04AD1A980>)
2026-03-04 15:33:20,428 - aiosqlite - DEBUG - operation functools.partial(<built-in method rollback of sqlite3.Connection object at 0x000002D04AD1A980>) completed
2026-03-04 15:33:20,428 - aiosqlite - DEBUG - executing functools.partial(<built-in method close of sqlite3.Connection object at 0x000002D04AD1A980>)
2026-03-04 15:33:20,428 - aiosqlite - DEBUG - operation functools.partial(<built-in method close of sqlite3.Connection object at 0x000002D04AD1A980>) completed
2026-03-04 15:33:24,513 - core.database - DEBUG - [DB_OP] Starting get_db session creation
2026-03-04 15:33:24,513 - core.database - DEBUG - [DB_OP] Database session created successfully in 0.0000s
2026-03-04 15:33:24,514 - routers.products - DEBUG - Querying productss: query=None, sort=None, skip=0, limit=1000, fields=None
2026-03-04 15:33:24,516 - aiosqlite - DEBUG - executing <function connect.<locals>.connector at 0x000002D04AD57BA0>
2026-03-04 15:33:24,516 - aiosqlite - DEBUG - operation <function connect.<locals>.connector at 0x000002D04AD57BA0> completed
2026-03-04 15:33:24,517 - aiosqlite - DEBUG - executing functools.partial(<built-in method create_function of sqlite3.Connection object at 0x000002D04AD1AC50>, 'regexp', 2, <function SQLiteDialect_pysqlite.on_connect.<locals>.regexp at 0x000002D04ACFCC20>, deterministic=True)
2026-03-04 15:33:24,517 - aiosqlite - DEBUG - operation functools.partial(<built-in method create_function of sqlite3.Connection object at 0x000002D04AD1AC50>, 'regexp', 2, <function SQLiteDialect_pysqlite.on_connect.<locals>.regexp at 0x000002D04ACFCC20>, deterministic=True) completed
2026-03-04 15:33:24,518 - aiosqlite - DEBUG - executing functools.partial(<built-in method create_function of sqlite3.Connection object at 0x000002D04AD1AC50>, 'floor', 1, <built-in function floor>, deterministic=True)
2026-03-04 15:33:24,519 - aiosqlite - DEBUG - operation functools.partial(<built-in method create_function of sqlite3.Connection object at 0x000002D04AD1AC50>, 'floor', 1, <built-in function floor>, deterministic=True) completed
2026-03-04 15:33:24,520 - aiosqlite - DEBUG - executing functools.partial(<built-in method cursor of sqlite3.Connection object at 0x000002D04AD1AC50>)
2026-03-04 15:33:24,520 - aiosqlite - DEBUG - operation functools.partial(<built-in method cursor of sqlite3.Connection object at 0x000002D04AD1AC50>) completed
2026-03-04 15:33:24,521 - aiosqlite - DEBUG - executing functools.partial(<built-in method execute of sqlite3.Cursor object at 0x000002D04AD8C0C0>, 'SELECT count(products.id) AS count_1 \nFROM products', ())
2026-03-04 15:33:24,521 - aiosqlite - DEBUG - operation functools.partial(<built-in method execute of sqlite3.Cursor object at 0x000002D04AD8C0C0>, 'SELECT count(products.id) AS count_1 \nFROM products', ()) completed
2026-03-04 15:33:24,522 - aiosqlite - DEBUG - executing functools.partial(<built-in method fetchall of sqlite3.Cursor object at 0x000002D04AD8C0C0>)
2026-03-04 15:33:24,523 - aiosqlite - DEBUG - operation functools.partial(<built-in method fetchall of sqlite3.Cursor object at 0x000002D04AD8C0C0>) completed
2026-03-04 15:33:24,523 - aiosqlite - DEBUG - executing functools.partial(<built-in method close of sqlite3.Cursor object at 0x000002D04AD8C0C0>)
2026-03-04 15:33:24,524 - aiosqlite - DEBUG - operation functools.partial(<built-in method close of sqlite3.Cursor object at 0x000002D04AD8C0C0>) completed
2026-03-04 15:33:24,525 - aiosqlite - DEBUG - executing functools.partial(<built-in method cursor of sqlite3.Connection object at 0x000002D04AD1AC50>)
2026-03-04 15:33:24,525 - aiosqlite - DEBUG - operation functools.partial(<built-in method cursor of sqlite3.Connection object at 0x000002D04AD1AC50>) completed
2026-03-04 15:33:24,525 - aiosqlite - DEBUG - executing functools.partial(<built-in method execute of sqlite3.Cursor object at 0x000002D04AD8C0C0>, 'SELECT products.id, products.name, products.description, products.price, products.image, products.category, products.size, products.color, products.stock, products.created_at \nFROM products ORDER BY products.id DESC\n LIMIT ? OFFSET ?', (1000, 0))
2026-03-04 15:33:24,526 - aiosqlite - DEBUG - operation functools.partial(<built-in method execute of sqlite3.Cursor object at 0x000002D04AD8C0C0>, 'SELECT products.id, products.name, products.description, products.price, products.image, products.category, products.size, products.color, products.stock, products.created_at \nFROM products ORDER BY products.id DESC\n LIMIT ? OFFSET ?', (1000, 0)) completed
2026-03-04 15:33:24,526 - aiosqlite - DEBUG - executing functools.partial(<built-in method fetchall of sqlite3.Cursor object at 0x000002D04AD8C0C0>)
2026-03-04 15:33:24,526 - aiosqlite - DEBUG - operation functools.partial(<built-in method fetchall of sqlite3.Cursor object at 0x000002D04AD8C0C0>) completed
2026-03-04 15:33:24,527 - aiosqlite - DEBUG - executing functools.partial(<built-in method close of sqlite3.Cursor object at 0x000002D04AD8C0C0>)
2026-03-04 15:33:24,527 - aiosqlite - DEBUG - operation functools.partial(<built-in method close of sqlite3.Cursor object at 0x000002D04AD8C0C0>) completed
2026-03-04 15:33:24,528 - routers.products - DEBUG - Found 10 productss
2026-03-04 15:33:24,528 - core.database - DEBUG - [DB_OP] Database session cleanup after 0.0148s
2026-03-04 15:33:24,529 - aiosqlite - DEBUG - executing functools.partial(<built-in method rollback of sqlite3.Connection object at 0x000002D04AD1AC50>)
2026-03-04 15:33:24,529 - aiosqlite - DEBUG - operation functools.partial(<built-in method rollback of sqlite3.Connection object at 0x000002D04AD1AC50>) completed
2026-03-04 15:33:24,529 - aiosqlite - DEBUG - executing functools.partial(<built-in method rollback of sqlite3.Connection object at 0x000002D04AD1AC50>)
2026-03-04 15:33:24,529 - aiosqlite - DEBUG - operation functools.partial(<built-in method rollback of sqlite3.Connection object at 0x000002D04AD1AC50>) completed
2026-03-04 15:33:24,530 - aiosqlite - DEBUG - executing functools.partial(<built-in method close of sqlite3.Connection object at 0x000002D04AD1AC50>)
2026-03-04 15:33:24,530 - aiosqlite - DEBUG - operation functools.partial(<built-in method close of sqlite3.Connection object at 0x000002D04AD1AC50>) completed
2026-03-04 15:33:34,336 - core.database - DEBUG - [DB_OP] Starting get_db session creation
2026-03-04 15:33:34,336 - core.database - DEBUG - [DB_OP] Database session created successfully in 0.0000s
2026-03-04 15:33:34,337 - routers.products - DEBUG - Querying productss: query=None, sort=None, skip=0, limit=100, fields=None
2026-03-04 15:33:34,339 - aiosqlite - DEBUG - executing <function connect.<locals>.connector at 0x000002D04AD57740>
2026-03-04 15:33:34,339 - aiosqlite - DEBUG - operation <function connect.<locals>.connector at 0x000002D04AD57740> completed
2026-03-04 15:33:34,339 - aiosqlite - DEBUG - executing functools.partial(<built-in method create_function of sqlite3.Connection object at 0x000002D04AD1B970>, 'regexp', 2, <function SQLiteDialect_pysqlite.on_connect.<locals>.regexp at 0x000002D04ACFCC20>, deterministic=True)
2026-03-04 15:33:34,340 - aiosqlite - DEBUG - operation functools.partial(<built-in method create_function of sqlite3.Connection object at 0x000002D04AD1B970>, 'regexp', 2, <function SQLiteDialect_pysqlite.on_connect.<locals>.regexp at 0x000002D04ACFCC20>, deterministic=True) completed
2026-03-04 15:33:34,340 - aiosqlite - DEBUG - executing functools.partial(<built-in method create_function of sqlite3.Connection object at 0x000002D04AD1B970>, 'floor', 1, <built-in function floor>, deterministic=True)
2026-03-04 15:33:34,340 - aiosqlite - DEBUG - operation functools.partial(<built-in method create_function of sqlite3.Connection object at 0x000002D04AD1B970>, 'floor', 1, <built-in function floor>, deterministic=True) completed
2026-03-04 15:33:34,341 - aiosqlite - DEBUG - executing functools.partial(<built-in method cursor of sqlite3.Connection object at 0x000002D04AD1B970>)
2026-03-04 15:33:34,341 - aiosqlite - DEBUG - operation functools.partial(<built-in method cursor of sqlite3.Connection object at 0x000002D04AD1B970>) completed
2026-03-04 15:33:34,342 - aiosqlite - DEBUG - executing functools.partial(<built-in method execute of sqlite3.Cursor object at 0x000002D04AD8E540>, 'SELECT count(products.id) AS count_1 \nFROM products', ())
2026-03-04 15:33:34,343 - aiosqlite - DEBUG - operation functools.partial(<built-in method execute of sqlite3.Cursor object at 0x000002D04AD8E540>, 'SELECT count(products.id) AS count_1 \nFROM products', ()) completed
2026-03-04 15:33:34,343 - aiosqlite - DEBUG - executing functools.partial(<built-in method fetchall of sqlite3.Cursor object at 0x000002D04AD8E540>)
2026-03-04 15:33:34,344 - aiosqlite - DEBUG - operation functools.partial(<built-in method fetchall of sqlite3.Cursor object at 0x000002D04AD8E540>) completed
2026-03-04 15:33:34,344 - aiosqlite - DEBUG - executing functools.partial(<built-in method close of sqlite3.Cursor object at 0x000002D04AD8E540>)
2026-03-04 15:33:34,344 - aiosqlite - DEBUG - operation functools.partial(<built-in method close of sqlite3.Cursor object at 0x000002D04AD8E540>) completed
2026-03-04 15:33:34,346 - aiosqlite - DEBUG - executing functools.partial(<built-in method cursor of sqlite3.Connection object at 0x000002D04AD1B970>)
2026-03-04 15:33:34,346 - aiosqlite - DEBUG - operation functools.partial(<built-in method cursor of sqlite3.Connection object at 0x000002D04AD1B970>) completed
2026-03-04 15:33:34,347 - aiosqlite - DEBUG - executing functools.partial(<built-in method execute of sqlite3.Cursor object at 0x000002D04AD8E540>, 'SELECT products.id, products.name, products.description, products.price, products.image, products.category, products.size, products.color, products.stock, products.created_at \nFROM products ORDER BY products.id DESC\n LIMIT ? OFFSET ?', (100, 0))
2026-03-04 15:33:34,347 - aiosqlite - DEBUG - operation functools.partial(<built-in method execute of sqlite3.Cursor object at 0x000002D04AD8E540>, 'SELECT products.id, products.name, products.description, products.price, products.image, products.category, products.size, products.color, products.stock, products.created_at \nFROM products ORDER BY products.id DESC\n LIMIT ? OFFSET ?', (100, 0)) completed
2026-03-04 15:33:34,348 - aiosqlite - DEBUG - executing functools.partial(<built-in method fetchall of sqlite3.Cursor object at 0x000002D04AD8E540>)
2026-03-04 15:33:34,350 - aiosqlite - DEBUG - operation functools.partial(<built-in method fetchall of sqlite3.Cursor object at 0x000002D04AD8E540>) completed
2026-03-04 15:33:34,350 - aiosqlite - DEBUG - executing functools.partial(<built-in method close of sqlite3.Cursor object at 0x000002D04AD8E540>)
2026-03-04 15:33:34,350 - aiosqlite - DEBUG - operation functools.partial(<built-in method close of sqlite3.Cursor object at 0x000002D04AD8E540>) completed
2026-03-04 15:33:34,351 - routers.products - DEBUG - Found 10 productss
2026-03-04 15:33:34,351 - core.database - DEBUG - [DB_OP] Database session cleanup after 0.0150s
2026-03-04 15:33:34,352 - aiosqlite - DEBUG - executing functools.partial(<built-in method rollback of sqlite3.Connection object at 0x000002D04AD1B970>)
2026-03-04 15:33:34,352 - aiosqlite - DEBUG - operation functools.partial(<built-in method rollback of sqlite3.Connection object at 0x000002D04AD1B970>) completed
2026-03-04 15:33:34,352 - aiosqlite - DEBUG - executing functools.partial(<built-in method rollback of sqlite3.Connection object at 0x000002D04AD1B970>)
2026-03-04 15:33:34,352 - aiosqlite - DEBUG - operation functools.partial(<built-in method rollback of sqlite3.Connection object at 0x000002D04AD1B970>) completed
2026-03-04 15:33:34,353 - aiosqlite - DEBUG - executing functools.partial(<built-in method close of sqlite3.Connection object at 0x000002D04AD1B970>)
2026-03-04 15:33:34,353 - aiosqlite - DEBUG - operation functools.partial(<built-in method close of sqlite3.Connection object at 0x000002D04AD1B970>) completed
2026-03-04 15:42:17,546 - core.database - DEBUG - [DB_OP] Starting get_db session creation
2026-03-04 15:42:17,546 - core.database - DEBUG - [DB_OP] Database session created successfully in 0.0000s
2026-03-04 15:42:17,547 - routers.products - DEBUG - Querying productss: query=None, sort=None, skip=0, limit=1000, fields=None
2026-03-04 15:42:17,547 - aiosqlite - DEBUG - executing <function connect.<locals>.connector at 0x000002D04AD57CE0>
2026-03-04 15:42:17,548 - aiosqlite - DEBUG - operation <function connect.<locals>.connector at 0x000002D04AD57CE0> completed
2026-03-04 15:42:17,548 - aiosqlite - DEBUG - executing functools.partial(<built-in method create_function of sqlite3.Connection object at 0x000002D04AD1A980>, 'regexp', 2, <function SQLiteDialect_pysqlite.on_connect.<locals>.regexp at 0x000002D04ACFCC20>, deterministic=True)
2026-03-04 15:42:17,549 - aiosqlite - DEBUG - operation functools.partial(<built-in method create_function of sqlite3.Connection object at 0x000002D04AD1A980>, 'regexp', 2, <function SQLiteDialect_pysqlite.on_connect.<locals>.regexp at 0x000002D04ACFCC20>, deterministic=True) completed
2026-03-04 15:42:17,550 - aiosqlite - DEBUG - executing functools.partial(<built-in method create_function of sqlite3.Connection object at 0x000002D04AD1A980>, 'floor', 1, <built-in function floor>, deterministic=True)
2026-03-04 15:42:17,550 - aiosqlite - DEBUG - operation functools.partial(<built-in method create_function of sqlite3.Connection object at 0x000002D04AD1A980>, 'floor', 1, <built-in function floor>, deterministic=True) completed
2026-03-04 15:42:17,551 - aiosqlite - DEBUG - executing functools.partial(<built-in method cursor of sqlite3.Connection object at 0x000002D04AD1A980>)
2026-03-04 15:42:17,551 - aiosqlite - DEBUG - operation functools.partial(<built-in method cursor of sqlite3.Connection object at 0x000002D04AD1A980>) completed
2026-03-04 15:42:17,552 - aiosqlite - DEBUG - executing functools.partial(<built-in method execute of sqlite3.Cursor object at 0x000002D04AD8DF40>, 'SELECT count(products.id) AS count_1 \nFROM products', ())
2026-03-04 15:42:17,552 - aiosqlite - DEBUG - operation functools.partial(<built-in method execute of sqlite3.Cursor object at 0x000002D04AD8DF40>, 'SELECT count(products.id) AS count_1 \nFROM products', ()) completed
2026-03-04 15:42:17,553 - aiosqlite - DEBUG - executing functools.partial(<built-in method fetchall of sqlite3.Cursor object at 0x000002D04AD8DF40>)
2026-03-04 15:42:17,553 - aiosqlite - DEBUG - operation functools.partial(<built-in method fetchall of sqlite3.Cursor object at 0x000002D04AD8DF40>) completed
2026-03-04 15:42:17,554 - aiosqlite - DEBUG - executing functools.partial(<built-in method close of sqlite3.Cursor object at 0x000002D04AD8DF40>)
2026-03-04 15:42:17,554 - aiosqlite - DEBUG - operation functools.partial(<built-in method close of sqlite3.Cursor object at 0x000002D04AD8DF40>) completed
2026-03-04 15:42:17,555 - aiosqlite - DEBUG - executing functools.partial(<built-in method cursor of sqlite3.Connection object at 0x000002D04AD1A980>)
2026-03-04 15:42:17,555 - aiosqlite - DEBUG - operation functools.partial(<built-in method cursor of sqlite3.Connection object at 0x000002D04AD1A980>) completed
2026-03-04 15:42:17,555 - aiosqlite - DEBUG - executing functools.partial(<built-in method execute of sqlite3.Cursor object at 0x000002D04AD8DF40>, 'SELECT products.id, products.name, products.description, products.price, products.image, products.category, products.size, products.color, products.stock, products.created_at \nFROM products ORDER BY products.id DESC\n LIMIT ? OFFSET ?', (1000, 0))
2026-03-04 15:42:17,556 - aiosqlite - DEBUG - operation functools.partial(<built-in method execute of sqlite3.Cursor object at 0x000002D04AD8DF40>, 'SELECT products.id, products.name, products.description, products.price, products.image, products.category, products.size, products.color, products.stock, products.created_at \nFROM products ORDER BY products.id DESC\n LIMIT ? OFFSET ?', (1000, 0)) completed
2026-03-04 15:42:17,557 - aiosqlite - DEBUG - executing functools.partial(<built-in method fetchall of sqlite3.Cursor object at 0x000002D04AD8DF40>)
2026-03-04 15:42:17,558 - aiosqlite - DEBUG - operation functools.partial(<built-in method fetchall of sqlite3.Cursor object at 0x000002D04AD8DF40>) completed
2026-03-04 15:42:17,558 - aiosqlite - DEBUG - executing functools.partial(<built-in method close of sqlite3.Cursor object at 0x000002D04AD8DF40>)
2026-03-04 15:42:17,559 - aiosqlite - DEBUG - operation functools.partial(<built-in method close of sqlite3.Cursor object at 0x000002D04AD8DF40>) completed
2026-03-04 15:42:17,559 - routers.products - DEBUG - Found 10 productss
2026-03-04 15:42:17,560 - core.database - DEBUG - [DB_OP] Database session cleanup after 0.0140s
2026-03-04 15:42:17,560 - aiosqlite - DEBUG - executing functools.partial(<built-in method rollback of sqlite3.Connection object at 0x000002D04AD1A980>)
2026-03-04 15:42:17,561 - aiosqlite - DEBUG - operation functools.partial(<built-in method rollback of sqlite3.Connection object at 0x000002D04AD1A980>) completed
2026-03-04 15:42:17,561 - aiosqlite - DEBUG - executing functools.partial(<built-in method rollback of sqlite3.Connection object at 0x000002D04AD1A980>)
2026-03-04 15:42:17,561 - aiosqlite - DEBUG - operation functools.partial(<built-in method rollback of sqlite3.Connection object at 0x000002D04AD1A980>) completed
2026-03-04 15:42:17,562 - aiosqlite - DEBUG - executing functools.partial(<built-in method close of sqlite3.Connection object at 0x000002D04AD1A980>)
2026-03-04 15:42:17,562 - aiosqlite - DEBUG - operation functools.partial(<built-in method close of sqlite3.Connection object at 0x000002D04AD1A980>) completed
2026-03-04 15:45:25,740 - core.auth - DEBUG - Authentication token validated for user hash: 3b14ac7f
2026-03-04 15:45:25,741 - core.database - DEBUG - [DB_OP] Starting get_db session creation
2026-03-04 15:45:25,741 - core.database - DEBUG - [DB_OP] Database session created successfully in 0.0000s
2026-03-04 15:45:25,742 - aiosqlite - DEBUG - executing <function connect.<locals>.connector at 0x000002D04AD7D120>
2026-03-04 15:45:25,742 - aiosqlite - DEBUG - operation <function connect.<locals>.connector at 0x000002D04AD7D120> completed
2026-03-04 15:45:25,743 - aiosqlite - DEBUG - executing functools.partial(<built-in method create_function of sqlite3.Connection object at 0x000002D04AD2DD50>, 'regexp', 2, <function SQLiteDialect_pysqlite.on_connect.<locals>.regexp at 0x000002D04ACFCC20>, deterministic=True)
2026-03-04 15:45:25,743 - aiosqlite - DEBUG - operation functools.partial(<built-in method create_function of sqlite3.Connection object at 0x000002D04AD2DD50>, 'regexp', 2, <function SQLiteDialect_pysqlite.on_connect.<locals>.regexp at 0x000002D04ACFCC20>, deterministic=True) completed
2026-03-04 15:45:25,743 - aiosqlite - DEBUG - executing functools.partial(<built-in method create_function of sqlite3.Connection object at 0x000002D04AD2DD50>, 'floor', 1, <built-in function floor>, deterministic=True)
2026-03-04 15:45:25,743 - aiosqlite - DEBUG - operation functools.partial(<built-in method create_function of sqlite3.Connection object at 0x000002D04AD2DD50>, 'floor', 1, <built-in function floor>, deterministic=True) completed
2026-03-04 15:45:25,745 - aiosqlite - DEBUG - executing functools.partial(<built-in method cursor of sqlite3.Connection object at 0x000002D04AD2DD50>)
2026-03-04 15:45:25,745 - aiosqlite - DEBUG - operation functools.partial(<built-in method cursor of sqlite3.Connection object at 0x000002D04AD2DD50>) completed
2026-03-04 15:45:25,745 - aiosqlite - DEBUG - executing functools.partial(<built-in method execute of sqlite3.Cursor object at 0x000002D04AD8D240>, 'INSERT INTO orders (user_id, customer_name, phone, address, total_amount, products, status) VALUES (?, ?, ?, ?, ?, ?, ?) RETURNING id, created_at', ('6bf4b957-7c2a-467a-b6d6-db32462caaf1', 'Eijiro Kirishima', '0935054444', 'tổ 7 khu vực 2 phường Trần Quang Diệu TP Qui Nhơn, Tỉnh Bình Định', 435600.0, '[{"product_id": 5, "name": "\\u00c1o Kho\\u00e1c Da Loang V2 - Form Poxy - Ch\\u1ea5t Da PU - Ph\\u1ed1i T\\u00fai D\\u00e2y K\\u00e9o Nam T\\u00ednh - Phong C\\u00e1ch H\\u00e0n Qu\\u1ed1c", "price": 435600, "quantity": 1, "image": "https://down-vn.img.susercontent.com/file/vn-11134207-7ra0g-m80hgoxjg1onf4.webp"}]', 'pending'))
2026-03-04 15:45:25,747 - aiosqlite - DEBUG - operation functools.partial(<built-in method execute of sqlite3.Cursor object at 0x000002D04AD8D240>, 'INSERT INTO orders (user_id, customer_name, phone, address, total_amount, products, status) VALUES (?, ?, ?, ?, ?, ?, ?) RETURNING id, created_at', ('6bf4b957-7c2a-467a-b6d6-db32462caaf1', 'Eijiro Kirishima', '0935054444', 'tổ 7 khu vực 2 phường Trần Quang Diệu TP Qui Nhơn, Tỉnh Bình Định', 435600.0, '[{"product_id": 5, "name": "\\u00c1o Kho\\u00e1c Da Loang V2 - Form Poxy - Ch\\u1ea5t Da PU - Ph\\u1ed1i T\\u00fai D\\u00e2y K\\u00e9o Nam T\\u00ednh - Phong C\\u00e1ch H\\u00e0n Qu\\u1ed1c", "price": 435600, "quantity": 1, "image": "https://down-vn.img.susercontent.com/file/vn-11134207-7ra0g-m80hgoxjg1onf4.webp"}]', 'pending')) completed
2026-03-04 15:45:25,747 - aiosqlite - DEBUG - executing functools.partial(<built-in method fetchall of sqlite3.Cursor object at 0x000002D04AD8D240>)
2026-03-04 15:45:25,748 - aiosqlite - DEBUG - operation functools.partial(<built-in method fetchall of sqlite3.Cursor object at 0x000002D04AD8D240>) completed
2026-03-04 15:45:25,748 - aiosqlite - DEBUG - executing functools.partial(<built-in method close of sqlite3.Cursor object at 0x000002D04AD8D240>)
2026-03-04 15:45:25,748 - aiosqlite - DEBUG - operation functools.partial(<built-in method close of sqlite3.Cursor object at 0x000002D04AD8D240>) completed
2026-03-04 15:45:25,749 - aiosqlite - DEBUG - executing functools.partial(<built-in method commit of sqlite3.Connection object at 0x000002D04AD2DD50>)
2026-03-04 15:45:25,752 - aiosqlite - DEBUG - operation functools.partial(<built-in method commit of sqlite3.Connection object at 0x000002D04AD2DD50>) completed
2026-03-04 15:45:25,752 - aiosqlite - DEBUG - executing functools.partial(<built-in method rollback of sqlite3.Connection object at 0x000002D04AD2DD50>)
2026-03-04 15:45:25,753 - aiosqlite - DEBUG - operation functools.partial(<built-in method rollback of sqlite3.Connection object at 0x000002D04AD2DD50>) completed
2026-03-04 15:45:25,753 - aiosqlite - DEBUG - executing functools.partial(<built-in method close of sqlite3.Connection object at 0x000002D04AD2DD50>)
2026-03-04 15:45:25,753 - aiosqlite - DEBUG - operation functools.partial(<built-in method close of sqlite3.Connection object at 0x000002D04AD2DD50>) completed
2026-03-04 15:45:25,754 - aiosqlite - DEBUG - executing <function connect.<locals>.connector at 0x000002D0494A4220>
2026-03-04 15:45:25,755 - aiosqlite - DEBUG - operation <function connect.<locals>.connector at 0x000002D0494A4220> completed
2026-03-04 15:45:25,755 - aiosqlite - DEBUG - executing functools.partial(<built-in method create_function of sqlite3.Connection object at 0x000002D04AD1AC50>, 'regexp', 2, <function SQLiteDialect_pysqlite.on_connect.<locals>.regexp at 0x000002D04ACFCC20>, deterministic=True)
2026-03-04 15:45:25,755 - aiosqlite - DEBUG - operation functools.partial(<built-in method create_function of sqlite3.Connection object at 0x000002D04AD1AC50>, 'regexp', 2, <function SQLiteDialect_pysqlite.on_connect.<locals>.regexp at 0x000002D04ACFCC20>, deterministic=True) completed
2026-03-04 15:45:25,756 - aiosqlite - DEBUG - executing functools.partial(<built-in method create_function of sqlite3.Connection object at 0x000002D04AD1AC50>, 'floor', 1, <built-in function floor>, deterministic=True)
2026-03-04 15:45:25,756 - aiosqlite - DEBUG - operation functools.partial(<built-in method create_function of sqlite3.Connection object at 0x000002D04AD1AC50>, 'floor', 1, <built-in function floor>, deterministic=True) completed
2026-03-04 15:45:25,756 - aiosqlite - DEBUG - executing functools.partial(<built-in method cursor of sqlite3.Connection object at 0x000002D04AD1AC50>)
2026-03-04 15:45:25,757 - aiosqlite - DEBUG - operation functools.partial(<built-in method cursor of sqlite3.Connection object at 0x000002D04AD1AC50>) completed
2026-03-04 15:45:25,757 - aiosqlite - DEBUG - executing functools.partial(<built-in method execute of sqlite3.Cursor object at 0x000002D04AD8E440>, 'SELECT orders.id, orders.user_id, orders.customer_name, orders.phone, orders.address, orders.total_amount, orders.products, orders.status, orders.created_at \nFROM orders \nWHERE orders.id = ?', (2,))
2026-03-04 15:45:25,757 - aiosqlite - DEBUG - operation functools.partial(<built-in method execute of sqlite3.Cursor object at 0x000002D04AD8E440>, 'SELECT orders.id, orders.user_id, orders.customer_name, orders.phone, orders.address, orders.total_amount, orders.products, orders.status, orders.created_at \nFROM orders \nWHERE orders.id = ?', (2,)) completed
2026-03-04 15:45:25,758 - aiosqlite - DEBUG - executing functools.partial(<built-in method fetchall of sqlite3.Cursor object at 0x000002D04AD8E440>)
2026-03-04 15:45:25,759 - aiosqlite - DEBUG - operation functools.partial(<built-in method fetchall of sqlite3.Cursor object at 0x000002D04AD8E440>) completed
2026-03-04 15:45:25,759 - aiosqlite - DEBUG - executing functools.partial(<built-in method close of sqlite3.Cursor object at 0x000002D04AD8E440>)
2026-03-04 15:45:25,759 - aiosqlite - DEBUG - operation functools.partial(<built-in method close of sqlite3.Cursor object at 0x000002D04AD8E440>) completed
2026-03-04 15:45:25,760 - core.database - DEBUG - [DB_OP] Database session cleanup after 0.0190s
2026-03-04 15:45:25,760 - aiosqlite - DEBUG - executing functools.partial(<built-in method rollback of sqlite3.Connection object at 0x000002D04AD1AC50>)
2026-03-04 15:45:25,760 - aiosqlite - DEBUG - operation functools.partial(<built-in method rollback of sqlite3.Connection object at 0x000002D04AD1AC50>) completed
2026-03-04 15:45:25,760 - aiosqlite - DEBUG - executing functools.partial(<built-in method rollback of sqlite3.Connection object at 0x000002D04AD1AC50>)
2026-03-04 15:45:25,760 - aiosqlite - DEBUG - operation functools.partial(<built-in method rollback of sqlite3.Connection object at 0x000002D04AD1AC50>) completed
2026-03-04 15:45:25,761 - aiosqlite - DEBUG - executing functools.partial(<built-in method close of sqlite3.Connection object at 0x000002D04AD1AC50>)
2026-03-04 15:45:25,761 - aiosqlite - DEBUG - operation functools.partial(<built-in method close of sqlite3.Connection object at 0x000002D04AD1AC50>) completed
2026-03-04 15:45:28,786 - core.database - DEBUG - [DB_OP] Starting get_db session creation
2026-03-04 15:45:28,786 - core.database - DEBUG - [DB_OP] Database session created successfully in 0.0000s
2026-03-04 15:45:28,787 - routers.products - DEBUG - Querying productss: query=None, sort=None, skip=0, limit=1000, fields=None
2026-03-04 15:45:28,788 - aiosqlite - DEBUG - executing <function connect.<locals>.connector at 0x000002D04AD57560>
2026-03-04 15:45:28,788 - aiosqlite - DEBUG - operation <function connect.<locals>.connector at 0x000002D04AD57560> completed
2026-03-04 15:45:28,789 - aiosqlite - DEBUG - executing functools.partial(<built-in method create_function of sqlite3.Connection object at 0x000002D04AD1B970>, 'regexp', 2, <function SQLiteDialect_pysqlite.on_connect.<locals>.regexp at 0x000002D04ACFCC20>, deterministic=True)
2026-03-04 15:45:28,789 - aiosqlite - DEBUG - operation functools.partial(<built-in method create_function of sqlite3.Connection object at 0x000002D04AD1B970>, 'regexp', 2, <function SQLiteDialect_pysqlite.on_connect.<locals>.regexp at 0x000002D04ACFCC20>, deterministic=True) completed
2026-03-04 15:45:28,790 - aiosqlite - DEBUG - executing functools.partial(<built-in method create_function of sqlite3.Connection object at 0x000002D04AD1B970>, 'floor', 1, <built-in function floor>, deterministic=True)
2026-03-04 15:45:28,790 - aiosqlite - DEBUG - operation functools.partial(<built-in method create_function of sqlite3.Connection object at 0x000002D04AD1B970>, 'floor', 1, <built-in function floor>, deterministic=True) completed
2026-03-04 15:45:28,791 - aiosqlite - DEBUG - executing functools.partial(<built-in method cursor of sqlite3.Connection object at 0x000002D04AD1B970>)
2026-03-04 15:45:28,792 - aiosqlite - DEBUG - operation functools.partial(<built-in method cursor of sqlite3.Connection object at 0x000002D04AD1B970>) completed
2026-03-04 15:45:28,793 - aiosqlite - DEBUG - executing functools.partial(<built-in method execute of sqlite3.Cursor object at 0x000002D04AD8D040>, 'SELECT count(products.id) AS count_1 \nFROM products', ())
2026-03-04 15:45:28,793 - aiosqlite - DEBUG - operation functools.partial(<built-in method execute of sqlite3.Cursor object at 0x000002D04AD8D040>, 'SELECT count(products.id) AS count_1 \nFROM products', ()) completed
2026-03-04 15:45:28,794 - aiosqlite - DEBUG - executing functools.partial(<built-in method fetchall of sqlite3.Cursor object at 0x000002D04AD8D040>)
2026-03-04 15:45:28,794 - aiosqlite - DEBUG - operation functools.partial(<built-in method fetchall of sqlite3.Cursor object at 0x000002D04AD8D040>) completed
2026-03-04 15:45:28,794 - aiosqlite - DEBUG - executing functools.partial(<built-in method close of sqlite3.Cursor object at 0x000002D04AD8D040>)
2026-03-04 15:45:28,795 - aiosqlite - DEBUG - operation functools.partial(<built-in method close of sqlite3.Cursor object at 0x000002D04AD8D040>) completed
2026-03-04 15:45:28,796 - aiosqlite - DEBUG - executing functools.partial(<built-in method cursor of sqlite3.Connection object at 0x000002D04AD1B970>)
2026-03-04 15:45:28,796 - aiosqlite - DEBUG - operation functools.partial(<built-in method cursor of sqlite3.Connection object at 0x000002D04AD1B970>) completed
2026-03-04 15:45:28,796 - aiosqlite - DEBUG - executing functools.partial(<built-in method execute of sqlite3.Cursor object at 0x000002D04AD8D040>, 'SELECT products.id, products.name, products.description, products.price, products.image, products.category, products.size, products.color, products.stock, products.created_at \nFROM products ORDER BY products.id DESC\n LIMIT ? OFFSET ?', (1000, 0))
2026-03-04 15:45:28,797 - aiosqlite - DEBUG - operation functools.partial(<built-in method execute of sqlite3.Cursor object at 0x000002D04AD8D040>, 'SELECT products.id, products.name, products.description, products.price, products.image, products.category, products.size, products.color, products.stock, products.created_at \nFROM products ORDER BY products.id DESC\n LIMIT ? OFFSET ?', (1000, 0)) completed
2026-03-04 15:45:28,797 - aiosqlite - DEBUG - executing functools.partial(<built-in method fetchall of sqlite3.Cursor object at 0x000002D04AD8D040>)
2026-03-04 15:45:28,798 - aiosqlite - DEBUG - operation functools.partial(<built-in method fetchall of sqlite3.Cursor object at 0x000002D04AD8D040>) completed
2026-03-04 15:45:28,798 - aiosqlite - DEBUG - executing functools.partial(<built-in method close of sqlite3.Cursor object at 0x000002D04AD8D040>)
2026-03-04 15:45:28,798 - aiosqlite - DEBUG - operation functools.partial(<built-in method close of sqlite3.Cursor object at 0x000002D04AD8D040>) completed
2026-03-04 15:45:28,799 - routers.products - DEBUG - Found 10 productss
2026-03-04 15:45:28,800 - core.database - DEBUG - [DB_OP] Database session cleanup after 0.0140s
2026-03-04 15:45:28,800 - aiosqlite - DEBUG - executing functools.partial(<built-in method rollback of sqlite3.Connection object at 0x000002D04AD1B970>)
2026-03-04 15:45:28,800 - aiosqlite - DEBUG - operation functools.partial(<built-in method rollback of sqlite3.Connection object at 0x000002D04AD1B970>) completed
2026-03-04 15:45:28,801 - aiosqlite - DEBUG - executing functools.partial(<built-in method rollback of sqlite3.Connection object at 0x000002D04AD1B970>)
2026-03-04 15:45:28,801 - aiosqlite - DEBUG - operation functools.partial(<built-in method rollback of sqlite3.Connection object at 0x000002D04AD1B970>) completed
2026-03-04 15:45:28,801 - aiosqlite - DEBUG - executing functools.partial(<built-in method close of sqlite3.Connection object at 0x000002D04AD1B970>)
2026-03-04 15:45:28,801 - aiosqlite - DEBUG - operation functools.partial(<built-in method close of sqlite3.Connection object at 0x000002D04AD1B970>) completed
