2026-03-04 11:58:25,734 - main - INFO - === Logging system initialized ===
2026-03-04 11:58:25,734 - main - INFO - Log file: logs/app_20260304_115825.log
2026-03-04 11:58:25,734 - main - INFO - Log level: INFO
2026-03-04 11:58:25,734 - main - INFO - Timestamp: 20260304_115825
2026-03-04 11:58:25,758 - main - INFO - === Logging system initialized ===
2026-03-04 11:58:25,758 - main - INFO - Log file: logs/app_20260304_115825.log
2026-03-04 11:58:25,759 - main - INFO - Log level: INFO
2026-03-04 11:58:25,759 - main - INFO - Timestamp: 20260304_115825
2026-03-04 11:58:26,046 - main - INFO - Included router: routers.aihub.router
2026-03-04 11:58:26,080 - main - INFO - Included router: routers.aihub.router
2026-03-04 11:58:26,095 - main - INFO - Included router: routers.auth.router
2026-03-04 11:58:26,095 - main - INFO - Included router: routers.health.router
2026-03-04 11:58:26,103 - main - INFO - Included router: routers.orders.router
2026-03-04 11:58:26,103 - main - INFO - Included router: routers.auth.router
2026-03-04 11:58:26,104 - main - INFO - Included router: routers.health.router
2026-03-04 11:58:26,110 - main - INFO - Included router: routers.orders.router
2026-03-04 11:58:26,143 - main - INFO - Included router: routers.products.router
2026-03-04 11:58:26,150 - main - INFO - Included router: routers.products.router
2026-03-04 11:58:26,164 - main - INFO - Included router: routers.settings.router
2026-03-04 11:58:26,164 - main - INFO - Included router: routers.settings.router
2026-03-04 11:58:26,197 - main - INFO - Included router: routers.storage.router
2026-03-04 11:58:26,199 - main - INFO - Included router: routers.storage.router
2026-03-04 11:58:26,199 - main - INFO - Included router: routers.user.router
2026-03-04 11:58:26,205 - main - INFO - === Application startup initiated ===
2026-03-04 11:58:26,205 - services.database - DEBUG - [DB_OP] Starting database initialization
2026-03-04 11:58:26,205 - services.database - INFO - 🔧 Starting database initialization...
2026-03-04 11:58:26,205 - core.database - INFO - Starting database initialization...
2026-03-04 11:58:26,206 - core.database - INFO - Normalizing database URL for async compatibility...
2026-03-04 11:58:26,206 - main - INFO - Included router: routers.user.router
2026-03-04 11:58:26,206 - core.database - DEBUG - Database exists:./test.db
2026-03-04 11:58:26,206 - core.database - WARNING - Adjusted database URL driver for async compatibility
2026-03-04 11:58:26,206 - core.database - INFO - Creating async database engine...
2026-03-04 11:58:26,206 - core.database - INFO - Using NullPool for sqlite+aiosqlite environment
2026-03-04 11:58:26,206 - main - INFO - === Application startup initiated ===
2026-03-04 11:58:26,206 - services.database - DEBUG - [DB_OP] Starting database initialization
2026-03-04 11:58:26,206 - services.database - INFO - 🔧 Starting database initialization...
2026-03-04 11:58:26,206 - core.database - INFO - Starting database initialization...
2026-03-04 11:58:26,206 - core.database - INFO - Normalizing database URL for async compatibility...
2026-03-04 11:58:26,211 - core.database - DEBUG - Database exists:./test.db
2026-03-04 11:58:26,211 - core.database - WARNING - Adjusted database URL driver for async compatibility
2026-03-04 11:58:26,211 - core.database - INFO - Creating async database engine...
2026-03-04 11:58:26,211 - core.database - INFO - Using NullPool for sqlite+aiosqlite environment
2026-03-04 11:58:26,220 - core.database - INFO - Database engine created successfully
2026-03-04 11:58:26,220 - core.database - INFO - Creating async session maker...
2026-03-04 11:58:26,220 - core.database - INFO - Async session maker created successfully
2026-03-04 11:58:26,220 - core.database - INFO - Database connection initialized successfully
2026-03-04 11:58:26,220 - services.database - INFO - 🔧 Database connection initialized, now creating tables if tables not exist...
2026-03-04 11:58:26,220 - core.database - DEBUG - [DB_OP] Starting create_tables
2026-03-04 11:58:26,220 - core.database - INFO - 🔧 Starting table creation...
2026-03-04 11:58:26,220 - aiosqlite - DEBUG - executing <function connect.<locals>.connector at 0x0000016782ECD6C0>
2026-03-04 11:58:26,220 - core.database - INFO - Database engine created successfully
2026-03-04 11:58:26,220 - aiosqlite - DEBUG - operation <function connect.<locals>.connector at 0x0000016782ECD6C0> completed
2026-03-04 11:58:26,220 - core.database - INFO - Creating async session maker...
2026-03-04 11:58:26,226 - core.database - INFO - Async session maker created successfully
2026-03-04 11:58:26,226 - aiosqlite - DEBUG - executing functools.partial(<built-in method create_function of sqlite3.Connection object at 0x0000016782E7BA60>, 'regexp', 2, <function SQLiteDialect_pysqlite.on_connect.<locals>.regexp at 0x0000016782ECC9A0>, deterministic=True)
2026-03-04 11:58:26,226 - core.database - INFO - Database connection initialized successfully
2026-03-04 11:58:26,226 - services.database - INFO - 🔧 Database connection initialized, now creating tables if tables not exist...
2026-03-04 11:58:26,227 - aiosqlite - DEBUG - operation functools.partial(<built-in method create_function of sqlite3.Connection object at 0x0000016782E7BA60>, 'regexp', 2, <function SQLiteDialect_pysqlite.on_connect.<locals>.regexp at 0x0000016782ECC9A0>, deterministic=True) completed
2026-03-04 11:58:26,227 - core.database - DEBUG - [DB_OP] Starting create_tables
2026-03-04 11:58:26,227 - core.database - INFO - 🔧 Starting table creation...
2026-03-04 11:58:26,227 - aiosqlite - DEBUG - executing functools.partial(<built-in method create_function of sqlite3.Connection object at 0x0000016782E7BA60>, 'floor', 1, <built-in function floor>, deterministic=True)
2026-03-04 11:58:26,227 - aiosqlite - DEBUG - operation functools.partial(<built-in method create_function of sqlite3.Connection object at 0x0000016782E7BA60>, 'floor', 1, <built-in function floor>, deterministic=True) completed
2026-03-04 11:58:26,227 - aiosqlite - DEBUG - executing <function connect.<locals>.connector at 0x000001C2C5FAD6C0>
on object at 0x0000016782E7BA60>)
2026-03-04 11:58:26,227 - aiosqlite - DEBUG - operation functools.partial(<built-in method cursor of sqlite3.Connection object at 0x0000016782E7BA60>) completed
2026-03-04 11:58:26,227 - aiosqlite - DEBUG - operation <function connect.<locals>.connector at 0x000001C2C5FAD6C0> completed
2026-03-04 11:58:26,227 - aiosqlite - DEBUG - executing functools.partial(<built-in method execute of sqlite3.Cursor object at 0x0000016782ED42C0>, 'PRAGMA read_uncommitted', [])
2026-03-04 11:58:26,227 - aiosqlite - DEBUG - operation functools.partial(<built-in method execute of sqlite3.Cursor object at 0x0000016782ED42C0>, 'PRAGMA read_uncommitted', []) completed
2026-03-04 11:58:26,227 - aiosqlite - DEBUG - executing functools.partial(<built-in method create_function of sqlite3.Connection object at 0x000001C2C5F57B50>, 'regexp', 2, <function SQLiteDialect_pysqlite.on_connect.<locals>.regexp at 0x000001C2C5FAC9A0>, deterministic=True)
2026-03-04 11:58:26,227 - aiosqlite - DEBUG - executing functools.partial(<built-in method fetchall of sqlite3.Cursor object at 0x0000016782ED42C0>)
2026-03-04 11:58:26,227 - aiosqlite - DEBUG - operation functools.partial(<built-in method create_function of sqlite3.Connection object at 0x000001C2C5F57B50>, 'regexp', 2, <function SQLiteDialect_pysqlite.on_connect.<locals>.regexp at 0x000001C2C5FAC9A0>, deterministic=True) completed
2026-03-04 11:58:26,227 - aiosqlite - DEBUG - operation functools.partial(<built-in method fetchall of sqlite3.Cursor object at 0x0000016782ED42C0>) completed
2026-03-04 11:58:26,227 - aiosqlite - DEBUG - executing functools.partial(<built-in method close of sqlite3.Cursor object at 0x0000016782ED42C0>)
2026-03-04 11:58:26,227 - aiosqlite - DEBUG - executing functools.partial(<built-in method create_function of sqlite3.Connection object at 0x000001C2C5F57B50>, 'floor', 1, <built-in function floor>, deterministic=True)
2026-03-04 11:58:26,227 - aiosqlite - DEBUG - operation functools.partial(<built-in method close of sqlite3.Cursor object at 0x0000016782ED42C0>) completed
2026-03-04 11:58:26,227 - aiosqlite - DEBUG - operation functools.partial(<built-in method create_function of sqlite3.Connection object at 0x000001C2C5F57B50>, 'floor', 1, <built-in function floor>, deterministic=True) completed
2026-03-04 11:58:26,227 - aiosqlite - DEBUG - executing functools.partial(<built-in method rollback of sqlite3.Connection object at 0x0000016782E7BA60>)
2026-03-04 11:58:26,227 - aiosqlite - DEBUG - executing functools.partial(<built-in method cursor of sqlite3.Connection object at 0x000001C2C5F57B50>)
2026-03-04 11:58:26,227 - aiosqlite - DEBUG - operation functools.partial(<built-in method rollback of sqlite3.Connection object at 0x0000016782E7BA60>) completed
2026-03-04 11:58:26,227 - aiosqlite - DEBUG - operation functools.partial(<built-in method cursor of sqlite3.Connection object at 0x000001C2C5F57B50>) completed
2026-03-04 11:58:26,227 - aiosqlite - DEBUG - executing functools.partial(<built-in method execute of sqlite3.Cursor object at 0x000001C2C5FE0340>, 'PRAGMA read_uncommitted', [])
2026-03-04 11:58:26,227 - aiosqlite - DEBUG - operation functools.partial(<built-in method execute of sqlite3.Cursor object at 0x000001C2C5FE0340>, 'PRAGMA read_uncommitted', []) completed
2026-03-04 11:58:26,227 - aiosqlite - DEBUG - executing functools.partial(<built-in method cursor of sqlite3.Connection object at 0x0000016782E7BA60>)
2026-03-04 11:58:26,227 - aiosqlite - DEBUG - operation functools.partial(<built-in method cursor of sqlite3.Connection object at 0x0000016782E7BA60>) completed
2026-03-04 11:58:26,227 - aiosqlite - DEBUG - executing functools.partial(<built-in method fetchall of sqlite3.Cursor object at 0x000001C2C5FE0340>)
2026-03-04 11:58:26,227 - aiosqlite - DEBUG - operation functools.partial(<built-in method fetchall of sqlite3.Cursor object at 0x000001C2C5FE0340>) completed
2026-03-04 11:58:26,227 - aiosqlite - DEBUG - executing functools.partial(<built-in method execute of sqlite3.Cursor object at 0x0000016782ED43C0>, 'PRAGMA main.table_info("users")', ())
2026-03-04 11:58:26,227 - aiosqlite - DEBUG - executing functools.partial(<built-in method close of sqlite3.Cursor object at 0x000001C2C5FE0340>)
2026-03-04 11:58:26,227 - aiosqlite - DEBUG - operation functools.partial(<built-in method close of sqlite3.Cursor object at 0x000001C2C5FE0340>) completed
2026-03-04 11:58:26,227 - aiosqlite - DEBUG - operation functools.partial(<built-in method execute of sqlite3.Cursor object at 0x0000016782ED43C0>, 'PRAGMA main.table_info("users")', ()) completed
2026-03-04 11:58:26,227 - aiosqlite - DEBUG - executing functools.partial(<built-in method rollback of sqlite3.Connection object at 0x000001C2C5F57B50>)
2026-03-04 11:58:26,227 - aiosqlite - DEBUG - executing functools.partial(<built-in method fetchall of sqlite3.Cursor object at 0x0000016782ED43C0>)
2026-03-04 11:58:26,227 - aiosqlite - DEBUG - operation functools.partial(<built-in method rollback of sqlite3.Connection object at 0x000001C2C5F57B50>) completed
2026-03-04 11:58:26,233 - aiosqlite - DEBUG - operation functools.partial(<built-in method fetchall of sqlite3.Cursor object at 0x0000016782ED43C0>) completed
2026-03-04 11:58:26,233 - aiosqlite - DEBUG - executing functools.partial(<built-in method close of sqlite3.Cursor object at 0x0000016782ED43C0>)
2026-03-04 11:58:26,234 - aiosqlite - DEBUG - operation functools.partial(<built-in method close of sqlite3.Cursor object at 0x0000016782ED43C0>) completed
2026-03-04 11:58:26,234 - aiosqlite - DEBUG - executing functools.partial(<built-in method cursor of sqlite3.Connection object at 0x000001C2C5F57B50>)
2026-03-04 11:58:26,234 - aiosqlite - DEBUG - operation functools.partial(<built-in method cursor of sqlite3.Connection object at 0x000001C2C5F57B50>) completed
2026-03-04 11:58:26,234 - aiosqlite - DEBUG - executing functools.partial(<built-in method cursor of sqlite3.Connection object at 0x0000016782E7BA60>)
2026-03-04 11:58:26,234 - aiosqlite - DEBUG - executing functools.partial(<built-in method execute of sqlite3.Cursor object at 0x000001C2C5FE0440>, 'PRAGMA main.table_info("users")', ())
2026-03-04 11:58:26,234 - aiosqlite - DEBUG - operation functools.partial(<built-in method cursor of sqlite3.Connection object at 0x0000016782E7BA60>) completed
2026-03-04 11:58:26,234 - aiosqlite - DEBUG - executing functools.partial(<built-in method execute of sqlite3.Cursor object at 0x0000016782ED43C0>, 'PRAGMA main.table_info("oidc_states")', ())
2026-03-04 11:58:26,234 - aiosqlite - DEBUG - operation functools.partial(<built-in method execute of sqlite3.Cursor object at 0x000001C2C5FE0440>, 'PRAGMA main.table_info("users")', ()) completed
2026-03-04 11:58:26,234 - aiosqlite - DEBUG - operation functools.partial(<built-in method execute of sqlite3.Cursor object at 0x0000016782ED43C0>, 'PRAGMA main.table_info("oidc_states")', ()) completed
2026-03-04 11:58:26,234 - aiosqlite - DEBUG - executing functools.partial(<built-in method fetchall of sqlite3.Cursor object at 0x000001C2C5FE0440>)
2026-03-04 11:58:26,234 - aiosqlite - DEBUG - executing functools.partial(<built-in method fetchall of sqlite3.Cursor object at 0x0000016782ED43C0>)
2026-03-04 11:58:26,234 - aiosqlite - DEBUG - operation functools.partial(<built-in method fetchall of sqlite3.Cursor object at 0x000001C2C5FE0440>) completed
2026-03-04 11:58:26,234 - aiosqlite - DEBUG - operation functools.partial(<built-in method fetchall of sqlite3.Cursor object at 0x0000016782ED43C0>) completed
2026-03-04 11:58:26,234 - aiosqlite - DEBUG - executing functools.partial(<built-in method close of sqlite3.Cursor object at 0x000001C2C5FE0440>)
2026-03-04 11:58:26,234 - aiosqlite - DEBUG - executing functools.partial(<built-in method close of sqlite3.Cursor object at 0x0000016782ED43C0>)
2026-03-04 11:58:26,234 - aiosqlite - DEBUG - operation functools.partial(<built-in method close of sqlite3.Cursor object at 0x000001C2C5FE0440>) completed
2026-03-04 11:58:26,234 - aiosqlite - DEBUG - operation functools.partial(<built-in method close of sqlite3.Cursor object at 0x0000016782ED43C0>) completed
2026-03-04 11:58:26,234 - aiosqlite - DEBUG - executing functools.partial(<built-in method cursor of sqlite3.Connection object at 0x000001C2C5F57B50>)
2026-03-04 11:58:26,234 - aiosqlite - DEBUG - executing functools.partial(<built-in method cursor of sqlite3.Connection object at 0x0000016782E7BA60>)
2026-03-04 11:58:26,234 - aiosqlite - DEBUG - operation functools.partial(<built-in method cursor of sqlite3.Connection object at 0x000001C2C5F57B50>) completed
2026-03-04 11:58:26,234 - aiosqlite - DEBUG - operation functools.partial(<built-in method cursor of sqlite3.Connection object at 0x0000016782E7BA60>) completed
2026-03-04 11:58:26,234 - aiosqlite - DEBUG - executing functools.partial(<built-in method execute of sqlite3.Cursor object at 0x000001C2C5FE0440>, 'PRAGMA main.table_info("oidc_states")', ())
2026-03-04 11:58:26,234 - aiosqlite - DEBUG - executing functools.partial(<built-in method execute of sqlite3.Cursor object at 0x0000016782ED43C0>, 'PRAGMA main.table_info("orders")', ())
2026-03-04 11:58:26,234 - aiosqlite - DEBUG - operation functools.partial(<built-in method execute of sqlite3.Cursor object at 0x000001C2C5FE0440>, 'PRAGMA main.table_info("oidc_states")', ()) completed
2026-03-04 11:58:26,234 - aiosqlite - DEBUG - operation functools.partial(<built-in method execute of sqlite3.Cursor object at 0x0000016782ED43C0>, 'PRAGMA main.table_info("orders")', ()) completed
2026-03-04 11:58:26,234 - aiosqlite - DEBUG - executing functools.partial(<built-in method fetchall of sqlite3.Cursor object at 0x000001C2C5FE0440>)
2026-03-04 11:58:26,234 - aiosqlite - DEBUG - executing functools.partial(<built-in method fetchall of sqlite3.Cursor object at 0x0000016782ED43C0>)
2026-03-04 11:58:26,234 - aiosqlite - DEBUG - operation functools.partial(<built-in method fetchall of sqlite3.Cursor object at 0x000001C2C5FE0440>) completed
2026-03-04 11:58:26,234 - aiosqlite - DEBUG - operation functools.partial(<built-in method fetchall of sqlite3.Cursor object at 0x0000016782ED43C0>) completed
2026-03-04 11:58:26,234 - aiosqlite - DEBUG - executing functools.partial(<built-in method close of sqlite3.Cursor object at 0x000001C2C5FE0440>)
2026-03-04 11:58:26,234 - aiosqlite - DEBUG - executing functools.partial(<built-in method close of sqlite3.Cursor object at 0x0000016782ED43C0>)
2026-03-04 11:58:26,234 - aiosqlite - DEBUG - operation functools.partial(<built-in method close of sqlite3.Cursor object at 0x000001C2C5FE0440>) completed
2026-03-04 11:58:26,234 - aiosqlite - DEBUG - operation functools.partial(<built-in method close of sqlite3.Cursor object at 0x0000016782ED43C0>) completed
2026-03-04 11:58:26,234 - aiosqlite - DEBUG - executing functools.partial(<built-in method cursor of sqlite3.Connection object at 0x000001C2C5F57B50>)
2026-03-04 11:58:26,240 - aiosqlite - DEBUG - executing functools.partial(<built-in method cursor of sqlite3.Connection object at 0x0000016782E7BA60>)
2026-03-04 11:58:26,240 - aiosqlite - DEBUG - operation functools.partial(<built-in method cursor of sqlite3.Connection object at 0x000001C2C5F57B50>) completed
2026-03-04 11:58:26,240 - aiosqlite - DEBUG - operation functools.partial(<built-in method cursor of sqlite3.Connection object at 0x0000016782E7BA60>) completed
2026-03-04 11:58:26,240 - aiosqlite - DEBUG - executing functools.partial(<built-in method execute of sqlite3.Cursor object at 0x000001C2C5FE0440>, 'PRAGMA main.table_info("orders")', ())
2026-03-04 11:58:26,240 - aiosqlite - DEBUG - executing functools.partial(<built-in method execute of sqlite3.Cursor object at 0x0000016782ED43C0>, 'PRAGMA main.table_info("products")', ())
2026-03-04 11:58:26,240 - aiosqlite - DEBUG - operation functools.partial(<built-in method execute of sqlite3.Cursor object at 0x000001C2C5FE0440>, 'PRAGMA main.table_info("orders")', ()) completed
2026-03-04 11:58:26,240 - aiosqlite - DEBUG - operation functools.partial(<built-in method execute of sqlite3.Cursor object at 0x0000016782ED43C0>, 'PRAGMA main.table_info("products")', ()) completed
2026-03-04 11:58:26,241 - aiosqlite - DEBUG - executing functools.partial(<built-in method fetchall of sqlite3.Cursor object at 0x000001C2C5FE0440>)
2026-03-04 11:58:26,241 - aiosqlite - DEBUG - executing functools.partial(<built-in method fetchall of sqlite3.Cursor object at 0x0000016782ED43C0>)
2026-03-04 11:58:26,241 - aiosqlite - DEBUG - operation functools.partial(<built-in method fetchall of sqlite3.Cursor object at 0x000001C2C5FE0440>) completed
2026-03-04 11:58:26,241 - aiosqlite - DEBUG - operation functools.partial(<built-in method fetchall of sqlite3.Cursor object at 0x0000016782ED43C0>) completed
2026-03-04 11:58:26,241 - aiosqlite - DEBUG - executing functools.partial(<built-in method close of sqlite3.Cursor object at 0x000001C2C5FE0440>)
2026-03-04 11:58:26,241 - aiosqlite - DEBUG - executing functools.partial(<built-in method close of sqlite3.Cursor object at 0x0000016782ED43C0>)
2026-03-04 11:58:26,241 - aiosqlite - DEBUG - operation functools.partial(<built-in method close of sqlite3.Cursor object at 0x000001C2C5FE0440>) completed
2026-03-04 11:58:26,241 - aiosqlite - DEBUG - operation functools.partial(<built-in method close of sqlite3.Cursor object at 0x0000016782ED43C0>) completed
2026-03-04 11:58:26,242 - aiosqlite - DEBUG - executing functools.partial(<built-in method cursor of sqlite3.Connection object at 0x000001C2C5F57B50>)
2026-03-04 11:58:26,242 - core.database - INFO - Tables initialized successfully
2026-03-04 11:58:26,242 - aiosqlite - DEBUG - operation functools.partial(<built-in method cursor of sqlite3.Connection object at 0x000001C2C5F57B50>) completed
2026-03-04 11:58:26,242 - core.database - DEBUG - [DB_OP] Create tables completed in 0.0222s
2026-03-04 11:58:26,242 - aiosqlite - DEBUG - executing functools.partial(<built-in method commit of sqlite3.Connection object at 0x0000016782E7BA60>)
GMA main.table_info("products")', ())
2026-03-04 11:58:26,243 - aiosqlite - DEBUG - operation functools.partial(<built-in method commit of sqlite3.Connection object at 0x0000016782E7BA60>) completed
2026-03-04 11:58:26,243 - aiosqlite - DEBUG - operation functools.partial(<built-in method execute of sqlite3.Cursor object at 0x000001C2C5FE0440>, 'PRAGMA main.table_info("products")', ()) completed
2026-03-04 11:58:26,243 - aiosqlite - DEBUG - executing functools.partial(<built-in method rollback of sqlite3.Connection object at 0x0000016782E7BA60>)
2026-03-04 11:58:26,243 - aiosqlite - DEBUG - executing functools.partial(<built-in method fetchall of sqlite3.Cursor object at 0x000001C2C5FE0440>)
2026-03-04 11:58:26,243 - aiosqlite - DEBUG - operation functools.partial(<built-in method rollback of sqlite3.Connection object at 0x0000016782E7BA60>) completed
2026-03-04 11:58:26,243 - aiosqlite - DEBUG - operation functools.partial(<built-in method fetchall of sqlite3.Cursor object at 0x000001C2C5FE0440>) completed
2026-03-04 11:58:26,243 - aiosqlite - DEBUG - executing functools.partial(<built-in method close of sqlite3.Connection object at 0x0000016782E7BA60>)
2026-03-04 11:58:26,244 - aiosqlite - DEBUG - executing functools.partial(<built-in method close of sqlite3.Cursor object at 0x000001C2C5FE0440>)
2026-03-04 11:58:26,244 - aiosqlite - DEBUG - operation functools.partial(<built-in method close of sqlite3.Connection object at 0x0000016782E7BA60>) completed
2026-03-04 11:58:26,244 - aiosqlite - DEBUG - operation functools.partial(<built-in method close of sqlite3.Cursor object at 0x000001C2C5FE0440>) completed
2026-03-04 11:58:26,244 - services.database - INFO - 🔧 Table creation completed
2026-03-04 11:58:26,244 - core.database - INFO - Tables initialized successfully
2026-03-04 11:58:26,244 - services.database - INFO - Database initialized successfully
2026-03-04 11:58:26,244 - core.database - DEBUG - [DB_OP] Create tables completed in 0.0172s
2026-03-04 11:58:26,244 - services.database - DEBUG - [DB_OP] Database initialization completed in 0.0389s
2026-03-04 11:58:26,244 - aiosqlite - DEBUG - executing functools.partial(<built-in method commit of sqlite3.Connection object at 0x000001C2C5F57B50>)
2026-03-04 11:58:26,245 - aiosqlite - DEBUG - operation functools.partial(<built-in method commit of sqlite3.Connection object at 0x000001C2C5F57B50>) completed
2026-03-04 11:58:26,245 - services.mock_data - INFO - Processing mock data file products.json for table products
2026-03-04 11:58:26,245 - aiosqlite - DEBUG - executing functools.partial(<built-in method rollback of sqlite3.Connection object at 0x000001C2C5F57B50>)
2026-03-04 11:58:26,245 - aiosqlite - DEBUG - operation functools.partial(<built-in method rollback of sqlite3.Connection object at 0x000001C2C5F57B50>) completed
2026-03-04 11:58:26,245 - aiosqlite - DEBUG - executing <function connect.<locals>.connector at 0x0000016782ECD760>
2026-03-04 11:58:26,245 - aiosqlite - DEBUG - executing functools.partial(<built-in method close of sqlite3.Connection object at 0x000001C2C5F57B50>)
2026-03-04 11:58:26,245 - aiosqlite - DEBUG - operation <function connect.<locals>.connector at 0x0000016782ECD760> completed
2026-03-04 11:58:26,246 - aiosqlite - DEBUG - operation functools.partial(<built-in method close of sqlite3.Connection object at 0x000001C2C5F57B50>) completed
2026-03-04 11:58:26,246 - aiosqlite - DEBUG - executing functools.partial(<built-in method create_function of sqlite3.Connection object at 0x0000016782ED9E40>, 'regexp', 2, <function SQLiteDialect_pysqlite.on_connect.<locals>.regexp at 0x0000016782ECC9A0>, deterministic=True)
2026-03-04 11:58:26,246 - services.database - INFO - 🔧 Table creation completed
2026-03-04 11:58:26,246 - aiosqlite - DEBUG - operation functools.partial(<built-in method create_function of sqlite3.Connection object at 0x0000016782ED9E40>, 'regexp', 2, <function SQLiteDialect_pysqlite.on_connect.<locals>.regexp at 0x0000016782ECC9A0>, deterministic=True) completed
2026-03-04 11:58:26,246 - services.database - INFO - Database initialized successfully
2026-03-04 11:58:26,246 - services.database - DEBUG - [DB_OP] Database initialization completed in 0.0401s
2026-03-04 11:58:26,246 - aiosqlite - DEBUG - executing functools.partial(<built-in method create_function of sqlite3.Connection object at 0x0000016782ED9E40>, 'floor', 1, <built-in function floor>, deterministic=True)
2026-03-04 11:58:26,247 - aiosqlite - DEBUG - operation functools.partial(<built-in method create_function of sqlite3.Connection object at 0x0000016782ED9E40>, 'floor', 1, <built-in function floor>, deterministic=True) completed
2026-03-04 11:58:26,247 - services.mock_data - INFO - Processing mock data file products.json for table products
2026-03-04 11:58:26,247 - aiosqlite - DEBUG - executing functools.partial(<built-in method cursor of sqlite3.Connection object at 0x0000016782ED9E40>)
2026-03-04 11:58:26,247 - aiosqlite - DEBUG - executing <function connect.<locals>.connector at 0x000001C2C5FAD760>
2026-03-04 11:58:26,247 - aiosqlite - DEBUG - operation functools.partial(<built-in method cursor of sqlite3.Connection object at 0x0000016782ED9E40>) completed
2026-03-04 11:58:26,248 - aiosqlite - DEBUG - operation <function connect.<locals>.connector at 0x000001C2C5FAD760> completed
2026-03-04 11:58:26,248 - aiosqlite - DEBUG - executing functools.partial(<built-in method execute of sqlite3.Cursor object at 0x0000016782ED4C40>, 'PRAGMA main.table_xinfo("products")', ())
2026-03-04 11:58:26,248 - aiosqlite - DEBUG - executing functools.partial(<built-in method create_function of sqlite3.Connection object at 0x000001C2C5FE9F30>, 'regexp', 2, <function SQLiteDialect_pysqlite.on_connect.<locals>.regexp at 0x000001C2C5FAC9A0>, deterministic=True)
2026-03-04 11:58:26,248 - aiosqlite - DEBUG - operation functools.partial(<built-in method create_function of sqlite3.Connection object at 0x000001C2C5FE9F30>, 'regexp', 2, <function SQLiteDialect_pysqlite.on_connect.<locals>.regexp at 0x000001C2C5FAC9A0>, deterministic=True) completed
2026-03-04 11:58:26,248 - aiosqlite - DEBUG - operation functools.partial(<built-in method execute of sqlite3.Cursor object at 0x0000016782ED4C40>, 'PRAGMA main.table_xinfo("products")', ()) completed
2026-03-04 11:58:26,249 - aiosqlite - DEBUG - executing functools.partial(<built-in method fetchall of sqlite3.Cursor object at 0x0000016782ED4C40>)
5FE9F30>, 'floor', 1, <built-in function floor>, deterministic=True)
2026-03-04 11:58:26,249 - aiosqlite - DEBUG - operation functools.partial(<built-in method create_function of sqlite3.Connection object at 0x000001C2C5FE9F30>, 'floor', 1, <built-in function floor>, deterministic=True) completed
2026-03-04 11:58:26,249 - aiosqlite - DEBUG - executing functools.partial(<built-in method close of sqlite3.Cursor object at 0x0000016782ED4C40>)
2026-03-04 11:58:26,249 - aiosqlite - DEBUG - operation functools.partial(<built-in method close of sqlite3.Cursor object at 0x0000016782ED4C40>) completed
2026-03-04 11:58:26,249 - aiosqlite - DEBUG - executing functools.partial(<built-in method cursor of sqlite3.Connection object at 0x000001C2C5FE9F30>)
2026-03-04 11:58:26,250 - aiosqlite - DEBUG - operation functools.partial(<built-in method cursor of sqlite3.Connection object at 0x000001C2C5FE9F30>) completed
2026-03-04 11:58:26,250 - aiosqlite - DEBUG - executing functools.partial(<built-in method cursor of sqlite3.Connection object at 0x0000016782ED9E40>)
2026-03-04 11:58:26,250 - aiosqlite - DEBUG - executing functools.partial(<built-in method execute of sqlite3.Cursor object at 0x000001C2C5FE0CC0>, 'PRAGMA main.table_xinfo("products")', ())
2026-03-04 11:58:26,250 - aiosqlite - DEBUG - operation functools.partial(<built-in method cursor of sqlite3.Connection object at 0x0000016782ED9E40>) completed
2026-03-04 11:58:26,250 - aiosqlite - DEBUG - operation functools.partial(<built-in method execute of sqlite3.Cursor object at 0x000001C2C5FE0CC0>, 'PRAGMA main.table_xinfo("products")', ()) completed
2026-03-04 11:58:26,250 - aiosqlite - DEBUG - executing functools.partial(<built-in method execute of sqlite3.Cursor object at 0x0000016782ED4C40>, "SELECT sql FROM  (SELECT * FROM sqlite_master UNION ALL   SELECT * FROM sqlite_temp_master) WHERE name = ? AND type in ('table', 'view')", ('products',))
2026-03-04 11:58:26,251 - aiosqlite - DEBUG - executing functools.partial(<built-in method fetchall of sqlite3.Cursor object at 0x000001C2C5FE0CC0>)
2026-03-04 11:58:26,251 - aiosqlite - DEBUG - operation functools.partial(<built-in method execute of sqlite3.Cursor object at 0x0000016782ED4C40>, "SELECT sql FROM  (SELECT * FROM sqlite_master UNION ALL   SELECT * FROM sqlite_temp_master) WHERE name = ? AND type in ('table', 'view')", ('products',)) completed
2026-03-04 11:58:26,251 - aiosqlite - DEBUG - operation functools.partial(<built-in method fetchall of sqlite3.Cursor object at 0x000001C2C5FE0CC0>) completed
2026-03-04 11:58:26,251 - aiosqlite - DEBUG - executing functools.partial(<built-in method fetchall of sqlite3.Cursor object at 0x0000016782ED4C40>)
2026-03-04 11:58:26,251 - aiosqlite - DEBUG - executing functools.partial(<built-in method close of sqlite3.Cursor object at 0x000001C2C5FE0CC0>)
2026-03-04 11:58:26,251 - aiosqlite - DEBUG - operation functools.partial(<built-in method fetchall of sqlite3.Cursor object at 0x0000016782ED4C40>) completed
2026-03-04 11:58:26,251 - aiosqlite - DEBUG - operation functools.partial(<built-in method close of sqlite3.Cursor object at 0x000001C2C5FE0CC0>) completed
2026-03-04 11:58:26,252 - aiosqlite - DEBUG - executing functools.partial(<built-in method close of sqlite3.Cursor object at 0x0000016782ED4C40>)
2026-03-04 11:58:26,252 - aiosqlite - DEBUG - operation functools.partial(<built-in method close of sqlite3.Cursor object at 0x0000016782ED4C40>) completed
2026-03-04 11:58:26,252 - aiosqlite - DEBUG - executing functools.partial(<built-in method cursor of sqlite3.Connection object at 0x000001C2C5FE9F30>)
2026-03-04 11:58:26,252 - aiosqlite - DEBUG - operation functools.partial(<built-in method cursor of sqlite3.Connection object at 0x000001C2C5FE9F30>) completed
2026-03-04 11:58:26,252 - aiosqlite - DEBUG - executing functools.partial(<built-in method cursor of sqlite3.Connection object at 0x0000016782ED9E40>)
2026-03-04 11:58:26,252 - aiosqlite - DEBUG - executing functools.partial(<built-in method execute of sqlite3.Cursor object at 0x000001C2C5FE0CC0>, "SELECT sql FROM  (SELECT * FROM sqlite_master UNION ALL   SELECT * FROM sqlite_temp_master) WHERE name = ? AND type in ('table', 'view')", ('products',))
2026-03-04 11:58:26,253 - aiosqlite - DEBUG - operation functools.partial(<built-in method cursor of sqlite3.Connection object at 0x0000016782ED9E40>) completed
2026-03-04 11:58:26,253 - aiosqlite - DEBUG - executing functools.partial(<built-in method execute of sqlite3.Cursor object at 0x0000016782ED4C40>, 'PRAGMA main.foreign_key_list("products")', ())
2026-03-04 11:58:26,253 - aiosqlite - DEBUG - operation functools.partial(<built-in method execute of sqlite3.Cursor object at 0x000001C2C5FE0CC0>, "SELECT sql FROM  (SELECT * FROM sqlite_master UNION ALL   SELECT * FROM sqlite_temp_master) WHERE name = ? AND type in ('table', 'view')", ('products',)) completed
2026-03-04 11:58:26,253 - aiosqlite - DEBUG - operation functools.partial(<built-in method execute of sqlite3.Cursor object at 0x0000016782ED4C40>, 'PRAGMA main.foreign_key_list("products")', ()) completed
2026-03-04 11:58:26,253 - aiosqlite - DEBUG - executing functools.partial(<built-in method fetchall of sqlite3.Cursor object at 0x000001C2C5FE0CC0>)
2026-03-04 11:58:26,254 - aiosqlite - DEBUG - executing functools.partial(<built-in method fetchall of sqlite3.Cursor object at 0x0000016782ED4C40>)
2026-03-04 11:58:26,254 - aiosqlite - DEBUG - operation functools.partial(<built-in method fetchall of sqlite3.Cursor object at 0x000001C2C5FE0CC0>) completed
2026-03-04 11:58:26,254 - aiosqlite - DEBUG - operation functools.partial(<built-in method fetchall of sqlite3.Cursor object at 0x0000016782ED4C40>) completed
2026-03-04 11:58:26,254 - aiosqlite - DEBUG - executing functools.partial(<built-in method close of sqlite3.Cursor object at 0x0000016782ED4C40>)
2026-03-04 11:58:26,254 - aiosqlite - DEBUG - operation functools.partial(<built-in method close of sqlite3.Cursor object at 0x0000016782ED4C40>) completed
2026-03-04 11:58:26,254 - aiosqlite - DEBUG - operation functools.partial(<built-in method close of sqlite3.Cursor object at 0x000001C2C5FE0CC0>) completed
2026-03-04 11:58:26,255 - aiosqlite - DEBUG - executing functools.partial(<built-in method cursor of sqlite3.Connection object at 0x0000016782ED9E40>)
2026-03-04 11:58:26,255 - aiosqlite - DEBUG - operation functools.partial(<built-in method cursor of sqlite3.Connection object at 0x0000016782ED9E40>) completed
2026-03-04 11:58:26,255 - aiosqlite - DEBUG - executing functools.partial(<built-in method cursor of sqlite3.Connection object at 0x000001C2C5FE9F30>)
2026-03-04 11:58:26,255 - aiosqlite - DEBUG - operation functools.partial(<built-in method cursor of sqlite3.Connection object at 0x000001C2C5FE9F30>) completed
2026-03-04 11:58:26,255 - aiosqlite - DEBUG - executing functools.partial(<built-in method execute of sqlite3.Cursor object at 0x0000016782ED4C40>, 'PRAGMA temp.foreign_key_list("products")', ())
2026-03-04 11:58:26,255 - aiosqlite - DEBUG - executing functools.partial(<built-in method execute of sqlite3.Cursor object at 0x000001C2C5FE0CC0>, 'PRAGMA main.foreign_key_list("products")', ())
2026-03-04 11:58:26,255 - aiosqlite - DEBUG - operation functools.partial(<built-in method execute of sqlite3.Cursor object at 0x0000016782ED4C40>, 'PRAGMA temp.foreign_key_list("products")', ()) completed
2026-03-04 11:58:26,256 - aiosqlite - DEBUG - operation functools.partial(<built-in method execute of sqlite3.Cursor object at 0x000001C2C5FE0CC0>, 'PRAGMA main.foreign_key_list("products")', ()) completed
2026-03-04 11:58:26,256 - aiosqlite - DEBUG - executing functools.partial(<built-in method fetchall of sqlite3.Cursor object at 0x0000016782ED4C40>)
2026-03-04 11:58:26,256 - aiosqlite - DEBUG - executing functools.partial(<built-in method fetchall of sqlite3.Cursor object at 0x000001C2C5FE0CC0>)
2026-03-04 11:58:26,256 - aiosqlite - DEBUG - operation functools.partial(<built-in method fetchall of sqlite3.Cursor object at 0x0000016782ED4C40>) completed
2026-03-04 11:58:26,256 - aiosqlite - DEBUG - operation functools.partial(<built-in method fetchall of sqlite3.Cursor object at 0x000001C2C5FE0CC0>) completed
2026-03-04 11:58:26,256 - aiosqlite - DEBUG - executing functools.partial(<built-in method close of sqlite3.Cursor object at 0x0000016782ED4C40>)
2026-03-04 11:58:26,256 - aiosqlite - DEBUG - executing functools.partial(<built-in method close of sqlite3.Cursor object at 0x000001C2C5FE0CC0>)
2026-03-04 11:58:26,256 - aiosqlite - DEBUG - operation functools.partial(<built-in method close of sqlite3.Cursor object at 0x0000016782ED4C40>) completed
2026-03-04 11:58:26,257 - aiosqlite - DEBUG - operation functools.partial(<built-in method close of sqlite3.Cursor object at 0x000001C2C5FE0CC0>) completed
2026-03-04 11:58:26,257 - aiosqlite - DEBUG - executing functools.partial(<built-in method cursor of sqlite3.Connection object at 0x0000016782ED9E40>)
2026-03-04 11:58:26,257 - aiosqlite - DEBUG - executing functools.partial(<built-in method cursor of sqlite3.Connection object at 0x000001C2C5FE9F30>)
2026-03-04 11:58:26,257 - aiosqlite - DEBUG - operation functools.partial(<built-in method cursor of sqlite3.Connection object at 0x0000016782ED9E40>) completed
2026-03-04 11:58:26,257 - aiosqlite - DEBUG - operation functools.partial(<built-in method cursor of sqlite3.Connection object at 0x000001C2C5FE9F30>) completed
2026-03-04 11:58:26,257 - aiosqlite - DEBUG - executing functools.partial(<built-in method execute of sqlite3.Cursor object at 0x0000016782ED4C40>, "SELECT sql FROM  (SELECT * FROM sqlite_master UNION ALL   SELECT * FROM sqlite_temp_master) WHERE name = ? AND type in ('table', 'view')", ('products',))
2026-03-04 11:58:26,258 - aiosqlite - DEBUG - executing functools.partial(<built-in method execute of sqlite3.Cursor object at 0x000001C2C5FE0CC0>, 'PRAGMA temp.foreign_key_list("products")', ())
2026-03-04 11:58:26,258 - aiosqlite - DEBUG - operation functools.partial(<built-in method execute of sqlite3.Cursor object at 0x000001C2C5FE0CC0>, 'PRAGMA temp.foreign_key_list("products")', ()) completed
2026-03-04 11:58:26,258 - aiosqlite - DEBUG - operation functools.partial(<built-in method execute of sqlite3.Cursor object at 0x0000016782ED4C40>, "SELECT sql FROM  (SELECT * FROM sqlite_master UNION ALL   SELECT * FROM sqlite_temp_master) WHERE name = ? AND type in ('table', 'view')", ('products',)) completed
2026-03-04 11:58:26,258 - aiosqlite - DEBUG - executing functools.partial(<built-in method fetchall of sqlite3.Cursor object at 0x000001C2C5FE0CC0>)
2026-03-04 11:58:26,258 - aiosqlite - DEBUG - executing functools.partial(<built-in method fetchall of sqlite3.Cursor object at 0x0000016782ED4C40>)
2026-03-04 11:58:26,258 - aiosqlite - DEBUG - operation functools.partial(<built-in method fetchall of sqlite3.Cursor object at 0x000001C2C5FE0CC0>) completed
2026-03-04 11:58:26,258 - aiosqlite - DEBUG - operation functools.partial(<built-in method fetchall of sqlite3.Cursor object at 0x0000016782ED4C40>) completed
2026-03-04 11:58:26,259 - aiosqlite - DEBUG - executing functools.partial(<built-in method close of sqlite3.Cursor object at 0x000001C2C5FE0CC0>)
2026-03-04 11:58:26,259 - aiosqlite - DEBUG - operation functools.partial(<built-in method close of sqlite3.Cursor object at 0x000001C2C5FE0CC0>) completed
2026-03-04 11:58:26,259 - aiosqlite - DEBUG - executing functools.partial(<built-in method close of sqlite3.Cursor object at 0x0000016782ED4C40>)
2026-03-04 11:58:26,259 - aiosqlite - DEBUG - operation functools.partial(<built-in method close of sqlite3.Cursor object at 0x0000016782ED4C40>) completed
2026-03-04 11:58:26,259 - aiosqlite - DEBUG - executing functools.partial(<built-in method cursor of sqlite3.Connection object at 0x000001C2C5FE9F30>)
2026-03-04 11:58:26,259 - aiosqlite - DEBUG - operation functools.partial(<built-in method cursor of sqlite3.Connection object at 0x000001C2C5FE9F30>) completed
2026-03-04 11:58:26,259 - aiosqlite - DEBUG - executing functools.partial(<built-in method execute of sqlite3.Cursor object at 0x000001C2C5FE0CC0>, "SELECT sql FROM  (SELECT * FROM sqlite_master UNION ALL   SELECT * FROM sqlite_temp_master) WHERE name = ? AND type in ('table', 'view')", ('products',))
2026-03-04 11:58:26,259 - aiosqlite - DEBUG - operation functools.partial(<built-in method execute of sqlite3.Cursor object at 0x000001C2C5FE0CC0>, "SELECT sql FROM  (SELECT * FROM sqlite_master UNION ALL   SELECT * FROM sqlite_temp_master) WHERE name = ? AND type in ('table', 'view')", ('products',)) completed
2026-03-04 11:58:26,259 - aiosqlite - DEBUG - executing functools.partial(<built-in method fetchall of sqlite3.Cursor object at 0x000001C2C5FE0CC0>)
2026-03-04 11:58:26,259 - aiosqlite - DEBUG - executing functools.partial(<built-in method cursor of sqlite3.Connection object at 0x0000016782ED9E40>)
2026-03-04 11:58:26,259 - aiosqlite - DEBUG - operation functools.partial(<built-in method fetchall of sqlite3.Cursor object at 0x000001C2C5FE0CC0>) completed
2026-03-04 11:58:26,259 - aiosqlite - DEBUG - operation functools.partial(<built-in method cursor of sqlite3.Connection object at 0x0000016782ED9E40>) completed
2026-03-04 11:58:26,259 - aiosqlite - DEBUG - executing functools.partial(<built-in method close of sqlite3.Cursor object at 0x000001C2C5FE0CC0>)
2026-03-04 11:58:26,259 - aiosqlite - DEBUG - executing functools.partial(<built-in method execute of sqlite3.Cursor object at 0x0000016782ED4C40>, 'PRAGMA main.index_list("products")', ())
2026-03-04 11:58:26,259 - aiosqlite - DEBUG - operation functools.partial(<built-in method close of sqlite3.Cursor object at 0x000001C2C5FE0CC0>) completed
2026-03-04 11:58:26,259 - aiosqlite - DEBUG - operation functools.partial(<built-in method execute of sqlite3.Cursor object at 0x0000016782ED4C40>, 'PRAGMA main.index_list("products")', ()) completed
2026-03-04 11:58:26,259 - aiosqlite - DEBUG - executing functools.partial(<built-in method fetchall of sqlite3.Cursor object at 0x0000016782ED4C40>)
2026-03-04 11:58:26,259 - aiosqlite - DEBUG - operation functools.partial(<built-in method fetchall of sqlite3.Cursor object at 0x0000016782ED4C40>) completed
2026-03-04 11:58:26,259 - aiosqlite - DEBUG - executing functools.partial(<built-in method close of sqlite3.Cursor object at 0x0000016782ED4C40>)
2026-03-04 11:58:26,259 - aiosqlite - DEBUG - operation functools.partial(<built-in method close of sqlite3.Cursor object at 0x0000016782ED4C40>) completed
2026-03-04 11:58:26,259 - aiosqlite - DEBUG - executing functools.partial(<built-in method cursor of sqlite3.Connection object at 0x000001C2C5FE9F30>)
2026-03-04 11:58:26,259 - aiosqlite - DEBUG - executing functools.partial(<built-in method cursor of sqlite3.Connection object at 0x0000016782ED9E40>)
2026-03-04 11:58:26,259 - aiosqlite - DEBUG - operation functools.partial(<built-in method cursor of sqlite3.Connection object at 0x000001C2C5FE9F30>) completed
2026-03-04 11:58:26,259 - aiosqlite - DEBUG - operation functools.partial(<built-in method cursor of sqlite3.Connection object at 0x0000016782ED9E40>) completed
2026-03-04 11:58:26,259 - aiosqlite - DEBUG - executing functools.partial(<built-in method execute of sqlite3.Cursor object at 0x000001C2C5FE0CC0>, 'PRAGMA main.index_list("products")', ())
2026-03-04 11:58:26,259 - aiosqlite - DEBUG - executing functools.partial(<built-in method execute of sqlite3.Cursor object at 0x0000016782ED4C40>, 'PRAGMA main.index_info("ix_products_id")', ())
2026-03-04 11:58:26,259 - aiosqlite - DEBUG - operation functools.partial(<built-in method execute of sqlite3.Cursor object at 0x000001C2C5FE0CC0>, 'PRAGMA main.index_list("products")', ()) completed
2026-03-04 11:58:26,259 - aiosqlite - DEBUG - operation functools.partial(<built-in method execute of sqlite3.Cursor object at 0x0000016782ED4C40>, 'PRAGMA main.index_info("ix_products_id")', ()) completed
2026-03-04 11:58:26,259 - aiosqlite - DEBUG - executing functools.partial(<built-in method fetchall of sqlite3.Cursor object at 0x000001C2C5FE0CC0>)
2026-03-04 11:58:26,259 - aiosqlite - DEBUG - executing functools.partial(<built-in method fetchall of sqlite3.Cursor object at 0x0000016782ED4C40>)
2026-03-04 11:58:26,259 - aiosqlite - DEBUG - operation functools.partial(<built-in method fetchall of sqlite3.Cursor object at 0x000001C2C5FE0CC0>) completed
2026-03-04 11:58:26,259 - aiosqlite - DEBUG - operation functools.partial(<built-in method fetchall of sqlite3.Cursor object at 0x0000016782ED4C40>) completed
2026-03-04 11:58:26,259 - aiosqlite - DEBUG - executing functools.partial(<built-in method close of sqlite3.Cursor object at 0x000001C2C5FE0CC0>)
2026-03-04 11:58:26,259 - aiosqlite - DEBUG - operation functools.partial(<built-in method close of sqlite3.Cursor object at 0x000001C2C5FE0CC0>) completed
2026-03-04 11:58:26,259 - aiosqlite - DEBUG - executing functools.partial(<built-in method close of sqlite3.Cursor object at 0x0000016782ED4C40>)
2026-03-04 11:58:26,259 - aiosqlite - DEBUG - operation functools.partial(<built-in method close of sqlite3.Cursor object at 0x0000016782ED4C40>) completed
2026-03-04 11:58:26,268 - aiosqlite - DEBUG - executing functools.partial(<built-in method cursor of sqlite3.Connection object at 0x000001C2C5FE9F30>)
2026-03-04 11:58:26,268 - aiosqlite - DEBUG - executing functools.partial(<built-in method cursor of sqlite3.Connection object at 0x0000016782ED9E40>)
2026-03-04 11:58:26,268 - aiosqlite - DEBUG - operation functools.partial(<built-in method cursor of sqlite3.Connection object at 0x000001C2C5FE9F30>) completed
2026-03-04 11:58:26,269 - aiosqlite - DEBUG - executing functools.partial(<built-in method execute of sqlite3.Cursor object at 0x000001C2C5FE0CC0>, 'PRAGMA main.index_info("ix_products_id")', ())
2026-03-04 11:58:26,269 - aiosqlite - DEBUG - operation functools.partial(<built-in method cursor of sqlite3.Connection object at 0x0000016782ED9E40>) completed
2026-03-04 11:58:26,269 - aiosqlite - DEBUG - operation functools.partial(<built-in method execute of sqlite3.Cursor object at 0x000001C2C5FE0CC0>, 'PRAGMA main.index_info("ix_products_id")', ()) completed
2026-03-04 11:58:26,269 - aiosqlite - DEBUG - executing functools.partial(<built-in method execute of sqlite3.Cursor object at 0x0000016782ED4C40>, 'PRAGMA main.index_list("products")', ())
2026-03-04 11:58:26,269 - aiosqlite - DEBUG - executing functools.partial(<built-in method fetchall of sqlite3.Cursor object at 0x000001C2C5FE0CC0>)
2026-03-04 11:58:26,269 - aiosqlite - DEBUG - operation functools.partial(<built-in method execute of sqlite3.Cursor object at 0x0000016782ED4C40>, 'PRAGMA main.index_list("products")', ()) completed
2026-03-04 11:58:26,269 - aiosqlite - DEBUG - operation functools.partial(<built-in method fetchall of sqlite3.Cursor object at 0x000001C2C5FE0CC0>) completed
2026-03-04 11:58:26,269 - aiosqlite - DEBUG - executing functools.partial(<built-in method fetchall of sqlite3.Cursor object at 0x0000016782ED4C40>)
2026-03-04 11:58:26,269 - aiosqlite - DEBUG - executing functools.partial(<built-in method close of sqlite3.Cursor object at 0x000001C2C5FE0CC0>)
2026-03-04 11:58:26,269 - aiosqlite - DEBUG - operation functools.partial(<built-in method fetchall of sqlite3.Cursor object at 0x0000016782ED4C40>) completed
2026-03-04 11:58:26,269 - aiosqlite - DEBUG - operation functools.partial(<built-in method close of sqlite3.Cursor object at 0x000001C2C5FE0CC0>) completed
2026-03-04 11:58:26,269 - aiosqlite - DEBUG - executing functools.partial(<built-in method close of sqlite3.Cursor object at 0x0000016782ED4C40>)
2026-03-04 11:58:26,269 - aiosqlite - DEBUG - executing functools.partial(<built-in method cursor of sqlite3.Connection object at 0x000001C2C5FE9F30>)
2026-03-04 11:58:26,269 - aiosqlite - DEBUG - operation functools.partial(<built-in method close of sqlite3.Cursor object at 0x0000016782ED4C40>) completed
2026-03-04 11:58:26,269 - aiosqlite - DEBUG - operation functools.partial(<built-in method cursor of sqlite3.Connection object at 0x000001C2C5FE9F30>) completed
2026-03-04 11:58:26,269 - aiosqlite - DEBUG - executing functools.partial(<built-in method cursor of sqlite3.Connection object at 0x0000016782ED9E40>)
GMA main.index_list("products")', ())
2026-03-04 11:58:26,269 - aiosqlite - DEBUG - operation functools.partial(<built-in method cursor of sqlite3.Connection object at 0x0000016782ED9E40>) completed
2026-03-04 11:58:26,269 - aiosqlite - DEBUG - operation functools.partial(<built-in method execute of sqlite3.Cursor object at 0x000001C2C5FE0CC0>, 'PRAGMA main.index_list("products")', ()) completed
2026-03-04 11:58:26,269 - aiosqlite - DEBUG - executing functools.partial(<built-in method execute of sqlite3.Cursor object at 0x0000016782ED4C40>, 'PRAGMA main.index_info("ix_products_id")', ())
2026-03-04 11:58:26,269 - aiosqlite - DEBUG - executing functools.partial(<built-in method fetchall of sqlite3.Cursor object at 0x000001C2C5FE0CC0>)
2026-03-04 11:58:26,269 - aiosqlite - DEBUG - operation functools.partial(<built-in method execute of sqlite3.Cursor object at 0x0000016782ED4C40>, 'PRAGMA main.index_info("ix_products_id")', ()) completed
2026-03-04 11:58:26,269 - aiosqlite - DEBUG - operation functools.partial(<built-in method fetchall of sqlite3.Cursor object at 0x000001C2C5FE0CC0>) completed
2026-03-04 11:58:26,269 - aiosqlite - DEBUG - executing functools.partial(<built-in method fetchall of sqlite3.Cursor object at 0x0000016782ED4C40>)
2026-03-04 11:58:26,269 - aiosqlite - DEBUG - executing functools.partial(<built-in method close of sqlite3.Cursor object at 0x000001C2C5FE0CC0>)
2026-03-04 11:58:26,269 - aiosqlite - DEBUG - operation functools.partial(<built-in method fetchall of sqlite3.Cursor object at 0x0000016782ED4C40>) completed
2026-03-04 11:58:26,269 - aiosqlite - DEBUG - operation functools.partial(<built-in method close of sqlite3.Cursor object at 0x000001C2C5FE0CC0>) completed
2026-03-04 11:58:26,269 - aiosqlite - DEBUG - executing functools.partial(<built-in method close of sqlite3.Cursor object at 0x0000016782ED4C40>)
2026-03-04 11:58:26,269 - aiosqlite - DEBUG - executing functools.partial(<built-in method cursor of sqlite3.Connection object at 0x000001C2C5FE9F30>)
2026-03-04 11:58:26,269 - aiosqlite - DEBUG - operation functools.partial(<built-in method close of sqlite3.Cursor object at 0x0000016782ED4C40>) completed
2026-03-04 11:58:26,269 - aiosqlite - DEBUG - operation functools.partial(<built-in method cursor of sqlite3.Connection object at 0x000001C2C5FE9F30>) completed
2026-03-04 11:58:26,275 - aiosqlite - DEBUG - executing functools.partial(<built-in method execute of sqlite3.Cursor object at 0x000001C2C5FE0CC0>, 'PRAGMA main.index_info("ix_products_id")', ())
2026-03-04 11:58:26,275 - aiosqlite - DEBUG - executing functools.partial(<built-in method cursor of sqlite3.Connection object at 0x0000016782ED9E40>)
2026-03-04 11:58:26,275 - aiosqlite - DEBUG - operation functools.partial(<built-in method cursor of sqlite3.Connection object at 0x0000016782ED9E40>) completed
2026-03-04 11:58:26,275 - aiosqlite - DEBUG - operation functools.partial(<built-in method execute of sqlite3.Cursor object at 0x000001C2C5FE0CC0>, 'PRAGMA main.index_info("ix_products_id")', ()) completed
2026-03-04 11:58:26,275 - aiosqlite - DEBUG - executing functools.partial(<built-in method execute of sqlite3.Cursor object at 0x0000016782ED4C40>, "SELECT sql FROM  (SELECT * FROM sqlite_master UNION ALL   SELECT * FROM sqlite_temp_master) WHERE name = ? AND type in ('table', 'view')", ('products',))
2026-03-04 11:58:26,275 - aiosqlite - DEBUG - executing functools.partial(<built-in method fetchall of sqlite3.Cursor object at 0x000001C2C5FE0CC0>)
2026-03-04 11:58:26,276 - aiosqlite - DEBUG - operation functools.partial(<built-in method fetchall of sqlite3.Cursor object at 0x000001C2C5FE0CC0>) completed
FROM  (SELECT * FROM sqlite_master UNION ALL   SELECT * FROM sqlite_temp_master) WHERE name = ? AND type in ('table', 'view')", ('products',)) completed
2026-03-04 11:58:26,276 - aiosqlite - DEBUG - executing functools.partial(<built-in method close of sqlite3.Cursor object at 0x000001C2C5FE0CC0>)
2026-03-04 11:58:26,276 - aiosqlite - DEBUG - executing functools.partial(<built-in method fetchall of sqlite3.Cursor object at 0x0000016782ED4C40>)
2026-03-04 11:58:26,276 - aiosqlite - DEBUG - operation functools.partial(<built-in method close of sqlite3.Cursor object at 0x000001C2C5FE0CC0>) completed
2026-03-04 11:58:26,276 - aiosqlite - DEBUG - operation functools.partial(<built-in method fetchall of sqlite3.Cursor object at 0x0000016782ED4C40>) completed
2026-03-04 11:58:26,277 - aiosqlite - DEBUG - executing functools.partial(<built-in method cursor of sqlite3.Connection object at 0x000001C2C5FE9F30>)
2026-03-04 11:58:26,277 - aiosqlite - DEBUG - executing functools.partial(<built-in method close of sqlite3.Cursor object at 0x0000016782ED4C40>)
2026-03-04 11:58:26,277 - aiosqlite - DEBUG - operation functools.partial(<built-in method cursor of sqlite3.Connection object at 0x000001C2C5FE9F30>) completed
2026-03-04 11:58:26,277 - aiosqlite - DEBUG - operation functools.partial(<built-in method close of sqlite3.Cursor object at 0x0000016782ED4C40>) completed
2026-03-04 11:58:26,277 - aiosqlite - DEBUG - executing functools.partial(<built-in method execute of sqlite3.Cursor object at 0x000001C2C5FE0CC0>, "SELECT sql FROM  (SELECT * FROM sqlite_master UNION ALL   SELECT * FROM sqlite_temp_master) WHERE name = ? AND type in ('table', 'view')", ('products',))
2026-03-04 11:58:26,278 - aiosqlite - DEBUG - operation functools.partial(<built-in method execute of sqlite3.Cursor object at 0x000001C2C5FE0CC0>, "SELECT sql FROM  (SELECT * FROM sqlite_master UNION ALL   SELECT * FROM sqlite_temp_master) WHERE name = ? AND type in ('table', 'view')", ('products',)) completed
2026-03-04 11:58:26,278 - aiosqlite - DEBUG - executing functools.partial(<built-in method fetchall of sqlite3.Cursor object at 0x000001C2C5FE0CC0>)
2026-03-04 11:58:26,278 - aiosqlite - DEBUG - operation functools.partial(<built-in method fetchall of sqlite3.Cursor object at 0x000001C2C5FE0CC0>) completed
2026-03-04 11:58:26,279 - aiosqlite - DEBUG - executing functools.partial(<built-in method close of sqlite3.Cursor object at 0x000001C2C5FE0CC0>)
2026-03-04 11:58:26,279 - aiosqlite - DEBUG - operation functools.partial(<built-in method close of sqlite3.Cursor object at 0x000001C2C5FE0CC0>) completed
2026-03-04 11:58:26,281 - aiosqlite - DEBUG - executing functools.partial(<built-in method cursor of sqlite3.Connection object at 0x0000016782ED9E40>)
2026-03-04 11:58:26,281 - aiosqlite - DEBUG - operation functools.partial(<built-in method cursor of sqlite3.Connection object at 0x0000016782ED9E40>) completed
2026-03-04 11:58:26,281 - aiosqlite - DEBUG - executing functools.partial(<built-in method execute of sqlite3.Cursor object at 0x0000016782E5BD40>, 'SELECT count(*) AS count_1 \nFROM products', ())
2026-03-04 11:58:26,282 - aiosqlite - DEBUG - operation functools.partial(<built-in method execute of sqlite3.Cursor object at 0x0000016782E5BD40>, 'SELECT count(*) AS count_1 \nFROM products', ()) completed
2026-03-04 11:58:26,282 - aiosqlite - DEBUG - executing functools.partial(<built-in method fetchall of sqlite3.Cursor object at 0x0000016782E5BD40>)
2026-03-04 11:58:26,282 - aiosqlite - DEBUG - executing functools.partial(<built-in method cursor of sqlite3.Connection object at 0x000001C2C5FE9F30>)
2026-03-04 11:58:26,282 - aiosqlite - DEBUG - operation functools.partial(<built-in method cursor of sqlite3.Connection object at 0x000001C2C5FE9F30>) completed
2026-03-04 11:58:26,282 - aiosqlite - DEBUG - operation functools.partial(<built-in method fetchall of sqlite3.Cursor object at 0x0000016782E5BD40>) completed
2026-03-04 11:58:26,282 - aiosqlite - DEBUG - executing functools.partial(<built-in method execute of sqlite3.Cursor object at 0x000001C2C5F3BDC0>, 'SELECT count(*) AS count_1 \nFROM products', ())
2026-03-04 11:58:26,282 - aiosqlite - DEBUG - executing functools.partial(<built-in method close of sqlite3.Cursor object at 0x0000016782E5BD40>)
2026-03-04 11:58:26,283 - aiosqlite - DEBUG - operation functools.partial(<built-in method close of sqlite3.Cursor object at 0x0000016782E5BD40>) completed
2026-03-04 11:58:26,283 - aiosqlite - DEBUG - operation functools.partial(<built-in method execute of sqlite3.Cursor object at 0x000001C2C5F3BDC0>, 'SELECT count(*) AS count_1 \nFROM products', ()) completed
2026-03-04 11:58:26,283 - services.mock_data - INFO - Table products already has 8 rows; skipping mock insert
2026-03-04 11:58:26,283 - aiosqlite - DEBUG - executing functools.partial(<built-in method fetchall of sqlite3.Cursor object at 0x000001C2C5F3BDC0>)
2026-03-04 11:58:26,283 - aiosqlite - DEBUG - operation functools.partial(<built-in method fetchall of sqlite3.Cursor object at 0x000001C2C5F3BDC0>) completed
2026-03-04 11:58:26,283 - aiosqlite - DEBUG - executing functools.partial(<built-in method commit of sqlite3.Connection object at 0x0000016782ED9E40>)
2026-03-04 11:58:26,284 - aiosqlite - DEBUG - operation functools.partial(<built-in method commit of sqlite3.Connection object at 0x0000016782ED9E40>) completed
2026-03-04 11:58:26,284 - aiosqlite - DEBUG - executing functools.partial(<built-in method close of sqlite3.Cursor object at 0x000001C2C5F3BDC0>)
2026-03-04 11:58:26,284 - aiosqlite - DEBUG - operation functools.partial(<built-in method close of sqlite3.Cursor object at 0x000001C2C5F3BDC0>) completed
2026-03-04 11:58:26,284 - aiosqlite - DEBUG - executing functools.partial(<built-in method rollback of sqlite3.Connection object at 0x0000016782ED9E40>)
2026-03-04 11:58:26,285 - aiosqlite - DEBUG - operation functools.partial(<built-in method rollback of sqlite3.Connection object at 0x0000016782ED9E40>) completed
2026-03-04 11:58:26,285 - services.mock_data - INFO - Table products already has 8 rows; skipping mock insert
2026-03-04 11:58:26,285 - aiosqlite - DEBUG - executing functools.partial(<built-in method close of sqlite3.Connection object at 0x0000016782ED9E40>)
2026-03-04 11:58:26,285 - aiosqlite - DEBUG - executing functools.partial(<built-in method commit of sqlite3.Connection object at 0x000001C2C5FE9F30>)
2026-03-04 11:58:26,285 - aiosqlite - DEBUG - operation functools.partial(<built-in method commit of sqlite3.Connection object at 0x000001C2C5FE9F30>) completed
2026-03-04 11:58:26,285 - aiosqlite - DEBUG - operation functools.partial(<built-in method close of sqlite3.Connection object at 0x0000016782ED9E40>) completed
2026-03-04 11:58:26,286 - services.database - DEBUG - [DB_OP] Starting database initialization
2026-03-04 11:58:26,286 - aiosqlite - DEBUG - executing functools.partial(<built-in method rollback of sqlite3.Connection object at 0x000001C2C5FE9F30>)
2026-03-04 11:58:26,286 - services.database - INFO - 🔧 Starting database initialization...
2026-03-04 11:58:26,286 - aiosqlite - DEBUG - operation functools.partial(<built-in method rollback of sqlite3.Connection object at 0x000001C2C5FE9F30>) completed
2026-03-04 11:58:26,286 - core.database - INFO - Starting database initialization...
2026-03-04 11:58:26,286 - core.database - INFO - Database already initialized
2026-03-04 11:58:26,287 - aiosqlite - DEBUG - executing functools.partial(<built-in method close of sqlite3.Connection object at 0x000001C2C5FE9F30>)
2026-03-04 11:58:26,287 - services.database - INFO - 🔧 Database connection initialized, now creating tables if tables not exist...
2026-03-04 11:58:26,287 - core.database - DEBUG - [DB_OP] Starting create_tables
2026-03-04 11:58:26,287 - aiosqlite - DEBUG - operation functools.partial(<built-in method close of sqlite3.Connection object at 0x000001C2C5FE9F30>) completed
2026-03-04 11:58:26,287 - core.database - INFO - Tables already initialized
2026-03-04 11:58:26,287 - services.database - INFO - 🔧 Table creation completed
2026-03-04 11:58:26,287 - services.database - INFO - Database initialized successfully
2026-03-04 11:58:26,287 - services.database - DEBUG - [DB_OP] Starting database initialization
2026-03-04 11:58:26,287 - services.database - DEBUG - [DB_OP] Database initialization completed in 0.0010s
2026-03-04 11:58:26,287 - services.database - INFO - 🔧 Starting database initialization...
2026-03-04 11:58:26,289 - core.database - INFO - Starting database initialization...
2026-03-04 11:58:26,289 - services.auth - WARNING - Admin user ID or email not configured, skipping admin initialization
2026-03-04 11:58:26,289 - core.database - INFO - Database already initialized
2026-03-04 11:58:26,289 - main - INFO - === Application startup completed successfully ===
2026-03-04 11:58:26,289 - services.database - INFO - 🔧 Database connection initialized, now creating tables if tables not exist...
2026-03-04 11:58:26,289 - core.database - DEBUG - [DB_OP] Starting create_tables
2026-03-04 11:58:26,289 - core.database - INFO - Tables already initialized
2026-03-04 11:58:26,290 - services.database - INFO - 🔧 Table creation completed
2026-03-04 11:58:26,290 - services.database - INFO - Database initialized successfully
2026-03-04 11:58:26,290 - services.database - DEBUG - [DB_OP] Database initialization completed in 0.0022s
2026-03-04 11:58:26,290 - services.auth - WARNING - Admin user ID or email not configured, skipping admin initialization
2026-03-04 11:58:26,290 - main - INFO - === Application startup completed successfully ===
2026-03-04 13:25:25,218 - core.database - DEBUG - [DB_OP] Starting get_db session creation
2026-03-04 13:25:25,219 - core.database - DEBUG - [DB_OP] Database session created successfully in 0.0010s
2026-03-04 13:25:25,222 - routers.auth - INFO - [login] Login attempt for: admin@gmail.com
2026-03-04 13:25:25,225 - aiosqlite - DEBUG - executing <function connect.<locals>.connector at 0x0000016782EE96C0>
2026-03-04 13:25:25,227 - aiosqlite - DEBUG - operation <function connect.<locals>.connector at 0x0000016782EE96C0> completed
2026-03-04 13:25:25,228 - aiosqlite - DEBUG - executing functools.partial(<built-in method create_function of sqlite3.Connection object at 0x0000016782EED8A0>, 'regexp', 2, <function SQLiteDialect_pysqlite.on_connect.<locals>.regexp at 0x0000016782ECC9A0>, deterministic=True)
2026-03-04 13:25:25,228 - aiosqlite - DEBUG - operation functools.partial(<built-in method create_function of sqlite3.Connection object at 0x0000016782EED8A0>, 'regexp', 2, <function SQLiteDialect_pysqlite.on_connect.<locals>.regexp at 0x0000016782ECC9A0>, deterministic=True) completed
2026-03-04 13:25:25,229 - aiosqlite - DEBUG - executing functools.partial(<built-in method create_function of sqlite3.Connection object at 0x0000016782EED8A0>, 'floor', 1, <built-in function floor>, deterministic=True)
2026-03-04 13:25:25,229 - aiosqlite - DEBUG - operation functools.partial(<built-in method create_function of sqlite3.Connection object at 0x0000016782EED8A0>, 'floor', 1, <built-in function floor>, deterministic=True) completed
2026-03-04 13:25:25,237 - aiosqlite - DEBUG - executing functools.partial(<built-in method cursor of sqlite3.Connection object at 0x0000016782EED8A0>)
2026-03-04 13:25:25,238 - aiosqlite - DEBUG - operation functools.partial(<built-in method cursor of sqlite3.Connection object at 0x0000016782EED8A0>) completed
2026-03-04 13:25:25,238 - aiosqlite - DEBUG - executing functools.partial(<built-in method execute of sqlite3.Cursor object at 0x0000016782EFE2C0>, 'SELECT users.id, users.email, users.name, users.role, users.created_at, users.last_login, users.hashed_password \nFROM users \nWHERE lower(users.email) = ?', ('admin@gmail.com',))
2026-03-04 13:25:25,238 - aiosqlite - DEBUG - operation functools.partial(<built-in method execute of sqlite3.Cursor object at 0x0000016782EFE2C0>, 'SELECT users.id, users.email, users.name, users.role, users.created_at, users.last_login, users.hashed_password \nFROM users \nWHERE lower(users.email) = ?', ('admin@gmail.com',)) completed
2026-03-04 13:25:25,238 - aiosqlite - DEBUG - executing functools.partial(<built-in method fetchall of sqlite3.Cursor object at 0x0000016782EFE2C0>)
2026-03-04 13:25:25,238 - aiosqlite - DEBUG - operation functools.partial(<built-in method fetchall of sqlite3.Cursor object at 0x0000016782EFE2C0>) completed
2026-03-04 13:25:25,238 - aiosqlite - DEBUG - executing functools.partial(<built-in method close of sqlite3.Cursor object at 0x0000016782EFE2C0>)
2026-03-04 13:25:25,238 - aiosqlite - DEBUG - operation functools.partial(<built-in method close of sqlite3.Cursor object at 0x0000016782EFE2C0>) completed
2026-03-04 13:25:25,458 - routers.auth - ERROR - [login] Error issuing token: 'Settings' object has no attribute 'jwt_secret_key'
Traceback (most recent call last):
  File "D:\ASM1\backend\routers\auth.py", line 236, in login
    access_token, expires_at, _ = await auth_service.issue_app_token(user=user)
                                  ^^^^^^^^^^^^^^^^^^^^^^^^^^^^^^^^^^^^^^^^^^^^^
  File "D:\ASM1\backend\services\auth.py", line 68, in issue_app_token
    token = create_access_token(claims, expires_minutes=expires_minutes)
            ^^^^^^^^^^^^^^^^^^^^^^^^^^^^^^^^^^^^^^^^^^^^^^^^^^^^^^^^^^^^
  File "D:\ASM1\backend\core\auth.py", line 78, in create_access_token
    if not settings.jwt_secret_key:
           ^^^^^^^^^^^^^^^^^^^^^^^
  File "D:\ASM1\backend\core\config.py", line 88, in __getattr__
    raise AttributeError(f"'{self.__class__.__name__}' object has no attribute '{name}'")
AttributeError: 'Settings' object has no attribute 'jwt_secret_key'
2026-03-04 13:25:25,479 - core.database - ERROR - Database session error: 500: Đã xảy ra lỗi khi đăng nhập. Vui lòng thử lại.
Traceback (most recent call last):
  File "D:\ASM1\backend\routers\auth.py", line 236, in login
    access_token, expires_at, _ = await auth_service.issue_app_token(user=user)
                                  ^^^^^^^^^^^^^^^^^^^^^^^^^^^^^^^^^^^^^^^^^^^^^
  File "D:\ASM1\backend\services\auth.py", line 68, in issue_app_token
    token = create_access_token(claims, expires_minutes=expires_minutes)
            ^^^^^^^^^^^^^^^^^^^^^^^^^^^^^^^^^^^^^^^^^^^^^^^^^^^^^^^^^^^^
  File "D:\ASM1\backend\core\auth.py", line 78, in create_access_token
    if not settings.jwt_secret_key:
           ^^^^^^^^^^^^^^^^^^^^^^^
  File "D:\ASM1\backend\core\config.py", line 88, in __getattr__
    raise AttributeError(f"'{self.__class__.__name__}' object has no attribute '{name}'")
AttributeError: 'Settings' object has no attribute 'jwt_secret_key'

During handling of the above exception, another exception occurred:

Traceback (most recent call last):
  File "D:\ASM1\backend\core\database.py", line 542, in get_db
    yield session
  File "D:\ASM1\.venv\Lib\site-packages\fastapi\routing.py", line 301, in app
    raw_response = await run_endpoint_function(
                   ^^^^^^^^^^^^^^^^^^^^^^^^^^^^
  File "D:\ASM1\.venv\Lib\site-packages\fastapi\routing.py", line 212, in run_endpoint_function
    return await dependant.call(**values)
           ^^^^^^^^^^^^^^^^^^^^^^^^^^^^^^
  File "D:\ASM1\backend\routers\auth.py", line 255, in login
    raise HTTPException(
fastapi.exceptions.HTTPException: 500: Đã xảy ra lỗi khi đăng nhập. Vui lòng thử lại.
2026-03-04 13:25:25,479 - core.database - DEBUG - [DB_OP] Database session cleanup after 0.2616s
2026-03-04 13:25:25,479 - aiosqlite - DEBUG - executing functools.partial(<built-in method rollback of sqlite3.Connection object at 0x0000016782EED8A0>)
2026-03-04 13:25:25,479 - aiosqlite - DEBUG - operation functools.partial(<built-in method rollback of sqlite3.Connection object at 0x0000016782EED8A0>) completed
2026-03-04 13:25:25,479 - aiosqlite - DEBUG - executing functools.partial(<built-in method rollback of sqlite3.Connection object at 0x0000016782EED8A0>)
2026-03-04 13:25:25,479 - aiosqlite - DEBUG - operation functools.partial(<built-in method rollback of sqlite3.Connection object at 0x0000016782EED8A0>) completed
2026-03-04 13:25:25,479 - aiosqlite - DEBUG - executing functools.partial(<built-in method close of sqlite3.Connection object at 0x0000016782EED8A0>)
2026-03-04 13:25:25,485 - aiosqlite - DEBUG - operation functools.partial(<built-in method close of sqlite3.Connection object at 0x0000016782EED8A0>) completed
2026-03-04 13:25:25,485 - core.database - ERROR - Failed to create database session: 500: Đã xảy ra lỗi khi đăng nhập. Vui lòng thử lại.
Traceback (most recent call last):
  File "D:\ASM1\backend\routers\auth.py", line 236, in login
    access_token, expires_at, _ = await auth_service.issue_app_token(user=user)
                                  ^^^^^^^^^^^^^^^^^^^^^^^^^^^^^^^^^^^^^^^^^^^^^
  File "D:\ASM1\backend\services\auth.py", line 68, in issue_app_token
    token = create_access_token(claims, expires_minutes=expires_minutes)
            ^^^^^^^^^^^^^^^^^^^^^^^^^^^^^^^^^^^^^^^^^^^^^^^^^^^^^^^^^^^^
  File "D:\ASM1\backend\core\auth.py", line 78, in create_access_token
    if not settings.jwt_secret_key:
           ^^^^^^^^^^^^^^^^^^^^^^^
  File "D:\ASM1\backend\core\config.py", line 88, in __getattr__
    raise AttributeError(f"'{self.__class__.__name__}' object has no attribute '{name}'")
AttributeError: 'Settings' object has no attribute 'jwt_secret_key'

During handling of the above exception, another exception occurred:

Traceback (most recent call last):
  File "D:\ASM1\backend\core\database.py", line 542, in get_db
    yield session
  File "D:\ASM1\.venv\Lib\site-packages\fastapi\routing.py", line 301, in app
    raw_response = await run_endpoint_function(
                   ^^^^^^^^^^^^^^^^^^^^^^^^^^^^
  File "D:\ASM1\.venv\Lib\site-packages\fastapi\routing.py", line 212, in run_endpoint_function
    return await dependant.call(**values)
           ^^^^^^^^^^^^^^^^^^^^^^^^^^^^^^
  File "D:\ASM1\backend\routers\auth.py", line 255, in login
    raise HTTPException(
fastapi.exceptions.HTTPException: 500: Đã xảy ra lỗi khi đăng nhập. Vui lòng thử lại.
2026-03-04 13:25:26,205 - core.database - DEBUG - [DB_OP] Starting get_db session creation
2026-03-04 13:25:26,206 - core.database - DEBUG - [DB_OP] Database session created successfully in 0.0010s
2026-03-04 13:25:26,206 - routers.auth - INFO - [login] Login attempt for: admin@gmail.com
2026-03-04 13:25:26,207 - aiosqlite - DEBUG - executing <function connect.<locals>.connector at 0x0000016782ECD620>
2026-03-04 13:25:26,207 - aiosqlite - DEBUG - operation <function connect.<locals>.connector at 0x0000016782ECD620> completed
2026-03-04 13:25:26,208 - aiosqlite - DEBUG - executing functools.partial(<built-in method create_function of sqlite3.Connection object at 0x0000016782EEF5B0>, 'regexp', 2, <function SQLiteDialect_pysqlite.on_connect.<locals>.regexp at 0x0000016782ECC9A0>, deterministic=True)
2026-03-04 13:25:26,208 - aiosqlite - DEBUG - operation functools.partial(<built-in method create_function of sqlite3.Connection object at 0x0000016782EEF5B0>, 'regexp', 2, <function SQLiteDialect_pysqlite.on_connect.<locals>.regexp at 0x0000016782ECC9A0>, deterministic=True) completed
2026-03-04 13:25:26,209 - aiosqlite - DEBUG - executing functools.partial(<built-in method create_function of sqlite3.Connection object at 0x0000016782EEF5B0>, 'floor', 1, <built-in function floor>, deterministic=True)
2026-03-04 13:25:26,209 - aiosqlite - DEBUG - operation functools.partial(<built-in method create_function of sqlite3.Connection object at 0x0000016782EEF5B0>, 'floor', 1, <built-in function floor>, deterministic=True) completed
2026-03-04 13:25:26,210 - aiosqlite - DEBUG - executing functools.partial(<built-in method cursor of sqlite3.Connection object at 0x0000016782EEF5B0>)
2026-03-04 13:25:26,210 - aiosqlite - DEBUG - operation functools.partial(<built-in method cursor of sqlite3.Connection object at 0x0000016782EEF5B0>) completed
2026-03-04 13:25:26,210 - aiosqlite - DEBUG - executing functools.partial(<built-in method execute of sqlite3.Cursor object at 0x0000016782F6CD40>, 'SELECT users.id, users.email, users.name, users.role, users.created_at, users.last_login, users.hashed_password \nFROM users \nWHERE lower(users.email) = ?', ('admin@gmail.com',))
2026-03-04 13:25:26,211 - aiosqlite - DEBUG - operation functools.partial(<built-in method execute of sqlite3.Cursor object at 0x0000016782F6CD40>, 'SELECT users.id, users.email, users.name, users.role, users.created_at, users.last_login, users.hashed_password \nFROM users \nWHERE lower(users.email) = ?', ('admin@gmail.com',)) completed
2026-03-04 13:25:26,211 - aiosqlite - DEBUG - executing functools.partial(<built-in method fetchall of sqlite3.Cursor object at 0x0000016782F6CD40>)
2026-03-04 13:25:26,211 - aiosqlite - DEBUG - operation functools.partial(<built-in method fetchall of sqlite3.Cursor object at 0x0000016782F6CD40>) completed
2026-03-04 13:25:26,212 - aiosqlite - DEBUG - executing functools.partial(<built-in method close of sqlite3.Cursor object at 0x0000016782F6CD40>)
2026-03-04 13:25:26,212 - aiosqlite - DEBUG - operation functools.partial(<built-in method close of sqlite3.Cursor object at 0x0000016782F6CD40>) completed
2026-03-04 13:25:26,430 - routers.auth - ERROR - [login] Error issuing token: 'Settings' object has no attribute 'jwt_secret_key'
Traceback (most recent call last):
  File "D:\ASM1\backend\routers\auth.py", line 236, in login
    access_token, expires_at, _ = await auth_service.issue_app_token(user=user)
                                  ^^^^^^^^^^^^^^^^^^^^^^^^^^^^^^^^^^^^^^^^^^^^^
  File "D:\ASM1\backend\services\auth.py", line 68, in issue_app_token
    token = create_access_token(claims, expires_minutes=expires_minutes)
            ^^^^^^^^^^^^^^^^^^^^^^^^^^^^^^^^^^^^^^^^^^^^^^^^^^^^^^^^^^^^
  File "D:\ASM1\backend\core\auth.py", line 78, in create_access_token
    if not settings.jwt_secret_key:
           ^^^^^^^^^^^^^^^^^^^^^^^
  File "D:\ASM1\backend\core\config.py", line 88, in __getattr__
    raise AttributeError(f"'{self.__class__.__name__}' object has no attribute '{name}'")
AttributeError: 'Settings' object has no attribute 'jwt_secret_key'
2026-03-04 13:25:26,430 - core.database - ERROR - Database session error: 500: Đã xảy ra lỗi khi đăng nhập. Vui lòng thử lại.
Traceback (most recent call last):
  File "D:\ASM1\backend\routers\auth.py", line 236, in login
    access_token, expires_at, _ = await auth_service.issue_app_token(user=user)
                                  ^^^^^^^^^^^^^^^^^^^^^^^^^^^^^^^^^^^^^^^^^^^^^
  File "D:\ASM1\backend\services\auth.py", line 68, in issue_app_token
    token = create_access_token(claims, expires_minutes=expires_minutes)
            ^^^^^^^^^^^^^^^^^^^^^^^^^^^^^^^^^^^^^^^^^^^^^^^^^^^^^^^^^^^^
  File "D:\ASM1\backend\core\auth.py", line 78, in create_access_token
    if not settings.jwt_secret_key:
           ^^^^^^^^^^^^^^^^^^^^^^^
  File "D:\ASM1\backend\core\config.py", line 88, in __getattr__
    raise AttributeError(f"'{self.__class__.__name__}' object has no attribute '{name}'")
AttributeError: 'Settings' object has no attribute 'jwt_secret_key'

During handling of the above exception, another exception occurred:

Traceback (most recent call last):
  File "D:\ASM1\backend\core\database.py", line 542, in get_db
    yield session
  File "D:\ASM1\.venv\Lib\site-packages\fastapi\routing.py", line 301, in app
    raw_response = await run_endpoint_function(
                   ^^^^^^^^^^^^^^^^^^^^^^^^^^^^
  File "D:\ASM1\.venv\Lib\site-packages\fastapi\routing.py", line 212, in run_endpoint_function
    return await dependant.call(**values)
           ^^^^^^^^^^^^^^^^^^^^^^^^^^^^^^
  File "D:\ASM1\backend\routers\auth.py", line 255, in login
    raise HTTPException(
fastapi.exceptions.HTTPException: 500: Đã xảy ra lỗi khi đăng nhập. Vui lòng thử lại.
2026-03-04 13:25:26,433 - core.database - DEBUG - [DB_OP] Database session cleanup after 0.2277s
2026-03-04 13:25:26,433 - aiosqlite - DEBUG - executing functools.partial(<built-in method rollback of sqlite3.Connection object at 0x0000016782EEF5B0>)
2026-03-04 13:25:26,433 - aiosqlite - DEBUG - operation functools.partial(<built-in method rollback of sqlite3.Connection object at 0x0000016782EEF5B0>) completed
2026-03-04 13:25:26,433 - aiosqlite - DEBUG - executing functools.partial(<built-in method rollback of sqlite3.Connection object at 0x0000016782EEF5B0>)
2026-03-04 13:25:26,433 - aiosqlite - DEBUG - operation functools.partial(<built-in method rollback of sqlite3.Connection object at 0x0000016782EEF5B0>) completed
2026-03-04 13:25:26,433 - aiosqlite - DEBUG - executing functools.partial(<built-in method close of sqlite3.Connection object at 0x0000016782EEF5B0>)
2026-03-04 13:25:26,433 - aiosqlite - DEBUG - operation functools.partial(<built-in method close of sqlite3.Connection object at 0x0000016782EEF5B0>) completed
2026-03-04 13:25:26,433 - core.database - ERROR - Failed to create database session: 500: Đã xảy ra lỗi khi đăng nhập. Vui lòng thử lại.
Traceback (most recent call last):
  File "D:\ASM1\backend\routers\auth.py", line 236, in login
    access_token, expires_at, _ = await auth_service.issue_app_token(user=user)
                                  ^^^^^^^^^^^^^^^^^^^^^^^^^^^^^^^^^^^^^^^^^^^^^
  File "D:\ASM1\backend\services\auth.py", line 68, in issue_app_token
    token = create_access_token(claims, expires_minutes=expires_minutes)
            ^^^^^^^^^^^^^^^^^^^^^^^^^^^^^^^^^^^^^^^^^^^^^^^^^^^^^^^^^^^^
  File "D:\ASM1\backend\core\auth.py", line 78, in create_access_token
    if not settings.jwt_secret_key:
           ^^^^^^^^^^^^^^^^^^^^^^^
  File "D:\ASM1\backend\core\config.py", line 88, in __getattr__
    raise AttributeError(f"'{self.__class__.__name__}' object has no attribute '{name}'")
AttributeError: 'Settings' object has no attribute 'jwt_secret_key'

During handling of the above exception, another exception occurred:

Traceback (most recent call last):
  File "D:\ASM1\backend\core\database.py", line 542, in get_db
    yield session
  File "D:\ASM1\.venv\Lib\site-packages\fastapi\routing.py", line 301, in app
    raw_response = await run_endpoint_function(
                   ^^^^^^^^^^^^^^^^^^^^^^^^^^^^
  File "D:\ASM1\.venv\Lib\site-packages\fastapi\routing.py", line 212, in run_endpoint_function
    return await dependant.call(**values)
           ^^^^^^^^^^^^^^^^^^^^^^^^^^^^^^
  File "D:\ASM1\backend\routers\auth.py", line 255, in login
    raise HTTPException(
fastapi.exceptions.HTTPException: 500: Đã xảy ra lỗi khi đăng nhập. Vui lòng thử lại.
2026-03-04 13:25:26,949 - core.database - DEBUG - [DB_OP] Starting get_db session creation
2026-03-04 13:25:26,950 - core.database - DEBUG - [DB_OP] Database session created successfully in 0.0010s
2026-03-04 13:25:26,950 - routers.auth - INFO - [login] Login attempt for: admin@gmail.com
2026-03-04 13:25:26,951 - aiosqlite - DEBUG - executing <function connect.<locals>.connector at 0x0000016782EE9580>
2026-03-04 13:25:26,951 - aiosqlite - DEBUG - operation <function connect.<locals>.connector at 0x0000016782EE9580> completed
2026-03-04 13:25:26,952 - aiosqlite - DEBUG - executing functools.partial(<built-in method create_function of sqlite3.Connection object at 0x0000016782EEF2E0>, 'regexp', 2, <function SQLiteDialect_pysqlite.on_connect.<locals>.regexp at 0x0000016782ECC9A0>, deterministic=True)
2026-03-04 13:25:26,953 - aiosqlite - DEBUG - operation functools.partial(<built-in method create_function of sqlite3.Connection object at 0x0000016782EEF2E0>, 'regexp', 2, <function SQLiteDialect_pysqlite.on_connect.<locals>.regexp at 0x0000016782ECC9A0>, deterministic=True) completed
2026-03-04 13:25:26,954 - aiosqlite - DEBUG - executing functools.partial(<built-in method create_function of sqlite3.Connection object at 0x0000016782EEF2E0>, 'floor', 1, <built-in function floor>, deterministic=True)
2026-03-04 13:25:26,954 - aiosqlite - DEBUG - operation functools.partial(<built-in method create_function of sqlite3.Connection object at 0x0000016782EEF2E0>, 'floor', 1, <built-in function floor>, deterministic=True) completed
2026-03-04 13:25:26,954 - aiosqlite - DEBUG - executing functools.partial(<built-in method cursor of sqlite3.Connection object at 0x0000016782EEF2E0>)
2026-03-04 13:25:26,955 - aiosqlite - DEBUG - operation functools.partial(<built-in method cursor of sqlite3.Connection object at 0x0000016782EEF2E0>) completed
2026-03-04 13:25:26,955 - aiosqlite - DEBUG - executing functools.partial(<built-in method execute of sqlite3.Cursor object at 0x0000016782F6CCC0>, 'SELECT users.id, users.email, users.name, users.role, users.created_at, users.last_login, users.hashed_password \nFROM users \nWHERE lower(users.email) = ?', ('admin@gmail.com',))
2026-03-04 13:25:26,956 - aiosqlite - DEBUG - operation functools.partial(<built-in method execute of sqlite3.Cursor object at 0x0000016782F6CCC0>, 'SELECT users.id, users.email, users.name, users.role, users.created_at, users.last_login, users.hashed_password \nFROM users \nWHERE lower(users.email) = ?', ('admin@gmail.com',)) completed
2026-03-04 13:25:26,956 - aiosqlite - DEBUG - executing functools.partial(<built-in method fetchall of sqlite3.Cursor object at 0x0000016782F6CCC0>)
2026-03-04 13:25:26,957 - aiosqlite - DEBUG - operation functools.partial(<built-in method fetchall of sqlite3.Cursor object at 0x0000016782F6CCC0>) completed
2026-03-04 13:25:26,957 - aiosqlite - DEBUG - executing functools.partial(<built-in method close of sqlite3.Cursor object at 0x0000016782F6CCC0>)
2026-03-04 13:25:26,957 - aiosqlite - DEBUG - operation functools.partial(<built-in method close of sqlite3.Cursor object at 0x0000016782F6CCC0>) completed
2026-03-04 13:25:27,176 - routers.auth - ERROR - [login] Error issuing token: 'Settings' object has no attribute 'jwt_secret_key'
Traceback (most recent call last):
  File "D:\ASM1\backend\routers\auth.py", line 236, in login
    access_token, expires_at, _ = await auth_service.issue_app_token(user=user)
                                  ^^^^^^^^^^^^^^^^^^^^^^^^^^^^^^^^^^^^^^^^^^^^^
  File "D:\ASM1\backend\services\auth.py", line 68, in issue_app_token
    token = create_access_token(claims, expires_minutes=expires_minutes)
            ^^^^^^^^^^^^^^^^^^^^^^^^^^^^^^^^^^^^^^^^^^^^^^^^^^^^^^^^^^^^
  File "D:\ASM1\backend\core\auth.py", line 78, in create_access_token
    if not settings.jwt_secret_key:
           ^^^^^^^^^^^^^^^^^^^^^^^
  File "D:\ASM1\backend\core\config.py", line 88, in __getattr__
    raise AttributeError(f"'{self.__class__.__name__}' object has no attribute '{name}'")
AttributeError: 'Settings' object has no attribute 'jwt_secret_key'
2026-03-04 13:25:27,177 - core.database - ERROR - Database session error: 500: Đã xảy ra lỗi khi đăng nhập. Vui lòng thử lại.
Traceback (most recent call last):
  File "D:\ASM1\backend\routers\auth.py", line 236, in login
    access_token, expires_at, _ = await auth_service.issue_app_token(user=user)
                                  ^^^^^^^^^^^^^^^^^^^^^^^^^^^^^^^^^^^^^^^^^^^^^
  File "D:\ASM1\backend\services\auth.py", line 68, in issue_app_token
    token = create_access_token(claims, expires_minutes=expires_minutes)
            ^^^^^^^^^^^^^^^^^^^^^^^^^^^^^^^^^^^^^^^^^^^^^^^^^^^^^^^^^^^^
  File "D:\ASM1\backend\core\auth.py", line 78, in create_access_token
    if not settings.jwt_secret_key:
           ^^^^^^^^^^^^^^^^^^^^^^^
  File "D:\ASM1\backend\core\config.py", line 88, in __getattr__
    raise AttributeError(f"'{self.__class__.__name__}' object has no attribute '{name}'")
AttributeError: 'Settings' object has no attribute 'jwt_secret_key'

During handling of the above exception, another exception occurred:

Traceback (most recent call last):
  File "D:\ASM1\backend\core\database.py", line 542, in get_db
    yield session
  File "D:\ASM1\.venv\Lib\site-packages\fastapi\routing.py", line 301, in app
    raw_response = await run_endpoint_function(
                   ^^^^^^^^^^^^^^^^^^^^^^^^^^^^
  File "D:\ASM1\.venv\Lib\site-packages\fastapi\routing.py", line 212, in run_endpoint_function
    return await dependant.call(**values)
           ^^^^^^^^^^^^^^^^^^^^^^^^^^^^^^
  File "D:\ASM1\backend\routers\auth.py", line 255, in login
    raise HTTPException(
fastapi.exceptions.HTTPException: 500: Đã xảy ra lỗi khi đăng nhập. Vui lòng thử lại.
2026-03-04 13:25:27,179 - core.database - DEBUG - [DB_OP] Database session cleanup after 0.2304s
2026-03-04 13:25:27,180 - aiosqlite - DEBUG - executing functools.partial(<built-in method rollback of sqlite3.Connection object at 0x0000016782EEF2E0>)
2026-03-04 13:25:27,180 - aiosqlite - DEBUG - operation functools.partial(<built-in method rollback of sqlite3.Connection object at 0x0000016782EEF2E0>) completed
2026-03-04 13:25:27,180 - aiosqlite - DEBUG - executing functools.partial(<built-in method rollback of sqlite3.Connection object at 0x0000016782EEF2E0>)
2026-03-04 13:25:27,181 - aiosqlite - DEBUG - operation functools.partial(<built-in method rollback of sqlite3.Connection object at 0x0000016782EEF2E0>) completed
2026-03-04 13:25:27,181 - aiosqlite - DEBUG - executing functools.partial(<built-in method close of sqlite3.Connection object at 0x0000016782EEF2E0>)
2026-03-04 13:25:27,181 - aiosqlite - DEBUG - operation functools.partial(<built-in method close of sqlite3.Connection object at 0x0000016782EEF2E0>) completed
2026-03-04 13:25:27,181 - core.database - ERROR - Failed to create database session: 500: Đã xảy ra lỗi khi đăng nhập. Vui lòng thử lại.
Traceback (most recent call last):
  File "D:\ASM1\backend\routers\auth.py", line 236, in login
    access_token, expires_at, _ = await auth_service.issue_app_token(user=user)
                                  ^^^^^^^^^^^^^^^^^^^^^^^^^^^^^^^^^^^^^^^^^^^^^
  File "D:\ASM1\backend\services\auth.py", line 68, in issue_app_token
    token = create_access_token(claims, expires_minutes=expires_minutes)
            ^^^^^^^^^^^^^^^^^^^^^^^^^^^^^^^^^^^^^^^^^^^^^^^^^^^^^^^^^^^^
  File "D:\ASM1\backend\core\auth.py", line 78, in create_access_token
    if not settings.jwt_secret_key:
           ^^^^^^^^^^^^^^^^^^^^^^^
  File "D:\ASM1\backend\core\config.py", line 88, in __getattr__
    raise AttributeError(f"'{self.__class__.__name__}' object has no attribute '{name}'")
AttributeError: 'Settings' object has no attribute 'jwt_secret_key'

During handling of the above exception, another exception occurred:

Traceback (most recent call last):
  File "D:\ASM1\backend\core\database.py", line 542, in get_db
    yield session
  File "D:\ASM1\.venv\Lib\site-packages\fastapi\routing.py", line 301, in app
    raw_response = await run_endpoint_function(
                   ^^^^^^^^^^^^^^^^^^^^^^^^^^^^
  File "D:\ASM1\.venv\Lib\site-packages\fastapi\routing.py", line 212, in run_endpoint_function
    return await dependant.call(**values)
           ^^^^^^^^^^^^^^^^^^^^^^^^^^^^^^
  File "D:\ASM1\backend\routers\auth.py", line 255, in login
    raise HTTPException(
fastapi.exceptions.HTTPException: 500: Đã xảy ra lỗi khi đăng nhập. Vui lòng thử lại.
2026-03-04 13:27:48,757 - core.database - DEBUG - [DB_OP] Starting get_db session creation
2026-03-04 13:27:48,758 - core.database - DEBUG - [DB_OP] Database session created successfully in 0.0010s
2026-03-04 13:27:48,758 - routers.auth - INFO - [login] Login attempt for: admin@gmail.com
2026-03-04 13:27:48,759 - aiosqlite - DEBUG - executing <function connect.<locals>.connector at 0x0000016782F46520>
2026-03-04 13:27:48,759 - aiosqlite - DEBUG - operation <function connect.<locals>.connector at 0x0000016782F46520> completed
2026-03-04 13:27:48,759 - aiosqlite - DEBUG - executing functools.partial(<built-in method create_function of sqlite3.Connection object at 0x0000016782EEF1F0>, 'regexp', 2, <function SQLiteDialect_pysqlite.on_connect.<locals>.regexp at 0x0000016782ECC9A0>, deterministic=True)
2026-03-04 13:27:48,760 - aiosqlite - DEBUG - operation functools.partial(<built-in method create_function of sqlite3.Connection object at 0x0000016782EEF1F0>, 'regexp', 2, <function SQLiteDialect_pysqlite.on_connect.<locals>.regexp at 0x0000016782ECC9A0>, deterministic=True) completed
2026-03-04 13:27:48,760 - aiosqlite - DEBUG - executing functools.partial(<built-in method create_function of sqlite3.Connection object at 0x0000016782EEF1F0>, 'floor', 1, <built-in function floor>, deterministic=True)
2026-03-04 13:27:48,760 - aiosqlite - DEBUG - operation functools.partial(<built-in method create_function of sqlite3.Connection object at 0x0000016782EEF1F0>, 'floor', 1, <built-in function floor>, deterministic=True) completed
2026-03-04 13:27:48,761 - aiosqlite - DEBUG - executing functools.partial(<built-in method cursor of sqlite3.Connection object at 0x0000016782EEF1F0>)
2026-03-04 13:27:48,761 - aiosqlite - DEBUG - operation functools.partial(<built-in method cursor of sqlite3.Connection object at 0x0000016782EEF1F0>) completed
2026-03-04 13:27:48,761 - aiosqlite - DEBUG - executing functools.partial(<built-in method execute of sqlite3.Cursor object at 0x0000016782EFD7C0>, 'SELECT users.id, users.email, users.name, users.role, users.created_at, users.last_login, users.hashed_password \nFROM users \nWHERE lower(users.email) = ?', ('admin@gmail.com',))
2026-03-04 13:27:48,762 - aiosqlite - DEBUG - operation functools.partial(<built-in method execute of sqlite3.Cursor object at 0x0000016782EFD7C0>, 'SELECT users.id, users.email, users.name, users.role, users.created_at, users.last_login, users.hashed_password \nFROM users \nWHERE lower(users.email) = ?', ('admin@gmail.com',)) completed
2026-03-04 13:27:48,762 - aiosqlite - DEBUG - executing functools.partial(<built-in method fetchall of sqlite3.Cursor object at 0x0000016782EFD7C0>)
2026-03-04 13:27:48,762 - aiosqlite - DEBUG - operation functools.partial(<built-in method fetchall of sqlite3.Cursor object at 0x0000016782EFD7C0>) completed
2026-03-04 13:27:48,762 - aiosqlite - DEBUG - executing functools.partial(<built-in method close of sqlite3.Cursor object at 0x0000016782EFD7C0>)
2026-03-04 13:27:48,763 - aiosqlite - DEBUG - operation functools.partial(<built-in method close of sqlite3.Cursor object at 0x0000016782EFD7C0>) completed
2026-03-04 13:27:49,015 - routers.auth - ERROR - [login] Error issuing token: 'Settings' object has no attribute 'jwt_secret_key'
Traceback (most recent call last):
  File "D:\ASM1\backend\routers\auth.py", line 236, in login
    access_token, expires_at, _ = await auth_service.issue_app_token(user=user)
                                  ^^^^^^^^^^^^^^^^^^^^^^^^^^^^^^^^^^^^^^^^^^^^^
  File "D:\ASM1\backend\services\auth.py", line 68, in issue_app_token
    token = create_access_token(claims, expires_minutes=expires_minutes)
            ^^^^^^^^^^^^^^^^^^^^^^^^^^^^^^^^^^^^^^^^^^^^^^^^^^^^^^^^^^^^
  File "D:\ASM1\backend\core\auth.py", line 78, in create_access_token
    if not settings.jwt_secret_key:
           ^^^^^^^^^^^^^^^^^^^^^^^
  File "D:\ASM1\backend\core\config.py", line 88, in __getattr__
    raise AttributeError(f"'{self.__class__.__name__}' object has no attribute '{name}'")
AttributeError: 'Settings' object has no attribute 'jwt_secret_key'
2026-03-04 13:27:49,016 - core.database - ERROR - Database session error: 500: Đã xảy ra lỗi khi đăng nhập. Vui lòng thử lại.
Traceback (most recent call last):
  File "D:\ASM1\backend\routers\auth.py", line 236, in login
    access_token, expires_at, _ = await auth_service.issue_app_token(user=user)
                                  ^^^^^^^^^^^^^^^^^^^^^^^^^^^^^^^^^^^^^^^^^^^^^
  File "D:\ASM1\backend\services\auth.py", line 68, in issue_app_token
    token = create_access_token(claims, expires_minutes=expires_minutes)
            ^^^^^^^^^^^^^^^^^^^^^^^^^^^^^^^^^^^^^^^^^^^^^^^^^^^^^^^^^^^^
  File "D:\ASM1\backend\core\auth.py", line 78, in create_access_token
    if not settings.jwt_secret_key:
           ^^^^^^^^^^^^^^^^^^^^^^^
  File "D:\ASM1\backend\core\config.py", line 88, in __getattr__
    raise AttributeError(f"'{self.__class__.__name__}' object has no attribute '{name}'")
AttributeError: 'Settings' object has no attribute 'jwt_secret_key'

During handling of the above exception, another exception occurred:

Traceback (most recent call last):
  File "D:\ASM1\backend\core\database.py", line 542, in get_db
    yield session
  File "D:\ASM1\.venv\Lib\site-packages\fastapi\routing.py", line 301, in app
    raw_response = await run_endpoint_function(
                   ^^^^^^^^^^^^^^^^^^^^^^^^^^^^
  File "D:\ASM1\.venv\Lib\site-packages\fastapi\routing.py", line 212, in run_endpoint_function
    return await dependant.call(**values)
           ^^^^^^^^^^^^^^^^^^^^^^^^^^^^^^
  File "D:\ASM1\backend\routers\auth.py", line 255, in login
    raise HTTPException(
fastapi.exceptions.HTTPException: 500: Đã xảy ra lỗi khi đăng nhập. Vui lòng thử lại.
2026-03-04 13:27:49,017 - core.database - DEBUG - [DB_OP] Database session cleanup after 0.2609s
2026-03-04 13:27:49,017 - aiosqlite - DEBUG - executing functools.partial(<built-in method rollback of sqlite3.Connection object at 0x0000016782EEF1F0>)
2026-03-04 13:27:49,018 - aiosqlite - DEBUG - operation functools.partial(<built-in method rollback of sqlite3.Connection object at 0x0000016782EEF1F0>) completed
2026-03-04 13:27:49,018 - aiosqlite - DEBUG - executing functools.partial(<built-in method rollback of sqlite3.Connection object at 0x0000016782EEF1F0>)
2026-03-04 13:27:49,018 - aiosqlite - DEBUG - operation functools.partial(<built-in method rollback of sqlite3.Connection object at 0x0000016782EEF1F0>) completed
2026-03-04 13:27:49,019 - aiosqlite - DEBUG - executing functools.partial(<built-in method close of sqlite3.Connection object at 0x0000016782EEF1F0>)
2026-03-04 13:27:49,019 - aiosqlite - DEBUG - operation functools.partial(<built-in method close of sqlite3.Connection object at 0x0000016782EEF1F0>) completed
2026-03-04 13:27:49,019 - core.database - ERROR - Failed to create database session: 500: Đã xảy ra lỗi khi đăng nhập. Vui lòng thử lại.
Traceback (most recent call last):
  File "D:\ASM1\backend\routers\auth.py", line 236, in login
    access_token, expires_at, _ = await auth_service.issue_app_token(user=user)
                                  ^^^^^^^^^^^^^^^^^^^^^^^^^^^^^^^^^^^^^^^^^^^^^
  File "D:\ASM1\backend\services\auth.py", line 68, in issue_app_token
    token = create_access_token(claims, expires_minutes=expires_minutes)
            ^^^^^^^^^^^^^^^^^^^^^^^^^^^^^^^^^^^^^^^^^^^^^^^^^^^^^^^^^^^^
  File "D:\ASM1\backend\core\auth.py", line 78, in create_access_token
    if not settings.jwt_secret_key:
           ^^^^^^^^^^^^^^^^^^^^^^^
  File "D:\ASM1\backend\core\config.py", line 88, in __getattr__
    raise AttributeError(f"'{self.__class__.__name__}' object has no attribute '{name}'")
AttributeError: 'Settings' object has no attribute 'jwt_secret_key'

During handling of the above exception, another exception occurred:

Traceback (most recent call last):
  File "D:\ASM1\backend\core\database.py", line 542, in get_db
    yield session
  File "D:\ASM1\.venv\Lib\site-packages\fastapi\routing.py", line 301, in app
    raw_response = await run_endpoint_function(
                   ^^^^^^^^^^^^^^^^^^^^^^^^^^^^
  File "D:\ASM1\.venv\Lib\site-packages\fastapi\routing.py", line 212, in run_endpoint_function
    return await dependant.call(**values)
           ^^^^^^^^^^^^^^^^^^^^^^^^^^^^^^
  File "D:\ASM1\backend\routers\auth.py", line 255, in login
    raise HTTPException(
fastapi.exceptions.HTTPException: 500: Đã xảy ra lỗi khi đăng nhập. Vui lòng thử lại.
2026-03-04 13:28:17,939 - core.database - DEBUG - [DB_OP] Starting get_db session creation
2026-03-04 13:28:17,939 - core.database - DEBUG - [DB_OP] Database session created successfully in 0.0000s
2026-03-04 13:28:17,940 - routers.auth - INFO - [login] Login attempt for: admin@gmail.com
2026-03-04 13:28:17,940 - aiosqlite - DEBUG - executing <function connect.<locals>.connector at 0x0000016782F46020>
2026-03-04 13:28:17,941 - aiosqlite - DEBUG - operation <function connect.<locals>.connector at 0x0000016782F46020> completed
2026-03-04 13:28:17,941 - aiosqlite - DEBUG - executing functools.partial(<built-in method create_function of sqlite3.Connection object at 0x0000016782EEF970>, 'regexp', 2, <function SQLiteDialect_pysqlite.on_connect.<locals>.regexp at 0x0000016782ECC9A0>, deterministic=True)
2026-03-04 13:28:17,942 - aiosqlite - DEBUG - operation functools.partial(<built-in method create_function of sqlite3.Connection object at 0x0000016782EEF970>, 'regexp', 2, <function SQLiteDialect_pysqlite.on_connect.<locals>.regexp at 0x0000016782ECC9A0>, deterministic=True) completed
2026-03-04 13:28:17,942 - aiosqlite - DEBUG - executing functools.partial(<built-in method create_function of sqlite3.Connection object at 0x0000016782EEF970>, 'floor', 1, <built-in function floor>, deterministic=True)
2026-03-04 13:28:17,942 - aiosqlite - DEBUG - operation functools.partial(<built-in method create_function of sqlite3.Connection object at 0x0000016782EEF970>, 'floor', 1, <built-in function floor>, deterministic=True) completed
2026-03-04 13:28:17,943 - aiosqlite - DEBUG - executing functools.partial(<built-in method cursor of sqlite3.Connection object at 0x0000016782EEF970>)
2026-03-04 13:28:17,943 - aiosqlite - DEBUG - operation functools.partial(<built-in method cursor of sqlite3.Connection object at 0x0000016782EEF970>) completed
2026-03-04 13:28:17,943 - aiosqlite - DEBUG - executing functools.partial(<built-in method execute of sqlite3.Cursor object at 0x0000016782EFCDC0>, 'SELECT users.id, users.email, users.name, users.role, users.created_at, users.last_login, users.hashed_password \nFROM users \nWHERE lower(users.email) = ?', ('admin@gmail.com',))
2026-03-04 13:28:17,944 - aiosqlite - DEBUG - operation functools.partial(<built-in method execute of sqlite3.Cursor object at 0x0000016782EFCDC0>, 'SELECT users.id, users.email, users.name, users.role, users.created_at, users.last_login, users.hashed_password \nFROM users \nWHERE lower(users.email) = ?', ('admin@gmail.com',)) completed
2026-03-04 13:28:17,944 - aiosqlite - DEBUG - executing functools.partial(<built-in method fetchall of sqlite3.Cursor object at 0x0000016782EFCDC0>)
2026-03-04 13:28:17,944 - aiosqlite - DEBUG - operation functools.partial(<built-in method fetchall of sqlite3.Cursor object at 0x0000016782EFCDC0>) completed
2026-03-04 13:28:17,945 - aiosqlite - DEBUG - executing functools.partial(<built-in method close of sqlite3.Cursor object at 0x0000016782EFCDC0>)
2026-03-04 13:28:17,945 - aiosqlite - DEBUG - operation functools.partial(<built-in method close of sqlite3.Cursor object at 0x0000016782EFCDC0>) completed
2026-03-04 13:28:18,165 - routers.auth - ERROR - [login] Error issuing token: 'Settings' object has no attribute 'jwt_secret_key'
Traceback (most recent call last):
  File "D:\ASM1\backend\routers\auth.py", line 236, in login
    access_token, expires_at, _ = await auth_service.issue_app_token(user=user)
                                  ^^^^^^^^^^^^^^^^^^^^^^^^^^^^^^^^^^^^^^^^^^^^^
  File "D:\ASM1\backend\services\auth.py", line 68, in issue_app_token
    token = create_access_token(claims, expires_minutes=expires_minutes)
            ^^^^^^^^^^^^^^^^^^^^^^^^^^^^^^^^^^^^^^^^^^^^^^^^^^^^^^^^^^^^
  File "D:\ASM1\backend\core\auth.py", line 78, in create_access_token
    if not settings.jwt_secret_key:
           ^^^^^^^^^^^^^^^^^^^^^^^
  File "D:\ASM1\backend\core\config.py", line 88, in __getattr__
    raise AttributeError(f"'{self.__class__.__name__}' object has no attribute '{name}'")
AttributeError: 'Settings' object has no attribute 'jwt_secret_key'
2026-03-04 13:28:18,166 - core.database - ERROR - Database session error: 500: Đã xảy ra lỗi khi đăng nhập. Vui lòng thử lại.
Traceback (most recent call last):
  File "D:\ASM1\backend\routers\auth.py", line 236, in login
    access_token, expires_at, _ = await auth_service.issue_app_token(user=user)
                                  ^^^^^^^^^^^^^^^^^^^^^^^^^^^^^^^^^^^^^^^^^^^^^
  File "D:\ASM1\backend\services\auth.py", line 68, in issue_app_token
    token = create_access_token(claims, expires_minutes=expires_minutes)
            ^^^^^^^^^^^^^^^^^^^^^^^^^^^^^^^^^^^^^^^^^^^^^^^^^^^^^^^^^^^^
  File "D:\ASM1\backend\core\auth.py", line 78, in create_access_token
    if not settings.jwt_secret_key:
           ^^^^^^^^^^^^^^^^^^^^^^^
  File "D:\ASM1\backend\core\config.py", line 88, in __getattr__
    raise AttributeError(f"'{self.__class__.__name__}' object has no attribute '{name}'")
AttributeError: 'Settings' object has no attribute 'jwt_secret_key'

During handling of the above exception, another exception occurred:

Traceback (most recent call last):
  File "D:\ASM1\backend\core\database.py", line 542, in get_db
    yield session
  File "D:\ASM1\.venv\Lib\site-packages\fastapi\routing.py", line 301, in app
    raw_response = await run_endpoint_function(
                   ^^^^^^^^^^^^^^^^^^^^^^^^^^^^
  File "D:\ASM1\.venv\Lib\site-packages\fastapi\routing.py", line 212, in run_endpoint_function
    return await dependant.call(**values)
           ^^^^^^^^^^^^^^^^^^^^^^^^^^^^^^
  File "D:\ASM1\backend\routers\auth.py", line 255, in login
    raise HTTPException(
fastapi.exceptions.HTTPException: 500: Đã xảy ra lỗi khi đăng nhập. Vui lòng thử lại.
2026-03-04 13:28:18,167 - core.database - DEBUG - [DB_OP] Database session cleanup after 0.2280s
2026-03-04 13:28:18,167 - aiosqlite - DEBUG - executing functools.partial(<built-in method rollback of sqlite3.Connection object at 0x0000016782EEF970>)
2026-03-04 13:28:18,167 - aiosqlite - DEBUG - operation functools.partial(<built-in method rollback of sqlite3.Connection object at 0x0000016782EEF970>) completed
2026-03-04 13:28:18,167 - aiosqlite - DEBUG - executing functools.partial(<built-in method rollback of sqlite3.Connection object at 0x0000016782EEF970>)
2026-03-04 13:28:18,167 - aiosqlite - DEBUG - operation functools.partial(<built-in method rollback of sqlite3.Connection object at 0x0000016782EEF970>) completed
2026-03-04 13:28:18,167 - aiosqlite - DEBUG - executing functools.partial(<built-in method close of sqlite3.Connection object at 0x0000016782EEF970>)
2026-03-04 13:28:18,167 - aiosqlite - DEBUG - operation functools.partial(<built-in method close of sqlite3.Connection object at 0x0000016782EEF970>) completed
2026-03-04 13:28:18,167 - core.database - ERROR - Failed to create database session: 500: Đã xảy ra lỗi khi đăng nhập. Vui lòng thử lại.
Traceback (most recent call last):
  File "D:\ASM1\backend\routers\auth.py", line 236, in login
    access_token, expires_at, _ = await auth_service.issue_app_token(user=user)
                                  ^^^^^^^^^^^^^^^^^^^^^^^^^^^^^^^^^^^^^^^^^^^^^
  File "D:\ASM1\backend\services\auth.py", line 68, in issue_app_token
    token = create_access_token(claims, expires_minutes=expires_minutes)
            ^^^^^^^^^^^^^^^^^^^^^^^^^^^^^^^^^^^^^^^^^^^^^^^^^^^^^^^^^^^^
  File "D:\ASM1\backend\core\auth.py", line 78, in create_access_token
    if not settings.jwt_secret_key:
           ^^^^^^^^^^^^^^^^^^^^^^^
  File "D:\ASM1\backend\core\config.py", line 88, in __getattr__
    raise AttributeError(f"'{self.__class__.__name__}' object has no attribute '{name}'")
AttributeError: 'Settings' object has no attribute 'jwt_secret_key'

During handling of the above exception, another exception occurred:

Traceback (most recent call last):
  File "D:\ASM1\backend\core\database.py", line 542, in get_db
    yield session
  File "D:\ASM1\.venv\Lib\site-packages\fastapi\routing.py", line 301, in app
    raw_response = await run_endpoint_function(
                   ^^^^^^^^^^^^^^^^^^^^^^^^^^^^
  File "D:\ASM1\.venv\Lib\site-packages\fastapi\routing.py", line 212, in run_endpoint_function
    return await dependant.call(**values)
           ^^^^^^^^^^^^^^^^^^^^^^^^^^^^^^
  File "D:\ASM1\backend\routers\auth.py", line 255, in login
    raise HTTPException(
fastapi.exceptions.HTTPException: 500: Đã xảy ra lỗi khi đăng nhập. Vui lòng thử lại.
2026-03-04 13:31:16,097 - services.database - DEBUG - [DB_OP] Starting database close
2026-03-04 13:31:16,098 - core.database - INFO - Database connection closed and engine disposed
2026-03-04 13:31:16,098 - services.database - INFO - Database connections closed
2026-03-04 13:31:16,098 - services.database - DEBUG - [DB_OP] Database close completed in 0.0010s
2026-03-04 13:31:16,123 - services.database - DEBUG - [DB_OP] Starting database close
2026-03-04 13:31:16,125 - core.database - INFO - Database connection closed and engine disposed
2026-03-04 13:31:16,126 - services.database - INFO - Database connections closed
2026-03-04 13:31:16,126 - services.database - DEBUG - [DB_OP] Database close completed in 0.0032s
