2026-03-03 17:05:10,074 - main - INFO - === Logging system initialized ===
2026-03-03 17:05:10,074 - main - INFO - Log file: logs/app_20260303_170510.log
2026-03-03 17:05:10,074 - main - INFO - Log level: INFO
2026-03-03 17:05:10,074 - main - INFO - Timestamp: 20260303_170510
2026-03-03 17:05:10,534 - main - INFO - Included router: routers.aihub.router
2026-03-03 17:05:10,574 - passlib.utils.compat - DEBUG - loaded lazy attr 'SafeConfigParser': <class 'configparser.ConfigParser'>
2026-03-03 17:05:10,574 - passlib.utils.compat - DEBUG - loaded lazy attr 'NativeStringIO': <class '_io.StringIO'>
2026-03-03 17:05:10,574 - passlib.utils.compat - DEBUG - loaded lazy attr 'BytesIO': <class '_io.BytesIO'>
2026-03-03 17:05:10,587 - passlib.registry - DEBUG - registered 'bcrypt' handler: <class 'passlib.handlers.bcrypt.bcrypt'>
2026-03-03 17:05:10,594 - main - INFO - Included router: routers.auth.router
2026-03-03 17:05:10,594 - main - INFO - Included router: routers.health.router
2026-03-03 17:05:10,603 - main - INFO - Included router: routers.orders.router
2026-03-03 17:05:10,651 - main - INFO - Included router: routers.products.router
2026-03-03 17:05:10,651 - main - WARNING - Failed to import module 'routers.settings': cannot import name 'get_admin_user' from 'dependencies.auth' (D:\ASM1\backend\dependencies\auth.py)
2026-03-03 17:05:10,651 - main - WARNING - Failed to import module 'routers.storage': cannot import name 'get_admin_user' from 'dependencies.auth' (D:\ASM1\backend\dependencies\auth.py)
2026-03-03 17:05:10,659 - main - INFO - Included router: routers.user.router
2026-03-03 17:05:10,659 - main - INFO - === Application startup initiated ===
2026-03-03 17:05:10,659 - services.database - DEBUG - [DB_OP] Starting database initialization
2026-03-03 17:05:10,659 - services.database - INFO - 🔧 Starting database initialization...
2026-03-03 17:05:10,659 - core.database - INFO - Starting database initialization...
2026-03-03 17:05:10,659 - core.database - INFO - Normalizing database URL for async compatibility...
2026-03-03 17:05:10,659 - core.database - DEBUG - Database exists:./test.db
2026-03-03 17:05:10,659 - core.database - WARNING - Adjusted database URL driver for async compatibility
2026-03-03 17:05:10,659 - core.database - INFO - Creating async database engine...
2026-03-03 17:05:10,659 - core.database - INFO - Using NullPool for sqlite+aiosqlite environment
2026-03-03 17:05:10,694 - core.database - INFO - Database engine created successfully
2026-03-03 17:05:10,694 - core.database - INFO - Creating async session maker...
2026-03-03 17:05:10,694 - core.database - INFO - Async session maker created successfully
2026-03-03 17:05:10,694 - core.database - INFO - Database connection initialized successfully
2026-03-03 17:05:10,694 - services.database - INFO - 🔧 Database connection initialized, now creating tables if tables not exist...
2026-03-03 17:05:10,694 - core.database - DEBUG - [DB_OP] Starting create_tables
2026-03-03 17:05:10,694 - core.database - INFO - 🔧 Starting table creation...
2026-03-03 17:05:10,694 - aiosqlite - DEBUG - executing <function connect.<locals>.connector at 0x000001FD59D08D60>
2026-03-03 17:05:10,694 - aiosqlite - DEBUG - operation <function connect.<locals>.connector at 0x000001FD59D08D60> completed
2026-03-03 17:05:10,694 - aiosqlite - DEBUG - executing functools.partial(<built-in method create_function of sqlite3.Connection object at 0x000001FD59CE16C0>, 'regexp', 2, <function SQLiteDialect_pysqlite.on_connect.<locals>.regexp at 0x000001FD59CDBF60>, deterministic=True)
2026-03-03 17:05:10,694 - aiosqlite - DEBUG - operation functools.partial(<built-in method create_function of sqlite3.Connection object at 0x000001FD59CE16C0>, 'regexp', 2, <function SQLiteDialect_pysqlite.on_connect.<locals>.regexp at 0x000001FD59CDBF60>, deterministic=True) completed
2026-03-03 17:05:10,694 - aiosqlite - DEBUG - executing functools.partial(<built-in method create_function of sqlite3.Connection object at 0x000001FD59CE16C0>, 'floor', 1, <built-in function floor>, deterministic=True)
2026-03-03 17:05:10,703 - aiosqlite - DEBUG - operation functools.partial(<built-in method create_function of sqlite3.Connection object at 0x000001FD59CE16C0>, 'floor', 1, <built-in function floor>, deterministic=True) completed
2026-03-03 17:05:10,703 - aiosqlite - DEBUG - executing functools.partial(<built-in method cursor of sqlite3.Connection object at 0x000001FD59CE16C0>)
2026-03-03 17:05:10,703 - aiosqlite - DEBUG - operation functools.partial(<built-in method cursor of sqlite3.Connection object at 0x000001FD59CE16C0>) completed
2026-03-03 17:05:10,703 - aiosqlite - DEBUG - executing functools.partial(<built-in method execute of sqlite3.Cursor object at 0x000001FD59C8FC40>, 'PRAGMA read_uncommitted', [])
2026-03-03 17:05:10,703 - aiosqlite - DEBUG - operation functools.partial(<built-in method execute of sqlite3.Cursor object at 0x000001FD59C8FC40>, 'PRAGMA read_uncommitted', []) completed
2026-03-03 17:05:10,703 - aiosqlite - DEBUG - executing functools.partial(<built-in method fetchall of sqlite3.Cursor object at 0x000001FD59C8FC40>)
2026-03-03 17:05:10,703 - aiosqlite - DEBUG - operation functools.partial(<built-in method fetchall of sqlite3.Cursor object at 0x000001FD59C8FC40>) completed
2026-03-03 17:05:10,703 - aiosqlite - DEBUG - executing functools.partial(<built-in method close of sqlite3.Cursor object at 0x000001FD59C8FC40>)
2026-03-03 17:05:10,703 - aiosqlite - DEBUG - operation functools.partial(<built-in method close of sqlite3.Cursor object at 0x000001FD59C8FC40>) completed
2026-03-03 17:05:10,703 - aiosqlite - DEBUG - executing functools.partial(<built-in method rollback of sqlite3.Connection object at 0x000001FD59CE16C0>)
2026-03-03 17:05:10,703 - aiosqlite - DEBUG - operation functools.partial(<built-in method rollback of sqlite3.Connection object at 0x000001FD59CE16C0>) completed
2026-03-03 17:05:10,703 - aiosqlite - DEBUG - executing functools.partial(<built-in method cursor of sqlite3.Connection object at 0x000001FD59CE16C0>)
2026-03-03 17:05:10,703 - aiosqlite - DEBUG - operation functools.partial(<built-in method cursor of sqlite3.Connection object at 0x000001FD59CE16C0>) completed
2026-03-03 17:05:10,703 - aiosqlite - DEBUG - executing functools.partial(<built-in method execute of sqlite3.Cursor object at 0x000001FD59C8FD40>, 'PRAGMA main.table_info("users")', ())
2026-03-03 17:05:10,703 - aiosqlite - DEBUG - operation functools.partial(<built-in method execute of sqlite3.Cursor object at 0x000001FD59C8FD40>, 'PRAGMA main.table_info("users")', ()) completed
2026-03-03 17:05:10,703 - aiosqlite - DEBUG - executing functools.partial(<built-in method fetchall of sqlite3.Cursor object at 0x000001FD59C8FD40>)
2026-03-03 17:05:10,711 - aiosqlite - DEBUG - operation functools.partial(<built-in method fetchall of sqlite3.Cursor object at 0x000001FD59C8FD40>) completed
2026-03-03 17:05:10,711 - aiosqlite - DEBUG - executing functools.partial(<built-in method close of sqlite3.Cursor object at 0x000001FD59C8FD40>)
2026-03-03 17:05:10,712 - aiosqlite - DEBUG - operation functools.partial(<built-in method close of sqlite3.Cursor object at 0x000001FD59C8FD40>) completed
2026-03-03 17:05:10,712 - aiosqlite - DEBUG - executing functools.partial(<built-in method cursor of sqlite3.Connection object at 0x000001FD59CE16C0>)
2026-03-03 17:05:10,713 - aiosqlite - DEBUG - operation functools.partial(<built-in method cursor of sqlite3.Connection object at 0x000001FD59CE16C0>) completed
2026-03-03 17:05:10,713 - aiosqlite - DEBUG - executing functools.partial(<built-in method execute of sqlite3.Cursor object at 0x000001FD59C8FD40>, 'PRAGMA main.table_info("oidc_states")', ())
2026-03-03 17:05:10,713 - aiosqlite - DEBUG - operation functools.partial(<built-in method execute of sqlite3.Cursor object at 0x000001FD59C8FD40>, 'PRAGMA main.table_info("oidc_states")', ()) completed
2026-03-03 17:05:10,714 - aiosqlite - DEBUG - executing functools.partial(<built-in method fetchall of sqlite3.Cursor object at 0x000001FD59C8FD40>)
2026-03-03 17:05:10,715 - aiosqlite - DEBUG - operation functools.partial(<built-in method fetchall of sqlite3.Cursor object at 0x000001FD59C8FD40>) completed
2026-03-03 17:05:10,715 - aiosqlite - DEBUG - executing functools.partial(<built-in method close of sqlite3.Cursor object at 0x000001FD59C8FD40>)
2026-03-03 17:05:10,716 - aiosqlite - DEBUG - operation functools.partial(<built-in method close of sqlite3.Cursor object at 0x000001FD59C8FD40>) completed
2026-03-03 17:05:10,717 - aiosqlite - DEBUG - executing functools.partial(<built-in method cursor of sqlite3.Connection object at 0x000001FD59CE16C0>)
2026-03-03 17:05:10,717 - aiosqlite - DEBUG - operation functools.partial(<built-in method cursor of sqlite3.Connection object at 0x000001FD59CE16C0>) completed
2026-03-03 17:05:10,717 - aiosqlite - DEBUG - executing functools.partial(<built-in method execute of sqlite3.Cursor object at 0x000001FD59C8FD40>, 'PRAGMA main.table_info("orders")', ())
2026-03-03 17:05:10,718 - aiosqlite - DEBUG - operation functools.partial(<built-in method execute of sqlite3.Cursor object at 0x000001FD59C8FD40>, 'PRAGMA main.table_info("orders")', ()) completed
2026-03-03 17:05:10,718 - aiosqlite - DEBUG - executing functools.partial(<built-in method fetchall of sqlite3.Cursor object at 0x000001FD59C8FD40>)
2026-03-03 17:05:10,719 - aiosqlite - DEBUG - operation functools.partial(<built-in method fetchall of sqlite3.Cursor object at 0x000001FD59C8FD40>) completed
2026-03-03 17:05:10,719 - aiosqlite - DEBUG - executing functools.partial(<built-in method close of sqlite3.Cursor object at 0x000001FD59C8FD40>)
2026-03-03 17:05:10,719 - aiosqlite - DEBUG - operation functools.partial(<built-in method close of sqlite3.Cursor object at 0x000001FD59C8FD40>) completed
2026-03-03 17:05:10,720 - aiosqlite - DEBUG - executing functools.partial(<built-in method cursor of sqlite3.Connection object at 0x000001FD59CE16C0>)
2026-03-03 17:05:10,720 - aiosqlite - DEBUG - operation functools.partial(<built-in method cursor of sqlite3.Connection object at 0x000001FD59CE16C0>) completed
2026-03-03 17:05:10,722 - aiosqlite - DEBUG - executing functools.partial(<built-in method execute of sqlite3.Cursor object at 0x000001FD59C8FD40>, 'PRAGMA main.table_info("products")', ())
2026-03-03 17:05:10,722 - aiosqlite - DEBUG - operation functools.partial(<built-in method execute of sqlite3.Cursor object at 0x000001FD59C8FD40>, 'PRAGMA main.table_info("products")', ()) completed
2026-03-03 17:05:10,723 - aiosqlite - DEBUG - executing functools.partial(<built-in method fetchall of sqlite3.Cursor object at 0x000001FD59C8FD40>)
2026-03-03 17:05:10,723 - aiosqlite - DEBUG - operation functools.partial(<built-in method fetchall of sqlite3.Cursor object at 0x000001FD59C8FD40>) completed
2026-03-03 17:05:10,723 - aiosqlite - DEBUG - executing functools.partial(<built-in method close of sqlite3.Cursor object at 0x000001FD59C8FD40>)
2026-03-03 17:05:10,723 - aiosqlite - DEBUG - operation functools.partial(<built-in method close of sqlite3.Cursor object at 0x000001FD59C8FD40>) completed
2026-03-03 17:05:10,724 - core.database - INFO - Tables initialized successfully
2026-03-03 17:05:10,724 - core.database - DEBUG - [DB_OP] Create tables completed in 0.0303s
2026-03-03 17:05:10,724 - aiosqlite - DEBUG - executing functools.partial(<built-in method commit of sqlite3.Connection object at 0x000001FD59CE16C0>)
2026-03-03 17:05:10,724 - aiosqlite - DEBUG - operation functools.partial(<built-in method commit of sqlite3.Connection object at 0x000001FD59CE16C0>) completed
2026-03-03 17:05:10,724 - aiosqlite - DEBUG - executing functools.partial(<built-in method rollback of sqlite3.Connection object at 0x000001FD59CE16C0>)
2026-03-03 17:05:10,724 - aiosqlite - DEBUG - operation functools.partial(<built-in method rollback of sqlite3.Connection object at 0x000001FD59CE16C0>) completed
2026-03-03 17:05:10,724 - aiosqlite - DEBUG - executing functools.partial(<built-in method close of sqlite3.Connection object at 0x000001FD59CE16C0>)
2026-03-03 17:05:10,724 - aiosqlite - DEBUG - operation functools.partial(<built-in method close of sqlite3.Connection object at 0x000001FD59CE16C0>) completed
2026-03-03 17:05:10,724 - services.database - INFO - 🔧 Table creation completed
2026-03-03 17:05:10,724 - services.database - INFO - Database initialized successfully
2026-03-03 17:05:10,724 - services.database - DEBUG - [DB_OP] Database initialization completed in 0.0649s
2026-03-03 17:05:10,724 - services.mock_data - INFO - Processing mock data file products.json for table products
2026-03-03 17:05:10,724 - aiosqlite - DEBUG - executing <function connect.<locals>.connector at 0x000001FD59D08E00>
2026-03-03 17:05:10,724 - aiosqlite - DEBUG - operation <function connect.<locals>.connector at 0x000001FD59D08E00> completed
2026-03-03 17:05:10,724 - aiosqlite - DEBUG - executing functools.partial(<built-in method create_function of sqlite3.Connection object at 0x000001FD59CE17B0>, 'regexp', 2, <function SQLiteDialect_pysqlite.on_connect.<locals>.regexp at 0x000001FD59CDBF60>, deterministic=True)
2026-03-03 17:05:10,724 - aiosqlite - DEBUG - operation functools.partial(<built-in method create_function of sqlite3.Connection object at 0x000001FD59CE17B0>, 'regexp', 2, <function SQLiteDialect_pysqlite.on_connect.<locals>.regexp at 0x000001FD59CDBF60>, deterministic=True) completed
2026-03-03 17:05:10,724 - aiosqlite - DEBUG - executing functools.partial(<built-in method create_function of sqlite3.Connection object at 0x000001FD59CE17B0>, 'floor', 1, <built-in function floor>, deterministic=True)
2026-03-03 17:05:10,724 - aiosqlite - DEBUG - operation functools.partial(<built-in method create_function of sqlite3.Connection object at 0x000001FD59CE17B0>, 'floor', 1, <built-in function floor>, deterministic=True) completed
2026-03-03 17:05:10,724 - aiosqlite - DEBUG - executing functools.partial(<built-in method cursor of sqlite3.Connection object at 0x000001FD59CE17B0>)
2026-03-03 17:05:10,724 - aiosqlite - DEBUG - operation functools.partial(<built-in method cursor of sqlite3.Connection object at 0x000001FD59CE17B0>) completed
2026-03-03 17:05:10,724 - aiosqlite - DEBUG - executing functools.partial(<built-in method execute of sqlite3.Cursor object at 0x000001FD59D141C0>, 'PRAGMA main.table_xinfo("products")', ())
2026-03-03 17:05:10,724 - aiosqlite - DEBUG - operation functools.partial(<built-in method execute of sqlite3.Cursor object at 0x000001FD59D141C0>, 'PRAGMA main.table_xinfo("products")', ()) completed
2026-03-03 17:05:10,724 - aiosqlite - DEBUG - executing functools.partial(<built-in method fetchall of sqlite3.Cursor object at 0x000001FD59D141C0>)
2026-03-03 17:05:10,733 - aiosqlite - DEBUG - operation functools.partial(<built-in method fetchall of sqlite3.Cursor object at 0x000001FD59D141C0>) completed
2026-03-03 17:05:10,733 - aiosqlite - DEBUG - executing functools.partial(<built-in method close of sqlite3.Cursor object at 0x000001FD59D141C0>)
2026-03-03 17:05:10,733 - aiosqlite - DEBUG - operation functools.partial(<built-in method close of sqlite3.Cursor object at 0x000001FD59D141C0>) completed
2026-03-03 17:05:10,733 - aiosqlite - DEBUG - executing functools.partial(<built-in method cursor of sqlite3.Connection object at 0x000001FD59CE17B0>)
2026-03-03 17:05:10,733 - aiosqlite - DEBUG - operation functools.partial(<built-in method cursor of sqlite3.Connection object at 0x000001FD59CE17B0>) completed
2026-03-03 17:05:10,733 - aiosqlite - DEBUG - executing functools.partial(<built-in method execute of sqlite3.Cursor object at 0x000001FD59D141C0>, "SELECT sql FROM  (SELECT * FROM sqlite_master UNION ALL   SELECT * FROM sqlite_temp_master) WHERE name = ? AND type in ('table', 'view')", ('products',))
2026-03-03 17:05:10,733 - aiosqlite - DEBUG - operation functools.partial(<built-in method execute of sqlite3.Cursor object at 0x000001FD59D141C0>, "SELECT sql FROM  (SELECT * FROM sqlite_master UNION ALL   SELECT * FROM sqlite_temp_master) WHERE name = ? AND type in ('table', 'view')", ('products',)) completed
2026-03-03 17:05:10,733 - aiosqlite - DEBUG - executing functools.partial(<built-in method fetchall of sqlite3.Cursor object at 0x000001FD59D141C0>)
2026-03-03 17:05:10,733 - aiosqlite - DEBUG - operation functools.partial(<built-in method fetchall of sqlite3.Cursor object at 0x000001FD59D141C0>) completed
2026-03-03 17:05:10,733 - aiosqlite - DEBUG - executing functools.partial(<built-in method close of sqlite3.Cursor object at 0x000001FD59D141C0>)
2026-03-03 17:05:10,733 - aiosqlite - DEBUG - operation functools.partial(<built-in method close of sqlite3.Cursor object at 0x000001FD59D141C0>) completed
2026-03-03 17:05:10,733 - aiosqlite - DEBUG - executing functools.partial(<built-in method cursor of sqlite3.Connection object at 0x000001FD59CE17B0>)
2026-03-03 17:05:10,733 - aiosqlite - DEBUG - operation functools.partial(<built-in method cursor of sqlite3.Connection object at 0x000001FD59CE17B0>) completed
2026-03-03 17:05:10,733 - aiosqlite - DEBUG - executing functools.partial(<built-in method execute of sqlite3.Cursor object at 0x000001FD59D141C0>, 'PRAGMA main.foreign_key_list("products")', ())
2026-03-03 17:05:10,733 - aiosqlite - DEBUG - operation functools.partial(<built-in method execute of sqlite3.Cursor object at 0x000001FD59D141C0>, 'PRAGMA main.foreign_key_list("products")', ()) completed
2026-03-03 17:05:10,733 - aiosqlite - DEBUG - executing functools.partial(<built-in method fetchall of sqlite3.Cursor object at 0x000001FD59D141C0>)
2026-03-03 17:05:10,733 - aiosqlite - DEBUG - operation functools.partial(<built-in method fetchall of sqlite3.Cursor object at 0x000001FD59D141C0>) completed
2026-03-03 17:05:10,733 - aiosqlite - DEBUG - executing functools.partial(<built-in method close of sqlite3.Cursor object at 0x000001FD59D141C0>)
2026-03-03 17:05:10,733 - aiosqlite - DEBUG - operation functools.partial(<built-in method close of sqlite3.Cursor object at 0x000001FD59D141C0>) completed
2026-03-03 17:05:10,741 - aiosqlite - DEBUG - executing functools.partial(<built-in method cursor of sqlite3.Connection object at 0x000001FD59CE17B0>)
2026-03-03 17:05:10,741 - aiosqlite - DEBUG - operation functools.partial(<built-in method cursor of sqlite3.Connection object at 0x000001FD59CE17B0>) completed
2026-03-03 17:05:10,741 - aiosqlite - DEBUG - executing functools.partial(<built-in method execute of sqlite3.Cursor object at 0x000001FD59D141C0>, 'PRAGMA temp.foreign_key_list("products")', ())
2026-03-03 17:05:10,741 - aiosqlite - DEBUG - operation functools.partial(<built-in method execute of sqlite3.Cursor object at 0x000001FD59D141C0>, 'PRAGMA temp.foreign_key_list("products")', ()) completed
2026-03-03 17:05:10,741 - aiosqlite - DEBUG - executing functools.partial(<built-in method fetchall of sqlite3.Cursor object at 0x000001FD59D141C0>)
2026-03-03 17:05:10,741 - aiosqlite - DEBUG - operation functools.partial(<built-in method fetchall of sqlite3.Cursor object at 0x000001FD59D141C0>) completed
2026-03-03 17:05:10,741 - aiosqlite - DEBUG - executing functools.partial(<built-in method close of sqlite3.Cursor object at 0x000001FD59D141C0>)
2026-03-03 17:05:10,741 - aiosqlite - DEBUG - operation functools.partial(<built-in method close of sqlite3.Cursor object at 0x000001FD59D141C0>) completed
2026-03-03 17:05:10,741 - aiosqlite - DEBUG - executing functools.partial(<built-in method cursor of sqlite3.Connection object at 0x000001FD59CE17B0>)
2026-03-03 17:05:10,741 - aiosqlite - DEBUG - operation functools.partial(<built-in method cursor of sqlite3.Connection object at 0x000001FD59CE17B0>) completed
2026-03-03 17:05:10,741 - aiosqlite - DEBUG - executing functools.partial(<built-in method execute of sqlite3.Cursor object at 0x000001FD59D141C0>, "SELECT sql FROM  (SELECT * FROM sqlite_master UNION ALL   SELECT * FROM sqlite_temp_master) WHERE name = ? AND type in ('table', 'view')", ('products',))
2026-03-03 17:05:10,741 - aiosqlite - DEBUG - operation functools.partial(<built-in method execute of sqlite3.Cursor object at 0x000001FD59D141C0>, "SELECT sql FROM  (SELECT * FROM sqlite_master UNION ALL   SELECT * FROM sqlite_temp_master) WHERE name = ? AND type in ('table', 'view')", ('products',)) completed
2026-03-03 17:05:10,741 - aiosqlite - DEBUG - executing functools.partial(<built-in method fetchall of sqlite3.Cursor object at 0x000001FD59D141C0>)
2026-03-03 17:05:10,741 - aiosqlite - DEBUG - operation functools.partial(<built-in method fetchall of sqlite3.Cursor object at 0x000001FD59D141C0>) completed
2026-03-03 17:05:10,741 - aiosqlite - DEBUG - executing functools.partial(<built-in method close of sqlite3.Cursor object at 0x000001FD59D141C0>)
2026-03-03 17:05:10,741 - aiosqlite - DEBUG - operation functools.partial(<built-in method close of sqlite3.Cursor object at 0x000001FD59D141C0>) completed
2026-03-03 17:05:10,741 - aiosqlite - DEBUG - executing functools.partial(<built-in method cursor of sqlite3.Connection object at 0x000001FD59CE17B0>)
2026-03-03 17:05:10,741 - aiosqlite - DEBUG - operation functools.partial(<built-in method cursor of sqlite3.Connection object at 0x000001FD59CE17B0>) completed
2026-03-03 17:05:10,741 - aiosqlite - DEBUG - executing functools.partial(<built-in method execute of sqlite3.Cursor object at 0x000001FD59D141C0>, 'PRAGMA main.index_list("products")', ())
2026-03-03 17:05:10,741 - aiosqlite - DEBUG - operation functools.partial(<built-in method execute of sqlite3.Cursor object at 0x000001FD59D141C0>, 'PRAGMA main.index_list("products")', ()) completed
2026-03-03 17:05:10,749 - aiosqlite - DEBUG - executing functools.partial(<built-in method fetchall of sqlite3.Cursor object at 0x000001FD59D141C0>)
2026-03-03 17:05:10,749 - aiosqlite - DEBUG - operation functools.partial(<built-in method fetchall of sqlite3.Cursor object at 0x000001FD59D141C0>) completed
2026-03-03 17:05:10,749 - aiosqlite - DEBUG - executing functools.partial(<built-in method close of sqlite3.Cursor object at 0x000001FD59D141C0>)
2026-03-03 17:05:10,749 - aiosqlite - DEBUG - operation functools.partial(<built-in method close of sqlite3.Cursor object at 0x000001FD59D141C0>) completed
2026-03-03 17:05:10,749 - aiosqlite - DEBUG - executing functools.partial(<built-in method cursor of sqlite3.Connection object at 0x000001FD59CE17B0>)
2026-03-03 17:05:10,749 - aiosqlite - DEBUG - operation functools.partial(<built-in method cursor of sqlite3.Connection object at 0x000001FD59CE17B0>) completed
2026-03-03 17:05:10,749 - aiosqlite - DEBUG - executing functools.partial(<built-in method execute of sqlite3.Cursor object at 0x000001FD59D141C0>, 'PRAGMA main.index_info("ix_products_id")', ())
2026-03-03 17:05:10,749 - aiosqlite - DEBUG - operation functools.partial(<built-in method execute of sqlite3.Cursor object at 0x000001FD59D141C0>, 'PRAGMA main.index_info("ix_products_id")', ()) completed
2026-03-03 17:05:10,749 - aiosqlite - DEBUG - executing functools.partial(<built-in method fetchall of sqlite3.Cursor object at 0x000001FD59D141C0>)
2026-03-03 17:05:10,749 - aiosqlite - DEBUG - operation functools.partial(<built-in method fetchall of sqlite3.Cursor object at 0x000001FD59D141C0>) completed
2026-03-03 17:05:10,749 - aiosqlite - DEBUG - executing functools.partial(<built-in method close of sqlite3.Cursor object at 0x000001FD59D141C0>)
2026-03-03 17:05:10,749 - aiosqlite - DEBUG - operation functools.partial(<built-in method close of sqlite3.Cursor object at 0x000001FD59D141C0>) completed
2026-03-03 17:05:10,749 - aiosqlite - DEBUG - executing functools.partial(<built-in method cursor of sqlite3.Connection object at 0x000001FD59CE17B0>)
2026-03-03 17:05:10,749 - aiosqlite - DEBUG - operation functools.partial(<built-in method cursor of sqlite3.Connection object at 0x000001FD59CE17B0>) completed
2026-03-03 17:05:10,754 - aiosqlite - DEBUG - executing functools.partial(<built-in method execute of sqlite3.Cursor object at 0x000001FD59D141C0>, 'PRAGMA main.index_list("products")', ())
2026-03-03 17:05:10,754 - aiosqlite - DEBUG - operation functools.partial(<built-in method execute of sqlite3.Cursor object at 0x000001FD59D141C0>, 'PRAGMA main.index_list("products")', ()) completed
2026-03-03 17:05:10,754 - aiosqlite - DEBUG - executing functools.partial(<built-in method fetchall of sqlite3.Cursor object at 0x000001FD59D141C0>)
2026-03-03 17:05:10,754 - aiosqlite - DEBUG - operation functools.partial(<built-in method fetchall of sqlite3.Cursor object at 0x000001FD59D141C0>) completed
2026-03-03 17:05:10,754 - aiosqlite - DEBUG - executing functools.partial(<built-in method close of sqlite3.Cursor object at 0x000001FD59D141C0>)
2026-03-03 17:05:10,754 - aiosqlite - DEBUG - operation functools.partial(<built-in method close of sqlite3.Cursor object at 0x000001FD59D141C0>) completed
2026-03-03 17:05:10,754 - aiosqlite - DEBUG - executing functools.partial(<built-in method cursor of sqlite3.Connection object at 0x000001FD59CE17B0>)
2026-03-03 17:05:10,754 - aiosqlite - DEBUG - operation functools.partial(<built-in method cursor of sqlite3.Connection object at 0x000001FD59CE17B0>) completed
2026-03-03 17:05:10,754 - aiosqlite - DEBUG - executing functools.partial(<built-in method execute of sqlite3.Cursor object at 0x000001FD59D141C0>, 'PRAGMA main.index_info("ix_products_id")', ())
2026-03-03 17:05:10,754 - aiosqlite - DEBUG - operation functools.partial(<built-in method execute of sqlite3.Cursor object at 0x000001FD59D141C0>, 'PRAGMA main.index_info("ix_products_id")', ()) completed
2026-03-03 17:05:10,754 - aiosqlite - DEBUG - executing functools.partial(<built-in method fetchall of sqlite3.Cursor object at 0x000001FD59D141C0>)
2026-03-03 17:05:10,754 - aiosqlite - DEBUG - operation functools.partial(<built-in method fetchall of sqlite3.Cursor object at 0x000001FD59D141C0>) completed
2026-03-03 17:05:10,754 - aiosqlite - DEBUG - executing functools.partial(<built-in method close of sqlite3.Cursor object at 0x000001FD59D141C0>)
2026-03-03 17:05:10,754 - aiosqlite - DEBUG - operation functools.partial(<built-in method close of sqlite3.Cursor object at 0x000001FD59D141C0>) completed
2026-03-03 17:05:10,754 - aiosqlite - DEBUG - executing functools.partial(<built-in method cursor of sqlite3.Connection object at 0x000001FD59CE17B0>)
2026-03-03 17:05:10,754 - aiosqlite - DEBUG - operation functools.partial(<built-in method cursor of sqlite3.Connection object at 0x000001FD59CE17B0>) completed
2026-03-03 17:05:10,754 - aiosqlite - DEBUG - executing functools.partial(<built-in method execute of sqlite3.Cursor object at 0x000001FD59D141C0>, "SELECT sql FROM  (SELECT * FROM sqlite_master UNION ALL   SELECT * FROM sqlite_temp_master) WHERE name = ? AND type in ('table', 'view')", ('products',))
2026-03-03 17:05:10,754 - aiosqlite - DEBUG - operation functools.partial(<built-in method execute of sqlite3.Cursor object at 0x000001FD59D141C0>, "SELECT sql FROM  (SELECT * FROM sqlite_master UNION ALL   SELECT * FROM sqlite_temp_master) WHERE name = ? AND type in ('table', 'view')", ('products',)) completed
2026-03-03 17:05:10,754 - aiosqlite - DEBUG - executing functools.partial(<built-in method fetchall of sqlite3.Cursor object at 0x000001FD59D141C0>)
2026-03-03 17:05:10,754 - aiosqlite - DEBUG - operation functools.partial(<built-in method fetchall of sqlite3.Cursor object at 0x000001FD59D141C0>) completed
2026-03-03 17:05:10,754 - aiosqlite - DEBUG - executing functools.partial(<built-in method close of sqlite3.Cursor object at 0x000001FD59D141C0>)
2026-03-03 17:05:10,754 - aiosqlite - DEBUG - operation functools.partial(<built-in method close of sqlite3.Cursor object at 0x000001FD59D141C0>) completed
2026-03-03 17:05:10,763 - aiosqlite - DEBUG - executing functools.partial(<built-in method cursor of sqlite3.Connection object at 0x000001FD59CE17B0>)
2026-03-03 17:05:10,763 - aiosqlite - DEBUG - operation functools.partial(<built-in method cursor of sqlite3.Connection object at 0x000001FD59CE17B0>) completed
2026-03-03 17:05:10,763 - aiosqlite - DEBUG - executing functools.partial(<built-in method execute of sqlite3.Cursor object at 0x000001FD59C8F7C0>, 'SELECT count(*) AS count_1 \nFROM products', ())
2026-03-03 17:05:10,763 - aiosqlite - DEBUG - operation functools.partial(<built-in method execute of sqlite3.Cursor object at 0x000001FD59C8F7C0>, 'SELECT count(*) AS count_1 \nFROM products', ()) completed
2026-03-03 17:05:10,763 - aiosqlite - DEBUG - executing functools.partial(<built-in method fetchall of sqlite3.Cursor object at 0x000001FD59C8F7C0>)
2026-03-03 17:05:10,763 - aiosqlite - DEBUG - operation functools.partial(<built-in method fetchall of sqlite3.Cursor object at 0x000001FD59C8F7C0>) completed
2026-03-03 17:05:10,763 - aiosqlite - DEBUG - executing functools.partial(<built-in method close of sqlite3.Cursor object at 0x000001FD59C8F7C0>)
2026-03-03 17:05:10,763 - aiosqlite - DEBUG - operation functools.partial(<built-in method close of sqlite3.Cursor object at 0x000001FD59C8F7C0>) completed
2026-03-03 17:05:10,763 - services.mock_data - INFO - Table products already has 15 rows; skipping mock insert
2026-03-03 17:05:10,763 - aiosqlite - DEBUG - executing functools.partial(<built-in method commit of sqlite3.Connection object at 0x000001FD59CE17B0>)
2026-03-03 17:05:10,763 - aiosqlite - DEBUG - operation functools.partial(<built-in method commit of sqlite3.Connection object at 0x000001FD59CE17B0>) completed
2026-03-03 17:05:10,763 - aiosqlite - DEBUG - executing functools.partial(<built-in method rollback of sqlite3.Connection object at 0x000001FD59CE17B0>)
2026-03-03 17:05:10,763 - aiosqlite - DEBUG - operation functools.partial(<built-in method rollback of sqlite3.Connection object at 0x000001FD59CE17B0>) completed
2026-03-03 17:05:10,763 - aiosqlite - DEBUG - executing functools.partial(<built-in method close of sqlite3.Connection object at 0x000001FD59CE17B0>)
2026-03-03 17:05:10,763 - aiosqlite - DEBUG - operation functools.partial(<built-in method close of sqlite3.Connection object at 0x000001FD59CE17B0>) completed
2026-03-03 17:05:10,763 - services.database - DEBUG - [DB_OP] Starting database initialization
2026-03-03 17:05:10,763 - services.database - INFO - 🔧 Starting database initialization...
2026-03-03 17:05:10,763 - core.database - INFO - Starting database initialization...
2026-03-03 17:05:10,763 - core.database - INFO - Database already initialized
2026-03-03 17:05:10,763 - services.database - INFO - 🔧 Database connection initialized, now creating tables if tables not exist...
2026-03-03 17:05:10,763 - core.database - DEBUG - [DB_OP] Starting create_tables
2026-03-03 17:05:10,763 - core.database - INFO - Tables already initialized
2026-03-03 17:05:10,774 - services.database - INFO - 🔧 Table creation completed
2026-03-03 17:05:10,774 - services.database - INFO - Database initialized successfully
2026-03-03 17:05:10,774 - services.database - DEBUG - [DB_OP] Database initialization completed in 0.0109s
2026-03-03 17:05:10,774 - services.auth - WARNING - Admin user ID or email not configured, skipping admin initialization
2026-03-03 17:05:10,774 - main - INFO - === Application startup completed successfully ===
2026-03-03 17:05:16,194 - core.database - DEBUG - [DB_OP] Starting get_db session creation
2026-03-03 17:05:16,194 - core.database - DEBUG - [DB_OP] Database session created successfully in 0.0000s
2026-03-03 17:05:16,194 - aiosqlite - DEBUG - executing <function connect.<locals>.connector at 0x000001FD59D2CC20>
2026-03-03 17:05:16,194 - aiosqlite - DEBUG - operation <function connect.<locals>.connector at 0x000001FD59D2CC20> completed
2026-03-03 17:05:16,203 - aiosqlite - DEBUG - executing functools.partial(<built-in method create_function of sqlite3.Connection object at 0x000001FD59D132E0>, 'regexp', 2, <function SQLiteDialect_pysqlite.on_connect.<locals>.regexp at 0x000001FD59CDBF60>, deterministic=True)
2026-03-03 17:05:16,203 - aiosqlite - DEBUG - operation functools.partial(<built-in method create_function of sqlite3.Connection object at 0x000001FD59D132E0>, 'regexp', 2, <function SQLiteDialect_pysqlite.on_connect.<locals>.regexp at 0x000001FD59CDBF60>, deterministic=True) completed
2026-03-03 17:05:16,203 - aiosqlite - DEBUG - executing functools.partial(<built-in method create_function of sqlite3.Connection object at 0x000001FD59D132E0>, 'floor', 1, <built-in function floor>, deterministic=True)
2026-03-03 17:05:16,203 - aiosqlite - DEBUG - operation functools.partial(<built-in method create_function of sqlite3.Connection object at 0x000001FD59D132E0>, 'floor', 1, <built-in function floor>, deterministic=True) completed
2026-03-03 17:05:16,211 - aiosqlite - DEBUG - executing functools.partial(<built-in method cursor of sqlite3.Connection object at 0x000001FD59D132E0>)
2026-03-03 17:05:16,211 - aiosqlite - DEBUG - operation functools.partial(<built-in method cursor of sqlite3.Connection object at 0x000001FD59D132E0>) completed
2026-03-03 17:05:16,211 - aiosqlite - DEBUG - executing functools.partial(<built-in method execute of sqlite3.Cursor object at 0x000001FD59D6D6C0>, 'SELECT users.id, users.email, users.name, users.role, users.created_at, users.last_login, users.hashed_password \nFROM users \nWHERE users.email = ?', ('admin@gmail.com',))
2026-03-03 17:05:16,211 - aiosqlite - DEBUG - returning exception no such column: users.hashed_password
2026-03-03 17:05:16,211 - core.database - ERROR - Database session error: (sqlite3.OperationalError) no such column: users.hashed_password
[SQL: SELECT users.id, users.email, users.name, users.role, users.created_at, users.last_login, users.hashed_password 
FROM users 
WHERE users.email = ?]
[parameters: ('admin@gmail.com',)]
(Background on this error at: https://sqlalche.me/e/20/e3q8)
Traceback (most recent call last):
  File "D:\ASM1\.venv\Lib\site-packages\sqlalchemy\engine\base.py", line 1967, in _exec_single_context
    self.dialect.do_execute(
  File "D:\ASM1\.venv\Lib\site-packages\sqlalchemy\engine\default.py", line 941, in do_execute
    cursor.execute(statement, parameters)
  File "D:\ASM1\.venv\Lib\site-packages\sqlalchemy\dialects\sqlite\aiosqlite.py", line 147, in execute
    self._adapt_connection._handle_exception(error)
  File "D:\ASM1\.venv\Lib\site-packages\sqlalchemy\dialects\sqlite\aiosqlite.py", line 298, in _handle_exception
    raise error
  File "D:\ASM1\.venv\Lib\site-packages\sqlalchemy\dialects\sqlite\aiosqlite.py", line 129, in execute
    self.await_(_cursor.execute(operation, parameters))
  File "D:\ASM1\.venv\Lib\site-packages\sqlalchemy\util\_concurrency_py3k.py", line 132, in await_only
    return current.parent.switch(awaitable)  # type: ignore[no-any-return,attr-defined] # noqa: E501
           ^^^^^^^^^^^^^^^^^^^^^^^^^^^^^^^^
  File "D:\ASM1\.venv\Lib\site-packages\sqlalchemy\util\_concurrency_py3k.py", line 196, in greenlet_spawn
    value = await result
            ^^^^^^^^^^^^
  File "D:\ASM1\.venv\Lib\site-packages\aiosqlite\cursor.py", line 48, in execute
    await self._execute(self._cursor.execute, sql, parameters)
  File "D:\ASM1\.venv\Lib\site-packages\aiosqlite\cursor.py", line 40, in _execute
    return await self._conn._execute(fn, *args, **kwargs)
           ^^^^^^^^^^^^^^^^^^^^^^^^^^^^^^^^^^^^^^^^^^^^^^
  File "D:\ASM1\.venv\Lib\site-packages\aiosqlite\core.py", line 132, in _execute
    return await future
           ^^^^^^^^^^^^
  File "D:\ASM1\.venv\Lib\site-packages\aiosqlite\core.py", line 115, in run
    result = function()
             ^^^^^^^^^^
sqlite3.OperationalError: no such column: users.hashed_password

The above exception was the direct cause of the following exception:

Traceback (most recent call last):
  File "D:\ASM1\backend\core\database.py", line 542, in get_db
    yield session
  File "D:\ASM1\.venv\Lib\site-packages\fastapi\routing.py", line 301, in app
    raw_response = await run_endpoint_function(
                   ^^^^^^^^^^^^^^^^^^^^^^^^^^^^
  File "D:\ASM1\.venv\Lib\site-packages\fastapi\routing.py", line 212, in run_endpoint_function
    return await dependant.call(**values)
           ^^^^^^^^^^^^^^^^^^^^^^^^^^^^^^
  File "D:\ASM1\backend\routers\auth.py", line 349, in login_password
    result = await db.execute(select(User).where(User.email == clean_email))
             ^^^^^^^^^^^^^^^^^^^^^^^^^^^^^^^^^^^^^^^^^^^^^^^^^^^^^^^^^^^^^^^
  File "D:\ASM1\.venv\Lib\site-packages\sqlalchemy\ext\asyncio\session.py", line 461, in execute
    result = await greenlet_spawn(
             ^^^^^^^^^^^^^^^^^^^^^
  File "D:\ASM1\.venv\Lib\site-packages\sqlalchemy\util\_concurrency_py3k.py", line 201, in greenlet_spawn
    result = context.throw(*sys.exc_info())
             ^^^^^^^^^^^^^^^^^^^^^^^^^^^^^^
  File "D:\ASM1\.venv\Lib\site-packages\sqlalchemy\orm\session.py", line 2362, in execute
    return self._execute_internal(
           ^^^^^^^^^^^^^^^^^^^^^^^
  File "D:\ASM1\.venv\Lib\site-packages\sqlalchemy\orm\session.py", line 2247, in _execute_internal
    result: Result[Any] = compile_state_cls.orm_execute_statement(
                          ^^^^^^^^^^^^^^^^^^^^^^^^^^^^^^^^^^^^^^^^
  File "D:\ASM1\.venv\Lib\site-packages\sqlalchemy\orm\context.py", line 305, in orm_execute_statement
    result = conn.execute(
             ^^^^^^^^^^^^^
  File "D:\ASM1\.venv\Lib\site-packages\sqlalchemy\engine\base.py", line 1418, in execute
    return meth(
           ^^^^^
  File "D:\ASM1\.venv\Lib\site-packages\sqlalchemy\sql\elements.py", line 515, in _execute_on_connection
    return connection._execute_clauseelement(
           ^^^^^^^^^^^^^^^^^^^^^^^^^^^^^^^^^^
  File "D:\ASM1\.venv\Lib\site-packages\sqlalchemy\engine\base.py", line 1640, in _execute_clauseelement
    ret = self._execute_context(
          ^^^^^^^^^^^^^^^^^^^^^^
  File "D:\ASM1\.venv\Lib\site-packages\sqlalchemy\engine\base.py", line 1846, in _execute_context
    return self._exec_single_context(
           ^^^^^^^^^^^^^^^^^^^^^^^^^^
  File "D:\ASM1\.venv\Lib\site-packages\sqlalchemy\engine\base.py", line 1986, in _exec_single_context
    self._handle_dbapi_exception(
  File "D:\ASM1\.venv\Lib\site-packages\sqlalchemy\engine\base.py", line 2355, in _handle_dbapi_exception
    raise sqlalchemy_exception.with_traceback(exc_info[2]) from e
  File "D:\ASM1\.venv\Lib\site-packages\sqlalchemy\engine\base.py", line 1967, in _exec_single_context
    self.dialect.do_execute(
  File "D:\ASM1\.venv\Lib\site-packages\sqlalchemy\engine\default.py", line 941, in do_execute
    cursor.execute(statement, parameters)
  File "D:\ASM1\.venv\Lib\site-packages\sqlalchemy\dialects\sqlite\aiosqlite.py", line 147, in execute
    self._adapt_connection._handle_exception(error)
  File "D:\ASM1\.venv\Lib\site-packages\sqlalchemy\dialects\sqlite\aiosqlite.py", line 298, in _handle_exception
    raise error
  File "D:\ASM1\.venv\Lib\site-packages\sqlalchemy\dialects\sqlite\aiosqlite.py", line 129, in execute
    self.await_(_cursor.execute(operation, parameters))
  File "D:\ASM1\.venv\Lib\site-packages\sqlalchemy\util\_concurrency_py3k.py", line 132, in await_only
    return current.parent.switch(awaitable)  # type: ignore[no-any-return,attr-defined] # noqa: E501
           ^^^^^^^^^^^^^^^^^^^^^^^^^^^^^^^^
  File "D:\ASM1\.venv\Lib\site-packages\sqlalchemy\util\_concurrency_py3k.py", line 196, in greenlet_spawn
    value = await result
            ^^^^^^^^^^^^
  File "D:\ASM1\.venv\Lib\site-packages\aiosqlite\cursor.py", line 48, in execute
    await self._execute(self._cursor.execute, sql, parameters)
  File "D:\ASM1\.venv\Lib\site-packages\aiosqlite\cursor.py", line 40, in _execute
    return await self._conn._execute(fn, *args, **kwargs)
           ^^^^^^^^^^^^^^^^^^^^^^^^^^^^^^^^^^^^^^^^^^^^^^
  File "D:\ASM1\.venv\Lib\site-packages\aiosqlite\core.py", line 132, in _execute
    return await future
           ^^^^^^^^^^^^
  File "D:\ASM1\.venv\Lib\site-packages\aiosqlite\core.py", line 115, in run
    result = function()
             ^^^^^^^^^^
sqlalchemy.exc.OperationalError: (sqlite3.OperationalError) no such column: users.hashed_password
[SQL: SELECT users.id, users.email, users.name, users.role, users.created_at, users.last_login, users.hashed_password 
FROM users 
WHERE users.email = ?]
[parameters: ('admin@gmail.com',)]
(Background on this error at: https://sqlalche.me/e/20/e3q8)
2026-03-03 17:05:16,233 - core.database - DEBUG - [DB_OP] Database session cleanup after 0.0391s
2026-03-03 17:05:16,233 - aiosqlite - DEBUG - executing functools.partial(<built-in method rollback of sqlite3.Connection object at 0x000001FD59D132E0>)
2026-03-03 17:05:16,233 - aiosqlite - DEBUG - operation functools.partial(<built-in method rollback of sqlite3.Connection object at 0x000001FD59D132E0>) completed
2026-03-03 17:05:16,233 - aiosqlite - DEBUG - executing functools.partial(<built-in method rollback of sqlite3.Connection object at 0x000001FD59D132E0>)
2026-03-03 17:05:16,233 - aiosqlite - DEBUG - operation functools.partial(<built-in method rollback of sqlite3.Connection object at 0x000001FD59D132E0>) completed
2026-03-03 17:05:16,233 - aiosqlite - DEBUG - executing functools.partial(<built-in method close of sqlite3.Connection object at 0x000001FD59D132E0>)
2026-03-03 17:05:16,233 - aiosqlite - DEBUG - operation functools.partial(<built-in method close of sqlite3.Connection object at 0x000001FD59D132E0>) completed
2026-03-03 17:05:16,233 - core.database - ERROR - Failed to create database session: (sqlite3.OperationalError) no such column: users.hashed_password
[SQL: SELECT users.id, users.email, users.name, users.role, users.created_at, users.last_login, users.hashed_password 
FROM users 
WHERE users.email = ?]
[parameters: ('admin@gmail.com',)]
(Background on this error at: https://sqlalche.me/e/20/e3q8)
Traceback (most recent call last):
  File "D:\ASM1\.venv\Lib\site-packages\sqlalchemy\engine\base.py", line 1967, in _exec_single_context
    self.dialect.do_execute(
  File "D:\ASM1\.venv\Lib\site-packages\sqlalchemy\engine\default.py", line 941, in do_execute
    cursor.execute(statement, parameters)
  File "D:\ASM1\.venv\Lib\site-packages\sqlalchemy\dialects\sqlite\aiosqlite.py", line 147, in execute
    self._adapt_connection._handle_exception(error)
  File "D:\ASM1\.venv\Lib\site-packages\sqlalchemy\dialects\sqlite\aiosqlite.py", line 298, in _handle_exception
    raise error
  File "D:\ASM1\.venv\Lib\site-packages\sqlalchemy\dialects\sqlite\aiosqlite.py", line 129, in execute
    self.await_(_cursor.execute(operation, parameters))
  File "D:\ASM1\.venv\Lib\site-packages\sqlalchemy\util\_concurrency_py3k.py", line 132, in await_only
    return current.parent.switch(awaitable)  # type: ignore[no-any-return,attr-defined] # noqa: E501
           ^^^^^^^^^^^^^^^^^^^^^^^^^^^^^^^^
  File "D:\ASM1\.venv\Lib\site-packages\sqlalchemy\util\_concurrency_py3k.py", line 196, in greenlet_spawn
    value = await result
            ^^^^^^^^^^^^
  File "D:\ASM1\.venv\Lib\site-packages\aiosqlite\cursor.py", line 48, in execute
    await self._execute(self._cursor.execute, sql, parameters)
  File "D:\ASM1\.venv\Lib\site-packages\aiosqlite\cursor.py", line 40, in _execute
    return await self._conn._execute(fn, *args, **kwargs)
           ^^^^^^^^^^^^^^^^^^^^^^^^^^^^^^^^^^^^^^^^^^^^^^
  File "D:\ASM1\.venv\Lib\site-packages\aiosqlite\core.py", line 132, in _execute
    return await future
           ^^^^^^^^^^^^
  File "D:\ASM1\.venv\Lib\site-packages\aiosqlite\core.py", line 115, in run
    result = function()
             ^^^^^^^^^^
sqlite3.OperationalError: no such column: users.hashed_password

The above exception was the direct cause of the following exception:

Traceback (most recent call last):
  File "D:\ASM1\backend\core\database.py", line 542, in get_db
    yield session
  File "D:\ASM1\.venv\Lib\site-packages\fastapi\routing.py", line 301, in app
    raw_response = await run_endpoint_function(
                   ^^^^^^^^^^^^^^^^^^^^^^^^^^^^
  File "D:\ASM1\.venv\Lib\site-packages\fastapi\routing.py", line 212, in run_endpoint_function
    return await dependant.call(**values)
           ^^^^^^^^^^^^^^^^^^^^^^^^^^^^^^
  File "D:\ASM1\backend\routers\auth.py", line 349, in login_password
    result = await db.execute(select(User).where(User.email == clean_email))
             ^^^^^^^^^^^^^^^^^^^^^^^^^^^^^^^^^^^^^^^^^^^^^^^^^^^^^^^^^^^^^^^
  File "D:\ASM1\.venv\Lib\site-packages\sqlalchemy\ext\asyncio\session.py", line 461, in execute
    result = await greenlet_spawn(
             ^^^^^^^^^^^^^^^^^^^^^
  File "D:\ASM1\.venv\Lib\site-packages\sqlalchemy\util\_concurrency_py3k.py", line 201, in greenlet_spawn
    result = context.throw(*sys.exc_info())
             ^^^^^^^^^^^^^^^^^^^^^^^^^^^^^^
  File "D:\ASM1\.venv\Lib\site-packages\sqlalchemy\orm\session.py", line 2362, in execute
    return self._execute_internal(
           ^^^^^^^^^^^^^^^^^^^^^^^
  File "D:\ASM1\.venv\Lib\site-packages\sqlalchemy\orm\session.py", line 2247, in _execute_internal
    result: Result[Any] = compile_state_cls.orm_execute_statement(
                          ^^^^^^^^^^^^^^^^^^^^^^^^^^^^^^^^^^^^^^^^
  File "D:\ASM1\.venv\Lib\site-packages\sqlalchemy\orm\context.py", line 305, in orm_execute_statement
    result = conn.execute(
             ^^^^^^^^^^^^^
  File "D:\ASM1\.venv\Lib\site-packages\sqlalchemy\engine\base.py", line 1418, in execute
    return meth(
           ^^^^^
  File "D:\ASM1\.venv\Lib\site-packages\sqlalchemy\sql\elements.py", line 515, in _execute_on_connection
    return connection._execute_clauseelement(
           ^^^^^^^^^^^^^^^^^^^^^^^^^^^^^^^^^^
  File "D:\ASM1\.venv\Lib\site-packages\sqlalchemy\engine\base.py", line 1640, in _execute_clauseelement
    ret = self._execute_context(
          ^^^^^^^^^^^^^^^^^^^^^^
  File "D:\ASM1\.venv\Lib\site-packages\sqlalchemy\engine\base.py", line 1846, in _execute_context
    return self._exec_single_context(
           ^^^^^^^^^^^^^^^^^^^^^^^^^^
  File "D:\ASM1\.venv\Lib\site-packages\sqlalchemy\engine\base.py", line 1986, in _exec_single_context
    self._handle_dbapi_exception(
  File "D:\ASM1\.venv\Lib\site-packages\sqlalchemy\engine\base.py", line 2355, in _handle_dbapi_exception
    raise sqlalchemy_exception.with_traceback(exc_info[2]) from e
  File "D:\ASM1\.venv\Lib\site-packages\sqlalchemy\engine\base.py", line 1967, in _exec_single_context
    self.dialect.do_execute(
  File "D:\ASM1\.venv\Lib\site-packages\sqlalchemy\engine\default.py", line 941, in do_execute
    cursor.execute(statement, parameters)
  File "D:\ASM1\.venv\Lib\site-packages\sqlalchemy\dialects\sqlite\aiosqlite.py", line 147, in execute
    self._adapt_connection._handle_exception(error)
  File "D:\ASM1\.venv\Lib\site-packages\sqlalchemy\dialects\sqlite\aiosqlite.py", line 298, in _handle_exception
    raise error
  File "D:\ASM1\.venv\Lib\site-packages\sqlalchemy\dialects\sqlite\aiosqlite.py", line 129, in execute
    self.await_(_cursor.execute(operation, parameters))
  File "D:\ASM1\.venv\Lib\site-packages\sqlalchemy\util\_concurrency_py3k.py", line 132, in await_only
    return current.parent.switch(awaitable)  # type: ignore[no-any-return,attr-defined] # noqa: E501
           ^^^^^^^^^^^^^^^^^^^^^^^^^^^^^^^^
  File "D:\ASM1\.venv\Lib\site-packages\sqlalchemy\util\_concurrency_py3k.py", line 196, in greenlet_spawn
    value = await result
            ^^^^^^^^^^^^
  File "D:\ASM1\.venv\Lib\site-packages\aiosqlite\cursor.py", line 48, in execute
    await self._execute(self._cursor.execute, sql, parameters)
  File "D:\ASM1\.venv\Lib\site-packages\aiosqlite\cursor.py", line 40, in _execute
    return await self._conn._execute(fn, *args, **kwargs)
           ^^^^^^^^^^^^^^^^^^^^^^^^^^^^^^^^^^^^^^^^^^^^^^
  File "D:\ASM1\.venv\Lib\site-packages\aiosqlite\core.py", line 132, in _execute
    return await future
           ^^^^^^^^^^^^
  File "D:\ASM1\.venv\Lib\site-packages\aiosqlite\core.py", line 115, in run
    result = function()
             ^^^^^^^^^^
sqlalchemy.exc.OperationalError: (sqlite3.OperationalError) no such column: users.hashed_password
[SQL: SELECT users.id, users.email, users.name, users.role, users.created_at, users.last_login, users.hashed_password 
FROM users 
WHERE users.email = ?]
[parameters: ('admin@gmail.com',)]
(Background on this error at: https://sqlalche.me/e/20/e3q8)
2026-03-03 17:05:32,094 - core.database - DEBUG - [DB_OP] Starting get_db session creation
2026-03-03 17:05:32,094 - core.database - DEBUG - [DB_OP] Database session created successfully in 0.0000s
2026-03-03 17:05:32,094 - aiosqlite - DEBUG - executing <function connect.<locals>.connector at 0x000001FD59FE1F80>
2026-03-03 17:05:32,094 - aiosqlite - DEBUG - operation <function connect.<locals>.connector at 0x000001FD59FE1F80> completed
2026-03-03 17:05:32,103 - aiosqlite - DEBUG - executing functools.partial(<built-in method create_function of sqlite3.Connection object at 0x000001FD59D765C0>, 'regexp', 2, <function SQLiteDialect_pysqlite.on_connect.<locals>.regexp at 0x000001FD59CDBF60>, deterministic=True)
2026-03-03 17:05:32,103 - aiosqlite - DEBUG - operation functools.partial(<built-in method create_function of sqlite3.Connection object at 0x000001FD59D765C0>, 'regexp', 2, <function SQLiteDialect_pysqlite.on_connect.<locals>.regexp at 0x000001FD59CDBF60>, deterministic=True) completed
2026-03-03 17:05:32,103 - aiosqlite - DEBUG - executing functools.partial(<built-in method create_function of sqlite3.Connection object at 0x000001FD59D765C0>, 'floor', 1, <built-in function floor>, deterministic=True)
2026-03-03 17:05:32,103 - aiosqlite - DEBUG - operation functools.partial(<built-in method create_function of sqlite3.Connection object at 0x000001FD59D765C0>, 'floor', 1, <built-in function floor>, deterministic=True) completed
2026-03-03 17:05:32,103 - aiosqlite - DEBUG - executing functools.partial(<built-in method cursor of sqlite3.Connection object at 0x000001FD59D765C0>)
2026-03-03 17:05:32,103 - aiosqlite - DEBUG - operation functools.partial(<built-in method cursor of sqlite3.Connection object at 0x000001FD59D765C0>) completed
2026-03-03 17:05:32,103 - aiosqlite - DEBUG - executing functools.partial(<built-in method execute of sqlite3.Cursor object at 0x000001FD5A0135C0>, 'SELECT users.id, users.email, users.name, users.role, users.created_at, users.last_login, users.hashed_password \nFROM users \nWHERE users.email = ?', ('admin@gmail.com',))
2026-03-03 17:05:32,103 - aiosqlite - DEBUG - returning exception no such column: users.hashed_password
2026-03-03 17:05:32,103 - core.database - ERROR - Database session error: (sqlite3.OperationalError) no such column: users.hashed_password
[SQL: SELECT users.id, users.email, users.name, users.role, users.created_at, users.last_login, users.hashed_password 
FROM users 
WHERE users.email = ?]
[parameters: ('admin@gmail.com',)]
(Background on this error at: https://sqlalche.me/e/20/e3q8)
Traceback (most recent call last):
  File "D:\ASM1\.venv\Lib\site-packages\sqlalchemy\engine\base.py", line 1967, in _exec_single_context
    self.dialect.do_execute(
  File "D:\ASM1\.venv\Lib\site-packages\sqlalchemy\engine\default.py", line 941, in do_execute
    cursor.execute(statement, parameters)
  File "D:\ASM1\.venv\Lib\site-packages\sqlalchemy\dialects\sqlite\aiosqlite.py", line 147, in execute
    self._adapt_connection._handle_exception(error)
  File "D:\ASM1\.venv\Lib\site-packages\sqlalchemy\dialects\sqlite\aiosqlite.py", line 298, in _handle_exception
    raise error
  File "D:\ASM1\.venv\Lib\site-packages\sqlalchemy\dialects\sqlite\aiosqlite.py", line 129, in execute
    self.await_(_cursor.execute(operation, parameters))
  File "D:\ASM1\.venv\Lib\site-packages\sqlalchemy\util\_concurrency_py3k.py", line 132, in await_only
    return current.parent.switch(awaitable)  # type: ignore[no-any-return,attr-defined] # noqa: E501
           ^^^^^^^^^^^^^^^^^^^^^^^^^^^^^^^^
  File "D:\ASM1\.venv\Lib\site-packages\sqlalchemy\util\_concurrency_py3k.py", line 196, in greenlet_spawn
    value = await result
            ^^^^^^^^^^^^
  File "D:\ASM1\.venv\Lib\site-packages\aiosqlite\cursor.py", line 48, in execute
    await self._execute(self._cursor.execute, sql, parameters)
  File "D:\ASM1\.venv\Lib\site-packages\aiosqlite\cursor.py", line 40, in _execute
    return await self._conn._execute(fn, *args, **kwargs)
           ^^^^^^^^^^^^^^^^^^^^^^^^^^^^^^^^^^^^^^^^^^^^^^
  File "D:\ASM1\.venv\Lib\site-packages\aiosqlite\core.py", line 132, in _execute
    return await future
           ^^^^^^^^^^^^
  File "D:\ASM1\.venv\Lib\site-packages\aiosqlite\core.py", line 115, in run
    result = function()
             ^^^^^^^^^^
sqlite3.OperationalError: no such column: users.hashed_password

The above exception was the direct cause of the following exception:

Traceback (most recent call last):
  File "D:\ASM1\backend\core\database.py", line 542, in get_db
    yield session
  File "D:\ASM1\.venv\Lib\site-packages\fastapi\routing.py", line 301, in app
    raw_response = await run_endpoint_function(
                   ^^^^^^^^^^^^^^^^^^^^^^^^^^^^
  File "D:\ASM1\.venv\Lib\site-packages\fastapi\routing.py", line 212, in run_endpoint_function
    return await dependant.call(**values)
           ^^^^^^^^^^^^^^^^^^^^^^^^^^^^^^
  File "D:\ASM1\backend\routers\auth.py", line 349, in login_password
    result = await db.execute(select(User).where(User.email == clean_email))
             ^^^^^^^^^^^^^^^^^^^^^^^^^^^^^^^^^^^^^^^^^^^^^^^^^^^^^^^^^^^^^^^
  File "D:\ASM1\.venv\Lib\site-packages\sqlalchemy\ext\asyncio\session.py", line 461, in execute
    result = await greenlet_spawn(
             ^^^^^^^^^^^^^^^^^^^^^
  File "D:\ASM1\.venv\Lib\site-packages\sqlalchemy\util\_concurrency_py3k.py", line 201, in greenlet_spawn
    result = context.throw(*sys.exc_info())
             ^^^^^^^^^^^^^^^^^^^^^^^^^^^^^^
  File "D:\ASM1\.venv\Lib\site-packages\sqlalchemy\orm\session.py", line 2362, in execute
    return self._execute_internal(
           ^^^^^^^^^^^^^^^^^^^^^^^
  File "D:\ASM1\.venv\Lib\site-packages\sqlalchemy\orm\session.py", line 2247, in _execute_internal
    result: Result[Any] = compile_state_cls.orm_execute_statement(
                          ^^^^^^^^^^^^^^^^^^^^^^^^^^^^^^^^^^^^^^^^
  File "D:\ASM1\.venv\Lib\site-packages\sqlalchemy\orm\context.py", line 305, in orm_execute_statement
    result = conn.execute(
             ^^^^^^^^^^^^^
  File "D:\ASM1\.venv\Lib\site-packages\sqlalchemy\engine\base.py", line 1418, in execute
    return meth(
           ^^^^^
  File "D:\ASM1\.venv\Lib\site-packages\sqlalchemy\sql\elements.py", line 515, in _execute_on_connection
    return connection._execute_clauseelement(
           ^^^^^^^^^^^^^^^^^^^^^^^^^^^^^^^^^^
  File "D:\ASM1\.venv\Lib\site-packages\sqlalchemy\engine\base.py", line 1640, in _execute_clauseelement
    ret = self._execute_context(
          ^^^^^^^^^^^^^^^^^^^^^^
  File "D:\ASM1\.venv\Lib\site-packages\sqlalchemy\engine\base.py", line 1846, in _execute_context
    return self._exec_single_context(
           ^^^^^^^^^^^^^^^^^^^^^^^^^^
  File "D:\ASM1\.venv\Lib\site-packages\sqlalchemy\engine\base.py", line 1986, in _exec_single_context
    self._handle_dbapi_exception(
  File "D:\ASM1\.venv\Lib\site-packages\sqlalchemy\engine\base.py", line 2355, in _handle_dbapi_exception
    raise sqlalchemy_exception.with_traceback(exc_info[2]) from e
  File "D:\ASM1\.venv\Lib\site-packages\sqlalchemy\engine\base.py", line 1967, in _exec_single_context
    self.dialect.do_execute(
  File "D:\ASM1\.venv\Lib\site-packages\sqlalchemy\engine\default.py", line 941, in do_execute
    cursor.execute(statement, parameters)
  File "D:\ASM1\.venv\Lib\site-packages\sqlalchemy\dialects\sqlite\aiosqlite.py", line 147, in execute
    self._adapt_connection._handle_exception(error)
  File "D:\ASM1\.venv\Lib\site-packages\sqlalchemy\dialects\sqlite\aiosqlite.py", line 298, in _handle_exception
    raise error
  File "D:\ASM1\.venv\Lib\site-packages\sqlalchemy\dialects\sqlite\aiosqlite.py", line 129, in execute
    self.await_(_cursor.execute(operation, parameters))
  File "D:\ASM1\.venv\Lib\site-packages\sqlalchemy\util\_concurrency_py3k.py", line 132, in await_only
    return current.parent.switch(awaitable)  # type: ignore[no-any-return,attr-defined] # noqa: E501
           ^^^^^^^^^^^^^^^^^^^^^^^^^^^^^^^^
  File "D:\ASM1\.venv\Lib\site-packages\sqlalchemy\util\_concurrency_py3k.py", line 196, in greenlet_spawn
    value = await result
            ^^^^^^^^^^^^
  File "D:\ASM1\.venv\Lib\site-packages\aiosqlite\cursor.py", line 48, in execute
    await self._execute(self._cursor.execute, sql, parameters)
  File "D:\ASM1\.venv\Lib\site-packages\aiosqlite\cursor.py", line 40, in _execute
    return await self._conn._execute(fn, *args, **kwargs)
           ^^^^^^^^^^^^^^^^^^^^^^^^^^^^^^^^^^^^^^^^^^^^^^
  File "D:\ASM1\.venv\Lib\site-packages\aiosqlite\core.py", line 132, in _execute
    return await future
           ^^^^^^^^^^^^
  File "D:\ASM1\.venv\Lib\site-packages\aiosqlite\core.py", line 115, in run
    result = function()
             ^^^^^^^^^^
sqlalchemy.exc.OperationalError: (sqlite3.OperationalError) no such column: users.hashed_password
[SQL: SELECT users.id, users.email, users.name, users.role, users.created_at, users.last_login, users.hashed_password 
FROM users 
WHERE users.email = ?]
[parameters: ('admin@gmail.com',)]
(Background on this error at: https://sqlalche.me/e/20/e3q8)
2026-03-03 17:05:32,119 - core.database - DEBUG - [DB_OP] Database session cleanup after 0.0247s
2026-03-03 17:05:32,119 - aiosqlite - DEBUG - executing functools.partial(<built-in method rollback of sqlite3.Connection object at 0x000001FD59D765C0>)
2026-03-03 17:05:32,119 - aiosqlite - DEBUG - operation functools.partial(<built-in method rollback of sqlite3.Connection object at 0x000001FD59D765C0>) completed
2026-03-03 17:05:32,119 - aiosqlite - DEBUG - executing functools.partial(<built-in method rollback of sqlite3.Connection object at 0x000001FD59D765C0>)
2026-03-03 17:05:32,119 - aiosqlite - DEBUG - operation functools.partial(<built-in method rollback of sqlite3.Connection object at 0x000001FD59D765C0>) completed
2026-03-03 17:05:32,119 - aiosqlite - DEBUG - executing functools.partial(<built-in method close of sqlite3.Connection object at 0x000001FD59D765C0>)
2026-03-03 17:05:32,119 - aiosqlite - DEBUG - operation functools.partial(<built-in method close of sqlite3.Connection object at 0x000001FD59D765C0>) completed
2026-03-03 17:05:32,124 - core.database - ERROR - Failed to create database session: (sqlite3.OperationalError) no such column: users.hashed_password
[SQL: SELECT users.id, users.email, users.name, users.role, users.created_at, users.last_login, users.hashed_password 
FROM users 
WHERE users.email = ?]
[parameters: ('admin@gmail.com',)]
(Background on this error at: https://sqlalche.me/e/20/e3q8)
Traceback (most recent call last):
  File "D:\ASM1\.venv\Lib\site-packages\sqlalchemy\engine\base.py", line 1967, in _exec_single_context
    self.dialect.do_execute(
  File "D:\ASM1\.venv\Lib\site-packages\sqlalchemy\engine\default.py", line 941, in do_execute
    cursor.execute(statement, parameters)
  File "D:\ASM1\.venv\Lib\site-packages\sqlalchemy\dialects\sqlite\aiosqlite.py", line 147, in execute
    self._adapt_connection._handle_exception(error)
  File "D:\ASM1\.venv\Lib\site-packages\sqlalchemy\dialects\sqlite\aiosqlite.py", line 298, in _handle_exception
    raise error
  File "D:\ASM1\.venv\Lib\site-packages\sqlalchemy\dialects\sqlite\aiosqlite.py", line 129, in execute
    self.await_(_cursor.execute(operation, parameters))
  File "D:\ASM1\.venv\Lib\site-packages\sqlalchemy\util\_concurrency_py3k.py", line 132, in await_only
    return current.parent.switch(awaitable)  # type: ignore[no-any-return,attr-defined] # noqa: E501
           ^^^^^^^^^^^^^^^^^^^^^^^^^^^^^^^^
  File "D:\ASM1\.venv\Lib\site-packages\sqlalchemy\util\_concurrency_py3k.py", line 196, in greenlet_spawn
    value = await result
            ^^^^^^^^^^^^
  File "D:\ASM1\.venv\Lib\site-packages\aiosqlite\cursor.py", line 48, in execute
    await self._execute(self._cursor.execute, sql, parameters)
  File "D:\ASM1\.venv\Lib\site-packages\aiosqlite\cursor.py", line 40, in _execute
    return await self._conn._execute(fn, *args, **kwargs)
           ^^^^^^^^^^^^^^^^^^^^^^^^^^^^^^^^^^^^^^^^^^^^^^
  File "D:\ASM1\.venv\Lib\site-packages\aiosqlite\core.py", line 132, in _execute
    return await future
           ^^^^^^^^^^^^
  File "D:\ASM1\.venv\Lib\site-packages\aiosqlite\core.py", line 115, in run
    result = function()
             ^^^^^^^^^^
sqlite3.OperationalError: no such column: users.hashed_password

The above exception was the direct cause of the following exception:

Traceback (most recent call last):
  File "D:\ASM1\backend\core\database.py", line 542, in get_db
    yield session
  File "D:\ASM1\.venv\Lib\site-packages\fastapi\routing.py", line 301, in app
    raw_response = await run_endpoint_function(
                   ^^^^^^^^^^^^^^^^^^^^^^^^^^^^
  File "D:\ASM1\.venv\Lib\site-packages\fastapi\routing.py", line 212, in run_endpoint_function
    return await dependant.call(**values)
           ^^^^^^^^^^^^^^^^^^^^^^^^^^^^^^
  File "D:\ASM1\backend\routers\auth.py", line 349, in login_password
    result = await db.execute(select(User).where(User.email == clean_email))
             ^^^^^^^^^^^^^^^^^^^^^^^^^^^^^^^^^^^^^^^^^^^^^^^^^^^^^^^^^^^^^^^
  File "D:\ASM1\.venv\Lib\site-packages\sqlalchemy\ext\asyncio\session.py", line 461, in execute
    result = await greenlet_spawn(
             ^^^^^^^^^^^^^^^^^^^^^
  File "D:\ASM1\.venv\Lib\site-packages\sqlalchemy\util\_concurrency_py3k.py", line 201, in greenlet_spawn
    result = context.throw(*sys.exc_info())
             ^^^^^^^^^^^^^^^^^^^^^^^^^^^^^^
  File "D:\ASM1\.venv\Lib\site-packages\sqlalchemy\orm\session.py", line 2362, in execute
    return self._execute_internal(
           ^^^^^^^^^^^^^^^^^^^^^^^
  File "D:\ASM1\.venv\Lib\site-packages\sqlalchemy\orm\session.py", line 2247, in _execute_internal
    result: Result[Any] = compile_state_cls.orm_execute_statement(
                          ^^^^^^^^^^^^^^^^^^^^^^^^^^^^^^^^^^^^^^^^
  File "D:\ASM1\.venv\Lib\site-packages\sqlalchemy\orm\context.py", line 305, in orm_execute_statement
    result = conn.execute(
             ^^^^^^^^^^^^^
  File "D:\ASM1\.venv\Lib\site-packages\sqlalchemy\engine\base.py", line 1418, in execute
    return meth(
           ^^^^^
  File "D:\ASM1\.venv\Lib\site-packages\sqlalchemy\sql\elements.py", line 515, in _execute_on_connection
    return connection._execute_clauseelement(
           ^^^^^^^^^^^^^^^^^^^^^^^^^^^^^^^^^^
  File "D:\ASM1\.venv\Lib\site-packages\sqlalchemy\engine\base.py", line 1640, in _execute_clauseelement
    ret = self._execute_context(
          ^^^^^^^^^^^^^^^^^^^^^^
  File "D:\ASM1\.venv\Lib\site-packages\sqlalchemy\engine\base.py", line 1846, in _execute_context
    return self._exec_single_context(
           ^^^^^^^^^^^^^^^^^^^^^^^^^^
  File "D:\ASM1\.venv\Lib\site-packages\sqlalchemy\engine\base.py", line 1986, in _exec_single_context
    self._handle_dbapi_exception(
  File "D:\ASM1\.venv\Lib\site-packages\sqlalchemy\engine\base.py", line 2355, in _handle_dbapi_exception
    raise sqlalchemy_exception.with_traceback(exc_info[2]) from e
  File "D:\ASM1\.venv\Lib\site-packages\sqlalchemy\engine\base.py", line 1967, in _exec_single_context
    self.dialect.do_execute(
  File "D:\ASM1\.venv\Lib\site-packages\sqlalchemy\engine\default.py", line 941, in do_execute
    cursor.execute(statement, parameters)
  File "D:\ASM1\.venv\Lib\site-packages\sqlalchemy\dialects\sqlite\aiosqlite.py", line 147, in execute
    self._adapt_connection._handle_exception(error)
  File "D:\ASM1\.venv\Lib\site-packages\sqlalchemy\dialects\sqlite\aiosqlite.py", line 298, in _handle_exception
    raise error
  File "D:\ASM1\.venv\Lib\site-packages\sqlalchemy\dialects\sqlite\aiosqlite.py", line 129, in execute
    self.await_(_cursor.execute(operation, parameters))
  File "D:\ASM1\.venv\Lib\site-packages\sqlalchemy\util\_concurrency_py3k.py", line 132, in await_only
    return current.parent.switch(awaitable)  # type: ignore[no-any-return,attr-defined] # noqa: E501
           ^^^^^^^^^^^^^^^^^^^^^^^^^^^^^^^^
  File "D:\ASM1\.venv\Lib\site-packages\sqlalchemy\util\_concurrency_py3k.py", line 196, in greenlet_spawn
    value = await result
            ^^^^^^^^^^^^
  File "D:\ASM1\.venv\Lib\site-packages\aiosqlite\cursor.py", line 48, in execute
    await self._execute(self._cursor.execute, sql, parameters)
  File "D:\ASM1\.venv\Lib\site-packages\aiosqlite\cursor.py", line 40, in _execute
    return await self._conn._execute(fn, *args, **kwargs)
           ^^^^^^^^^^^^^^^^^^^^^^^^^^^^^^^^^^^^^^^^^^^^^^
  File "D:\ASM1\.venv\Lib\site-packages\aiosqlite\core.py", line 132, in _execute
    return await future
           ^^^^^^^^^^^^
  File "D:\ASM1\.venv\Lib\site-packages\aiosqlite\core.py", line 115, in run
    result = function()
             ^^^^^^^^^^
sqlalchemy.exc.OperationalError: (sqlite3.OperationalError) no such column: users.hashed_password
[SQL: SELECT users.id, users.email, users.name, users.role, users.created_at, users.last_login, users.hashed_password 
FROM users 
WHERE users.email = ?]
[parameters: ('admin@gmail.com',)]
(Background on this error at: https://sqlalche.me/e/20/e3q8)
2026-03-03 17:08:50,294 - core.database - DEBUG - [DB_OP] Starting get_db session creation
2026-03-03 17:08:50,294 - core.database - DEBUG - [DB_OP] Database session created successfully in 0.0000s
2026-03-03 17:08:50,294 - aiosqlite - DEBUG - executing <function connect.<locals>.connector at 0x000001FD59FE2660>
2026-03-03 17:08:50,294 - aiosqlite - DEBUG - operation <function connect.<locals>.connector at 0x000001FD59FE2660> completed
2026-03-03 17:08:50,294 - aiosqlite - DEBUG - executing functools.partial(<built-in method create_function of sqlite3.Connection object at 0x000001FD59D775B0>, 'regexp', 2, <function SQLiteDialect_pysqlite.on_connect.<locals>.regexp at 0x000001FD59CDBF60>, deterministic=True)
2026-03-03 17:08:50,294 - aiosqlite - DEBUG - operation functools.partial(<built-in method create_function of sqlite3.Connection object at 0x000001FD59D775B0>, 'regexp', 2, <function SQLiteDialect_pysqlite.on_connect.<locals>.regexp at 0x000001FD59CDBF60>, deterministic=True) completed
2026-03-03 17:08:50,294 - aiosqlite - DEBUG - executing functools.partial(<built-in method create_function of sqlite3.Connection object at 0x000001FD59D775B0>, 'floor', 1, <built-in function floor>, deterministic=True)
2026-03-03 17:08:50,294 - aiosqlite - DEBUG - operation functools.partial(<built-in method create_function of sqlite3.Connection object at 0x000001FD59D775B0>, 'floor', 1, <built-in function floor>, deterministic=True) completed
2026-03-03 17:08:50,294 - aiosqlite - DEBUG - executing functools.partial(<built-in method cursor of sqlite3.Connection object at 0x000001FD59D775B0>)
2026-03-03 17:08:50,294 - aiosqlite - DEBUG - operation functools.partial(<built-in method cursor of sqlite3.Connection object at 0x000001FD59D775B0>) completed
2026-03-03 17:08:50,294 - aiosqlite - DEBUG - executing functools.partial(<built-in method execute of sqlite3.Cursor object at 0x000001FD5A0281C0>, 'SELECT users.id, users.email, users.name, users.role, users.created_at, users.last_login, users.hashed_password \nFROM users \nWHERE users.email = ?', ('admin@gmail.com',))
2026-03-03 17:08:50,294 - aiosqlite - DEBUG - returning exception no such column: users.hashed_password
2026-03-03 17:08:50,302 - core.database - ERROR - Database session error: (sqlite3.OperationalError) no such column: users.hashed_password
[SQL: SELECT users.id, users.email, users.name, users.role, users.created_at, users.last_login, users.hashed_password 
FROM users 
WHERE users.email = ?]
[parameters: ('admin@gmail.com',)]
(Background on this error at: https://sqlalche.me/e/20/e3q8)
Traceback (most recent call last):
  File "D:\ASM1\.venv\Lib\site-packages\sqlalchemy\engine\base.py", line 1967, in _exec_single_context
    self.dialect.do_execute(
  File "D:\ASM1\.venv\Lib\site-packages\sqlalchemy\engine\default.py", line 941, in do_execute
    cursor.execute(statement, parameters)
  File "D:\ASM1\.venv\Lib\site-packages\sqlalchemy\dialects\sqlite\aiosqlite.py", line 147, in execute
    self._adapt_connection._handle_exception(error)
  File "D:\ASM1\.venv\Lib\site-packages\sqlalchemy\dialects\sqlite\aiosqlite.py", line 298, in _handle_exception
    raise error
  File "D:\ASM1\.venv\Lib\site-packages\sqlalchemy\dialects\sqlite\aiosqlite.py", line 129, in execute
    self.await_(_cursor.execute(operation, parameters))
  File "D:\ASM1\.venv\Lib\site-packages\sqlalchemy\util\_concurrency_py3k.py", line 132, in await_only
    return current.parent.switch(awaitable)  # type: ignore[no-any-return,attr-defined] # noqa: E501
           ^^^^^^^^^^^^^^^^^^^^^^^^^^^^^^^^
  File "D:\ASM1\.venv\Lib\site-packages\sqlalchemy\util\_concurrency_py3k.py", line 196, in greenlet_spawn
    value = await result
            ^^^^^^^^^^^^
  File "D:\ASM1\.venv\Lib\site-packages\aiosqlite\cursor.py", line 48, in execute
    await self._execute(self._cursor.execute, sql, parameters)
  File "D:\ASM1\.venv\Lib\site-packages\aiosqlite\cursor.py", line 40, in _execute
    return await self._conn._execute(fn, *args, **kwargs)
           ^^^^^^^^^^^^^^^^^^^^^^^^^^^^^^^^^^^^^^^^^^^^^^
  File "D:\ASM1\.venv\Lib\site-packages\aiosqlite\core.py", line 132, in _execute
    return await future
           ^^^^^^^^^^^^
  File "D:\ASM1\.venv\Lib\site-packages\aiosqlite\core.py", line 115, in run
    result = function()
             ^^^^^^^^^^
sqlite3.OperationalError: no such column: users.hashed_password

The above exception was the direct cause of the following exception:

Traceback (most recent call last):
  File "D:\ASM1\backend\core\database.py", line 542, in get_db
    yield session
  File "D:\ASM1\.venv\Lib\site-packages\fastapi\routing.py", line 301, in app
    raw_response = await run_endpoint_function(
                   ^^^^^^^^^^^^^^^^^^^^^^^^^^^^
  File "D:\ASM1\.venv\Lib\site-packages\fastapi\routing.py", line 212, in run_endpoint_function
    return await dependant.call(**values)
           ^^^^^^^^^^^^^^^^^^^^^^^^^^^^^^
  File "D:\ASM1\backend\routers\auth.py", line 349, in login_password
    result = await db.execute(select(User).where(User.email == clean_email))
             ^^^^^^^^^^^^^^^^^^^^^^^^^^^^^^^^^^^^^^^^^^^^^^^^^^^^^^^^^^^^^^^
  File "D:\ASM1\.venv\Lib\site-packages\sqlalchemy\ext\asyncio\session.py", line 461, in execute
    result = await greenlet_spawn(
             ^^^^^^^^^^^^^^^^^^^^^
  File "D:\ASM1\.venv\Lib\site-packages\sqlalchemy\util\_concurrency_py3k.py", line 201, in greenlet_spawn
    result = context.throw(*sys.exc_info())
             ^^^^^^^^^^^^^^^^^^^^^^^^^^^^^^
  File "D:\ASM1\.venv\Lib\site-packages\sqlalchemy\orm\session.py", line 2362, in execute
    return self._execute_internal(
           ^^^^^^^^^^^^^^^^^^^^^^^
  File "D:\ASM1\.venv\Lib\site-packages\sqlalchemy\orm\session.py", line 2247, in _execute_internal
    result: Result[Any] = compile_state_cls.orm_execute_statement(
                          ^^^^^^^^^^^^^^^^^^^^^^^^^^^^^^^^^^^^^^^^
  File "D:\ASM1\.venv\Lib\site-packages\sqlalchemy\orm\context.py", line 305, in orm_execute_statement
    result = conn.execute(
             ^^^^^^^^^^^^^
  File "D:\ASM1\.venv\Lib\site-packages\sqlalchemy\engine\base.py", line 1418, in execute
    return meth(
           ^^^^^
  File "D:\ASM1\.venv\Lib\site-packages\sqlalchemy\sql\elements.py", line 515, in _execute_on_connection
    return connection._execute_clauseelement(
           ^^^^^^^^^^^^^^^^^^^^^^^^^^^^^^^^^^
  File "D:\ASM1\.venv\Lib\site-packages\sqlalchemy\engine\base.py", line 1640, in _execute_clauseelement
    ret = self._execute_context(
          ^^^^^^^^^^^^^^^^^^^^^^
  File "D:\ASM1\.venv\Lib\site-packages\sqlalchemy\engine\base.py", line 1846, in _execute_context
    return self._exec_single_context(
           ^^^^^^^^^^^^^^^^^^^^^^^^^^
  File "D:\ASM1\.venv\Lib\site-packages\sqlalchemy\engine\base.py", line 1986, in _exec_single_context
    self._handle_dbapi_exception(
  File "D:\ASM1\.venv\Lib\site-packages\sqlalchemy\engine\base.py", line 2355, in _handle_dbapi_exception
    raise sqlalchemy_exception.with_traceback(exc_info[2]) from e
  File "D:\ASM1\.venv\Lib\site-packages\sqlalchemy\engine\base.py", line 1967, in _exec_single_context
    self.dialect.do_execute(
  File "D:\ASM1\.venv\Lib\site-packages\sqlalchemy\engine\default.py", line 941, in do_execute
    cursor.execute(statement, parameters)
  File "D:\ASM1\.venv\Lib\site-packages\sqlalchemy\dialects\sqlite\aiosqlite.py", line 147, in execute
    self._adapt_connection._handle_exception(error)
  File "D:\ASM1\.venv\Lib\site-packages\sqlalchemy\dialects\sqlite\aiosqlite.py", line 298, in _handle_exception
    raise error
  File "D:\ASM1\.venv\Lib\site-packages\sqlalchemy\dialects\sqlite\aiosqlite.py", line 129, in execute
    self.await_(_cursor.execute(operation, parameters))
  File "D:\ASM1\.venv\Lib\site-packages\sqlalchemy\util\_concurrency_py3k.py", line 132, in await_only
    return current.parent.switch(awaitable)  # type: ignore[no-any-return,attr-defined] # noqa: E501
           ^^^^^^^^^^^^^^^^^^^^^^^^^^^^^^^^
  File "D:\ASM1\.venv\Lib\site-packages\sqlalchemy\util\_concurrency_py3k.py", line 196, in greenlet_spawn
    value = await result
            ^^^^^^^^^^^^
  File "D:\ASM1\.venv\Lib\site-packages\aiosqlite\cursor.py", line 48, in execute
    await self._execute(self._cursor.execute, sql, parameters)
  File "D:\ASM1\.venv\Lib\site-packages\aiosqlite\cursor.py", line 40, in _execute
    return await self._conn._execute(fn, *args, **kwargs)
           ^^^^^^^^^^^^^^^^^^^^^^^^^^^^^^^^^^^^^^^^^^^^^^
  File "D:\ASM1\.venv\Lib\site-packages\aiosqlite\core.py", line 132, in _execute
    return await future
           ^^^^^^^^^^^^
  File "D:\ASM1\.venv\Lib\site-packages\aiosqlite\core.py", line 115, in run
    result = function()
             ^^^^^^^^^^
sqlalchemy.exc.OperationalError: (sqlite3.OperationalError) no such column: users.hashed_password
[SQL: SELECT users.id, users.email, users.name, users.role, users.created_at, users.last_login, users.hashed_password 
FROM users 
WHERE users.email = ?]
[parameters: ('admin@gmail.com',)]
(Background on this error at: https://sqlalche.me/e/20/e3q8)
2026-03-03 17:08:50,314 - core.database - DEBUG - [DB_OP] Database session cleanup after 0.0202s
2026-03-03 17:08:50,314 - aiosqlite - DEBUG - executing functools.partial(<built-in method rollback of sqlite3.Connection object at 0x000001FD59D775B0>)
2026-03-03 17:08:50,314 - aiosqlite - DEBUG - operation functools.partial(<built-in method rollback of sqlite3.Connection object at 0x000001FD59D775B0>) completed
2026-03-03 17:08:50,314 - aiosqlite - DEBUG - executing functools.partial(<built-in method rollback of sqlite3.Connection object at 0x000001FD59D775B0>)
2026-03-03 17:08:50,320 - aiosqlite - DEBUG - operation functools.partial(<built-in method rollback of sqlite3.Connection object at 0x000001FD59D775B0>) completed
2026-03-03 17:08:50,320 - aiosqlite - DEBUG - executing functools.partial(<built-in method close of sqlite3.Connection object at 0x000001FD59D775B0>)
2026-03-03 17:08:50,320 - aiosqlite - DEBUG - operation functools.partial(<built-in method close of sqlite3.Connection object at 0x000001FD59D775B0>) completed
2026-03-03 17:08:50,320 - core.database - ERROR - Failed to create database session: (sqlite3.OperationalError) no such column: users.hashed_password
[SQL: SELECT users.id, users.email, users.name, users.role, users.created_at, users.last_login, users.hashed_password 
FROM users 
WHERE users.email = ?]
[parameters: ('admin@gmail.com',)]
(Background on this error at: https://sqlalche.me/e/20/e3q8)
Traceback (most recent call last):
  File "D:\ASM1\.venv\Lib\site-packages\sqlalchemy\engine\base.py", line 1967, in _exec_single_context
    self.dialect.do_execute(
  File "D:\ASM1\.venv\Lib\site-packages\sqlalchemy\engine\default.py", line 941, in do_execute
    cursor.execute(statement, parameters)
  File "D:\ASM1\.venv\Lib\site-packages\sqlalchemy\dialects\sqlite\aiosqlite.py", line 147, in execute
    self._adapt_connection._handle_exception(error)
  File "D:\ASM1\.venv\Lib\site-packages\sqlalchemy\dialects\sqlite\aiosqlite.py", line 298, in _handle_exception
    raise error
  File "D:\ASM1\.venv\Lib\site-packages\sqlalchemy\dialects\sqlite\aiosqlite.py", line 129, in execute
    self.await_(_cursor.execute(operation, parameters))
  File "D:\ASM1\.venv\Lib\site-packages\sqlalchemy\util\_concurrency_py3k.py", line 132, in await_only
    return current.parent.switch(awaitable)  # type: ignore[no-any-return,attr-defined] # noqa: E501
           ^^^^^^^^^^^^^^^^^^^^^^^^^^^^^^^^
  File "D:\ASM1\.venv\Lib\site-packages\sqlalchemy\util\_concurrency_py3k.py", line 196, in greenlet_spawn
    value = await result
            ^^^^^^^^^^^^
  File "D:\ASM1\.venv\Lib\site-packages\aiosqlite\cursor.py", line 48, in execute
    await self._execute(self._cursor.execute, sql, parameters)
  File "D:\ASM1\.venv\Lib\site-packages\aiosqlite\cursor.py", line 40, in _execute
    return await self._conn._execute(fn, *args, **kwargs)
           ^^^^^^^^^^^^^^^^^^^^^^^^^^^^^^^^^^^^^^^^^^^^^^
  File "D:\ASM1\.venv\Lib\site-packages\aiosqlite\core.py", line 132, in _execute
    return await future
           ^^^^^^^^^^^^
  File "D:\ASM1\.venv\Lib\site-packages\aiosqlite\core.py", line 115, in run
    result = function()
             ^^^^^^^^^^
sqlite3.OperationalError: no such column: users.hashed_password

The above exception was the direct cause of the following exception:

Traceback (most recent call last):
  File "D:\ASM1\backend\core\database.py", line 542, in get_db
    yield session
  File "D:\ASM1\.venv\Lib\site-packages\fastapi\routing.py", line 301, in app
    raw_response = await run_endpoint_function(
                   ^^^^^^^^^^^^^^^^^^^^^^^^^^^^
  File "D:\ASM1\.venv\Lib\site-packages\fastapi\routing.py", line 212, in run_endpoint_function
    return await dependant.call(**values)
           ^^^^^^^^^^^^^^^^^^^^^^^^^^^^^^
  File "D:\ASM1\backend\routers\auth.py", line 349, in login_password
    result = await db.execute(select(User).where(User.email == clean_email))
             ^^^^^^^^^^^^^^^^^^^^^^^^^^^^^^^^^^^^^^^^^^^^^^^^^^^^^^^^^^^^^^^
  File "D:\ASM1\.venv\Lib\site-packages\sqlalchemy\ext\asyncio\session.py", line 461, in execute
    result = await greenlet_spawn(
             ^^^^^^^^^^^^^^^^^^^^^
  File "D:\ASM1\.venv\Lib\site-packages\sqlalchemy\util\_concurrency_py3k.py", line 201, in greenlet_spawn
    result = context.throw(*sys.exc_info())
             ^^^^^^^^^^^^^^^^^^^^^^^^^^^^^^
  File "D:\ASM1\.venv\Lib\site-packages\sqlalchemy\orm\session.py", line 2362, in execute
    return self._execute_internal(
           ^^^^^^^^^^^^^^^^^^^^^^^
  File "D:\ASM1\.venv\Lib\site-packages\sqlalchemy\orm\session.py", line 2247, in _execute_internal
    result: Result[Any] = compile_state_cls.orm_execute_statement(
                          ^^^^^^^^^^^^^^^^^^^^^^^^^^^^^^^^^^^^^^^^
  File "D:\ASM1\.venv\Lib\site-packages\sqlalchemy\orm\context.py", line 305, in orm_execute_statement
    result = conn.execute(
             ^^^^^^^^^^^^^
  File "D:\ASM1\.venv\Lib\site-packages\sqlalchemy\engine\base.py", line 1418, in execute
    return meth(
           ^^^^^
  File "D:\ASM1\.venv\Lib\site-packages\sqlalchemy\sql\elements.py", line 515, in _execute_on_connection
    return connection._execute_clauseelement(
           ^^^^^^^^^^^^^^^^^^^^^^^^^^^^^^^^^^
  File "D:\ASM1\.venv\Lib\site-packages\sqlalchemy\engine\base.py", line 1640, in _execute_clauseelement
    ret = self._execute_context(
          ^^^^^^^^^^^^^^^^^^^^^^
  File "D:\ASM1\.venv\Lib\site-packages\sqlalchemy\engine\base.py", line 1846, in _execute_context
    return self._exec_single_context(
           ^^^^^^^^^^^^^^^^^^^^^^^^^^
  File "D:\ASM1\.venv\Lib\site-packages\sqlalchemy\engine\base.py", line 1986, in _exec_single_context
    self._handle_dbapi_exception(
  File "D:\ASM1\.venv\Lib\site-packages\sqlalchemy\engine\base.py", line 2355, in _handle_dbapi_exception
    raise sqlalchemy_exception.with_traceback(exc_info[2]) from e
  File "D:\ASM1\.venv\Lib\site-packages\sqlalchemy\engine\base.py", line 1967, in _exec_single_context
    self.dialect.do_execute(
  File "D:\ASM1\.venv\Lib\site-packages\sqlalchemy\engine\default.py", line 941, in do_execute
    cursor.execute(statement, parameters)
  File "D:\ASM1\.venv\Lib\site-packages\sqlalchemy\dialects\sqlite\aiosqlite.py", line 147, in execute
    self._adapt_connection._handle_exception(error)
  File "D:\ASM1\.venv\Lib\site-packages\sqlalchemy\dialects\sqlite\aiosqlite.py", line 298, in _handle_exception
    raise error
  File "D:\ASM1\.venv\Lib\site-packages\sqlalchemy\dialects\sqlite\aiosqlite.py", line 129, in execute
    self.await_(_cursor.execute(operation, parameters))
  File "D:\ASM1\.venv\Lib\site-packages\sqlalchemy\util\_concurrency_py3k.py", line 132, in await_only
    return current.parent.switch(awaitable)  # type: ignore[no-any-return,attr-defined] # noqa: E501
           ^^^^^^^^^^^^^^^^^^^^^^^^^^^^^^^^
  File "D:\ASM1\.venv\Lib\site-packages\sqlalchemy\util\_concurrency_py3k.py", line 196, in greenlet_spawn
    value = await result
            ^^^^^^^^^^^^
  File "D:\ASM1\.venv\Lib\site-packages\aiosqlite\cursor.py", line 48, in execute
    await self._execute(self._cursor.execute, sql, parameters)
  File "D:\ASM1\.venv\Lib\site-packages\aiosqlite\cursor.py", line 40, in _execute
    return await self._conn._execute(fn, *args, **kwargs)
           ^^^^^^^^^^^^^^^^^^^^^^^^^^^^^^^^^^^^^^^^^^^^^^
  File "D:\ASM1\.venv\Lib\site-packages\aiosqlite\core.py", line 132, in _execute
    return await future
           ^^^^^^^^^^^^
  File "D:\ASM1\.venv\Lib\site-packages\aiosqlite\core.py", line 115, in run
    result = function()
             ^^^^^^^^^^
sqlalchemy.exc.OperationalError: (sqlite3.OperationalError) no such column: users.hashed_password
[SQL: SELECT users.id, users.email, users.name, users.role, users.created_at, users.last_login, users.hashed_password 
FROM users 
WHERE users.email = ?]
[parameters: ('admin@gmail.com',)]
(Background on this error at: https://sqlalche.me/e/20/e3q8)
2026-03-03 17:08:51,204 - core.database - DEBUG - [DB_OP] Starting get_db session creation
2026-03-03 17:08:51,204 - core.database - DEBUG - [DB_OP] Database session created successfully in 0.0000s
2026-03-03 17:08:51,214 - aiosqlite - DEBUG - executing <function connect.<locals>.connector at 0x000001FD59FE2200>
2026-03-03 17:08:51,214 - aiosqlite - DEBUG - operation <function connect.<locals>.connector at 0x000001FD59FE2200> completed
2026-03-03 17:08:51,214 - aiosqlite - DEBUG - executing functools.partial(<built-in method create_function of sqlite3.Connection object at 0x000001FD59D75990>, 'regexp', 2, <function SQLiteDialect_pysqlite.on_connect.<locals>.regexp at 0x000001FD59CDBF60>, deterministic=True)
2026-03-03 17:08:51,214 - aiosqlite - DEBUG - operation functools.partial(<built-in method create_function of sqlite3.Connection object at 0x000001FD59D75990>, 'regexp', 2, <function SQLiteDialect_pysqlite.on_connect.<locals>.regexp at 0x000001FD59CDBF60>, deterministic=True) completed
2026-03-03 17:08:51,214 - aiosqlite - DEBUG - executing functools.partial(<built-in method create_function of sqlite3.Connection object at 0x000001FD59D75990>, 'floor', 1, <built-in function floor>, deterministic=True)
2026-03-03 17:08:51,214 - aiosqlite - DEBUG - operation functools.partial(<built-in method create_function of sqlite3.Connection object at 0x000001FD59D75990>, 'floor', 1, <built-in function floor>, deterministic=True) completed
2026-03-03 17:08:51,214 - aiosqlite - DEBUG - executing functools.partial(<built-in method cursor of sqlite3.Connection object at 0x000001FD59D75990>)
2026-03-03 17:08:51,214 - aiosqlite - DEBUG - operation functools.partial(<built-in method cursor of sqlite3.Connection object at 0x000001FD59D75990>) completed
2026-03-03 17:08:51,214 - aiosqlite - DEBUG - executing functools.partial(<built-in method execute of sqlite3.Cursor object at 0x000001FD59C8F640>, 'SELECT users.id, users.email, users.name, users.role, users.created_at, users.last_login, users.hashed_password \nFROM users \nWHERE users.email = ?', ('admin@gmail.com',))
2026-03-03 17:08:51,214 - aiosqlite - DEBUG - returning exception no such column: users.hashed_password
2026-03-03 17:08:51,214 - core.database - ERROR - Database session error: (sqlite3.OperationalError) no such column: users.hashed_password
[SQL: SELECT users.id, users.email, users.name, users.role, users.created_at, users.last_login, users.hashed_password 
FROM users 
WHERE users.email = ?]
[parameters: ('admin@gmail.com',)]
(Background on this error at: https://sqlalche.me/e/20/e3q8)
Traceback (most recent call last):
  File "D:\ASM1\.venv\Lib\site-packages\sqlalchemy\engine\base.py", line 1967, in _exec_single_context
    self.dialect.do_execute(
  File "D:\ASM1\.venv\Lib\site-packages\sqlalchemy\engine\default.py", line 941, in do_execute
    cursor.execute(statement, parameters)
  File "D:\ASM1\.venv\Lib\site-packages\sqlalchemy\dialects\sqlite\aiosqlite.py", line 147, in execute
    self._adapt_connection._handle_exception(error)
  File "D:\ASM1\.venv\Lib\site-packages\sqlalchemy\dialects\sqlite\aiosqlite.py", line 298, in _handle_exception
    raise error
  File "D:\ASM1\.venv\Lib\site-packages\sqlalchemy\dialects\sqlite\aiosqlite.py", line 129, in execute
    self.await_(_cursor.execute(operation, parameters))
  File "D:\ASM1\.venv\Lib\site-packages\sqlalchemy\util\_concurrency_py3k.py", line 132, in await_only
    return current.parent.switch(awaitable)  # type: ignore[no-any-return,attr-defined] # noqa: E501
           ^^^^^^^^^^^^^^^^^^^^^^^^^^^^^^^^
  File "D:\ASM1\.venv\Lib\site-packages\sqlalchemy\util\_concurrency_py3k.py", line 196, in greenlet_spawn
    value = await result
            ^^^^^^^^^^^^
  File "D:\ASM1\.venv\Lib\site-packages\aiosqlite\cursor.py", line 48, in execute
    await self._execute(self._cursor.execute, sql, parameters)
  File "D:\ASM1\.venv\Lib\site-packages\aiosqlite\cursor.py", line 40, in _execute
    return await self._conn._execute(fn, *args, **kwargs)
           ^^^^^^^^^^^^^^^^^^^^^^^^^^^^^^^^^^^^^^^^^^^^^^
  File "D:\ASM1\.venv\Lib\site-packages\aiosqlite\core.py", line 132, in _execute
    return await future
           ^^^^^^^^^^^^
  File "D:\ASM1\.venv\Lib\site-packages\aiosqlite\core.py", line 115, in run
    result = function()
             ^^^^^^^^^^
sqlite3.OperationalError: no such column: users.hashed_password

The above exception was the direct cause of the following exception:

Traceback (most recent call last):
  File "D:\ASM1\backend\core\database.py", line 542, in get_db
    yield session
  File "D:\ASM1\.venv\Lib\site-packages\fastapi\routing.py", line 301, in app
    raw_response = await run_endpoint_function(
                   ^^^^^^^^^^^^^^^^^^^^^^^^^^^^
  File "D:\ASM1\.venv\Lib\site-packages\fastapi\routing.py", line 212, in run_endpoint_function
    return await dependant.call(**values)
           ^^^^^^^^^^^^^^^^^^^^^^^^^^^^^^
  File "D:\ASM1\backend\routers\auth.py", line 349, in login_password
    result = await db.execute(select(User).where(User.email == clean_email))
             ^^^^^^^^^^^^^^^^^^^^^^^^^^^^^^^^^^^^^^^^^^^^^^^^^^^^^^^^^^^^^^^
  File "D:\ASM1\.venv\Lib\site-packages\sqlalchemy\ext\asyncio\session.py", line 461, in execute
    result = await greenlet_spawn(
             ^^^^^^^^^^^^^^^^^^^^^
  File "D:\ASM1\.venv\Lib\site-packages\sqlalchemy\util\_concurrency_py3k.py", line 201, in greenlet_spawn
    result = context.throw(*sys.exc_info())
             ^^^^^^^^^^^^^^^^^^^^^^^^^^^^^^
  File "D:\ASM1\.venv\Lib\site-packages\sqlalchemy\orm\session.py", line 2362, in execute
    return self._execute_internal(
           ^^^^^^^^^^^^^^^^^^^^^^^
  File "D:\ASM1\.venv\Lib\site-packages\sqlalchemy\orm\session.py", line 2247, in _execute_internal
    result: Result[Any] = compile_state_cls.orm_execute_statement(
                          ^^^^^^^^^^^^^^^^^^^^^^^^^^^^^^^^^^^^^^^^
  File "D:\ASM1\.venv\Lib\site-packages\sqlalchemy\orm\context.py", line 305, in orm_execute_statement
    result = conn.execute(
             ^^^^^^^^^^^^^
  File "D:\ASM1\.venv\Lib\site-packages\sqlalchemy\engine\base.py", line 1418, in execute
    return meth(
           ^^^^^
  File "D:\ASM1\.venv\Lib\site-packages\sqlalchemy\sql\elements.py", line 515, in _execute_on_connection
    return connection._execute_clauseelement(
           ^^^^^^^^^^^^^^^^^^^^^^^^^^^^^^^^^^
  File "D:\ASM1\.venv\Lib\site-packages\sqlalchemy\engine\base.py", line 1640, in _execute_clauseelement
    ret = self._execute_context(
          ^^^^^^^^^^^^^^^^^^^^^^
  File "D:\ASM1\.venv\Lib\site-packages\sqlalchemy\engine\base.py", line 1846, in _execute_context
    return self._exec_single_context(
           ^^^^^^^^^^^^^^^^^^^^^^^^^^
  File "D:\ASM1\.venv\Lib\site-packages\sqlalchemy\engine\base.py", line 1986, in _exec_single_context
    self._handle_dbapi_exception(
  File "D:\ASM1\.venv\Lib\site-packages\sqlalchemy\engine\base.py", line 2355, in _handle_dbapi_exception
    raise sqlalchemy_exception.with_traceback(exc_info[2]) from e
  File "D:\ASM1\.venv\Lib\site-packages\sqlalchemy\engine\base.py", line 1967, in _exec_single_context
    self.dialect.do_execute(
  File "D:\ASM1\.venv\Lib\site-packages\sqlalchemy\engine\default.py", line 941, in do_execute
    cursor.execute(statement, parameters)
  File "D:\ASM1\.venv\Lib\site-packages\sqlalchemy\dialects\sqlite\aiosqlite.py", line 147, in execute
    self._adapt_connection._handle_exception(error)
  File "D:\ASM1\.venv\Lib\site-packages\sqlalchemy\dialects\sqlite\aiosqlite.py", line 298, in _handle_exception
    raise error
  File "D:\ASM1\.venv\Lib\site-packages\sqlalchemy\dialects\sqlite\aiosqlite.py", line 129, in execute
    self.await_(_cursor.execute(operation, parameters))
  File "D:\ASM1\.venv\Lib\site-packages\sqlalchemy\util\_concurrency_py3k.py", line 132, in await_only
    return current.parent.switch(awaitable)  # type: ignore[no-any-return,attr-defined] # noqa: E501
           ^^^^^^^^^^^^^^^^^^^^^^^^^^^^^^^^
  File "D:\ASM1\.venv\Lib\site-packages\sqlalchemy\util\_concurrency_py3k.py", line 196, in greenlet_spawn
    value = await result
            ^^^^^^^^^^^^
  File "D:\ASM1\.venv\Lib\site-packages\aiosqlite\cursor.py", line 48, in execute
    await self._execute(self._cursor.execute, sql, parameters)
  File "D:\ASM1\.venv\Lib\site-packages\aiosqlite\cursor.py", line 40, in _execute
    return await self._conn._execute(fn, *args, **kwargs)
           ^^^^^^^^^^^^^^^^^^^^^^^^^^^^^^^^^^^^^^^^^^^^^^
  File "D:\ASM1\.venv\Lib\site-packages\aiosqlite\core.py", line 132, in _execute
    return await future
           ^^^^^^^^^^^^
  File "D:\ASM1\.venv\Lib\site-packages\aiosqlite\core.py", line 115, in run
    result = function()
             ^^^^^^^^^^
sqlalchemy.exc.OperationalError: (sqlite3.OperationalError) no such column: users.hashed_password
[SQL: SELECT users.id, users.email, users.name, users.role, users.created_at, users.last_login, users.hashed_password 
FROM users 
WHERE users.email = ?]
[parameters: ('admin@gmail.com',)]
(Background on this error at: https://sqlalche.me/e/20/e3q8)
2026-03-03 17:08:51,235 - core.database - DEBUG - [DB_OP] Database session cleanup after 0.0302s
2026-03-03 17:08:51,235 - aiosqlite - DEBUG - executing functools.partial(<built-in method rollback of sqlite3.Connection object at 0x000001FD59D75990>)
2026-03-03 17:08:51,235 - aiosqlite - DEBUG - operation functools.partial(<built-in method rollback of sqlite3.Connection object at 0x000001FD59D75990>) completed
2026-03-03 17:08:51,235 - aiosqlite - DEBUG - executing functools.partial(<built-in method rollback of sqlite3.Connection object at 0x000001FD59D75990>)
2026-03-03 17:08:51,235 - aiosqlite - DEBUG - operation functools.partial(<built-in method rollback of sqlite3.Connection object at 0x000001FD59D75990>) completed
2026-03-03 17:08:51,235 - aiosqlite - DEBUG - executing functools.partial(<built-in method close of sqlite3.Connection object at 0x000001FD59D75990>)
2026-03-03 17:08:51,235 - aiosqlite - DEBUG - operation functools.partial(<built-in method close of sqlite3.Connection object at 0x000001FD59D75990>) completed
2026-03-03 17:08:51,235 - core.database - ERROR - Failed to create database session: (sqlite3.OperationalError) no such column: users.hashed_password
[SQL: SELECT users.id, users.email, users.name, users.role, users.created_at, users.last_login, users.hashed_password 
FROM users 
WHERE users.email = ?]
[parameters: ('admin@gmail.com',)]
(Background on this error at: https://sqlalche.me/e/20/e3q8)
Traceback (most recent call last):
  File "D:\ASM1\.venv\Lib\site-packages\sqlalchemy\engine\base.py", line 1967, in _exec_single_context
    self.dialect.do_execute(
  File "D:\ASM1\.venv\Lib\site-packages\sqlalchemy\engine\default.py", line 941, in do_execute
    cursor.execute(statement, parameters)
  File "D:\ASM1\.venv\Lib\site-packages\sqlalchemy\dialects\sqlite\aiosqlite.py", line 147, in execute
    self._adapt_connection._handle_exception(error)
  File "D:\ASM1\.venv\Lib\site-packages\sqlalchemy\dialects\sqlite\aiosqlite.py", line 298, in _handle_exception
    raise error
  File "D:\ASM1\.venv\Lib\site-packages\sqlalchemy\dialects\sqlite\aiosqlite.py", line 129, in execute
    self.await_(_cursor.execute(operation, parameters))
  File "D:\ASM1\.venv\Lib\site-packages\sqlalchemy\util\_concurrency_py3k.py", line 132, in await_only
    return current.parent.switch(awaitable)  # type: ignore[no-any-return,attr-defined] # noqa: E501
           ^^^^^^^^^^^^^^^^^^^^^^^^^^^^^^^^
  File "D:\ASM1\.venv\Lib\site-packages\sqlalchemy\util\_concurrency_py3k.py", line 196, in greenlet_spawn
    value = await result
            ^^^^^^^^^^^^
  File "D:\ASM1\.venv\Lib\site-packages\aiosqlite\cursor.py", line 48, in execute
    await self._execute(self._cursor.execute, sql, parameters)
  File "D:\ASM1\.venv\Lib\site-packages\aiosqlite\cursor.py", line 40, in _execute
    return await self._conn._execute(fn, *args, **kwargs)
           ^^^^^^^^^^^^^^^^^^^^^^^^^^^^^^^^^^^^^^^^^^^^^^
  File "D:\ASM1\.venv\Lib\site-packages\aiosqlite\core.py", line 132, in _execute
    return await future
           ^^^^^^^^^^^^
  File "D:\ASM1\.venv\Lib\site-packages\aiosqlite\core.py", line 115, in run
    result = function()
             ^^^^^^^^^^
sqlite3.OperationalError: no such column: users.hashed_password

The above exception was the direct cause of the following exception:

Traceback (most recent call last):
  File "D:\ASM1\backend\core\database.py", line 542, in get_db
    yield session
  File "D:\ASM1\.venv\Lib\site-packages\fastapi\routing.py", line 301, in app
    raw_response = await run_endpoint_function(
                   ^^^^^^^^^^^^^^^^^^^^^^^^^^^^
  File "D:\ASM1\.venv\Lib\site-packages\fastapi\routing.py", line 212, in run_endpoint_function
    return await dependant.call(**values)
           ^^^^^^^^^^^^^^^^^^^^^^^^^^^^^^
  File "D:\ASM1\backend\routers\auth.py", line 349, in login_password
    result = await db.execute(select(User).where(User.email == clean_email))
             ^^^^^^^^^^^^^^^^^^^^^^^^^^^^^^^^^^^^^^^^^^^^^^^^^^^^^^^^^^^^^^^
  File "D:\ASM1\.venv\Lib\site-packages\sqlalchemy\ext\asyncio\session.py", line 461, in execute
    result = await greenlet_spawn(
             ^^^^^^^^^^^^^^^^^^^^^
  File "D:\ASM1\.venv\Lib\site-packages\sqlalchemy\util\_concurrency_py3k.py", line 201, in greenlet_spawn
    result = context.throw(*sys.exc_info())
             ^^^^^^^^^^^^^^^^^^^^^^^^^^^^^^
  File "D:\ASM1\.venv\Lib\site-packages\sqlalchemy\orm\session.py", line 2362, in execute
    return self._execute_internal(
           ^^^^^^^^^^^^^^^^^^^^^^^
  File "D:\ASM1\.venv\Lib\site-packages\sqlalchemy\orm\session.py", line 2247, in _execute_internal
    result: Result[Any] = compile_state_cls.orm_execute_statement(
                          ^^^^^^^^^^^^^^^^^^^^^^^^^^^^^^^^^^^^^^^^
  File "D:\ASM1\.venv\Lib\site-packages\sqlalchemy\orm\context.py", line 305, in orm_execute_statement
    result = conn.execute(
             ^^^^^^^^^^^^^
  File "D:\ASM1\.venv\Lib\site-packages\sqlalchemy\engine\base.py", line 1418, in execute
    return meth(
           ^^^^^
  File "D:\ASM1\.venv\Lib\site-packages\sqlalchemy\sql\elements.py", line 515, in _execute_on_connection
    return connection._execute_clauseelement(
           ^^^^^^^^^^^^^^^^^^^^^^^^^^^^^^^^^^
  File "D:\ASM1\.venv\Lib\site-packages\sqlalchemy\engine\base.py", line 1640, in _execute_clauseelement
    ret = self._execute_context(
          ^^^^^^^^^^^^^^^^^^^^^^
  File "D:\ASM1\.venv\Lib\site-packages\sqlalchemy\engine\base.py", line 1846, in _execute_context
    return self._exec_single_context(
           ^^^^^^^^^^^^^^^^^^^^^^^^^^
  File "D:\ASM1\.venv\Lib\site-packages\sqlalchemy\engine\base.py", line 1986, in _exec_single_context
    self._handle_dbapi_exception(
  File "D:\ASM1\.venv\Lib\site-packages\sqlalchemy\engine\base.py", line 2355, in _handle_dbapi_exception
    raise sqlalchemy_exception.with_traceback(exc_info[2]) from e
  File "D:\ASM1\.venv\Lib\site-packages\sqlalchemy\engine\base.py", line 1967, in _exec_single_context
    self.dialect.do_execute(
  File "D:\ASM1\.venv\Lib\site-packages\sqlalchemy\engine\default.py", line 941, in do_execute
    cursor.execute(statement, parameters)
  File "D:\ASM1\.venv\Lib\site-packages\sqlalchemy\dialects\sqlite\aiosqlite.py", line 147, in execute
    self._adapt_connection._handle_exception(error)
  File "D:\ASM1\.venv\Lib\site-packages\sqlalchemy\dialects\sqlite\aiosqlite.py", line 298, in _handle_exception
    raise error
  File "D:\ASM1\.venv\Lib\site-packages\sqlalchemy\dialects\sqlite\aiosqlite.py", line 129, in execute
    self.await_(_cursor.execute(operation, parameters))
  File "D:\ASM1\.venv\Lib\site-packages\sqlalchemy\util\_concurrency_py3k.py", line 132, in await_only
    return current.parent.switch(awaitable)  # type: ignore[no-any-return,attr-defined] # noqa: E501
           ^^^^^^^^^^^^^^^^^^^^^^^^^^^^^^^^
  File "D:\ASM1\.venv\Lib\site-packages\sqlalchemy\util\_concurrency_py3k.py", line 196, in greenlet_spawn
    value = await result
            ^^^^^^^^^^^^
  File "D:\ASM1\.venv\Lib\site-packages\aiosqlite\cursor.py", line 48, in execute
    await self._execute(self._cursor.execute, sql, parameters)
  File "D:\ASM1\.venv\Lib\site-packages\aiosqlite\cursor.py", line 40, in _execute
    return await self._conn._execute(fn, *args, **kwargs)
           ^^^^^^^^^^^^^^^^^^^^^^^^^^^^^^^^^^^^^^^^^^^^^^
  File "D:\ASM1\.venv\Lib\site-packages\aiosqlite\core.py", line 132, in _execute
    return await future
           ^^^^^^^^^^^^
  File "D:\ASM1\.venv\Lib\site-packages\aiosqlite\core.py", line 115, in run
    result = function()
             ^^^^^^^^^^
sqlalchemy.exc.OperationalError: (sqlite3.OperationalError) no such column: users.hashed_password
[SQL: SELECT users.id, users.email, users.name, users.role, users.created_at, users.last_login, users.hashed_password 
FROM users 
WHERE users.email = ?]
[parameters: ('admin@gmail.com',)]
(Background on this error at: https://sqlalche.me/e/20/e3q8)
2026-03-03 17:08:51,374 - core.database - DEBUG - [DB_OP] Starting get_db session creation
2026-03-03 17:08:51,374 - core.database - DEBUG - [DB_OP] Database session created successfully in 0.0000s
2026-03-03 17:08:51,374 - aiosqlite - DEBUG - executing <function connect.<locals>.connector at 0x000001FD59FE1940>
2026-03-03 17:08:51,374 - aiosqlite - DEBUG - operation <function connect.<locals>.connector at 0x000001FD59FE1940> completed
2026-03-03 17:08:51,374 - aiosqlite - DEBUG - executing functools.partial(<built-in method create_function of sqlite3.Connection object at 0x000001FD59D77C40>, 'regexp', 2, <function SQLiteDialect_pysqlite.on_connect.<locals>.regexp at 0x000001FD59CDBF60>, deterministic=True)
2026-03-03 17:08:51,374 - aiosqlite - DEBUG - operation functools.partial(<built-in method create_function of sqlite3.Connection object at 0x000001FD59D77C40>, 'regexp', 2, <function SQLiteDialect_pysqlite.on_connect.<locals>.regexp at 0x000001FD59CDBF60>, deterministic=True) completed
2026-03-03 17:08:51,374 - aiosqlite - DEBUG - executing functools.partial(<built-in method create_function of sqlite3.Connection object at 0x000001FD59D77C40>, 'floor', 1, <built-in function floor>, deterministic=True)
2026-03-03 17:08:51,374 - aiosqlite - DEBUG - operation functools.partial(<built-in method create_function of sqlite3.Connection object at 0x000001FD59D77C40>, 'floor', 1, <built-in function floor>, deterministic=True) completed
2026-03-03 17:08:51,374 - aiosqlite - DEBUG - executing functools.partial(<built-in method cursor of sqlite3.Connection object at 0x000001FD59D77C40>)
2026-03-03 17:08:51,374 - aiosqlite - DEBUG - operation functools.partial(<built-in method cursor of sqlite3.Connection object at 0x000001FD59D77C40>) completed
2026-03-03 17:08:51,374 - aiosqlite - DEBUG - executing functools.partial(<built-in method execute of sqlite3.Cursor object at 0x000001FD5A028340>, 'SELECT users.id, users.email, users.name, users.role, users.created_at, users.last_login, users.hashed_password \nFROM users \nWHERE users.email = ?', ('admin@gmail.com',))
2026-03-03 17:08:51,382 - aiosqlite - DEBUG - returning exception no such column: users.hashed_password
2026-03-03 17:08:51,382 - core.database - ERROR - Database session error: (sqlite3.OperationalError) no such column: users.hashed_password
[SQL: SELECT users.id, users.email, users.name, users.role, users.created_at, users.last_login, users.hashed_password 
FROM users 
WHERE users.email = ?]
[parameters: ('admin@gmail.com',)]
(Background on this error at: https://sqlalche.me/e/20/e3q8)
Traceback (most recent call last):
  File "D:\ASM1\.venv\Lib\site-packages\sqlalchemy\engine\base.py", line 1967, in _exec_single_context
    self.dialect.do_execute(
  File "D:\ASM1\.venv\Lib\site-packages\sqlalchemy\engine\default.py", line 941, in do_execute
    cursor.execute(statement, parameters)
  File "D:\ASM1\.venv\Lib\site-packages\sqlalchemy\dialects\sqlite\aiosqlite.py", line 147, in execute
    self._adapt_connection._handle_exception(error)
  File "D:\ASM1\.venv\Lib\site-packages\sqlalchemy\dialects\sqlite\aiosqlite.py", line 298, in _handle_exception
    raise error
  File "D:\ASM1\.venv\Lib\site-packages\sqlalchemy\dialects\sqlite\aiosqlite.py", line 129, in execute
    self.await_(_cursor.execute(operation, parameters))
  File "D:\ASM1\.venv\Lib\site-packages\sqlalchemy\util\_concurrency_py3k.py", line 132, in await_only
    return current.parent.switch(awaitable)  # type: ignore[no-any-return,attr-defined] # noqa: E501
           ^^^^^^^^^^^^^^^^^^^^^^^^^^^^^^^^
  File "D:\ASM1\.venv\Lib\site-packages\sqlalchemy\util\_concurrency_py3k.py", line 196, in greenlet_spawn
    value = await result
            ^^^^^^^^^^^^
  File "D:\ASM1\.venv\Lib\site-packages\aiosqlite\cursor.py", line 48, in execute
    await self._execute(self._cursor.execute, sql, parameters)
  File "D:\ASM1\.venv\Lib\site-packages\aiosqlite\cursor.py", line 40, in _execute
    return await self._conn._execute(fn, *args, **kwargs)
           ^^^^^^^^^^^^^^^^^^^^^^^^^^^^^^^^^^^^^^^^^^^^^^
  File "D:\ASM1\.venv\Lib\site-packages\aiosqlite\core.py", line 132, in _execute
    return await future
           ^^^^^^^^^^^^
  File "D:\ASM1\.venv\Lib\site-packages\aiosqlite\core.py", line 115, in run
    result = function()
             ^^^^^^^^^^
sqlite3.OperationalError: no such column: users.hashed_password

The above exception was the direct cause of the following exception:

Traceback (most recent call last):
  File "D:\ASM1\backend\core\database.py", line 542, in get_db
    yield session
  File "D:\ASM1\.venv\Lib\site-packages\fastapi\routing.py", line 301, in app
    raw_response = await run_endpoint_function(
                   ^^^^^^^^^^^^^^^^^^^^^^^^^^^^
  File "D:\ASM1\.venv\Lib\site-packages\fastapi\routing.py", line 212, in run_endpoint_function
    return await dependant.call(**values)
           ^^^^^^^^^^^^^^^^^^^^^^^^^^^^^^
  File "D:\ASM1\backend\routers\auth.py", line 349, in login_password
    result = await db.execute(select(User).where(User.email == clean_email))
             ^^^^^^^^^^^^^^^^^^^^^^^^^^^^^^^^^^^^^^^^^^^^^^^^^^^^^^^^^^^^^^^
  File "D:\ASM1\.venv\Lib\site-packages\sqlalchemy\ext\asyncio\session.py", line 461, in execute
    result = await greenlet_spawn(
             ^^^^^^^^^^^^^^^^^^^^^
  File "D:\ASM1\.venv\Lib\site-packages\sqlalchemy\util\_concurrency_py3k.py", line 201, in greenlet_spawn
    result = context.throw(*sys.exc_info())
             ^^^^^^^^^^^^^^^^^^^^^^^^^^^^^^
  File "D:\ASM1\.venv\Lib\site-packages\sqlalchemy\orm\session.py", line 2362, in execute
    return self._execute_internal(
           ^^^^^^^^^^^^^^^^^^^^^^^
  File "D:\ASM1\.venv\Lib\site-packages\sqlalchemy\orm\session.py", line 2247, in _execute_internal
    result: Result[Any] = compile_state_cls.orm_execute_statement(
                          ^^^^^^^^^^^^^^^^^^^^^^^^^^^^^^^^^^^^^^^^
  File "D:\ASM1\.venv\Lib\site-packages\sqlalchemy\orm\context.py", line 305, in orm_execute_statement
    result = conn.execute(
             ^^^^^^^^^^^^^
  File "D:\ASM1\.venv\Lib\site-packages\sqlalchemy\engine\base.py", line 1418, in execute
    return meth(
           ^^^^^
  File "D:\ASM1\.venv\Lib\site-packages\sqlalchemy\sql\elements.py", line 515, in _execute_on_connection
    return connection._execute_clauseelement(
           ^^^^^^^^^^^^^^^^^^^^^^^^^^^^^^^^^^
  File "D:\ASM1\.venv\Lib\site-packages\sqlalchemy\engine\base.py", line 1640, in _execute_clauseelement
    ret = self._execute_context(
          ^^^^^^^^^^^^^^^^^^^^^^
  File "D:\ASM1\.venv\Lib\site-packages\sqlalchemy\engine\base.py", line 1846, in _execute_context
    return self._exec_single_context(
           ^^^^^^^^^^^^^^^^^^^^^^^^^^
  File "D:\ASM1\.venv\Lib\site-packages\sqlalchemy\engine\base.py", line 1986, in _exec_single_context
    self._handle_dbapi_exception(
  File "D:\ASM1\.venv\Lib\site-packages\sqlalchemy\engine\base.py", line 2355, in _handle_dbapi_exception
    raise sqlalchemy_exception.with_traceback(exc_info[2]) from e
  File "D:\ASM1\.venv\Lib\site-packages\sqlalchemy\engine\base.py", line 1967, in _exec_single_context
    self.dialect.do_execute(
  File "D:\ASM1\.venv\Lib\site-packages\sqlalchemy\engine\default.py", line 941, in do_execute
    cursor.execute(statement, parameters)
  File "D:\ASM1\.venv\Lib\site-packages\sqlalchemy\dialects\sqlite\aiosqlite.py", line 147, in execute
    self._adapt_connection._handle_exception(error)
  File "D:\ASM1\.venv\Lib\site-packages\sqlalchemy\dialects\sqlite\aiosqlite.py", line 298, in _handle_exception
    raise error
  File "D:\ASM1\.venv\Lib\site-packages\sqlalchemy\dialects\sqlite\aiosqlite.py", line 129, in execute
    self.await_(_cursor.execute(operation, parameters))
  File "D:\ASM1\.venv\Lib\site-packages\sqlalchemy\util\_concurrency_py3k.py", line 132, in await_only
    return current.parent.switch(awaitable)  # type: ignore[no-any-return,attr-defined] # noqa: E501
           ^^^^^^^^^^^^^^^^^^^^^^^^^^^^^^^^
  File "D:\ASM1\.venv\Lib\site-packages\sqlalchemy\util\_concurrency_py3k.py", line 196, in greenlet_spawn
    value = await result
            ^^^^^^^^^^^^
  File "D:\ASM1\.venv\Lib\site-packages\aiosqlite\cursor.py", line 48, in execute
    await self._execute(self._cursor.execute, sql, parameters)
  File "D:\ASM1\.venv\Lib\site-packages\aiosqlite\cursor.py", line 40, in _execute
    return await self._conn._execute(fn, *args, **kwargs)
           ^^^^^^^^^^^^^^^^^^^^^^^^^^^^^^^^^^^^^^^^^^^^^^
  File "D:\ASM1\.venv\Lib\site-packages\aiosqlite\core.py", line 132, in _execute
    return await future
           ^^^^^^^^^^^^
  File "D:\ASM1\.venv\Lib\site-packages\aiosqlite\core.py", line 115, in run
    result = function()
             ^^^^^^^^^^
sqlalchemy.exc.OperationalError: (sqlite3.OperationalError) no such column: users.hashed_password
[SQL: SELECT users.id, users.email, users.name, users.role, users.created_at, users.last_login, users.hashed_password 
FROM users 
WHERE users.email = ?]
[parameters: ('admin@gmail.com',)]
(Background on this error at: https://sqlalche.me/e/20/e3q8)
2026-03-03 17:08:51,384 - core.database - DEBUG - [DB_OP] Database session cleanup after 0.0098s
2026-03-03 17:08:51,394 - aiosqlite - DEBUG - executing functools.partial(<built-in method rollback of sqlite3.Connection object at 0x000001FD59D77C40>)
2026-03-03 17:08:51,394 - aiosqlite - DEBUG - operation functools.partial(<built-in method rollback of sqlite3.Connection object at 0x000001FD59D77C40>) completed
2026-03-03 17:08:51,394 - aiosqlite - DEBUG - executing functools.partial(<built-in method rollback of sqlite3.Connection object at 0x000001FD59D77C40>)
2026-03-03 17:08:51,394 - aiosqlite - DEBUG - operation functools.partial(<built-in method rollback of sqlite3.Connection object at 0x000001FD59D77C40>) completed
2026-03-03 17:08:51,394 - aiosqlite - DEBUG - executing functools.partial(<built-in method close of sqlite3.Connection object at 0x000001FD59D77C40>)
2026-03-03 17:08:51,394 - aiosqlite - DEBUG - operation functools.partial(<built-in method close of sqlite3.Connection object at 0x000001FD59D77C40>) completed
2026-03-03 17:08:51,394 - core.database - ERROR - Failed to create database session: (sqlite3.OperationalError) no such column: users.hashed_password
[SQL: SELECT users.id, users.email, users.name, users.role, users.created_at, users.last_login, users.hashed_password 
FROM users 
WHERE users.email = ?]
[parameters: ('admin@gmail.com',)]
(Background on this error at: https://sqlalche.me/e/20/e3q8)
Traceback (most recent call last):
  File "D:\ASM1\.venv\Lib\site-packages\sqlalchemy\engine\base.py", line 1967, in _exec_single_context
    self.dialect.do_execute(
  File "D:\ASM1\.venv\Lib\site-packages\sqlalchemy\engine\default.py", line 941, in do_execute
    cursor.execute(statement, parameters)
  File "D:\ASM1\.venv\Lib\site-packages\sqlalchemy\dialects\sqlite\aiosqlite.py", line 147, in execute
    self._adapt_connection._handle_exception(error)
  File "D:\ASM1\.venv\Lib\site-packages\sqlalchemy\dialects\sqlite\aiosqlite.py", line 298, in _handle_exception
    raise error
  File "D:\ASM1\.venv\Lib\site-packages\sqlalchemy\dialects\sqlite\aiosqlite.py", line 129, in execute
    self.await_(_cursor.execute(operation, parameters))
  File "D:\ASM1\.venv\Lib\site-packages\sqlalchemy\util\_concurrency_py3k.py", line 132, in await_only
    return current.parent.switch(awaitable)  # type: ignore[no-any-return,attr-defined] # noqa: E501
           ^^^^^^^^^^^^^^^^^^^^^^^^^^^^^^^^
  File "D:\ASM1\.venv\Lib\site-packages\sqlalchemy\util\_concurrency_py3k.py", line 196, in greenlet_spawn
    value = await result
            ^^^^^^^^^^^^
  File "D:\ASM1\.venv\Lib\site-packages\aiosqlite\cursor.py", line 48, in execute
    await self._execute(self._cursor.execute, sql, parameters)
  File "D:\ASM1\.venv\Lib\site-packages\aiosqlite\cursor.py", line 40, in _execute
    return await self._conn._execute(fn, *args, **kwargs)
           ^^^^^^^^^^^^^^^^^^^^^^^^^^^^^^^^^^^^^^^^^^^^^^
  File "D:\ASM1\.venv\Lib\site-packages\aiosqlite\core.py", line 132, in _execute
    return await future
           ^^^^^^^^^^^^
  File "D:\ASM1\.venv\Lib\site-packages\aiosqlite\core.py", line 115, in run
    result = function()
             ^^^^^^^^^^
sqlite3.OperationalError: no such column: users.hashed_password

The above exception was the direct cause of the following exception:

Traceback (most recent call last):
  File "D:\ASM1\backend\core\database.py", line 542, in get_db
    yield session
  File "D:\ASM1\.venv\Lib\site-packages\fastapi\routing.py", line 301, in app
    raw_response = await run_endpoint_function(
                   ^^^^^^^^^^^^^^^^^^^^^^^^^^^^
  File "D:\ASM1\.venv\Lib\site-packages\fastapi\routing.py", line 212, in run_endpoint_function
    return await dependant.call(**values)
           ^^^^^^^^^^^^^^^^^^^^^^^^^^^^^^
  File "D:\ASM1\backend\routers\auth.py", line 349, in login_password
    result = await db.execute(select(User).where(User.email == clean_email))
             ^^^^^^^^^^^^^^^^^^^^^^^^^^^^^^^^^^^^^^^^^^^^^^^^^^^^^^^^^^^^^^^
  File "D:\ASM1\.venv\Lib\site-packages\sqlalchemy\ext\asyncio\session.py", line 461, in execute
    result = await greenlet_spawn(
             ^^^^^^^^^^^^^^^^^^^^^
  File "D:\ASM1\.venv\Lib\site-packages\sqlalchemy\util\_concurrency_py3k.py", line 201, in greenlet_spawn
    result = context.throw(*sys.exc_info())
             ^^^^^^^^^^^^^^^^^^^^^^^^^^^^^^
  File "D:\ASM1\.venv\Lib\site-packages\sqlalchemy\orm\session.py", line 2362, in execute
    return self._execute_internal(
           ^^^^^^^^^^^^^^^^^^^^^^^
  File "D:\ASM1\.venv\Lib\site-packages\sqlalchemy\orm\session.py", line 2247, in _execute_internal
    result: Result[Any] = compile_state_cls.orm_execute_statement(
                          ^^^^^^^^^^^^^^^^^^^^^^^^^^^^^^^^^^^^^^^^
  File "D:\ASM1\.venv\Lib\site-packages\sqlalchemy\orm\context.py", line 305, in orm_execute_statement
    result = conn.execute(
             ^^^^^^^^^^^^^
  File "D:\ASM1\.venv\Lib\site-packages\sqlalchemy\engine\base.py", line 1418, in execute
    return meth(
           ^^^^^
  File "D:\ASM1\.venv\Lib\site-packages\sqlalchemy\sql\elements.py", line 515, in _execute_on_connection
    return connection._execute_clauseelement(
           ^^^^^^^^^^^^^^^^^^^^^^^^^^^^^^^^^^
  File "D:\ASM1\.venv\Lib\site-packages\sqlalchemy\engine\base.py", line 1640, in _execute_clauseelement
    ret = self._execute_context(
          ^^^^^^^^^^^^^^^^^^^^^^
  File "D:\ASM1\.venv\Lib\site-packages\sqlalchemy\engine\base.py", line 1846, in _execute_context
    return self._exec_single_context(
           ^^^^^^^^^^^^^^^^^^^^^^^^^^
  File "D:\ASM1\.venv\Lib\site-packages\sqlalchemy\engine\base.py", line 1986, in _exec_single_context
    self._handle_dbapi_exception(
  File "D:\ASM1\.venv\Lib\site-packages\sqlalchemy\engine\base.py", line 2355, in _handle_dbapi_exception
    raise sqlalchemy_exception.with_traceback(exc_info[2]) from e
  File "D:\ASM1\.venv\Lib\site-packages\sqlalchemy\engine\base.py", line 1967, in _exec_single_context
    self.dialect.do_execute(
  File "D:\ASM1\.venv\Lib\site-packages\sqlalchemy\engine\default.py", line 941, in do_execute
    cursor.execute(statement, parameters)
  File "D:\ASM1\.venv\Lib\site-packages\sqlalchemy\dialects\sqlite\aiosqlite.py", line 147, in execute
    self._adapt_connection._handle_exception(error)
  File "D:\ASM1\.venv\Lib\site-packages\sqlalchemy\dialects\sqlite\aiosqlite.py", line 298, in _handle_exception
    raise error
  File "D:\ASM1\.venv\Lib\site-packages\sqlalchemy\dialects\sqlite\aiosqlite.py", line 129, in execute
    self.await_(_cursor.execute(operation, parameters))
  File "D:\ASM1\.venv\Lib\site-packages\sqlalchemy\util\_concurrency_py3k.py", line 132, in await_only
    return current.parent.switch(awaitable)  # type: ignore[no-any-return,attr-defined] # noqa: E501
           ^^^^^^^^^^^^^^^^^^^^^^^^^^^^^^^^
  File "D:\ASM1\.venv\Lib\site-packages\sqlalchemy\util\_concurrency_py3k.py", line 196, in greenlet_spawn
    value = await result
            ^^^^^^^^^^^^
  File "D:\ASM1\.venv\Lib\site-packages\aiosqlite\cursor.py", line 48, in execute
    await self._execute(self._cursor.execute, sql, parameters)
  File "D:\ASM1\.venv\Lib\site-packages\aiosqlite\cursor.py", line 40, in _execute
    return await self._conn._execute(fn, *args, **kwargs)
           ^^^^^^^^^^^^^^^^^^^^^^^^^^^^^^^^^^^^^^^^^^^^^^
  File "D:\ASM1\.venv\Lib\site-packages\aiosqlite\core.py", line 132, in _execute
    return await future
           ^^^^^^^^^^^^
  File "D:\ASM1\.venv\Lib\site-packages\aiosqlite\core.py", line 115, in run
    result = function()
             ^^^^^^^^^^
sqlalchemy.exc.OperationalError: (sqlite3.OperationalError) no such column: users.hashed_password
[SQL: SELECT users.id, users.email, users.name, users.role, users.created_at, users.last_login, users.hashed_password 
FROM users 
WHERE users.email = ?]
[parameters: ('admin@gmail.com',)]
(Background on this error at: https://sqlalche.me/e/20/e3q8)
2026-03-03 17:08:51,551 - core.database - DEBUG - [DB_OP] Starting get_db session creation
2026-03-03 17:08:51,551 - core.database - DEBUG - [DB_OP] Database session created successfully in 0.0000s
2026-03-03 17:08:51,551 - aiosqlite - DEBUG - executing <function connect.<locals>.connector at 0x000001FD59FE2F20>
2026-03-03 17:08:51,551 - aiosqlite - DEBUG - operation <function connect.<locals>.connector at 0x000001FD59FE2F20> completed
2026-03-03 17:08:51,551 - aiosqlite - DEBUG - executing functools.partial(<built-in method create_function of sqlite3.Connection object at 0x000001FD5A0346D0>, 'regexp', 2, <function SQLiteDialect_pysqlite.on_connect.<locals>.regexp at 0x000001FD59CDBF60>, deterministic=True)
2026-03-03 17:08:51,551 - aiosqlite - DEBUG - operation functools.partial(<built-in method create_function of sqlite3.Connection object at 0x000001FD5A0346D0>, 'regexp', 2, <function SQLiteDialect_pysqlite.on_connect.<locals>.regexp at 0x000001FD59CDBF60>, deterministic=True) completed
2026-03-03 17:08:51,551 - aiosqlite - DEBUG - executing functools.partial(<built-in method create_function of sqlite3.Connection object at 0x000001FD5A0346D0>, 'floor', 1, <built-in function floor>, deterministic=True)
2026-03-03 17:08:51,551 - aiosqlite - DEBUG - operation functools.partial(<built-in method create_function of sqlite3.Connection object at 0x000001FD5A0346D0>, 'floor', 1, <built-in function floor>, deterministic=True) completed
2026-03-03 17:08:51,551 - aiosqlite - DEBUG - executing functools.partial(<built-in method cursor of sqlite3.Connection object at 0x000001FD5A0346D0>)
2026-03-03 17:08:51,551 - aiosqlite - DEBUG - operation functools.partial(<built-in method cursor of sqlite3.Connection object at 0x000001FD5A0346D0>) completed
2026-03-03 17:08:51,551 - aiosqlite - DEBUG - executing functools.partial(<built-in method execute of sqlite3.Cursor object at 0x000001FD59D6D7C0>, 'SELECT users.id, users.email, users.name, users.role, users.created_at, users.last_login, users.hashed_password \nFROM users \nWHERE users.email = ?', ('admin@gmail.com',))
2026-03-03 17:08:51,564 - aiosqlite - DEBUG - returning exception no such column: users.hashed_password
2026-03-03 17:08:51,564 - core.database - ERROR - Database session error: (sqlite3.OperationalError) no such column: users.hashed_password
[SQL: SELECT users.id, users.email, users.name, users.role, users.created_at, users.last_login, users.hashed_password 
FROM users 
WHERE users.email = ?]
[parameters: ('admin@gmail.com',)]
(Background on this error at: https://sqlalche.me/e/20/e3q8)
Traceback (most recent call last):
  File "D:\ASM1\.venv\Lib\site-packages\sqlalchemy\engine\base.py", line 1967, in _exec_single_context
    self.dialect.do_execute(
  File "D:\ASM1\.venv\Lib\site-packages\sqlalchemy\engine\default.py", line 941, in do_execute
    cursor.execute(statement, parameters)
  File "D:\ASM1\.venv\Lib\site-packages\sqlalchemy\dialects\sqlite\aiosqlite.py", line 147, in execute
    self._adapt_connection._handle_exception(error)
  File "D:\ASM1\.venv\Lib\site-packages\sqlalchemy\dialects\sqlite\aiosqlite.py", line 298, in _handle_exception
    raise error
  File "D:\ASM1\.venv\Lib\site-packages\sqlalchemy\dialects\sqlite\aiosqlite.py", line 129, in execute
    self.await_(_cursor.execute(operation, parameters))
  File "D:\ASM1\.venv\Lib\site-packages\sqlalchemy\util\_concurrency_py3k.py", line 132, in await_only
    return current.parent.switch(awaitable)  # type: ignore[no-any-return,attr-defined] # noqa: E501
           ^^^^^^^^^^^^^^^^^^^^^^^^^^^^^^^^
  File "D:\ASM1\.venv\Lib\site-packages\sqlalchemy\util\_concurrency_py3k.py", line 196, in greenlet_spawn
    value = await result
            ^^^^^^^^^^^^
  File "D:\ASM1\.venv\Lib\site-packages\aiosqlite\cursor.py", line 48, in execute
    await self._execute(self._cursor.execute, sql, parameters)
  File "D:\ASM1\.venv\Lib\site-packages\aiosqlite\cursor.py", line 40, in _execute
    return await self._conn._execute(fn, *args, **kwargs)
           ^^^^^^^^^^^^^^^^^^^^^^^^^^^^^^^^^^^^^^^^^^^^^^
  File "D:\ASM1\.venv\Lib\site-packages\aiosqlite\core.py", line 132, in _execute
    return await future
           ^^^^^^^^^^^^
  File "D:\ASM1\.venv\Lib\site-packages\aiosqlite\core.py", line 115, in run
    result = function()
             ^^^^^^^^^^
sqlite3.OperationalError: no such column: users.hashed_password

The above exception was the direct cause of the following exception:

Traceback (most recent call last):
  File "D:\ASM1\backend\core\database.py", line 542, in get_db
    yield session
  File "D:\ASM1\.venv\Lib\site-packages\fastapi\routing.py", line 301, in app
    raw_response = await run_endpoint_function(
                   ^^^^^^^^^^^^^^^^^^^^^^^^^^^^
  File "D:\ASM1\.venv\Lib\site-packages\fastapi\routing.py", line 212, in run_endpoint_function
    return await dependant.call(**values)
           ^^^^^^^^^^^^^^^^^^^^^^^^^^^^^^
  File "D:\ASM1\backend\routers\auth.py", line 349, in login_password
    result = await db.execute(select(User).where(User.email == clean_email))
             ^^^^^^^^^^^^^^^^^^^^^^^^^^^^^^^^^^^^^^^^^^^^^^^^^^^^^^^^^^^^^^^
  File "D:\ASM1\.venv\Lib\site-packages\sqlalchemy\ext\asyncio\session.py", line 461, in execute
    result = await greenlet_spawn(
             ^^^^^^^^^^^^^^^^^^^^^
  File "D:\ASM1\.venv\Lib\site-packages\sqlalchemy\util\_concurrency_py3k.py", line 201, in greenlet_spawn
    result = context.throw(*sys.exc_info())
             ^^^^^^^^^^^^^^^^^^^^^^^^^^^^^^
  File "D:\ASM1\.venv\Lib\site-packages\sqlalchemy\orm\session.py", line 2362, in execute
    return self._execute_internal(
           ^^^^^^^^^^^^^^^^^^^^^^^
  File "D:\ASM1\.venv\Lib\site-packages\sqlalchemy\orm\session.py", line 2247, in _execute_internal
    result: Result[Any] = compile_state_cls.orm_execute_statement(
                          ^^^^^^^^^^^^^^^^^^^^^^^^^^^^^^^^^^^^^^^^
  File "D:\ASM1\.venv\Lib\site-packages\sqlalchemy\orm\context.py", line 305, in orm_execute_statement
    result = conn.execute(
             ^^^^^^^^^^^^^
  File "D:\ASM1\.venv\Lib\site-packages\sqlalchemy\engine\base.py", line 1418, in execute
    return meth(
           ^^^^^
  File "D:\ASM1\.venv\Lib\site-packages\sqlalchemy\sql\elements.py", line 515, in _execute_on_connection
    return connection._execute_clauseelement(
           ^^^^^^^^^^^^^^^^^^^^^^^^^^^^^^^^^^
  File "D:\ASM1\.venv\Lib\site-packages\sqlalchemy\engine\base.py", line 1640, in _execute_clauseelement
    ret = self._execute_context(
          ^^^^^^^^^^^^^^^^^^^^^^
  File "D:\ASM1\.venv\Lib\site-packages\sqlalchemy\engine\base.py", line 1846, in _execute_context
    return self._exec_single_context(
           ^^^^^^^^^^^^^^^^^^^^^^^^^^
  File "D:\ASM1\.venv\Lib\site-packages\sqlalchemy\engine\base.py", line 1986, in _exec_single_context
    self._handle_dbapi_exception(
  File "D:\ASM1\.venv\Lib\site-packages\sqlalchemy\engine\base.py", line 2355, in _handle_dbapi_exception
    raise sqlalchemy_exception.with_traceback(exc_info[2]) from e
  File "D:\ASM1\.venv\Lib\site-packages\sqlalchemy\engine\base.py", line 1967, in _exec_single_context
    self.dialect.do_execute(
  File "D:\ASM1\.venv\Lib\site-packages\sqlalchemy\engine\default.py", line 941, in do_execute
    cursor.execute(statement, parameters)
  File "D:\ASM1\.venv\Lib\site-packages\sqlalchemy\dialects\sqlite\aiosqlite.py", line 147, in execute
    self._adapt_connection._handle_exception(error)
  File "D:\ASM1\.venv\Lib\site-packages\sqlalchemy\dialects\sqlite\aiosqlite.py", line 298, in _handle_exception
    raise error
  File "D:\ASM1\.venv\Lib\site-packages\sqlalchemy\dialects\sqlite\aiosqlite.py", line 129, in execute
    self.await_(_cursor.execute(operation, parameters))
  File "D:\ASM1\.venv\Lib\site-packages\sqlalchemy\util\_concurrency_py3k.py", line 132, in await_only
    return current.parent.switch(awaitable)  # type: ignore[no-any-return,attr-defined] # noqa: E501
           ^^^^^^^^^^^^^^^^^^^^^^^^^^^^^^^^
  File "D:\ASM1\.venv\Lib\site-packages\sqlalchemy\util\_concurrency_py3k.py", line 196, in greenlet_spawn
    value = await result
            ^^^^^^^^^^^^
  File "D:\ASM1\.venv\Lib\site-packages\aiosqlite\cursor.py", line 48, in execute
    await self._execute(self._cursor.execute, sql, parameters)
  File "D:\ASM1\.venv\Lib\site-packages\aiosqlite\cursor.py", line 40, in _execute
    return await self._conn._execute(fn, *args, **kwargs)
           ^^^^^^^^^^^^^^^^^^^^^^^^^^^^^^^^^^^^^^^^^^^^^^
  File "D:\ASM1\.venv\Lib\site-packages\aiosqlite\core.py", line 132, in _execute
    return await future
           ^^^^^^^^^^^^
  File "D:\ASM1\.venv\Lib\site-packages\aiosqlite\core.py", line 115, in run
    result = function()
             ^^^^^^^^^^
sqlalchemy.exc.OperationalError: (sqlite3.OperationalError) no such column: users.hashed_password
[SQL: SELECT users.id, users.email, users.name, users.role, users.created_at, users.last_login, users.hashed_password 
FROM users 
WHERE users.email = ?]
[parameters: ('admin@gmail.com',)]
(Background on this error at: https://sqlalche.me/e/20/e3q8)
2026-03-03 17:08:51,574 - core.database - DEBUG - [DB_OP] Database session cleanup after 0.0228s
2026-03-03 17:08:51,574 - aiosqlite - DEBUG - executing functools.partial(<built-in method rollback of sqlite3.Connection object at 0x000001FD5A0346D0>)
2026-03-03 17:08:51,574 - aiosqlite - DEBUG - operation functools.partial(<built-in method rollback of sqlite3.Connection object at 0x000001FD5A0346D0>) completed
2026-03-03 17:08:51,574 - aiosqlite - DEBUG - executing functools.partial(<built-in method rollback of sqlite3.Connection object at 0x000001FD5A0346D0>)
2026-03-03 17:08:51,574 - aiosqlite - DEBUG - operation functools.partial(<built-in method rollback of sqlite3.Connection object at 0x000001FD5A0346D0>) completed
2026-03-03 17:08:51,574 - aiosqlite - DEBUG - executing functools.partial(<built-in method close of sqlite3.Connection object at 0x000001FD5A0346D0>)
2026-03-03 17:08:51,574 - aiosqlite - DEBUG - operation functools.partial(<built-in method close of sqlite3.Connection object at 0x000001FD5A0346D0>) completed
2026-03-03 17:08:51,574 - core.database - ERROR - Failed to create database session: (sqlite3.OperationalError) no such column: users.hashed_password
[SQL: SELECT users.id, users.email, users.name, users.role, users.created_at, users.last_login, users.hashed_password 
FROM users 
WHERE users.email = ?]
[parameters: ('admin@gmail.com',)]
(Background on this error at: https://sqlalche.me/e/20/e3q8)
Traceback (most recent call last):
  File "D:\ASM1\.venv\Lib\site-packages\sqlalchemy\engine\base.py", line 1967, in _exec_single_context
    self.dialect.do_execute(
  File "D:\ASM1\.venv\Lib\site-packages\sqlalchemy\engine\default.py", line 941, in do_execute
    cursor.execute(statement, parameters)
  File "D:\ASM1\.venv\Lib\site-packages\sqlalchemy\dialects\sqlite\aiosqlite.py", line 147, in execute
    self._adapt_connection._handle_exception(error)
  File "D:\ASM1\.venv\Lib\site-packages\sqlalchemy\dialects\sqlite\aiosqlite.py", line 298, in _handle_exception
    raise error
  File "D:\ASM1\.venv\Lib\site-packages\sqlalchemy\dialects\sqlite\aiosqlite.py", line 129, in execute
    self.await_(_cursor.execute(operation, parameters))
  File "D:\ASM1\.venv\Lib\site-packages\sqlalchemy\util\_concurrency_py3k.py", line 132, in await_only
    return current.parent.switch(awaitable)  # type: ignore[no-any-return,attr-defined] # noqa: E501
           ^^^^^^^^^^^^^^^^^^^^^^^^^^^^^^^^
  File "D:\ASM1\.venv\Lib\site-packages\sqlalchemy\util\_concurrency_py3k.py", line 196, in greenlet_spawn
    value = await result
            ^^^^^^^^^^^^
  File "D:\ASM1\.venv\Lib\site-packages\aiosqlite\cursor.py", line 48, in execute
    await self._execute(self._cursor.execute, sql, parameters)
  File "D:\ASM1\.venv\Lib\site-packages\aiosqlite\cursor.py", line 40, in _execute
    return await self._conn._execute(fn, *args, **kwargs)
           ^^^^^^^^^^^^^^^^^^^^^^^^^^^^^^^^^^^^^^^^^^^^^^
  File "D:\ASM1\.venv\Lib\site-packages\aiosqlite\core.py", line 132, in _execute
    return await future
           ^^^^^^^^^^^^
  File "D:\ASM1\.venv\Lib\site-packages\aiosqlite\core.py", line 115, in run
    result = function()
             ^^^^^^^^^^
sqlite3.OperationalError: no such column: users.hashed_password

The above exception was the direct cause of the following exception:

Traceback (most recent call last):
  File "D:\ASM1\backend\core\database.py", line 542, in get_db
    yield session
  File "D:\ASM1\.venv\Lib\site-packages\fastapi\routing.py", line 301, in app
    raw_response = await run_endpoint_function(
                   ^^^^^^^^^^^^^^^^^^^^^^^^^^^^
  File "D:\ASM1\.venv\Lib\site-packages\fastapi\routing.py", line 212, in run_endpoint_function
    return await dependant.call(**values)
           ^^^^^^^^^^^^^^^^^^^^^^^^^^^^^^
  File "D:\ASM1\backend\routers\auth.py", line 349, in login_password
    result = await db.execute(select(User).where(User.email == clean_email))
             ^^^^^^^^^^^^^^^^^^^^^^^^^^^^^^^^^^^^^^^^^^^^^^^^^^^^^^^^^^^^^^^
  File "D:\ASM1\.venv\Lib\site-packages\sqlalchemy\ext\asyncio\session.py", line 461, in execute
    result = await greenlet_spawn(
             ^^^^^^^^^^^^^^^^^^^^^
  File "D:\ASM1\.venv\Lib\site-packages\sqlalchemy\util\_concurrency_py3k.py", line 201, in greenlet_spawn
    result = context.throw(*sys.exc_info())
             ^^^^^^^^^^^^^^^^^^^^^^^^^^^^^^
  File "D:\ASM1\.venv\Lib\site-packages\sqlalchemy\orm\session.py", line 2362, in execute
    return self._execute_internal(
           ^^^^^^^^^^^^^^^^^^^^^^^
  File "D:\ASM1\.venv\Lib\site-packages\sqlalchemy\orm\session.py", line 2247, in _execute_internal
    result: Result[Any] = compile_state_cls.orm_execute_statement(
                          ^^^^^^^^^^^^^^^^^^^^^^^^^^^^^^^^^^^^^^^^
  File "D:\ASM1\.venv\Lib\site-packages\sqlalchemy\orm\context.py", line 305, in orm_execute_statement
    result = conn.execute(
             ^^^^^^^^^^^^^
  File "D:\ASM1\.venv\Lib\site-packages\sqlalchemy\engine\base.py", line 1418, in execute
    return meth(
           ^^^^^
  File "D:\ASM1\.venv\Lib\site-packages\sqlalchemy\sql\elements.py", line 515, in _execute_on_connection
    return connection._execute_clauseelement(
           ^^^^^^^^^^^^^^^^^^^^^^^^^^^^^^^^^^
  File "D:\ASM1\.venv\Lib\site-packages\sqlalchemy\engine\base.py", line 1640, in _execute_clauseelement
    ret = self._execute_context(
          ^^^^^^^^^^^^^^^^^^^^^^
  File "D:\ASM1\.venv\Lib\site-packages\sqlalchemy\engine\base.py", line 1846, in _execute_context
    return self._exec_single_context(
           ^^^^^^^^^^^^^^^^^^^^^^^^^^
  File "D:\ASM1\.venv\Lib\site-packages\sqlalchemy\engine\base.py", line 1986, in _exec_single_context
    self._handle_dbapi_exception(
  File "D:\ASM1\.venv\Lib\site-packages\sqlalchemy\engine\base.py", line 2355, in _handle_dbapi_exception
    raise sqlalchemy_exception.with_traceback(exc_info[2]) from e
  File "D:\ASM1\.venv\Lib\site-packages\sqlalchemy\engine\base.py", line 1967, in _exec_single_context
    self.dialect.do_execute(
  File "D:\ASM1\.venv\Lib\site-packages\sqlalchemy\engine\default.py", line 941, in do_execute
    cursor.execute(statement, parameters)
  File "D:\ASM1\.venv\Lib\site-packages\sqlalchemy\dialects\sqlite\aiosqlite.py", line 147, in execute
    self._adapt_connection._handle_exception(error)
  File "D:\ASM1\.venv\Lib\site-packages\sqlalchemy\dialects\sqlite\aiosqlite.py", line 298, in _handle_exception
    raise error
  File "D:\ASM1\.venv\Lib\site-packages\sqlalchemy\dialects\sqlite\aiosqlite.py", line 129, in execute
    self.await_(_cursor.execute(operation, parameters))
  File "D:\ASM1\.venv\Lib\site-packages\sqlalchemy\util\_concurrency_py3k.py", line 132, in await_only
    return current.parent.switch(awaitable)  # type: ignore[no-any-return,attr-defined] # noqa: E501
           ^^^^^^^^^^^^^^^^^^^^^^^^^^^^^^^^
  File "D:\ASM1\.venv\Lib\site-packages\sqlalchemy\util\_concurrency_py3k.py", line 196, in greenlet_spawn
    value = await result
            ^^^^^^^^^^^^
  File "D:\ASM1\.venv\Lib\site-packages\aiosqlite\cursor.py", line 48, in execute
    await self._execute(self._cursor.execute, sql, parameters)
  File "D:\ASM1\.venv\Lib\site-packages\aiosqlite\cursor.py", line 40, in _execute
    return await self._conn._execute(fn, *args, **kwargs)
           ^^^^^^^^^^^^^^^^^^^^^^^^^^^^^^^^^^^^^^^^^^^^^^
  File "D:\ASM1\.venv\Lib\site-packages\aiosqlite\core.py", line 132, in _execute
    return await future
           ^^^^^^^^^^^^
  File "D:\ASM1\.venv\Lib\site-packages\aiosqlite\core.py", line 115, in run
    result = function()
             ^^^^^^^^^^
sqlalchemy.exc.OperationalError: (sqlite3.OperationalError) no such column: users.hashed_password
[SQL: SELECT users.id, users.email, users.name, users.role, users.created_at, users.last_login, users.hashed_password 
FROM users 
WHERE users.email = ?]
[parameters: ('admin@gmail.com',)]
(Background on this error at: https://sqlalche.me/e/20/e3q8)
2026-03-03 17:08:51,754 - core.database - DEBUG - [DB_OP] Starting get_db session creation
2026-03-03 17:08:51,754 - core.database - DEBUG - [DB_OP] Database session created successfully in 0.0000s
2026-03-03 17:08:51,754 - aiosqlite - DEBUG - executing <function connect.<locals>.connector at 0x000001FD59FE3060>
2026-03-03 17:08:51,754 - aiosqlite - DEBUG - operation <function connect.<locals>.connector at 0x000001FD59FE3060> completed
2026-03-03 17:08:51,754 - aiosqlite - DEBUG - executing functools.partial(<built-in method create_function of sqlite3.Connection object at 0x000001FD59D762F0>, 'regexp', 2, <function SQLiteDialect_pysqlite.on_connect.<locals>.regexp at 0x000001FD59CDBF60>, deterministic=True)
2026-03-03 17:08:51,754 - aiosqlite - DEBUG - operation functools.partial(<built-in method create_function of sqlite3.Connection object at 0x000001FD59D762F0>, 'regexp', 2, <function SQLiteDialect_pysqlite.on_connect.<locals>.regexp at 0x000001FD59CDBF60>, deterministic=True) completed
2026-03-03 17:08:51,754 - aiosqlite - DEBUG - executing functools.partial(<built-in method create_function of sqlite3.Connection object at 0x000001FD59D762F0>, 'floor', 1, <built-in function floor>, deterministic=True)
2026-03-03 17:08:51,754 - aiosqlite - DEBUG - operation functools.partial(<built-in method create_function of sqlite3.Connection object at 0x000001FD59D762F0>, 'floor', 1, <built-in function floor>, deterministic=True) completed
2026-03-03 17:08:51,762 - aiosqlite - DEBUG - executing functools.partial(<built-in method cursor of sqlite3.Connection object at 0x000001FD59D762F0>)
2026-03-03 17:08:51,762 - aiosqlite - DEBUG - operation functools.partial(<built-in method cursor of sqlite3.Connection object at 0x000001FD59D762F0>) completed
2026-03-03 17:08:51,762 - aiosqlite - DEBUG - executing functools.partial(<built-in method execute of sqlite3.Cursor object at 0x000001FD5A012B40>, 'SELECT users.id, users.email, users.name, users.role, users.created_at, users.last_login, users.hashed_password \nFROM users \nWHERE users.email = ?', ('admin@gmail.com',))
2026-03-03 17:08:51,762 - aiosqlite - DEBUG - returning exception no such column: users.hashed_password
2026-03-03 17:08:51,762 - core.database - ERROR - Database session error: (sqlite3.OperationalError) no such column: users.hashed_password
[SQL: SELECT users.id, users.email, users.name, users.role, users.created_at, users.last_login, users.hashed_password 
FROM users 
WHERE users.email = ?]
[parameters: ('admin@gmail.com',)]
(Background on this error at: https://sqlalche.me/e/20/e3q8)
Traceback (most recent call last):
  File "D:\ASM1\.venv\Lib\site-packages\sqlalchemy\engine\base.py", line 1967, in _exec_single_context
    self.dialect.do_execute(
  File "D:\ASM1\.venv\Lib\site-packages\sqlalchemy\engine\default.py", line 941, in do_execute
    cursor.execute(statement, parameters)
  File "D:\ASM1\.venv\Lib\site-packages\sqlalchemy\dialects\sqlite\aiosqlite.py", line 147, in execute
    self._adapt_connection._handle_exception(error)
  File "D:\ASM1\.venv\Lib\site-packages\sqlalchemy\dialects\sqlite\aiosqlite.py", line 298, in _handle_exception
    raise error
  File "D:\ASM1\.venv\Lib\site-packages\sqlalchemy\dialects\sqlite\aiosqlite.py", line 129, in execute
    self.await_(_cursor.execute(operation, parameters))
  File "D:\ASM1\.venv\Lib\site-packages\sqlalchemy\util\_concurrency_py3k.py", line 132, in await_only
    return current.parent.switch(awaitable)  # type: ignore[no-any-return,attr-defined] # noqa: E501
           ^^^^^^^^^^^^^^^^^^^^^^^^^^^^^^^^
  File "D:\ASM1\.venv\Lib\site-packages\sqlalchemy\util\_concurrency_py3k.py", line 196, in greenlet_spawn
    value = await result
            ^^^^^^^^^^^^
  File "D:\ASM1\.venv\Lib\site-packages\aiosqlite\cursor.py", line 48, in execute
    await self._execute(self._cursor.execute, sql, parameters)
  File "D:\ASM1\.venv\Lib\site-packages\aiosqlite\cursor.py", line 40, in _execute
    return await self._conn._execute(fn, *args, **kwargs)
           ^^^^^^^^^^^^^^^^^^^^^^^^^^^^^^^^^^^^^^^^^^^^^^
  File "D:\ASM1\.venv\Lib\site-packages\aiosqlite\core.py", line 132, in _execute
    return await future
           ^^^^^^^^^^^^
  File "D:\ASM1\.venv\Lib\site-packages\aiosqlite\core.py", line 115, in run
    result = function()
             ^^^^^^^^^^
sqlite3.OperationalError: no such column: users.hashed_password

The above exception was the direct cause of the following exception:

Traceback (most recent call last):
  File "D:\ASM1\backend\core\database.py", line 542, in get_db
    yield session
  File "D:\ASM1\.venv\Lib\site-packages\fastapi\routing.py", line 301, in app
    raw_response = await run_endpoint_function(
                   ^^^^^^^^^^^^^^^^^^^^^^^^^^^^
  File "D:\ASM1\.venv\Lib\site-packages\fastapi\routing.py", line 212, in run_endpoint_function
    return await dependant.call(**values)
           ^^^^^^^^^^^^^^^^^^^^^^^^^^^^^^
  File "D:\ASM1\backend\routers\auth.py", line 349, in login_password
    result = await db.execute(select(User).where(User.email == clean_email))
             ^^^^^^^^^^^^^^^^^^^^^^^^^^^^^^^^^^^^^^^^^^^^^^^^^^^^^^^^^^^^^^^
  File "D:\ASM1\.venv\Lib\site-packages\sqlalchemy\ext\asyncio\session.py", line 461, in execute
    result = await greenlet_spawn(
             ^^^^^^^^^^^^^^^^^^^^^
  File "D:\ASM1\.venv\Lib\site-packages\sqlalchemy\util\_concurrency_py3k.py", line 201, in greenlet_spawn
    result = context.throw(*sys.exc_info())
             ^^^^^^^^^^^^^^^^^^^^^^^^^^^^^^
  File "D:\ASM1\.venv\Lib\site-packages\sqlalchemy\orm\session.py", line 2362, in execute
    return self._execute_internal(
           ^^^^^^^^^^^^^^^^^^^^^^^
  File "D:\ASM1\.venv\Lib\site-packages\sqlalchemy\orm\session.py", line 2247, in _execute_internal
    result: Result[Any] = compile_state_cls.orm_execute_statement(
                          ^^^^^^^^^^^^^^^^^^^^^^^^^^^^^^^^^^^^^^^^
  File "D:\ASM1\.venv\Lib\site-packages\sqlalchemy\orm\context.py", line 305, in orm_execute_statement
    result = conn.execute(
             ^^^^^^^^^^^^^
  File "D:\ASM1\.venv\Lib\site-packages\sqlalchemy\engine\base.py", line 1418, in execute
    return meth(
           ^^^^^
  File "D:\ASM1\.venv\Lib\site-packages\sqlalchemy\sql\elements.py", line 515, in _execute_on_connection
    return connection._execute_clauseelement(
           ^^^^^^^^^^^^^^^^^^^^^^^^^^^^^^^^^^
  File "D:\ASM1\.venv\Lib\site-packages\sqlalchemy\engine\base.py", line 1640, in _execute_clauseelement
    ret = self._execute_context(
          ^^^^^^^^^^^^^^^^^^^^^^
  File "D:\ASM1\.venv\Lib\site-packages\sqlalchemy\engine\base.py", line 1846, in _execute_context
    return self._exec_single_context(
           ^^^^^^^^^^^^^^^^^^^^^^^^^^
  File "D:\ASM1\.venv\Lib\site-packages\sqlalchemy\engine\base.py", line 1986, in _exec_single_context
    self._handle_dbapi_exception(
  File "D:\ASM1\.venv\Lib\site-packages\sqlalchemy\engine\base.py", line 2355, in _handle_dbapi_exception
    raise sqlalchemy_exception.with_traceback(exc_info[2]) from e
  File "D:\ASM1\.venv\Lib\site-packages\sqlalchemy\engine\base.py", line 1967, in _exec_single_context
    self.dialect.do_execute(
  File "D:\ASM1\.venv\Lib\site-packages\sqlalchemy\engine\default.py", line 941, in do_execute
    cursor.execute(statement, parameters)
  File "D:\ASM1\.venv\Lib\site-packages\sqlalchemy\dialects\sqlite\aiosqlite.py", line 147, in execute
    self._adapt_connection._handle_exception(error)
  File "D:\ASM1\.venv\Lib\site-packages\sqlalchemy\dialects\sqlite\aiosqlite.py", line 298, in _handle_exception
    raise error
  File "D:\ASM1\.venv\Lib\site-packages\sqlalchemy\dialects\sqlite\aiosqlite.py", line 129, in execute
    self.await_(_cursor.execute(operation, parameters))
  File "D:\ASM1\.venv\Lib\site-packages\sqlalchemy\util\_concurrency_py3k.py", line 132, in await_only
    return current.parent.switch(awaitable)  # type: ignore[no-any-return,attr-defined] # noqa: E501
           ^^^^^^^^^^^^^^^^^^^^^^^^^^^^^^^^
  File "D:\ASM1\.venv\Lib\site-packages\sqlalchemy\util\_concurrency_py3k.py", line 196, in greenlet_spawn
    value = await result
            ^^^^^^^^^^^^
  File "D:\ASM1\.venv\Lib\site-packages\aiosqlite\cursor.py", line 48, in execute
    await self._execute(self._cursor.execute, sql, parameters)
  File "D:\ASM1\.venv\Lib\site-packages\aiosqlite\cursor.py", line 40, in _execute
    return await self._conn._execute(fn, *args, **kwargs)
           ^^^^^^^^^^^^^^^^^^^^^^^^^^^^^^^^^^^^^^^^^^^^^^
  File "D:\ASM1\.venv\Lib\site-packages\aiosqlite\core.py", line 132, in _execute
    return await future
           ^^^^^^^^^^^^
  File "D:\ASM1\.venv\Lib\site-packages\aiosqlite\core.py", line 115, in run
    result = function()
             ^^^^^^^^^^
sqlalchemy.exc.OperationalError: (sqlite3.OperationalError) no such column: users.hashed_password
[SQL: SELECT users.id, users.email, users.name, users.role, users.created_at, users.last_login, users.hashed_password 
FROM users 
WHERE users.email = ?]
[parameters: ('admin@gmail.com',)]
(Background on this error at: https://sqlalche.me/e/20/e3q8)
2026-03-03 17:08:51,774 - core.database - DEBUG - [DB_OP] Database session cleanup after 0.0205s
2026-03-03 17:08:51,774 - aiosqlite - DEBUG - executing functools.partial(<built-in method rollback of sqlite3.Connection object at 0x000001FD59D762F0>)
2026-03-03 17:08:51,774 - aiosqlite - DEBUG - operation functools.partial(<built-in method rollback of sqlite3.Connection object at 0x000001FD59D762F0>) completed
2026-03-03 17:08:51,774 - aiosqlite - DEBUG - executing functools.partial(<built-in method rollback of sqlite3.Connection object at 0x000001FD59D762F0>)
2026-03-03 17:08:51,774 - aiosqlite - DEBUG - operation functools.partial(<built-in method rollback of sqlite3.Connection object at 0x000001FD59D762F0>) completed
2026-03-03 17:08:51,774 - aiosqlite - DEBUG - executing functools.partial(<built-in method close of sqlite3.Connection object at 0x000001FD59D762F0>)
2026-03-03 17:08:51,774 - aiosqlite - DEBUG - operation functools.partial(<built-in method close of sqlite3.Connection object at 0x000001FD59D762F0>) completed
2026-03-03 17:08:51,774 - core.database - ERROR - Failed to create database session: (sqlite3.OperationalError) no such column: users.hashed_password
[SQL: SELECT users.id, users.email, users.name, users.role, users.created_at, users.last_login, users.hashed_password 
FROM users 
WHERE users.email = ?]
[parameters: ('admin@gmail.com',)]
(Background on this error at: https://sqlalche.me/e/20/e3q8)
Traceback (most recent call last):
  File "D:\ASM1\.venv\Lib\site-packages\sqlalchemy\engine\base.py", line 1967, in _exec_single_context
    self.dialect.do_execute(
  File "D:\ASM1\.venv\Lib\site-packages\sqlalchemy\engine\default.py", line 941, in do_execute
    cursor.execute(statement, parameters)
  File "D:\ASM1\.venv\Lib\site-packages\sqlalchemy\dialects\sqlite\aiosqlite.py", line 147, in execute
    self._adapt_connection._handle_exception(error)
  File "D:\ASM1\.venv\Lib\site-packages\sqlalchemy\dialects\sqlite\aiosqlite.py", line 298, in _handle_exception
    raise error
  File "D:\ASM1\.venv\Lib\site-packages\sqlalchemy\dialects\sqlite\aiosqlite.py", line 129, in execute
    self.await_(_cursor.execute(operation, parameters))
  File "D:\ASM1\.venv\Lib\site-packages\sqlalchemy\util\_concurrency_py3k.py", line 132, in await_only
    return current.parent.switch(awaitable)  # type: ignore[no-any-return,attr-defined] # noqa: E501
           ^^^^^^^^^^^^^^^^^^^^^^^^^^^^^^^^
  File "D:\ASM1\.venv\Lib\site-packages\sqlalchemy\util\_concurrency_py3k.py", line 196, in greenlet_spawn
    value = await result
            ^^^^^^^^^^^^
  File "D:\ASM1\.venv\Lib\site-packages\aiosqlite\cursor.py", line 48, in execute
    await self._execute(self._cursor.execute, sql, parameters)
  File "D:\ASM1\.venv\Lib\site-packages\aiosqlite\cursor.py", line 40, in _execute
    return await self._conn._execute(fn, *args, **kwargs)
           ^^^^^^^^^^^^^^^^^^^^^^^^^^^^^^^^^^^^^^^^^^^^^^
  File "D:\ASM1\.venv\Lib\site-packages\aiosqlite\core.py", line 132, in _execute
    return await future
           ^^^^^^^^^^^^
  File "D:\ASM1\.venv\Lib\site-packages\aiosqlite\core.py", line 115, in run
    result = function()
             ^^^^^^^^^^
sqlite3.OperationalError: no such column: users.hashed_password

The above exception was the direct cause of the following exception:

Traceback (most recent call last):
  File "D:\ASM1\backend\core\database.py", line 542, in get_db
    yield session
  File "D:\ASM1\.venv\Lib\site-packages\fastapi\routing.py", line 301, in app
    raw_response = await run_endpoint_function(
                   ^^^^^^^^^^^^^^^^^^^^^^^^^^^^
  File "D:\ASM1\.venv\Lib\site-packages\fastapi\routing.py", line 212, in run_endpoint_function
    return await dependant.call(**values)
           ^^^^^^^^^^^^^^^^^^^^^^^^^^^^^^
  File "D:\ASM1\backend\routers\auth.py", line 349, in login_password
    result = await db.execute(select(User).where(User.email == clean_email))
             ^^^^^^^^^^^^^^^^^^^^^^^^^^^^^^^^^^^^^^^^^^^^^^^^^^^^^^^^^^^^^^^
  File "D:\ASM1\.venv\Lib\site-packages\sqlalchemy\ext\asyncio\session.py", line 461, in execute
    result = await greenlet_spawn(
             ^^^^^^^^^^^^^^^^^^^^^
  File "D:\ASM1\.venv\Lib\site-packages\sqlalchemy\util\_concurrency_py3k.py", line 201, in greenlet_spawn
    result = context.throw(*sys.exc_info())
             ^^^^^^^^^^^^^^^^^^^^^^^^^^^^^^
  File "D:\ASM1\.venv\Lib\site-packages\sqlalchemy\orm\session.py", line 2362, in execute
    return self._execute_internal(
           ^^^^^^^^^^^^^^^^^^^^^^^
  File "D:\ASM1\.venv\Lib\site-packages\sqlalchemy\orm\session.py", line 2247, in _execute_internal
    result: Result[Any] = compile_state_cls.orm_execute_statement(
                          ^^^^^^^^^^^^^^^^^^^^^^^^^^^^^^^^^^^^^^^^
  File "D:\ASM1\.venv\Lib\site-packages\sqlalchemy\orm\context.py", line 305, in orm_execute_statement
    result = conn.execute(
             ^^^^^^^^^^^^^
  File "D:\ASM1\.venv\Lib\site-packages\sqlalchemy\engine\base.py", line 1418, in execute
    return meth(
           ^^^^^
  File "D:\ASM1\.venv\Lib\site-packages\sqlalchemy\sql\elements.py", line 515, in _execute_on_connection
    return connection._execute_clauseelement(
           ^^^^^^^^^^^^^^^^^^^^^^^^^^^^^^^^^^
  File "D:\ASM1\.venv\Lib\site-packages\sqlalchemy\engine\base.py", line 1640, in _execute_clauseelement
    ret = self._execute_context(
          ^^^^^^^^^^^^^^^^^^^^^^
  File "D:\ASM1\.venv\Lib\site-packages\sqlalchemy\engine\base.py", line 1846, in _execute_context
    return self._exec_single_context(
           ^^^^^^^^^^^^^^^^^^^^^^^^^^
  File "D:\ASM1\.venv\Lib\site-packages\sqlalchemy\engine\base.py", line 1986, in _exec_single_context
    self._handle_dbapi_exception(
  File "D:\ASM1\.venv\Lib\site-packages\sqlalchemy\engine\base.py", line 2355, in _handle_dbapi_exception
    raise sqlalchemy_exception.with_traceback(exc_info[2]) from e
  File "D:\ASM1\.venv\Lib\site-packages\sqlalchemy\engine\base.py", line 1967, in _exec_single_context
    self.dialect.do_execute(
  File "D:\ASM1\.venv\Lib\site-packages\sqlalchemy\engine\default.py", line 941, in do_execute
    cursor.execute(statement, parameters)
  File "D:\ASM1\.venv\Lib\site-packages\sqlalchemy\dialects\sqlite\aiosqlite.py", line 147, in execute
    self._adapt_connection._handle_exception(error)
  File "D:\ASM1\.venv\Lib\site-packages\sqlalchemy\dialects\sqlite\aiosqlite.py", line 298, in _handle_exception
    raise error
  File "D:\ASM1\.venv\Lib\site-packages\sqlalchemy\dialects\sqlite\aiosqlite.py", line 129, in execute
    self.await_(_cursor.execute(operation, parameters))
  File "D:\ASM1\.venv\Lib\site-packages\sqlalchemy\util\_concurrency_py3k.py", line 132, in await_only
    return current.parent.switch(awaitable)  # type: ignore[no-any-return,attr-defined] # noqa: E501
           ^^^^^^^^^^^^^^^^^^^^^^^^^^^^^^^^
  File "D:\ASM1\.venv\Lib\site-packages\sqlalchemy\util\_concurrency_py3k.py", line 196, in greenlet_spawn
    value = await result
            ^^^^^^^^^^^^
  File "D:\ASM1\.venv\Lib\site-packages\aiosqlite\cursor.py", line 48, in execute
    await self._execute(self._cursor.execute, sql, parameters)
  File "D:\ASM1\.venv\Lib\site-packages\aiosqlite\cursor.py", line 40, in _execute
    return await self._conn._execute(fn, *args, **kwargs)
           ^^^^^^^^^^^^^^^^^^^^^^^^^^^^^^^^^^^^^^^^^^^^^^
  File "D:\ASM1\.venv\Lib\site-packages\aiosqlite\core.py", line 132, in _execute
    return await future
           ^^^^^^^^^^^^
  File "D:\ASM1\.venv\Lib\site-packages\aiosqlite\core.py", line 115, in run
    result = function()
             ^^^^^^^^^^
sqlalchemy.exc.OperationalError: (sqlite3.OperationalError) no such column: users.hashed_password
[SQL: SELECT users.id, users.email, users.name, users.role, users.created_at, users.last_login, users.hashed_password 
FROM users 
WHERE users.email = ?]
[parameters: ('admin@gmail.com',)]
(Background on this error at: https://sqlalche.me/e/20/e3q8)
2026-03-03 17:08:54,020 - core.database - DEBUG - [DB_OP] Starting get_db session creation
2026-03-03 17:08:54,021 - core.database - DEBUG - [DB_OP] Database session created successfully in 0.0010s
2026-03-03 17:08:54,022 - aiosqlite - DEBUG - executing <function connect.<locals>.connector at 0x000001FD59FE2C00>
2026-03-03 17:08:54,022 - aiosqlite - DEBUG - operation <function connect.<locals>.connector at 0x000001FD59FE2C00> completed
2026-03-03 17:08:54,023 - aiosqlite - DEBUG - executing functools.partial(<built-in method create_function of sqlite3.Connection object at 0x000001FD59D76980>, 'regexp', 2, <function SQLiteDialect_pysqlite.on_connect.<locals>.regexp at 0x000001FD59CDBF60>, deterministic=True)
2026-03-03 17:08:54,023 - aiosqlite - DEBUG - operation functools.partial(<built-in method create_function of sqlite3.Connection object at 0x000001FD59D76980>, 'regexp', 2, <function SQLiteDialect_pysqlite.on_connect.<locals>.regexp at 0x000001FD59CDBF60>, deterministic=True) completed
2026-03-03 17:08:54,024 - aiosqlite - DEBUG - executing functools.partial(<built-in method create_function of sqlite3.Connection object at 0x000001FD59D76980>, 'floor', 1, <built-in function floor>, deterministic=True)
2026-03-03 17:08:54,024 - aiosqlite - DEBUG - operation functools.partial(<built-in method create_function of sqlite3.Connection object at 0x000001FD59D76980>, 'floor', 1, <built-in function floor>, deterministic=True) completed
2026-03-03 17:08:54,024 - aiosqlite - DEBUG - executing functools.partial(<built-in method cursor of sqlite3.Connection object at 0x000001FD59D76980>)
2026-03-03 17:08:54,024 - aiosqlite - DEBUG - operation functools.partial(<built-in method cursor of sqlite3.Connection object at 0x000001FD59D76980>) completed
2026-03-03 17:08:54,024 - aiosqlite - DEBUG - executing functools.partial(<built-in method execute of sqlite3.Cursor object at 0x000001FD5A029340>, 'SELECT users.id, users.email, users.name, users.role, users.created_at, users.last_login, users.hashed_password \nFROM users \nWHERE users.email = ?', ('khuojuin11@gmail.conm',))
2026-03-03 17:08:54,024 - aiosqlite - DEBUG - returning exception no such column: users.hashed_password
2026-03-03 17:08:54,024 - core.database - ERROR - Database session error: (sqlite3.OperationalError) no such column: users.hashed_password
[SQL: SELECT users.id, users.email, users.name, users.role, users.created_at, users.last_login, users.hashed_password 
FROM users 
WHERE users.email = ?]
[parameters: ('khuojuin11@gmail.conm',)]
(Background on this error at: https://sqlalche.me/e/20/e3q8)
Traceback (most recent call last):
  File "D:\ASM1\.venv\Lib\site-packages\sqlalchemy\engine\base.py", line 1967, in _exec_single_context
    self.dialect.do_execute(
  File "D:\ASM1\.venv\Lib\site-packages\sqlalchemy\engine\default.py", line 941, in do_execute
    cursor.execute(statement, parameters)
  File "D:\ASM1\.venv\Lib\site-packages\sqlalchemy\dialects\sqlite\aiosqlite.py", line 147, in execute
    self._adapt_connection._handle_exception(error)
  File "D:\ASM1\.venv\Lib\site-packages\sqlalchemy\dialects\sqlite\aiosqlite.py", line 298, in _handle_exception
    raise error
  File "D:\ASM1\.venv\Lib\site-packages\sqlalchemy\dialects\sqlite\aiosqlite.py", line 129, in execute
    self.await_(_cursor.execute(operation, parameters))
  File "D:\ASM1\.venv\Lib\site-packages\sqlalchemy\util\_concurrency_py3k.py", line 132, in await_only
    return current.parent.switch(awaitable)  # type: ignore[no-any-return,attr-defined] # noqa: E501
           ^^^^^^^^^^^^^^^^^^^^^^^^^^^^^^^^
  File "D:\ASM1\.venv\Lib\site-packages\sqlalchemy\util\_concurrency_py3k.py", line 196, in greenlet_spawn
    value = await result
            ^^^^^^^^^^^^
  File "D:\ASM1\.venv\Lib\site-packages\aiosqlite\cursor.py", line 48, in execute
    await self._execute(self._cursor.execute, sql, parameters)
  File "D:\ASM1\.venv\Lib\site-packages\aiosqlite\cursor.py", line 40, in _execute
    return await self._conn._execute(fn, *args, **kwargs)
           ^^^^^^^^^^^^^^^^^^^^^^^^^^^^^^^^^^^^^^^^^^^^^^
  File "D:\ASM1\.venv\Lib\site-packages\aiosqlite\core.py", line 132, in _execute
    return await future
           ^^^^^^^^^^^^
  File "D:\ASM1\.venv\Lib\site-packages\aiosqlite\core.py", line 115, in run
    result = function()
             ^^^^^^^^^^
sqlite3.OperationalError: no such column: users.hashed_password

The above exception was the direct cause of the following exception:

Traceback (most recent call last):
  File "D:\ASM1\backend\core\database.py", line 542, in get_db
    yield session
  File "D:\ASM1\.venv\Lib\site-packages\fastapi\routing.py", line 301, in app
    raw_response = await run_endpoint_function(
                   ^^^^^^^^^^^^^^^^^^^^^^^^^^^^
  File "D:\ASM1\.venv\Lib\site-packages\fastapi\routing.py", line 212, in run_endpoint_function
    return await dependant.call(**values)
           ^^^^^^^^^^^^^^^^^^^^^^^^^^^^^^
  File "D:\ASM1\backend\routers\auth.py", line 349, in login_password
    result = await db.execute(select(User).where(User.email == clean_email))
             ^^^^^^^^^^^^^^^^^^^^^^^^^^^^^^^^^^^^^^^^^^^^^^^^^^^^^^^^^^^^^^^
  File "D:\ASM1\.venv\Lib\site-packages\sqlalchemy\ext\asyncio\session.py", line 461, in execute
    result = await greenlet_spawn(
             ^^^^^^^^^^^^^^^^^^^^^
  File "D:\ASM1\.venv\Lib\site-packages\sqlalchemy\util\_concurrency_py3k.py", line 201, in greenlet_spawn
    result = context.throw(*sys.exc_info())
             ^^^^^^^^^^^^^^^^^^^^^^^^^^^^^^
  File "D:\ASM1\.venv\Lib\site-packages\sqlalchemy\orm\session.py", line 2362, in execute
    return self._execute_internal(
           ^^^^^^^^^^^^^^^^^^^^^^^
  File "D:\ASM1\.venv\Lib\site-packages\sqlalchemy\orm\session.py", line 2247, in _execute_internal
    result: Result[Any] = compile_state_cls.orm_execute_statement(
                          ^^^^^^^^^^^^^^^^^^^^^^^^^^^^^^^^^^^^^^^^
  File "D:\ASM1\.venv\Lib\site-packages\sqlalchemy\orm\context.py", line 305, in orm_execute_statement
    result = conn.execute(
             ^^^^^^^^^^^^^
  File "D:\ASM1\.venv\Lib\site-packages\sqlalchemy\engine\base.py", line 1418, in execute
    return meth(
           ^^^^^
  File "D:\ASM1\.venv\Lib\site-packages\sqlalchemy\sql\elements.py", line 515, in _execute_on_connection
    return connection._execute_clauseelement(
           ^^^^^^^^^^^^^^^^^^^^^^^^^^^^^^^^^^
  File "D:\ASM1\.venv\Lib\site-packages\sqlalchemy\engine\base.py", line 1640, in _execute_clauseelement
    ret = self._execute_context(
          ^^^^^^^^^^^^^^^^^^^^^^
  File "D:\ASM1\.venv\Lib\site-packages\sqlalchemy\engine\base.py", line 1846, in _execute_context
    return self._exec_single_context(
           ^^^^^^^^^^^^^^^^^^^^^^^^^^
  File "D:\ASM1\.venv\Lib\site-packages\sqlalchemy\engine\base.py", line 1986, in _exec_single_context
    self._handle_dbapi_exception(
  File "D:\ASM1\.venv\Lib\site-packages\sqlalchemy\engine\base.py", line 2355, in _handle_dbapi_exception
    raise sqlalchemy_exception.with_traceback(exc_info[2]) from e
  File "D:\ASM1\.venv\Lib\site-packages\sqlalchemy\engine\base.py", line 1967, in _exec_single_context
    self.dialect.do_execute(
  File "D:\ASM1\.venv\Lib\site-packages\sqlalchemy\engine\default.py", line 941, in do_execute
    cursor.execute(statement, parameters)
  File "D:\ASM1\.venv\Lib\site-packages\sqlalchemy\dialects\sqlite\aiosqlite.py", line 147, in execute
    self._adapt_connection._handle_exception(error)
  File "D:\ASM1\.venv\Lib\site-packages\sqlalchemy\dialects\sqlite\aiosqlite.py", line 298, in _handle_exception
    raise error
  File "D:\ASM1\.venv\Lib\site-packages\sqlalchemy\dialects\sqlite\aiosqlite.py", line 129, in execute
    self.await_(_cursor.execute(operation, parameters))
  File "D:\ASM1\.venv\Lib\site-packages\sqlalchemy\util\_concurrency_py3k.py", line 132, in await_only
    return current.parent.switch(awaitable)  # type: ignore[no-any-return,attr-defined] # noqa: E501
           ^^^^^^^^^^^^^^^^^^^^^^^^^^^^^^^^
  File "D:\ASM1\.venv\Lib\site-packages\sqlalchemy\util\_concurrency_py3k.py", line 196, in greenlet_spawn
    value = await result
            ^^^^^^^^^^^^
  File "D:\ASM1\.venv\Lib\site-packages\aiosqlite\cursor.py", line 48, in execute
    await self._execute(self._cursor.execute, sql, parameters)
  File "D:\ASM1\.venv\Lib\site-packages\aiosqlite\cursor.py", line 40, in _execute
    return await self._conn._execute(fn, *args, **kwargs)
           ^^^^^^^^^^^^^^^^^^^^^^^^^^^^^^^^^^^^^^^^^^^^^^
  File "D:\ASM1\.venv\Lib\site-packages\aiosqlite\core.py", line 132, in _execute
    return await future
           ^^^^^^^^^^^^
  File "D:\ASM1\.venv\Lib\site-packages\aiosqlite\core.py", line 115, in run
    result = function()
             ^^^^^^^^^^
sqlalchemy.exc.OperationalError: (sqlite3.OperationalError) no such column: users.hashed_password
[SQL: SELECT users.id, users.email, users.name, users.role, users.created_at, users.last_login, users.hashed_password 
FROM users 
WHERE users.email = ?]
[parameters: ('khuojuin11@gmail.conm',)]
(Background on this error at: https://sqlalche.me/e/20/e3q8)
2026-03-03 17:08:54,034 - core.database - DEBUG - [DB_OP] Database session cleanup after 0.0142s
2026-03-03 17:08:54,034 - aiosqlite - DEBUG - executing functools.partial(<built-in method rollback of sqlite3.Connection object at 0x000001FD59D76980>)
2026-03-03 17:08:54,034 - aiosqlite - DEBUG - operation functools.partial(<built-in method rollback of sqlite3.Connection object at 0x000001FD59D76980>) completed
2026-03-03 17:08:54,034 - aiosqlite - DEBUG - executing functools.partial(<built-in method rollback of sqlite3.Connection object at 0x000001FD59D76980>)
2026-03-03 17:08:54,034 - aiosqlite - DEBUG - operation functools.partial(<built-in method rollback of sqlite3.Connection object at 0x000001FD59D76980>) completed
2026-03-03 17:08:54,034 - aiosqlite - DEBUG - executing functools.partial(<built-in method close of sqlite3.Connection object at 0x000001FD59D76980>)
2026-03-03 17:08:54,034 - aiosqlite - DEBUG - operation functools.partial(<built-in method close of sqlite3.Connection object at 0x000001FD59D76980>) completed
2026-03-03 17:08:54,034 - core.database - ERROR - Failed to create database session: (sqlite3.OperationalError) no such column: users.hashed_password
[SQL: SELECT users.id, users.email, users.name, users.role, users.created_at, users.last_login, users.hashed_password 
FROM users 
WHERE users.email = ?]
[parameters: ('khuojuin11@gmail.conm',)]
(Background on this error at: https://sqlalche.me/e/20/e3q8)
Traceback (most recent call last):
  File "D:\ASM1\.venv\Lib\site-packages\sqlalchemy\engine\base.py", line 1967, in _exec_single_context
    self.dialect.do_execute(
  File "D:\ASM1\.venv\Lib\site-packages\sqlalchemy\engine\default.py", line 941, in do_execute
    cursor.execute(statement, parameters)
  File "D:\ASM1\.venv\Lib\site-packages\sqlalchemy\dialects\sqlite\aiosqlite.py", line 147, in execute
    self._adapt_connection._handle_exception(error)
  File "D:\ASM1\.venv\Lib\site-packages\sqlalchemy\dialects\sqlite\aiosqlite.py", line 298, in _handle_exception
    raise error
  File "D:\ASM1\.venv\Lib\site-packages\sqlalchemy\dialects\sqlite\aiosqlite.py", line 129, in execute
    self.await_(_cursor.execute(operation, parameters))
  File "D:\ASM1\.venv\Lib\site-packages\sqlalchemy\util\_concurrency_py3k.py", line 132, in await_only
    return current.parent.switch(awaitable)  # type: ignore[no-any-return,attr-defined] # noqa: E501
           ^^^^^^^^^^^^^^^^^^^^^^^^^^^^^^^^
  File "D:\ASM1\.venv\Lib\site-packages\sqlalchemy\util\_concurrency_py3k.py", line 196, in greenlet_spawn
    value = await result
            ^^^^^^^^^^^^
  File "D:\ASM1\.venv\Lib\site-packages\aiosqlite\cursor.py", line 48, in execute
    await self._execute(self._cursor.execute, sql, parameters)
  File "D:\ASM1\.venv\Lib\site-packages\aiosqlite\cursor.py", line 40, in _execute
    return await self._conn._execute(fn, *args, **kwargs)
           ^^^^^^^^^^^^^^^^^^^^^^^^^^^^^^^^^^^^^^^^^^^^^^
  File "D:\ASM1\.venv\Lib\site-packages\aiosqlite\core.py", line 132, in _execute
    return await future
           ^^^^^^^^^^^^
  File "D:\ASM1\.venv\Lib\site-packages\aiosqlite\core.py", line 115, in run
    result = function()
             ^^^^^^^^^^
sqlite3.OperationalError: no such column: users.hashed_password

The above exception was the direct cause of the following exception:

Traceback (most recent call last):
  File "D:\ASM1\backend\core\database.py", line 542, in get_db
    yield session
  File "D:\ASM1\.venv\Lib\site-packages\fastapi\routing.py", line 301, in app
    raw_response = await run_endpoint_function(
                   ^^^^^^^^^^^^^^^^^^^^^^^^^^^^
  File "D:\ASM1\.venv\Lib\site-packages\fastapi\routing.py", line 212, in run_endpoint_function
    return await dependant.call(**values)
           ^^^^^^^^^^^^^^^^^^^^^^^^^^^^^^
  File "D:\ASM1\backend\routers\auth.py", line 349, in login_password
    result = await db.execute(select(User).where(User.email == clean_email))
             ^^^^^^^^^^^^^^^^^^^^^^^^^^^^^^^^^^^^^^^^^^^^^^^^^^^^^^^^^^^^^^^
  File "D:\ASM1\.venv\Lib\site-packages\sqlalchemy\ext\asyncio\session.py", line 461, in execute
    result = await greenlet_spawn(
             ^^^^^^^^^^^^^^^^^^^^^
  File "D:\ASM1\.venv\Lib\site-packages\sqlalchemy\util\_concurrency_py3k.py", line 201, in greenlet_spawn
    result = context.throw(*sys.exc_info())
             ^^^^^^^^^^^^^^^^^^^^^^^^^^^^^^
  File "D:\ASM1\.venv\Lib\site-packages\sqlalchemy\orm\session.py", line 2362, in execute
    return self._execute_internal(
           ^^^^^^^^^^^^^^^^^^^^^^^
  File "D:\ASM1\.venv\Lib\site-packages\sqlalchemy\orm\session.py", line 2247, in _execute_internal
    result: Result[Any] = compile_state_cls.orm_execute_statement(
                          ^^^^^^^^^^^^^^^^^^^^^^^^^^^^^^^^^^^^^^^^
  File "D:\ASM1\.venv\Lib\site-packages\sqlalchemy\orm\context.py", line 305, in orm_execute_statement
    result = conn.execute(
             ^^^^^^^^^^^^^
  File "D:\ASM1\.venv\Lib\site-packages\sqlalchemy\engine\base.py", line 1418, in execute
    return meth(
           ^^^^^
  File "D:\ASM1\.venv\Lib\site-packages\sqlalchemy\sql\elements.py", line 515, in _execute_on_connection
    return connection._execute_clauseelement(
           ^^^^^^^^^^^^^^^^^^^^^^^^^^^^^^^^^^
  File "D:\ASM1\.venv\Lib\site-packages\sqlalchemy\engine\base.py", line 1640, in _execute_clauseelement
    ret = self._execute_context(
          ^^^^^^^^^^^^^^^^^^^^^^
  File "D:\ASM1\.venv\Lib\site-packages\sqlalchemy\engine\base.py", line 1846, in _execute_context
    return self._exec_single_context(
           ^^^^^^^^^^^^^^^^^^^^^^^^^^
  File "D:\ASM1\.venv\Lib\site-packages\sqlalchemy\engine\base.py", line 1986, in _exec_single_context
    self._handle_dbapi_exception(
  File "D:\ASM1\.venv\Lib\site-packages\sqlalchemy\engine\base.py", line 2355, in _handle_dbapi_exception
    raise sqlalchemy_exception.with_traceback(exc_info[2]) from e
  File "D:\ASM1\.venv\Lib\site-packages\sqlalchemy\engine\base.py", line 1967, in _exec_single_context
    self.dialect.do_execute(
  File "D:\ASM1\.venv\Lib\site-packages\sqlalchemy\engine\default.py", line 941, in do_execute
    cursor.execute(statement, parameters)
  File "D:\ASM1\.venv\Lib\site-packages\sqlalchemy\dialects\sqlite\aiosqlite.py", line 147, in execute
    self._adapt_connection._handle_exception(error)
  File "D:\ASM1\.venv\Lib\site-packages\sqlalchemy\dialects\sqlite\aiosqlite.py", line 298, in _handle_exception
    raise error
  File "D:\ASM1\.venv\Lib\site-packages\sqlalchemy\dialects\sqlite\aiosqlite.py", line 129, in execute
    self.await_(_cursor.execute(operation, parameters))
  File "D:\ASM1\.venv\Lib\site-packages\sqlalchemy\util\_concurrency_py3k.py", line 132, in await_only
    return current.parent.switch(awaitable)  # type: ignore[no-any-return,attr-defined] # noqa: E501
           ^^^^^^^^^^^^^^^^^^^^^^^^^^^^^^^^
  File "D:\ASM1\.venv\Lib\site-packages\sqlalchemy\util\_concurrency_py3k.py", line 196, in greenlet_spawn
    value = await result
            ^^^^^^^^^^^^
  File "D:\ASM1\.venv\Lib\site-packages\aiosqlite\cursor.py", line 48, in execute
    await self._execute(self._cursor.execute, sql, parameters)
  File "D:\ASM1\.venv\Lib\site-packages\aiosqlite\cursor.py", line 40, in _execute
    return await self._conn._execute(fn, *args, **kwargs)
           ^^^^^^^^^^^^^^^^^^^^^^^^^^^^^^^^^^^^^^^^^^^^^^
  File "D:\ASM1\.venv\Lib\site-packages\aiosqlite\core.py", line 132, in _execute
    return await future
           ^^^^^^^^^^^^
  File "D:\ASM1\.venv\Lib\site-packages\aiosqlite\core.py", line 115, in run
    result = function()
             ^^^^^^^^^^
sqlalchemy.exc.OperationalError: (sqlite3.OperationalError) no such column: users.hashed_password
[SQL: SELECT users.id, users.email, users.name, users.role, users.created_at, users.last_login, users.hashed_password 
FROM users 
WHERE users.email = ?]
[parameters: ('khuojuin11@gmail.conm',)]
(Background on this error at: https://sqlalche.me/e/20/e3q8)
2026-03-03 17:08:54,508 - core.database - DEBUG - [DB_OP] Starting get_db session creation
2026-03-03 17:08:54,509 - core.database - DEBUG - [DB_OP] Database session created successfully in 0.0011s
2026-03-03 17:08:54,510 - aiosqlite - DEBUG - executing <function connect.<locals>.connector at 0x000001FD59FE36A0>
2026-03-03 17:08:54,511 - aiosqlite - DEBUG - operation <function connect.<locals>.connector at 0x000001FD59FE36A0> completed
2026-03-03 17:08:54,512 - aiosqlite - DEBUG - executing functools.partial(<built-in method create_function of sqlite3.Connection object at 0x000001FD59D133D0>, 'regexp', 2, <function SQLiteDialect_pysqlite.on_connect.<locals>.regexp at 0x000001FD59CDBF60>, deterministic=True)
2026-03-03 17:08:54,512 - aiosqlite - DEBUG - operation functools.partial(<built-in method create_function of sqlite3.Connection object at 0x000001FD59D133D0>, 'regexp', 2, <function SQLiteDialect_pysqlite.on_connect.<locals>.regexp at 0x000001FD59CDBF60>, deterministic=True) completed
2026-03-03 17:08:54,512 - aiosqlite - DEBUG - executing functools.partial(<built-in method create_function of sqlite3.Connection object at 0x000001FD59D133D0>, 'floor', 1, <built-in function floor>, deterministic=True)
2026-03-03 17:08:54,512 - aiosqlite - DEBUG - operation functools.partial(<built-in method create_function of sqlite3.Connection object at 0x000001FD59D133D0>, 'floor', 1, <built-in function floor>, deterministic=True) completed
2026-03-03 17:08:54,514 - aiosqlite - DEBUG - executing functools.partial(<built-in method cursor of sqlite3.Connection object at 0x000001FD59D133D0>)
2026-03-03 17:08:54,514 - aiosqlite - DEBUG - operation functools.partial(<built-in method cursor of sqlite3.Connection object at 0x000001FD59D133D0>) completed
2026-03-03 17:08:54,514 - aiosqlite - DEBUG - executing functools.partial(<built-in method execute of sqlite3.Cursor object at 0x000001FD59C8F840>, 'SELECT users.id, users.email, users.name, users.role, users.created_at, users.last_login, users.hashed_password \nFROM users \nWHERE users.email = ?', ('khuojuin11@gmail.conm',))
2026-03-03 17:08:54,514 - aiosqlite - DEBUG - returning exception no such column: users.hashed_password
2026-03-03 17:08:54,514 - core.database - ERROR - Database session error: (sqlite3.OperationalError) no such column: users.hashed_password
[SQL: SELECT users.id, users.email, users.name, users.role, users.created_at, users.last_login, users.hashed_password 
FROM users 
WHERE users.email = ?]
[parameters: ('khuojuin11@gmail.conm',)]
(Background on this error at: https://sqlalche.me/e/20/e3q8)
Traceback (most recent call last):
  File "D:\ASM1\.venv\Lib\site-packages\sqlalchemy\engine\base.py", line 1967, in _exec_single_context
    self.dialect.do_execute(
  File "D:\ASM1\.venv\Lib\site-packages\sqlalchemy\engine\default.py", line 941, in do_execute
    cursor.execute(statement, parameters)
  File "D:\ASM1\.venv\Lib\site-packages\sqlalchemy\dialects\sqlite\aiosqlite.py", line 147, in execute
    self._adapt_connection._handle_exception(error)
  File "D:\ASM1\.venv\Lib\site-packages\sqlalchemy\dialects\sqlite\aiosqlite.py", line 298, in _handle_exception
    raise error
  File "D:\ASM1\.venv\Lib\site-packages\sqlalchemy\dialects\sqlite\aiosqlite.py", line 129, in execute
    self.await_(_cursor.execute(operation, parameters))
  File "D:\ASM1\.venv\Lib\site-packages\sqlalchemy\util\_concurrency_py3k.py", line 132, in await_only
    return current.parent.switch(awaitable)  # type: ignore[no-any-return,attr-defined] # noqa: E501
           ^^^^^^^^^^^^^^^^^^^^^^^^^^^^^^^^
  File "D:\ASM1\.venv\Lib\site-packages\sqlalchemy\util\_concurrency_py3k.py", line 196, in greenlet_spawn
    value = await result
            ^^^^^^^^^^^^
  File "D:\ASM1\.venv\Lib\site-packages\aiosqlite\cursor.py", line 48, in execute
    await self._execute(self._cursor.execute, sql, parameters)
  File "D:\ASM1\.venv\Lib\site-packages\aiosqlite\cursor.py", line 40, in _execute
    return await self._conn._execute(fn, *args, **kwargs)
           ^^^^^^^^^^^^^^^^^^^^^^^^^^^^^^^^^^^^^^^^^^^^^^
  File "D:\ASM1\.venv\Lib\site-packages\aiosqlite\core.py", line 132, in _execute
    return await future
           ^^^^^^^^^^^^
  File "D:\ASM1\.venv\Lib\site-packages\aiosqlite\core.py", line 115, in run
    result = function()
             ^^^^^^^^^^
sqlite3.OperationalError: no such column: users.hashed_password

The above exception was the direct cause of the following exception:

Traceback (most recent call last):
  File "D:\ASM1\backend\core\database.py", line 542, in get_db
    yield session
  File "D:\ASM1\.venv\Lib\site-packages\fastapi\routing.py", line 301, in app
    raw_response = await run_endpoint_function(
                   ^^^^^^^^^^^^^^^^^^^^^^^^^^^^
  File "D:\ASM1\.venv\Lib\site-packages\fastapi\routing.py", line 212, in run_endpoint_function
    return await dependant.call(**values)
           ^^^^^^^^^^^^^^^^^^^^^^^^^^^^^^
  File "D:\ASM1\backend\routers\auth.py", line 349, in login_password
    result = await db.execute(select(User).where(User.email == clean_email))
             ^^^^^^^^^^^^^^^^^^^^^^^^^^^^^^^^^^^^^^^^^^^^^^^^^^^^^^^^^^^^^^^
  File "D:\ASM1\.venv\Lib\site-packages\sqlalchemy\ext\asyncio\session.py", line 461, in execute
    result = await greenlet_spawn(
             ^^^^^^^^^^^^^^^^^^^^^
  File "D:\ASM1\.venv\Lib\site-packages\sqlalchemy\util\_concurrency_py3k.py", line 201, in greenlet_spawn
    result = context.throw(*sys.exc_info())
             ^^^^^^^^^^^^^^^^^^^^^^^^^^^^^^
  File "D:\ASM1\.venv\Lib\site-packages\sqlalchemy\orm\session.py", line 2362, in execute
    return self._execute_internal(
           ^^^^^^^^^^^^^^^^^^^^^^^
  File "D:\ASM1\.venv\Lib\site-packages\sqlalchemy\orm\session.py", line 2247, in _execute_internal
    result: Result[Any] = compile_state_cls.orm_execute_statement(
                          ^^^^^^^^^^^^^^^^^^^^^^^^^^^^^^^^^^^^^^^^
  File "D:\ASM1\.venv\Lib\site-packages\sqlalchemy\orm\context.py", line 305, in orm_execute_statement
    result = conn.execute(
             ^^^^^^^^^^^^^
  File "D:\ASM1\.venv\Lib\site-packages\sqlalchemy\engine\base.py", line 1418, in execute
    return meth(
           ^^^^^
  File "D:\ASM1\.venv\Lib\site-packages\sqlalchemy\sql\elements.py", line 515, in _execute_on_connection
    return connection._execute_clauseelement(
           ^^^^^^^^^^^^^^^^^^^^^^^^^^^^^^^^^^
  File "D:\ASM1\.venv\Lib\site-packages\sqlalchemy\engine\base.py", line 1640, in _execute_clauseelement
    ret = self._execute_context(
          ^^^^^^^^^^^^^^^^^^^^^^
  File "D:\ASM1\.venv\Lib\site-packages\sqlalchemy\engine\base.py", line 1846, in _execute_context
    return self._exec_single_context(
           ^^^^^^^^^^^^^^^^^^^^^^^^^^
  File "D:\ASM1\.venv\Lib\site-packages\sqlalchemy\engine\base.py", line 1986, in _exec_single_context
    self._handle_dbapi_exception(
  File "D:\ASM1\.venv\Lib\site-packages\sqlalchemy\engine\base.py", line 2355, in _handle_dbapi_exception
    raise sqlalchemy_exception.with_traceback(exc_info[2]) from e
  File "D:\ASM1\.venv\Lib\site-packages\sqlalchemy\engine\base.py", line 1967, in _exec_single_context
    self.dialect.do_execute(
  File "D:\ASM1\.venv\Lib\site-packages\sqlalchemy\engine\default.py", line 941, in do_execute
    cursor.execute(statement, parameters)
  File "D:\ASM1\.venv\Lib\site-packages\sqlalchemy\dialects\sqlite\aiosqlite.py", line 147, in execute
    self._adapt_connection._handle_exception(error)
  File "D:\ASM1\.venv\Lib\site-packages\sqlalchemy\dialects\sqlite\aiosqlite.py", line 298, in _handle_exception
    raise error
  File "D:\ASM1\.venv\Lib\site-packages\sqlalchemy\dialects\sqlite\aiosqlite.py", line 129, in execute
    self.await_(_cursor.execute(operation, parameters))
  File "D:\ASM1\.venv\Lib\site-packages\sqlalchemy\util\_concurrency_py3k.py", line 132, in await_only
    return current.parent.switch(awaitable)  # type: ignore[no-any-return,attr-defined] # noqa: E501
           ^^^^^^^^^^^^^^^^^^^^^^^^^^^^^^^^
  File "D:\ASM1\.venv\Lib\site-packages\sqlalchemy\util\_concurrency_py3k.py", line 196, in greenlet_spawn
    value = await result
            ^^^^^^^^^^^^
  File "D:\ASM1\.venv\Lib\site-packages\aiosqlite\cursor.py", line 48, in execute
    await self._execute(self._cursor.execute, sql, parameters)
  File "D:\ASM1\.venv\Lib\site-packages\aiosqlite\cursor.py", line 40, in _execute
    return await self._conn._execute(fn, *args, **kwargs)
           ^^^^^^^^^^^^^^^^^^^^^^^^^^^^^^^^^^^^^^^^^^^^^^
  File "D:\ASM1\.venv\Lib\site-packages\aiosqlite\core.py", line 132, in _execute
    return await future
           ^^^^^^^^^^^^
  File "D:\ASM1\.venv\Lib\site-packages\aiosqlite\core.py", line 115, in run
    result = function()
             ^^^^^^^^^^
sqlalchemy.exc.OperationalError: (sqlite3.OperationalError) no such column: users.hashed_password
[SQL: SELECT users.id, users.email, users.name, users.role, users.created_at, users.last_login, users.hashed_password 
FROM users 
WHERE users.email = ?]
[parameters: ('khuojuin11@gmail.conm',)]
(Background on this error at: https://sqlalche.me/e/20/e3q8)
2026-03-03 17:08:54,523 - core.database - DEBUG - [DB_OP] Database session cleanup after 0.0158s
2026-03-03 17:08:54,523 - aiosqlite - DEBUG - executing functools.partial(<built-in method rollback of sqlite3.Connection object at 0x000001FD59D133D0>)
2026-03-03 17:08:54,523 - aiosqlite - DEBUG - operation functools.partial(<built-in method rollback of sqlite3.Connection object at 0x000001FD59D133D0>) completed
2026-03-03 17:08:54,523 - aiosqlite - DEBUG - executing functools.partial(<built-in method rollback of sqlite3.Connection object at 0x000001FD59D133D0>)
2026-03-03 17:08:54,532 - aiosqlite - DEBUG - operation functools.partial(<built-in method rollback of sqlite3.Connection object at 0x000001FD59D133D0>) completed
2026-03-03 17:08:54,532 - aiosqlite - DEBUG - executing functools.partial(<built-in method close of sqlite3.Connection object at 0x000001FD59D133D0>)
2026-03-03 17:08:54,532 - aiosqlite - DEBUG - operation functools.partial(<built-in method close of sqlite3.Connection object at 0x000001FD59D133D0>) completed
2026-03-03 17:08:54,532 - core.database - ERROR - Failed to create database session: (sqlite3.OperationalError) no such column: users.hashed_password
[SQL: SELECT users.id, users.email, users.name, users.role, users.created_at, users.last_login, users.hashed_password 
FROM users 
WHERE users.email = ?]
[parameters: ('khuojuin11@gmail.conm',)]
(Background on this error at: https://sqlalche.me/e/20/e3q8)
Traceback (most recent call last):
  File "D:\ASM1\.venv\Lib\site-packages\sqlalchemy\engine\base.py", line 1967, in _exec_single_context
    self.dialect.do_execute(
  File "D:\ASM1\.venv\Lib\site-packages\sqlalchemy\engine\default.py", line 941, in do_execute
    cursor.execute(statement, parameters)
  File "D:\ASM1\.venv\Lib\site-packages\sqlalchemy\dialects\sqlite\aiosqlite.py", line 147, in execute
    self._adapt_connection._handle_exception(error)
  File "D:\ASM1\.venv\Lib\site-packages\sqlalchemy\dialects\sqlite\aiosqlite.py", line 298, in _handle_exception
    raise error
  File "D:\ASM1\.venv\Lib\site-packages\sqlalchemy\dialects\sqlite\aiosqlite.py", line 129, in execute
    self.await_(_cursor.execute(operation, parameters))
  File "D:\ASM1\.venv\Lib\site-packages\sqlalchemy\util\_concurrency_py3k.py", line 132, in await_only
    return current.parent.switch(awaitable)  # type: ignore[no-any-return,attr-defined] # noqa: E501
           ^^^^^^^^^^^^^^^^^^^^^^^^^^^^^^^^
  File "D:\ASM1\.venv\Lib\site-packages\sqlalchemy\util\_concurrency_py3k.py", line 196, in greenlet_spawn
    value = await result
            ^^^^^^^^^^^^
  File "D:\ASM1\.venv\Lib\site-packages\aiosqlite\cursor.py", line 48, in execute
    await self._execute(self._cursor.execute, sql, parameters)
  File "D:\ASM1\.venv\Lib\site-packages\aiosqlite\cursor.py", line 40, in _execute
    return await self._conn._execute(fn, *args, **kwargs)
           ^^^^^^^^^^^^^^^^^^^^^^^^^^^^^^^^^^^^^^^^^^^^^^
  File "D:\ASM1\.venv\Lib\site-packages\aiosqlite\core.py", line 132, in _execute
    return await future
           ^^^^^^^^^^^^
  File "D:\ASM1\.venv\Lib\site-packages\aiosqlite\core.py", line 115, in run
    result = function()
             ^^^^^^^^^^
sqlite3.OperationalError: no such column: users.hashed_password

The above exception was the direct cause of the following exception:

Traceback (most recent call last):
  File "D:\ASM1\backend\core\database.py", line 542, in get_db
    yield session
  File "D:\ASM1\.venv\Lib\site-packages\fastapi\routing.py", line 301, in app
    raw_response = await run_endpoint_function(
                   ^^^^^^^^^^^^^^^^^^^^^^^^^^^^
  File "D:\ASM1\.venv\Lib\site-packages\fastapi\routing.py", line 212, in run_endpoint_function
    return await dependant.call(**values)
           ^^^^^^^^^^^^^^^^^^^^^^^^^^^^^^
  File "D:\ASM1\backend\routers\auth.py", line 349, in login_password
    result = await db.execute(select(User).where(User.email == clean_email))
             ^^^^^^^^^^^^^^^^^^^^^^^^^^^^^^^^^^^^^^^^^^^^^^^^^^^^^^^^^^^^^^^
  File "D:\ASM1\.venv\Lib\site-packages\sqlalchemy\ext\asyncio\session.py", line 461, in execute
    result = await greenlet_spawn(
             ^^^^^^^^^^^^^^^^^^^^^
  File "D:\ASM1\.venv\Lib\site-packages\sqlalchemy\util\_concurrency_py3k.py", line 201, in greenlet_spawn
    result = context.throw(*sys.exc_info())
             ^^^^^^^^^^^^^^^^^^^^^^^^^^^^^^
  File "D:\ASM1\.venv\Lib\site-packages\sqlalchemy\orm\session.py", line 2362, in execute
    return self._execute_internal(
           ^^^^^^^^^^^^^^^^^^^^^^^
  File "D:\ASM1\.venv\Lib\site-packages\sqlalchemy\orm\session.py", line 2247, in _execute_internal
    result: Result[Any] = compile_state_cls.orm_execute_statement(
                          ^^^^^^^^^^^^^^^^^^^^^^^^^^^^^^^^^^^^^^^^
  File "D:\ASM1\.venv\Lib\site-packages\sqlalchemy\orm\context.py", line 305, in orm_execute_statement
    result = conn.execute(
             ^^^^^^^^^^^^^
  File "D:\ASM1\.venv\Lib\site-packages\sqlalchemy\engine\base.py", line 1418, in execute
    return meth(
           ^^^^^
  File "D:\ASM1\.venv\Lib\site-packages\sqlalchemy\sql\elements.py", line 515, in _execute_on_connection
    return connection._execute_clauseelement(
           ^^^^^^^^^^^^^^^^^^^^^^^^^^^^^^^^^^
  File "D:\ASM1\.venv\Lib\site-packages\sqlalchemy\engine\base.py", line 1640, in _execute_clauseelement
    ret = self._execute_context(
          ^^^^^^^^^^^^^^^^^^^^^^
  File "D:\ASM1\.venv\Lib\site-packages\sqlalchemy\engine\base.py", line 1846, in _execute_context
    return self._exec_single_context(
           ^^^^^^^^^^^^^^^^^^^^^^^^^^
  File "D:\ASM1\.venv\Lib\site-packages\sqlalchemy\engine\base.py", line 1986, in _exec_single_context
    self._handle_dbapi_exception(
  File "D:\ASM1\.venv\Lib\site-packages\sqlalchemy\engine\base.py", line 2355, in _handle_dbapi_exception
    raise sqlalchemy_exception.with_traceback(exc_info[2]) from e
  File "D:\ASM1\.venv\Lib\site-packages\sqlalchemy\engine\base.py", line 1967, in _exec_single_context
    self.dialect.do_execute(
  File "D:\ASM1\.venv\Lib\site-packages\sqlalchemy\engine\default.py", line 941, in do_execute
    cursor.execute(statement, parameters)
  File "D:\ASM1\.venv\Lib\site-packages\sqlalchemy\dialects\sqlite\aiosqlite.py", line 147, in execute
    self._adapt_connection._handle_exception(error)
  File "D:\ASM1\.venv\Lib\site-packages\sqlalchemy\dialects\sqlite\aiosqlite.py", line 298, in _handle_exception
    raise error
  File "D:\ASM1\.venv\Lib\site-packages\sqlalchemy\dialects\sqlite\aiosqlite.py", line 129, in execute
    self.await_(_cursor.execute(operation, parameters))
  File "D:\ASM1\.venv\Lib\site-packages\sqlalchemy\util\_concurrency_py3k.py", line 132, in await_only
    return current.parent.switch(awaitable)  # type: ignore[no-any-return,attr-defined] # noqa: E501
           ^^^^^^^^^^^^^^^^^^^^^^^^^^^^^^^^
  File "D:\ASM1\.venv\Lib\site-packages\sqlalchemy\util\_concurrency_py3k.py", line 196, in greenlet_spawn
    value = await result
            ^^^^^^^^^^^^
  File "D:\ASM1\.venv\Lib\site-packages\aiosqlite\cursor.py", line 48, in execute
    await self._execute(self._cursor.execute, sql, parameters)
  File "D:\ASM1\.venv\Lib\site-packages\aiosqlite\cursor.py", line 40, in _execute
    return await self._conn._execute(fn, *args, **kwargs)
           ^^^^^^^^^^^^^^^^^^^^^^^^^^^^^^^^^^^^^^^^^^^^^^
  File "D:\ASM1\.venv\Lib\site-packages\aiosqlite\core.py", line 132, in _execute
    return await future
           ^^^^^^^^^^^^
  File "D:\ASM1\.venv\Lib\site-packages\aiosqlite\core.py", line 115, in run
    result = function()
             ^^^^^^^^^^
sqlalchemy.exc.OperationalError: (sqlite3.OperationalError) no such column: users.hashed_password
[SQL: SELECT users.id, users.email, users.name, users.role, users.created_at, users.last_login, users.hashed_password 
FROM users 
WHERE users.email = ?]
[parameters: ('khuojuin11@gmail.conm',)]
(Background on this error at: https://sqlalche.me/e/20/e3q8)
2026-03-03 17:08:54,668 - core.database - DEBUG - [DB_OP] Starting get_db session creation
2026-03-03 17:08:54,669 - core.database - DEBUG - [DB_OP] Database session created successfully in 0.0011s
2026-03-03 17:08:54,670 - aiosqlite - DEBUG - executing <function connect.<locals>.connector at 0x000001FD59FE2160>
2026-03-03 17:08:54,670 - aiosqlite - DEBUG - operation <function connect.<locals>.connector at 0x000001FD59FE2160> completed
2026-03-03 17:08:54,671 - aiosqlite - DEBUG - executing functools.partial(<built-in method create_function of sqlite3.Connection object at 0x000001FD59D763E0>, 'regexp', 2, <function SQLiteDialect_pysqlite.on_connect.<locals>.regexp at 0x000001FD59CDBF60>, deterministic=True)
2026-03-03 17:08:54,671 - aiosqlite - DEBUG - operation functools.partial(<built-in method create_function of sqlite3.Connection object at 0x000001FD59D763E0>, 'regexp', 2, <function SQLiteDialect_pysqlite.on_connect.<locals>.regexp at 0x000001FD59CDBF60>, deterministic=True) completed
2026-03-03 17:08:54,672 - aiosqlite - DEBUG - executing functools.partial(<built-in method create_function of sqlite3.Connection object at 0x000001FD59D763E0>, 'floor', 1, <built-in function floor>, deterministic=True)
2026-03-03 17:08:54,672 - aiosqlite - DEBUG - operation functools.partial(<built-in method create_function of sqlite3.Connection object at 0x000001FD59D763E0>, 'floor', 1, <built-in function floor>, deterministic=True) completed
2026-03-03 17:08:54,672 - aiosqlite - DEBUG - executing functools.partial(<built-in method cursor of sqlite3.Connection object at 0x000001FD59D763E0>)
2026-03-03 17:08:54,672 - aiosqlite - DEBUG - operation functools.partial(<built-in method cursor of sqlite3.Connection object at 0x000001FD59D763E0>) completed
2026-03-03 17:08:54,674 - aiosqlite - DEBUG - executing functools.partial(<built-in method execute of sqlite3.Cursor object at 0x000001FD5A013BC0>, 'SELECT users.id, users.email, users.name, users.role, users.created_at, users.last_login, users.hashed_password \nFROM users \nWHERE users.email = ?', ('khuojuin11@gmail.conm',))
2026-03-03 17:08:54,674 - aiosqlite - DEBUG - returning exception no such column: users.hashed_password
2026-03-03 17:08:54,674 - core.database - ERROR - Database session error: (sqlite3.OperationalError) no such column: users.hashed_password
[SQL: SELECT users.id, users.email, users.name, users.role, users.created_at, users.last_login, users.hashed_password 
FROM users 
WHERE users.email = ?]
[parameters: ('khuojuin11@gmail.conm',)]
(Background on this error at: https://sqlalche.me/e/20/e3q8)
Traceback (most recent call last):
  File "D:\ASM1\.venv\Lib\site-packages\sqlalchemy\engine\base.py", line 1967, in _exec_single_context
    self.dialect.do_execute(
  File "D:\ASM1\.venv\Lib\site-packages\sqlalchemy\engine\default.py", line 941, in do_execute
    cursor.execute(statement, parameters)
  File "D:\ASM1\.venv\Lib\site-packages\sqlalchemy\dialects\sqlite\aiosqlite.py", line 147, in execute
    self._adapt_connection._handle_exception(error)
  File "D:\ASM1\.venv\Lib\site-packages\sqlalchemy\dialects\sqlite\aiosqlite.py", line 298, in _handle_exception
    raise error
  File "D:\ASM1\.venv\Lib\site-packages\sqlalchemy\dialects\sqlite\aiosqlite.py", line 129, in execute
    self.await_(_cursor.execute(operation, parameters))
  File "D:\ASM1\.venv\Lib\site-packages\sqlalchemy\util\_concurrency_py3k.py", line 132, in await_only
    return current.parent.switch(awaitable)  # type: ignore[no-any-return,attr-defined] # noqa: E501
           ^^^^^^^^^^^^^^^^^^^^^^^^^^^^^^^^
  File "D:\ASM1\.venv\Lib\site-packages\sqlalchemy\util\_concurrency_py3k.py", line 196, in greenlet_spawn
    value = await result
            ^^^^^^^^^^^^
  File "D:\ASM1\.venv\Lib\site-packages\aiosqlite\cursor.py", line 48, in execute
    await self._execute(self._cursor.execute, sql, parameters)
  File "D:\ASM1\.venv\Lib\site-packages\aiosqlite\cursor.py", line 40, in _execute
    return await self._conn._execute(fn, *args, **kwargs)
           ^^^^^^^^^^^^^^^^^^^^^^^^^^^^^^^^^^^^^^^^^^^^^^
  File "D:\ASM1\.venv\Lib\site-packages\aiosqlite\core.py", line 132, in _execute
    return await future
           ^^^^^^^^^^^^
  File "D:\ASM1\.venv\Lib\site-packages\aiosqlite\core.py", line 115, in run
    result = function()
             ^^^^^^^^^^
sqlite3.OperationalError: no such column: users.hashed_password

The above exception was the direct cause of the following exception:

Traceback (most recent call last):
  File "D:\ASM1\backend\core\database.py", line 542, in get_db
    yield session
  File "D:\ASM1\.venv\Lib\site-packages\fastapi\routing.py", line 301, in app
    raw_response = await run_endpoint_function(
                   ^^^^^^^^^^^^^^^^^^^^^^^^^^^^
  File "D:\ASM1\.venv\Lib\site-packages\fastapi\routing.py", line 212, in run_endpoint_function
    return await dependant.call(**values)
           ^^^^^^^^^^^^^^^^^^^^^^^^^^^^^^
  File "D:\ASM1\backend\routers\auth.py", line 349, in login_password
    result = await db.execute(select(User).where(User.email == clean_email))
             ^^^^^^^^^^^^^^^^^^^^^^^^^^^^^^^^^^^^^^^^^^^^^^^^^^^^^^^^^^^^^^^
  File "D:\ASM1\.venv\Lib\site-packages\sqlalchemy\ext\asyncio\session.py", line 461, in execute
    result = await greenlet_spawn(
             ^^^^^^^^^^^^^^^^^^^^^
  File "D:\ASM1\.venv\Lib\site-packages\sqlalchemy\util\_concurrency_py3k.py", line 201, in greenlet_spawn
    result = context.throw(*sys.exc_info())
             ^^^^^^^^^^^^^^^^^^^^^^^^^^^^^^
  File "D:\ASM1\.venv\Lib\site-packages\sqlalchemy\orm\session.py", line 2362, in execute
    return self._execute_internal(
           ^^^^^^^^^^^^^^^^^^^^^^^
  File "D:\ASM1\.venv\Lib\site-packages\sqlalchemy\orm\session.py", line 2247, in _execute_internal
    result: Result[Any] = compile_state_cls.orm_execute_statement(
                          ^^^^^^^^^^^^^^^^^^^^^^^^^^^^^^^^^^^^^^^^
  File "D:\ASM1\.venv\Lib\site-packages\sqlalchemy\orm\context.py", line 305, in orm_execute_statement
    result = conn.execute(
             ^^^^^^^^^^^^^
  File "D:\ASM1\.venv\Lib\site-packages\sqlalchemy\engine\base.py", line 1418, in execute
    return meth(
           ^^^^^
  File "D:\ASM1\.venv\Lib\site-packages\sqlalchemy\sql\elements.py", line 515, in _execute_on_connection
    return connection._execute_clauseelement(
           ^^^^^^^^^^^^^^^^^^^^^^^^^^^^^^^^^^
  File "D:\ASM1\.venv\Lib\site-packages\sqlalchemy\engine\base.py", line 1640, in _execute_clauseelement
    ret = self._execute_context(
          ^^^^^^^^^^^^^^^^^^^^^^
  File "D:\ASM1\.venv\Lib\site-packages\sqlalchemy\engine\base.py", line 1846, in _execute_context
    return self._exec_single_context(
           ^^^^^^^^^^^^^^^^^^^^^^^^^^
  File "D:\ASM1\.venv\Lib\site-packages\sqlalchemy\engine\base.py", line 1986, in _exec_single_context
    self._handle_dbapi_exception(
  File "D:\ASM1\.venv\Lib\site-packages\sqlalchemy\engine\base.py", line 2355, in _handle_dbapi_exception
    raise sqlalchemy_exception.with_traceback(exc_info[2]) from e
  File "D:\ASM1\.venv\Lib\site-packages\sqlalchemy\engine\base.py", line 1967, in _exec_single_context
    self.dialect.do_execute(
  File "D:\ASM1\.venv\Lib\site-packages\sqlalchemy\engine\default.py", line 941, in do_execute
    cursor.execute(statement, parameters)
  File "D:\ASM1\.venv\Lib\site-packages\sqlalchemy\dialects\sqlite\aiosqlite.py", line 147, in execute
    self._adapt_connection._handle_exception(error)
  File "D:\ASM1\.venv\Lib\site-packages\sqlalchemy\dialects\sqlite\aiosqlite.py", line 298, in _handle_exception
    raise error
  File "D:\ASM1\.venv\Lib\site-packages\sqlalchemy\dialects\sqlite\aiosqlite.py", line 129, in execute
    self.await_(_cursor.execute(operation, parameters))
  File "D:\ASM1\.venv\Lib\site-packages\sqlalchemy\util\_concurrency_py3k.py", line 132, in await_only
    return current.parent.switch(awaitable)  # type: ignore[no-any-return,attr-defined] # noqa: E501
           ^^^^^^^^^^^^^^^^^^^^^^^^^^^^^^^^
  File "D:\ASM1\.venv\Lib\site-packages\sqlalchemy\util\_concurrency_py3k.py", line 196, in greenlet_spawn
    value = await result
            ^^^^^^^^^^^^
  File "D:\ASM1\.venv\Lib\site-packages\aiosqlite\cursor.py", line 48, in execute
    await self._execute(self._cursor.execute, sql, parameters)
  File "D:\ASM1\.venv\Lib\site-packages\aiosqlite\cursor.py", line 40, in _execute
    return await self._conn._execute(fn, *args, **kwargs)
           ^^^^^^^^^^^^^^^^^^^^^^^^^^^^^^^^^^^^^^^^^^^^^^
  File "D:\ASM1\.venv\Lib\site-packages\aiosqlite\core.py", line 132, in _execute
    return await future
           ^^^^^^^^^^^^
  File "D:\ASM1\.venv\Lib\site-packages\aiosqlite\core.py", line 115, in run
    result = function()
             ^^^^^^^^^^
sqlalchemy.exc.OperationalError: (sqlite3.OperationalError) no such column: users.hashed_password
[SQL: SELECT users.id, users.email, users.name, users.role, users.created_at, users.last_login, users.hashed_password 
FROM users 
WHERE users.email = ?]
[parameters: ('khuojuin11@gmail.conm',)]
(Background on this error at: https://sqlalche.me/e/20/e3q8)
2026-03-03 17:08:54,686 - core.database - DEBUG - [DB_OP] Database session cleanup after 0.0188s
2026-03-03 17:08:54,686 - aiosqlite - DEBUG - executing functools.partial(<built-in method rollback of sqlite3.Connection object at 0x000001FD59D763E0>)
2026-03-03 17:08:54,686 - aiosqlite - DEBUG - operation functools.partial(<built-in method rollback of sqlite3.Connection object at 0x000001FD59D763E0>) completed
2026-03-03 17:08:54,686 - aiosqlite - DEBUG - executing functools.partial(<built-in method rollback of sqlite3.Connection object at 0x000001FD59D763E0>)
2026-03-03 17:08:54,686 - aiosqlite - DEBUG - operation functools.partial(<built-in method rollback of sqlite3.Connection object at 0x000001FD59D763E0>) completed
2026-03-03 17:08:54,686 - aiosqlite - DEBUG - executing functools.partial(<built-in method close of sqlite3.Connection object at 0x000001FD59D763E0>)
2026-03-03 17:08:54,686 - aiosqlite - DEBUG - operation functools.partial(<built-in method close of sqlite3.Connection object at 0x000001FD59D763E0>) completed
2026-03-03 17:08:54,686 - core.database - ERROR - Failed to create database session: (sqlite3.OperationalError) no such column: users.hashed_password
[SQL: SELECT users.id, users.email, users.name, users.role, users.created_at, users.last_login, users.hashed_password 
FROM users 
WHERE users.email = ?]
[parameters: ('khuojuin11@gmail.conm',)]
(Background on this error at: https://sqlalche.me/e/20/e3q8)
Traceback (most recent call last):
  File "D:\ASM1\.venv\Lib\site-packages\sqlalchemy\engine\base.py", line 1967, in _exec_single_context
    self.dialect.do_execute(
  File "D:\ASM1\.venv\Lib\site-packages\sqlalchemy\engine\default.py", line 941, in do_execute
    cursor.execute(statement, parameters)
  File "D:\ASM1\.venv\Lib\site-packages\sqlalchemy\dialects\sqlite\aiosqlite.py", line 147, in execute
    self._adapt_connection._handle_exception(error)
  File "D:\ASM1\.venv\Lib\site-packages\sqlalchemy\dialects\sqlite\aiosqlite.py", line 298, in _handle_exception
    raise error
  File "D:\ASM1\.venv\Lib\site-packages\sqlalchemy\dialects\sqlite\aiosqlite.py", line 129, in execute
    self.await_(_cursor.execute(operation, parameters))
  File "D:\ASM1\.venv\Lib\site-packages\sqlalchemy\util\_concurrency_py3k.py", line 132, in await_only
    return current.parent.switch(awaitable)  # type: ignore[no-any-return,attr-defined] # noqa: E501
           ^^^^^^^^^^^^^^^^^^^^^^^^^^^^^^^^
  File "D:\ASM1\.venv\Lib\site-packages\sqlalchemy\util\_concurrency_py3k.py", line 196, in greenlet_spawn
    value = await result
            ^^^^^^^^^^^^
  File "D:\ASM1\.venv\Lib\site-packages\aiosqlite\cursor.py", line 48, in execute
    await self._execute(self._cursor.execute, sql, parameters)
  File "D:\ASM1\.venv\Lib\site-packages\aiosqlite\cursor.py", line 40, in _execute
    return await self._conn._execute(fn, *args, **kwargs)
           ^^^^^^^^^^^^^^^^^^^^^^^^^^^^^^^^^^^^^^^^^^^^^^
  File "D:\ASM1\.venv\Lib\site-packages\aiosqlite\core.py", line 132, in _execute
    return await future
           ^^^^^^^^^^^^
  File "D:\ASM1\.venv\Lib\site-packages\aiosqlite\core.py", line 115, in run
    result = function()
             ^^^^^^^^^^
sqlite3.OperationalError: no such column: users.hashed_password

The above exception was the direct cause of the following exception:

Traceback (most recent call last):
  File "D:\ASM1\backend\core\database.py", line 542, in get_db
    yield session
  File "D:\ASM1\.venv\Lib\site-packages\fastapi\routing.py", line 301, in app
    raw_response = await run_endpoint_function(
                   ^^^^^^^^^^^^^^^^^^^^^^^^^^^^
  File "D:\ASM1\.venv\Lib\site-packages\fastapi\routing.py", line 212, in run_endpoint_function
    return await dependant.call(**values)
           ^^^^^^^^^^^^^^^^^^^^^^^^^^^^^^
  File "D:\ASM1\backend\routers\auth.py", line 349, in login_password
    result = await db.execute(select(User).where(User.email == clean_email))
             ^^^^^^^^^^^^^^^^^^^^^^^^^^^^^^^^^^^^^^^^^^^^^^^^^^^^^^^^^^^^^^^
  File "D:\ASM1\.venv\Lib\site-packages\sqlalchemy\ext\asyncio\session.py", line 461, in execute
    result = await greenlet_spawn(
             ^^^^^^^^^^^^^^^^^^^^^
  File "D:\ASM1\.venv\Lib\site-packages\sqlalchemy\util\_concurrency_py3k.py", line 201, in greenlet_spawn
    result = context.throw(*sys.exc_info())
             ^^^^^^^^^^^^^^^^^^^^^^^^^^^^^^
  File "D:\ASM1\.venv\Lib\site-packages\sqlalchemy\orm\session.py", line 2362, in execute
    return self._execute_internal(
           ^^^^^^^^^^^^^^^^^^^^^^^
  File "D:\ASM1\.venv\Lib\site-packages\sqlalchemy\orm\session.py", line 2247, in _execute_internal
    result: Result[Any] = compile_state_cls.orm_execute_statement(
                          ^^^^^^^^^^^^^^^^^^^^^^^^^^^^^^^^^^^^^^^^
  File "D:\ASM1\.venv\Lib\site-packages\sqlalchemy\orm\context.py", line 305, in orm_execute_statement
    result = conn.execute(
             ^^^^^^^^^^^^^
  File "D:\ASM1\.venv\Lib\site-packages\sqlalchemy\engine\base.py", line 1418, in execute
    return meth(
           ^^^^^
  File "D:\ASM1\.venv\Lib\site-packages\sqlalchemy\sql\elements.py", line 515, in _execute_on_connection
    return connection._execute_clauseelement(
           ^^^^^^^^^^^^^^^^^^^^^^^^^^^^^^^^^^
  File "D:\ASM1\.venv\Lib\site-packages\sqlalchemy\engine\base.py", line 1640, in _execute_clauseelement
    ret = self._execute_context(
          ^^^^^^^^^^^^^^^^^^^^^^
  File "D:\ASM1\.venv\Lib\site-packages\sqlalchemy\engine\base.py", line 1846, in _execute_context
    return self._exec_single_context(
           ^^^^^^^^^^^^^^^^^^^^^^^^^^
  File "D:\ASM1\.venv\Lib\site-packages\sqlalchemy\engine\base.py", line 1986, in _exec_single_context
    self._handle_dbapi_exception(
  File "D:\ASM1\.venv\Lib\site-packages\sqlalchemy\engine\base.py", line 2355, in _handle_dbapi_exception
    raise sqlalchemy_exception.with_traceback(exc_info[2]) from e
  File "D:\ASM1\.venv\Lib\site-packages\sqlalchemy\engine\base.py", line 1967, in _exec_single_context
    self.dialect.do_execute(
  File "D:\ASM1\.venv\Lib\site-packages\sqlalchemy\engine\default.py", line 941, in do_execute
    cursor.execute(statement, parameters)
  File "D:\ASM1\.venv\Lib\site-packages\sqlalchemy\dialects\sqlite\aiosqlite.py", line 147, in execute
    self._adapt_connection._handle_exception(error)
  File "D:\ASM1\.venv\Lib\site-packages\sqlalchemy\dialects\sqlite\aiosqlite.py", line 298, in _handle_exception
    raise error
  File "D:\ASM1\.venv\Lib\site-packages\sqlalchemy\dialects\sqlite\aiosqlite.py", line 129, in execute
    self.await_(_cursor.execute(operation, parameters))
  File "D:\ASM1\.venv\Lib\site-packages\sqlalchemy\util\_concurrency_py3k.py", line 132, in await_only
    return current.parent.switch(awaitable)  # type: ignore[no-any-return,attr-defined] # noqa: E501
           ^^^^^^^^^^^^^^^^^^^^^^^^^^^^^^^^
  File "D:\ASM1\.venv\Lib\site-packages\sqlalchemy\util\_concurrency_py3k.py", line 196, in greenlet_spawn
    value = await result
            ^^^^^^^^^^^^
  File "D:\ASM1\.venv\Lib\site-packages\aiosqlite\cursor.py", line 48, in execute
    await self._execute(self._cursor.execute, sql, parameters)
  File "D:\ASM1\.venv\Lib\site-packages\aiosqlite\cursor.py", line 40, in _execute
    return await self._conn._execute(fn, *args, **kwargs)
           ^^^^^^^^^^^^^^^^^^^^^^^^^^^^^^^^^^^^^^^^^^^^^^
  File "D:\ASM1\.venv\Lib\site-packages\aiosqlite\core.py", line 132, in _execute
    return await future
           ^^^^^^^^^^^^
  File "D:\ASM1\.venv\Lib\site-packages\aiosqlite\core.py", line 115, in run
    result = function()
             ^^^^^^^^^^
sqlalchemy.exc.OperationalError: (sqlite3.OperationalError) no such column: users.hashed_password
[SQL: SELECT users.id, users.email, users.name, users.role, users.created_at, users.last_login, users.hashed_password 
FROM users 
WHERE users.email = ?]
[parameters: ('khuojuin11@gmail.conm',)]
(Background on this error at: https://sqlalche.me/e/20/e3q8)
2026-03-03 17:08:54,828 - core.database - DEBUG - [DB_OP] Starting get_db session creation
2026-03-03 17:08:54,828 - core.database - DEBUG - [DB_OP] Database session created successfully in 0.0000s
2026-03-03 17:08:54,828 - aiosqlite - DEBUG - executing <function connect.<locals>.connector at 0x000001FD59FE3060>
2026-03-03 17:08:54,828 - aiosqlite - DEBUG - operation <function connect.<locals>.connector at 0x000001FD59FE3060> completed
2026-03-03 17:08:54,828 - aiosqlite - DEBUG - executing functools.partial(<built-in method create_function of sqlite3.Connection object at 0x000001FD59D77E20>, 'regexp', 2, <function SQLiteDialect_pysqlite.on_connect.<locals>.regexp at 0x000001FD59CDBF60>, deterministic=True)
2026-03-03 17:08:54,828 - aiosqlite - DEBUG - operation functools.partial(<built-in method create_function of sqlite3.Connection object at 0x000001FD59D77E20>, 'regexp', 2, <function SQLiteDialect_pysqlite.on_connect.<locals>.regexp at 0x000001FD59CDBF60>, deterministic=True) completed
2026-03-03 17:08:54,828 - aiosqlite - DEBUG - executing functools.partial(<built-in method create_function of sqlite3.Connection object at 0x000001FD59D77E20>, 'floor', 1, <built-in function floor>, deterministic=True)
2026-03-03 17:08:54,828 - aiosqlite - DEBUG - operation functools.partial(<built-in method create_function of sqlite3.Connection object at 0x000001FD59D77E20>, 'floor', 1, <built-in function floor>, deterministic=True) completed
2026-03-03 17:08:54,828 - aiosqlite - DEBUG - executing functools.partial(<built-in method cursor of sqlite3.Connection object at 0x000001FD59D77E20>)
2026-03-03 17:08:54,828 - aiosqlite - DEBUG - operation functools.partial(<built-in method cursor of sqlite3.Connection object at 0x000001FD59D77E20>) completed
2026-03-03 17:08:54,828 - aiosqlite - DEBUG - executing functools.partial(<built-in method execute of sqlite3.Cursor object at 0x000001FD5A029540>, 'SELECT users.id, users.email, users.name, users.role, users.created_at, users.last_login, users.hashed_password \nFROM users \nWHERE users.email = ?', ('khuojuin11@gmail.conm',))
2026-03-03 17:08:54,828 - aiosqlite - DEBUG - returning exception no such column: users.hashed_password
2026-03-03 17:08:54,828 - core.database - ERROR - Database session error: (sqlite3.OperationalError) no such column: users.hashed_password
[SQL: SELECT users.id, users.email, users.name, users.role, users.created_at, users.last_login, users.hashed_password 
FROM users 
WHERE users.email = ?]
[parameters: ('khuojuin11@gmail.conm',)]
(Background on this error at: https://sqlalche.me/e/20/e3q8)
Traceback (most recent call last):
  File "D:\ASM1\.venv\Lib\site-packages\sqlalchemy\engine\base.py", line 1967, in _exec_single_context
    self.dialect.do_execute(
  File "D:\ASM1\.venv\Lib\site-packages\sqlalchemy\engine\default.py", line 941, in do_execute
    cursor.execute(statement, parameters)
  File "D:\ASM1\.venv\Lib\site-packages\sqlalchemy\dialects\sqlite\aiosqlite.py", line 147, in execute
    self._adapt_connection._handle_exception(error)
  File "D:\ASM1\.venv\Lib\site-packages\sqlalchemy\dialects\sqlite\aiosqlite.py", line 298, in _handle_exception
    raise error
  File "D:\ASM1\.venv\Lib\site-packages\sqlalchemy\dialects\sqlite\aiosqlite.py", line 129, in execute
    self.await_(_cursor.execute(operation, parameters))
  File "D:\ASM1\.venv\Lib\site-packages\sqlalchemy\util\_concurrency_py3k.py", line 132, in await_only
    return current.parent.switch(awaitable)  # type: ignore[no-any-return,attr-defined] # noqa: E501
           ^^^^^^^^^^^^^^^^^^^^^^^^^^^^^^^^
  File "D:\ASM1\.venv\Lib\site-packages\sqlalchemy\util\_concurrency_py3k.py", line 196, in greenlet_spawn
    value = await result
            ^^^^^^^^^^^^
  File "D:\ASM1\.venv\Lib\site-packages\aiosqlite\cursor.py", line 48, in execute
    await self._execute(self._cursor.execute, sql, parameters)
  File "D:\ASM1\.venv\Lib\site-packages\aiosqlite\cursor.py", line 40, in _execute
    return await self._conn._execute(fn, *args, **kwargs)
           ^^^^^^^^^^^^^^^^^^^^^^^^^^^^^^^^^^^^^^^^^^^^^^
  File "D:\ASM1\.venv\Lib\site-packages\aiosqlite\core.py", line 132, in _execute
    return await future
           ^^^^^^^^^^^^
  File "D:\ASM1\.venv\Lib\site-packages\aiosqlite\core.py", line 115, in run
    result = function()
             ^^^^^^^^^^
sqlite3.OperationalError: no such column: users.hashed_password

The above exception was the direct cause of the following exception:

Traceback (most recent call last):
  File "D:\ASM1\backend\core\database.py", line 542, in get_db
    yield session
  File "D:\ASM1\.venv\Lib\site-packages\fastapi\routing.py", line 301, in app
    raw_response = await run_endpoint_function(
                   ^^^^^^^^^^^^^^^^^^^^^^^^^^^^
  File "D:\ASM1\.venv\Lib\site-packages\fastapi\routing.py", line 212, in run_endpoint_function
    return await dependant.call(**values)
           ^^^^^^^^^^^^^^^^^^^^^^^^^^^^^^
  File "D:\ASM1\backend\routers\auth.py", line 349, in login_password
    result = await db.execute(select(User).where(User.email == clean_email))
             ^^^^^^^^^^^^^^^^^^^^^^^^^^^^^^^^^^^^^^^^^^^^^^^^^^^^^^^^^^^^^^^
  File "D:\ASM1\.venv\Lib\site-packages\sqlalchemy\ext\asyncio\session.py", line 461, in execute
    result = await greenlet_spawn(
             ^^^^^^^^^^^^^^^^^^^^^
  File "D:\ASM1\.venv\Lib\site-packages\sqlalchemy\util\_concurrency_py3k.py", line 201, in greenlet_spawn
    result = context.throw(*sys.exc_info())
             ^^^^^^^^^^^^^^^^^^^^^^^^^^^^^^
  File "D:\ASM1\.venv\Lib\site-packages\sqlalchemy\orm\session.py", line 2362, in execute
    return self._execute_internal(
           ^^^^^^^^^^^^^^^^^^^^^^^
  File "D:\ASM1\.venv\Lib\site-packages\sqlalchemy\orm\session.py", line 2247, in _execute_internal
    result: Result[Any] = compile_state_cls.orm_execute_statement(
                          ^^^^^^^^^^^^^^^^^^^^^^^^^^^^^^^^^^^^^^^^
  File "D:\ASM1\.venv\Lib\site-packages\sqlalchemy\orm\context.py", line 305, in orm_execute_statement
    result = conn.execute(
             ^^^^^^^^^^^^^
  File "D:\ASM1\.venv\Lib\site-packages\sqlalchemy\engine\base.py", line 1418, in execute
    return meth(
           ^^^^^
  File "D:\ASM1\.venv\Lib\site-packages\sqlalchemy\sql\elements.py", line 515, in _execute_on_connection
    return connection._execute_clauseelement(
           ^^^^^^^^^^^^^^^^^^^^^^^^^^^^^^^^^^
  File "D:\ASM1\.venv\Lib\site-packages\sqlalchemy\engine\base.py", line 1640, in _execute_clauseelement
    ret = self._execute_context(
          ^^^^^^^^^^^^^^^^^^^^^^
  File "D:\ASM1\.venv\Lib\site-packages\sqlalchemy\engine\base.py", line 1846, in _execute_context
    return self._exec_single_context(
           ^^^^^^^^^^^^^^^^^^^^^^^^^^
  File "D:\ASM1\.venv\Lib\site-packages\sqlalchemy\engine\base.py", line 1986, in _exec_single_context
    self._handle_dbapi_exception(
  File "D:\ASM1\.venv\Lib\site-packages\sqlalchemy\engine\base.py", line 2355, in _handle_dbapi_exception
    raise sqlalchemy_exception.with_traceback(exc_info[2]) from e
  File "D:\ASM1\.venv\Lib\site-packages\sqlalchemy\engine\base.py", line 1967, in _exec_single_context
    self.dialect.do_execute(
  File "D:\ASM1\.venv\Lib\site-packages\sqlalchemy\engine\default.py", line 941, in do_execute
    cursor.execute(statement, parameters)
  File "D:\ASM1\.venv\Lib\site-packages\sqlalchemy\dialects\sqlite\aiosqlite.py", line 147, in execute
    self._adapt_connection._handle_exception(error)
  File "D:\ASM1\.venv\Lib\site-packages\sqlalchemy\dialects\sqlite\aiosqlite.py", line 298, in _handle_exception
    raise error
  File "D:\ASM1\.venv\Lib\site-packages\sqlalchemy\dialects\sqlite\aiosqlite.py", line 129, in execute
    self.await_(_cursor.execute(operation, parameters))
  File "D:\ASM1\.venv\Lib\site-packages\sqlalchemy\util\_concurrency_py3k.py", line 132, in await_only
    return current.parent.switch(awaitable)  # type: ignore[no-any-return,attr-defined] # noqa: E501
           ^^^^^^^^^^^^^^^^^^^^^^^^^^^^^^^^
  File "D:\ASM1\.venv\Lib\site-packages\sqlalchemy\util\_concurrency_py3k.py", line 196, in greenlet_spawn
    value = await result
            ^^^^^^^^^^^^
  File "D:\ASM1\.venv\Lib\site-packages\aiosqlite\cursor.py", line 48, in execute
    await self._execute(self._cursor.execute, sql, parameters)
  File "D:\ASM1\.venv\Lib\site-packages\aiosqlite\cursor.py", line 40, in _execute
    return await self._conn._execute(fn, *args, **kwargs)
           ^^^^^^^^^^^^^^^^^^^^^^^^^^^^^^^^^^^^^^^^^^^^^^
  File "D:\ASM1\.venv\Lib\site-packages\aiosqlite\core.py", line 132, in _execute
    return await future
           ^^^^^^^^^^^^
  File "D:\ASM1\.venv\Lib\site-packages\aiosqlite\core.py", line 115, in run
    result = function()
             ^^^^^^^^^^
sqlalchemy.exc.OperationalError: (sqlite3.OperationalError) no such column: users.hashed_password
[SQL: SELECT users.id, users.email, users.name, users.role, users.created_at, users.last_login, users.hashed_password 
FROM users 
WHERE users.email = ?]
[parameters: ('khuojuin11@gmail.conm',)]
(Background on this error at: https://sqlalche.me/e/20/e3q8)
2026-03-03 17:08:54,844 - core.database - DEBUG - [DB_OP] Database session cleanup after 0.0165s
2026-03-03 17:08:54,844 - aiosqlite - DEBUG - executing functools.partial(<built-in method rollback of sqlite3.Connection object at 0x000001FD59D77E20>)
2026-03-03 17:08:54,844 - aiosqlite - DEBUG - operation functools.partial(<built-in method rollback of sqlite3.Connection object at 0x000001FD59D77E20>) completed
2026-03-03 17:08:54,844 - aiosqlite - DEBUG - executing functools.partial(<built-in method rollback of sqlite3.Connection object at 0x000001FD59D77E20>)
2026-03-03 17:08:54,844 - aiosqlite - DEBUG - operation functools.partial(<built-in method rollback of sqlite3.Connection object at 0x000001FD59D77E20>) completed
2026-03-03 17:08:54,844 - aiosqlite - DEBUG - executing functools.partial(<built-in method close of sqlite3.Connection object at 0x000001FD59D77E20>)
2026-03-03 17:08:54,844 - aiosqlite - DEBUG - operation functools.partial(<built-in method close of sqlite3.Connection object at 0x000001FD59D77E20>) completed
2026-03-03 17:08:54,844 - core.database - ERROR - Failed to create database session: (sqlite3.OperationalError) no such column: users.hashed_password
[SQL: SELECT users.id, users.email, users.name, users.role, users.created_at, users.last_login, users.hashed_password 
FROM users 
WHERE users.email = ?]
[parameters: ('khuojuin11@gmail.conm',)]
(Background on this error at: https://sqlalche.me/e/20/e3q8)
Traceback (most recent call last):
  File "D:\ASM1\.venv\Lib\site-packages\sqlalchemy\engine\base.py", line 1967, in _exec_single_context
    self.dialect.do_execute(
  File "D:\ASM1\.venv\Lib\site-packages\sqlalchemy\engine\default.py", line 941, in do_execute
    cursor.execute(statement, parameters)
  File "D:\ASM1\.venv\Lib\site-packages\sqlalchemy\dialects\sqlite\aiosqlite.py", line 147, in execute
    self._adapt_connection._handle_exception(error)
  File "D:\ASM1\.venv\Lib\site-packages\sqlalchemy\dialects\sqlite\aiosqlite.py", line 298, in _handle_exception
    raise error
  File "D:\ASM1\.venv\Lib\site-packages\sqlalchemy\dialects\sqlite\aiosqlite.py", line 129, in execute
    self.await_(_cursor.execute(operation, parameters))
  File "D:\ASM1\.venv\Lib\site-packages\sqlalchemy\util\_concurrency_py3k.py", line 132, in await_only
    return current.parent.switch(awaitable)  # type: ignore[no-any-return,attr-defined] # noqa: E501
           ^^^^^^^^^^^^^^^^^^^^^^^^^^^^^^^^
  File "D:\ASM1\.venv\Lib\site-packages\sqlalchemy\util\_concurrency_py3k.py", line 196, in greenlet_spawn
    value = await result
            ^^^^^^^^^^^^
  File "D:\ASM1\.venv\Lib\site-packages\aiosqlite\cursor.py", line 48, in execute
    await self._execute(self._cursor.execute, sql, parameters)
  File "D:\ASM1\.venv\Lib\site-packages\aiosqlite\cursor.py", line 40, in _execute
    return await self._conn._execute(fn, *args, **kwargs)
           ^^^^^^^^^^^^^^^^^^^^^^^^^^^^^^^^^^^^^^^^^^^^^^
  File "D:\ASM1\.venv\Lib\site-packages\aiosqlite\core.py", line 132, in _execute
    return await future
           ^^^^^^^^^^^^
  File "D:\ASM1\.venv\Lib\site-packages\aiosqlite\core.py", line 115, in run
    result = function()
             ^^^^^^^^^^
sqlite3.OperationalError: no such column: users.hashed_password

The above exception was the direct cause of the following exception:

Traceback (most recent call last):
  File "D:\ASM1\backend\core\database.py", line 542, in get_db
    yield session
  File "D:\ASM1\.venv\Lib\site-packages\fastapi\routing.py", line 301, in app
    raw_response = await run_endpoint_function(
                   ^^^^^^^^^^^^^^^^^^^^^^^^^^^^
  File "D:\ASM1\.venv\Lib\site-packages\fastapi\routing.py", line 212, in run_endpoint_function
    return await dependant.call(**values)
           ^^^^^^^^^^^^^^^^^^^^^^^^^^^^^^
  File "D:\ASM1\backend\routers\auth.py", line 349, in login_password
    result = await db.execute(select(User).where(User.email == clean_email))
             ^^^^^^^^^^^^^^^^^^^^^^^^^^^^^^^^^^^^^^^^^^^^^^^^^^^^^^^^^^^^^^^
  File "D:\ASM1\.venv\Lib\site-packages\sqlalchemy\ext\asyncio\session.py", line 461, in execute
    result = await greenlet_spawn(
             ^^^^^^^^^^^^^^^^^^^^^
  File "D:\ASM1\.venv\Lib\site-packages\sqlalchemy\util\_concurrency_py3k.py", line 201, in greenlet_spawn
    result = context.throw(*sys.exc_info())
             ^^^^^^^^^^^^^^^^^^^^^^^^^^^^^^
  File "D:\ASM1\.venv\Lib\site-packages\sqlalchemy\orm\session.py", line 2362, in execute
    return self._execute_internal(
           ^^^^^^^^^^^^^^^^^^^^^^^
  File "D:\ASM1\.venv\Lib\site-packages\sqlalchemy\orm\session.py", line 2247, in _execute_internal
    result: Result[Any] = compile_state_cls.orm_execute_statement(
                          ^^^^^^^^^^^^^^^^^^^^^^^^^^^^^^^^^^^^^^^^
  File "D:\ASM1\.venv\Lib\site-packages\sqlalchemy\orm\context.py", line 305, in orm_execute_statement
    result = conn.execute(
             ^^^^^^^^^^^^^
  File "D:\ASM1\.venv\Lib\site-packages\sqlalchemy\engine\base.py", line 1418, in execute
    return meth(
           ^^^^^
  File "D:\ASM1\.venv\Lib\site-packages\sqlalchemy\sql\elements.py", line 515, in _execute_on_connection
    return connection._execute_clauseelement(
           ^^^^^^^^^^^^^^^^^^^^^^^^^^^^^^^^^^
  File "D:\ASM1\.venv\Lib\site-packages\sqlalchemy\engine\base.py", line 1640, in _execute_clauseelement
    ret = self._execute_context(
          ^^^^^^^^^^^^^^^^^^^^^^
  File "D:\ASM1\.venv\Lib\site-packages\sqlalchemy\engine\base.py", line 1846, in _execute_context
    return self._exec_single_context(
           ^^^^^^^^^^^^^^^^^^^^^^^^^^
  File "D:\ASM1\.venv\Lib\site-packages\sqlalchemy\engine\base.py", line 1986, in _exec_single_context
    self._handle_dbapi_exception(
  File "D:\ASM1\.venv\Lib\site-packages\sqlalchemy\engine\base.py", line 2355, in _handle_dbapi_exception
    raise sqlalchemy_exception.with_traceback(exc_info[2]) from e
  File "D:\ASM1\.venv\Lib\site-packages\sqlalchemy\engine\base.py", line 1967, in _exec_single_context
    self.dialect.do_execute(
  File "D:\ASM1\.venv\Lib\site-packages\sqlalchemy\engine\default.py", line 941, in do_execute
    cursor.execute(statement, parameters)
  File "D:\ASM1\.venv\Lib\site-packages\sqlalchemy\dialects\sqlite\aiosqlite.py", line 147, in execute
    self._adapt_connection._handle_exception(error)
  File "D:\ASM1\.venv\Lib\site-packages\sqlalchemy\dialects\sqlite\aiosqlite.py", line 298, in _handle_exception
    raise error
  File "D:\ASM1\.venv\Lib\site-packages\sqlalchemy\dialects\sqlite\aiosqlite.py", line 129, in execute
    self.await_(_cursor.execute(operation, parameters))
  File "D:\ASM1\.venv\Lib\site-packages\sqlalchemy\util\_concurrency_py3k.py", line 132, in await_only
    return current.parent.switch(awaitable)  # type: ignore[no-any-return,attr-defined] # noqa: E501
           ^^^^^^^^^^^^^^^^^^^^^^^^^^^^^^^^
  File "D:\ASM1\.venv\Lib\site-packages\sqlalchemy\util\_concurrency_py3k.py", line 196, in greenlet_spawn
    value = await result
            ^^^^^^^^^^^^
  File "D:\ASM1\.venv\Lib\site-packages\aiosqlite\cursor.py", line 48, in execute
    await self._execute(self._cursor.execute, sql, parameters)
  File "D:\ASM1\.venv\Lib\site-packages\aiosqlite\cursor.py", line 40, in _execute
    return await self._conn._execute(fn, *args, **kwargs)
           ^^^^^^^^^^^^^^^^^^^^^^^^^^^^^^^^^^^^^^^^^^^^^^
  File "D:\ASM1\.venv\Lib\site-packages\aiosqlite\core.py", line 132, in _execute
    return await future
           ^^^^^^^^^^^^
  File "D:\ASM1\.venv\Lib\site-packages\aiosqlite\core.py", line 115, in run
    result = function()
             ^^^^^^^^^^
sqlalchemy.exc.OperationalError: (sqlite3.OperationalError) no such column: users.hashed_password
[SQL: SELECT users.id, users.email, users.name, users.role, users.created_at, users.last_login, users.hashed_password 
FROM users 
WHERE users.email = ?]
[parameters: ('khuojuin11@gmail.conm',)]
(Background on this error at: https://sqlalche.me/e/20/e3q8)
2026-03-03 17:08:54,989 - core.database - DEBUG - [DB_OP] Starting get_db session creation
2026-03-03 17:08:54,990 - core.database - DEBUG - [DB_OP] Database session created successfully in 0.0006s
2026-03-03 17:08:54,991 - aiosqlite - DEBUG - executing <function connect.<locals>.connector at 0x000001FD59FE39C0>
2026-03-03 17:08:54,991 - aiosqlite - DEBUG - operation <function connect.<locals>.connector at 0x000001FD59FE39C0> completed
2026-03-03 17:08:54,992 - aiosqlite - DEBUG - executing functools.partial(<built-in method create_function of sqlite3.Connection object at 0x000001FD59D12E30>, 'regexp', 2, <function SQLiteDialect_pysqlite.on_connect.<locals>.regexp at 0x000001FD59CDBF60>, deterministic=True)
2026-03-03 17:08:54,992 - aiosqlite - DEBUG - operation functools.partial(<built-in method create_function of sqlite3.Connection object at 0x000001FD59D12E30>, 'regexp', 2, <function SQLiteDialect_pysqlite.on_connect.<locals>.regexp at 0x000001FD59CDBF60>, deterministic=True) completed
2026-03-03 17:08:54,992 - aiosqlite - DEBUG - executing functools.partial(<built-in method create_function of sqlite3.Connection object at 0x000001FD59D12E30>, 'floor', 1, <built-in function floor>, deterministic=True)
2026-03-03 17:08:54,992 - aiosqlite - DEBUG - operation functools.partial(<built-in method create_function of sqlite3.Connection object at 0x000001FD59D12E30>, 'floor', 1, <built-in function floor>, deterministic=True) completed
2026-03-03 17:08:54,994 - aiosqlite - DEBUG - executing functools.partial(<built-in method cursor of sqlite3.Connection object at 0x000001FD59D12E30>)
2026-03-03 17:08:54,994 - aiosqlite - DEBUG - operation functools.partial(<built-in method cursor of sqlite3.Connection object at 0x000001FD59D12E30>) completed
2026-03-03 17:08:54,994 - aiosqlite - DEBUG - executing functools.partial(<built-in method execute of sqlite3.Cursor object at 0x000001FD59D6D5C0>, 'SELECT users.id, users.email, users.name, users.role, users.created_at, users.last_login, users.hashed_password \nFROM users \nWHERE users.email = ?', ('khuojuin11@gmail.conm',))
2026-03-03 17:08:54,994 - aiosqlite - DEBUG - returning exception no such column: users.hashed_password
2026-03-03 17:08:54,994 - core.database - ERROR - Database session error: (sqlite3.OperationalError) no such column: users.hashed_password
[SQL: SELECT users.id, users.email, users.name, users.role, users.created_at, users.last_login, users.hashed_password 
FROM users 
WHERE users.email = ?]
[parameters: ('khuojuin11@gmail.conm',)]
(Background on this error at: https://sqlalche.me/e/20/e3q8)
Traceback (most recent call last):
  File "D:\ASM1\.venv\Lib\site-packages\sqlalchemy\engine\base.py", line 1967, in _exec_single_context
    self.dialect.do_execute(
  File "D:\ASM1\.venv\Lib\site-packages\sqlalchemy\engine\default.py", line 941, in do_execute
    cursor.execute(statement, parameters)
  File "D:\ASM1\.venv\Lib\site-packages\sqlalchemy\dialects\sqlite\aiosqlite.py", line 147, in execute
    self._adapt_connection._handle_exception(error)
  File "D:\ASM1\.venv\Lib\site-packages\sqlalchemy\dialects\sqlite\aiosqlite.py", line 298, in _handle_exception
    raise error
  File "D:\ASM1\.venv\Lib\site-packages\sqlalchemy\dialects\sqlite\aiosqlite.py", line 129, in execute
    self.await_(_cursor.execute(operation, parameters))
  File "D:\ASM1\.venv\Lib\site-packages\sqlalchemy\util\_concurrency_py3k.py", line 132, in await_only
    return current.parent.switch(awaitable)  # type: ignore[no-any-return,attr-defined] # noqa: E501
           ^^^^^^^^^^^^^^^^^^^^^^^^^^^^^^^^
  File "D:\ASM1\.venv\Lib\site-packages\sqlalchemy\util\_concurrency_py3k.py", line 196, in greenlet_spawn
    value = await result
            ^^^^^^^^^^^^
  File "D:\ASM1\.venv\Lib\site-packages\aiosqlite\cursor.py", line 48, in execute
    await self._execute(self._cursor.execute, sql, parameters)
  File "D:\ASM1\.venv\Lib\site-packages\aiosqlite\cursor.py", line 40, in _execute
    return await self._conn._execute(fn, *args, **kwargs)
           ^^^^^^^^^^^^^^^^^^^^^^^^^^^^^^^^^^^^^^^^^^^^^^
  File "D:\ASM1\.venv\Lib\site-packages\aiosqlite\core.py", line 132, in _execute
    return await future
           ^^^^^^^^^^^^
  File "D:\ASM1\.venv\Lib\site-packages\aiosqlite\core.py", line 115, in run
    result = function()
             ^^^^^^^^^^
sqlite3.OperationalError: no such column: users.hashed_password

The above exception was the direct cause of the following exception:

Traceback (most recent call last):
  File "D:\ASM1\backend\core\database.py", line 542, in get_db
    yield session
  File "D:\ASM1\.venv\Lib\site-packages\fastapi\routing.py", line 301, in app
    raw_response = await run_endpoint_function(
                   ^^^^^^^^^^^^^^^^^^^^^^^^^^^^
  File "D:\ASM1\.venv\Lib\site-packages\fastapi\routing.py", line 212, in run_endpoint_function
    return await dependant.call(**values)
           ^^^^^^^^^^^^^^^^^^^^^^^^^^^^^^
  File "D:\ASM1\backend\routers\auth.py", line 349, in login_password
    result = await db.execute(select(User).where(User.email == clean_email))
             ^^^^^^^^^^^^^^^^^^^^^^^^^^^^^^^^^^^^^^^^^^^^^^^^^^^^^^^^^^^^^^^
  File "D:\ASM1\.venv\Lib\site-packages\sqlalchemy\ext\asyncio\session.py", line 461, in execute
    result = await greenlet_spawn(
             ^^^^^^^^^^^^^^^^^^^^^
  File "D:\ASM1\.venv\Lib\site-packages\sqlalchemy\util\_concurrency_py3k.py", line 201, in greenlet_spawn
    result = context.throw(*sys.exc_info())
             ^^^^^^^^^^^^^^^^^^^^^^^^^^^^^^
  File "D:\ASM1\.venv\Lib\site-packages\sqlalchemy\orm\session.py", line 2362, in execute
    return self._execute_internal(
           ^^^^^^^^^^^^^^^^^^^^^^^
  File "D:\ASM1\.venv\Lib\site-packages\sqlalchemy\orm\session.py", line 2247, in _execute_internal
    result: Result[Any] = compile_state_cls.orm_execute_statement(
                          ^^^^^^^^^^^^^^^^^^^^^^^^^^^^^^^^^^^^^^^^
  File "D:\ASM1\.venv\Lib\site-packages\sqlalchemy\orm\context.py", line 305, in orm_execute_statement
    result = conn.execute(
             ^^^^^^^^^^^^^
  File "D:\ASM1\.venv\Lib\site-packages\sqlalchemy\engine\base.py", line 1418, in execute
    return meth(
           ^^^^^
  File "D:\ASM1\.venv\Lib\site-packages\sqlalchemy\sql\elements.py", line 515, in _execute_on_connection
    return connection._execute_clauseelement(
           ^^^^^^^^^^^^^^^^^^^^^^^^^^^^^^^^^^
  File "D:\ASM1\.venv\Lib\site-packages\sqlalchemy\engine\base.py", line 1640, in _execute_clauseelement
    ret = self._execute_context(
          ^^^^^^^^^^^^^^^^^^^^^^
  File "D:\ASM1\.venv\Lib\site-packages\sqlalchemy\engine\base.py", line 1846, in _execute_context
    return self._exec_single_context(
           ^^^^^^^^^^^^^^^^^^^^^^^^^^
  File "D:\ASM1\.venv\Lib\site-packages\sqlalchemy\engine\base.py", line 1986, in _exec_single_context
    self._handle_dbapi_exception(
  File "D:\ASM1\.venv\Lib\site-packages\sqlalchemy\engine\base.py", line 2355, in _handle_dbapi_exception
    raise sqlalchemy_exception.with_traceback(exc_info[2]) from e
  File "D:\ASM1\.venv\Lib\site-packages\sqlalchemy\engine\base.py", line 1967, in _exec_single_context
    self.dialect.do_execute(
  File "D:\ASM1\.venv\Lib\site-packages\sqlalchemy\engine\default.py", line 941, in do_execute
    cursor.execute(statement, parameters)
  File "D:\ASM1\.venv\Lib\site-packages\sqlalchemy\dialects\sqlite\aiosqlite.py", line 147, in execute
    self._adapt_connection._handle_exception(error)
  File "D:\ASM1\.venv\Lib\site-packages\sqlalchemy\dialects\sqlite\aiosqlite.py", line 298, in _handle_exception
    raise error
  File "D:\ASM1\.venv\Lib\site-packages\sqlalchemy\dialects\sqlite\aiosqlite.py", line 129, in execute
    self.await_(_cursor.execute(operation, parameters))
  File "D:\ASM1\.venv\Lib\site-packages\sqlalchemy\util\_concurrency_py3k.py", line 132, in await_only
    return current.parent.switch(awaitable)  # type: ignore[no-any-return,attr-defined] # noqa: E501
           ^^^^^^^^^^^^^^^^^^^^^^^^^^^^^^^^
  File "D:\ASM1\.venv\Lib\site-packages\sqlalchemy\util\_concurrency_py3k.py", line 196, in greenlet_spawn
    value = await result
            ^^^^^^^^^^^^
  File "D:\ASM1\.venv\Lib\site-packages\aiosqlite\cursor.py", line 48, in execute
    await self._execute(self._cursor.execute, sql, parameters)
  File "D:\ASM1\.venv\Lib\site-packages\aiosqlite\cursor.py", line 40, in _execute
    return await self._conn._execute(fn, *args, **kwargs)
           ^^^^^^^^^^^^^^^^^^^^^^^^^^^^^^^^^^^^^^^^^^^^^^
  File "D:\ASM1\.venv\Lib\site-packages\aiosqlite\core.py", line 132, in _execute
    return await future
           ^^^^^^^^^^^^
  File "D:\ASM1\.venv\Lib\site-packages\aiosqlite\core.py", line 115, in run
    result = function()
             ^^^^^^^^^^
sqlalchemy.exc.OperationalError: (sqlite3.OperationalError) no such column: users.hashed_password
[SQL: SELECT users.id, users.email, users.name, users.role, users.created_at, users.last_login, users.hashed_password 
FROM users 
WHERE users.email = ?]
[parameters: ('khuojuin11@gmail.conm',)]
(Background on this error at: https://sqlalche.me/e/20/e3q8)
2026-03-03 17:08:55,003 - core.database - DEBUG - [DB_OP] Database session cleanup after 0.0140s
2026-03-03 17:08:55,003 - aiosqlite - DEBUG - executing functools.partial(<built-in method rollback of sqlite3.Connection object at 0x000001FD59D12E30>)
2026-03-03 17:08:55,003 - aiosqlite - DEBUG - operation functools.partial(<built-in method rollback of sqlite3.Connection object at 0x000001FD59D12E30>) completed
2026-03-03 17:08:55,003 - aiosqlite - DEBUG - executing functools.partial(<built-in method rollback of sqlite3.Connection object at 0x000001FD59D12E30>)
2026-03-03 17:08:55,003 - aiosqlite - DEBUG - operation functools.partial(<built-in method rollback of sqlite3.Connection object at 0x000001FD59D12E30>) completed
2026-03-03 17:08:55,003 - aiosqlite - DEBUG - executing functools.partial(<built-in method close of sqlite3.Connection object at 0x000001FD59D12E30>)
2026-03-03 17:08:55,003 - aiosqlite - DEBUG - operation functools.partial(<built-in method close of sqlite3.Connection object at 0x000001FD59D12E30>) completed
2026-03-03 17:08:55,003 - core.database - ERROR - Failed to create database session: (sqlite3.OperationalError) no such column: users.hashed_password
[SQL: SELECT users.id, users.email, users.name, users.role, users.created_at, users.last_login, users.hashed_password 
FROM users 
WHERE users.email = ?]
[parameters: ('khuojuin11@gmail.conm',)]
(Background on this error at: https://sqlalche.me/e/20/e3q8)
Traceback (most recent call last):
  File "D:\ASM1\.venv\Lib\site-packages\sqlalchemy\engine\base.py", line 1967, in _exec_single_context
    self.dialect.do_execute(
  File "D:\ASM1\.venv\Lib\site-packages\sqlalchemy\engine\default.py", line 941, in do_execute
    cursor.execute(statement, parameters)
  File "D:\ASM1\.venv\Lib\site-packages\sqlalchemy\dialects\sqlite\aiosqlite.py", line 147, in execute
    self._adapt_connection._handle_exception(error)
  File "D:\ASM1\.venv\Lib\site-packages\sqlalchemy\dialects\sqlite\aiosqlite.py", line 298, in _handle_exception
    raise error
  File "D:\ASM1\.venv\Lib\site-packages\sqlalchemy\dialects\sqlite\aiosqlite.py", line 129, in execute
    self.await_(_cursor.execute(operation, parameters))
  File "D:\ASM1\.venv\Lib\site-packages\sqlalchemy\util\_concurrency_py3k.py", line 132, in await_only
    return current.parent.switch(awaitable)  # type: ignore[no-any-return,attr-defined] # noqa: E501
           ^^^^^^^^^^^^^^^^^^^^^^^^^^^^^^^^
  File "D:\ASM1\.venv\Lib\site-packages\sqlalchemy\util\_concurrency_py3k.py", line 196, in greenlet_spawn
    value = await result
            ^^^^^^^^^^^^
  File "D:\ASM1\.venv\Lib\site-packages\aiosqlite\cursor.py", line 48, in execute
    await self._execute(self._cursor.execute, sql, parameters)
  File "D:\ASM1\.venv\Lib\site-packages\aiosqlite\cursor.py", line 40, in _execute
    return await self._conn._execute(fn, *args, **kwargs)
           ^^^^^^^^^^^^^^^^^^^^^^^^^^^^^^^^^^^^^^^^^^^^^^
  File "D:\ASM1\.venv\Lib\site-packages\aiosqlite\core.py", line 132, in _execute
    return await future
           ^^^^^^^^^^^^
  File "D:\ASM1\.venv\Lib\site-packages\aiosqlite\core.py", line 115, in run
    result = function()
             ^^^^^^^^^^
sqlite3.OperationalError: no such column: users.hashed_password

The above exception was the direct cause of the following exception:

Traceback (most recent call last):
  File "D:\ASM1\backend\core\database.py", line 542, in get_db
    yield session
  File "D:\ASM1\.venv\Lib\site-packages\fastapi\routing.py", line 301, in app
    raw_response = await run_endpoint_function(
                   ^^^^^^^^^^^^^^^^^^^^^^^^^^^^
  File "D:\ASM1\.venv\Lib\site-packages\fastapi\routing.py", line 212, in run_endpoint_function
    return await dependant.call(**values)
           ^^^^^^^^^^^^^^^^^^^^^^^^^^^^^^
  File "D:\ASM1\backend\routers\auth.py", line 349, in login_password
    result = await db.execute(select(User).where(User.email == clean_email))
             ^^^^^^^^^^^^^^^^^^^^^^^^^^^^^^^^^^^^^^^^^^^^^^^^^^^^^^^^^^^^^^^
  File "D:\ASM1\.venv\Lib\site-packages\sqlalchemy\ext\asyncio\session.py", line 461, in execute
    result = await greenlet_spawn(
             ^^^^^^^^^^^^^^^^^^^^^
  File "D:\ASM1\.venv\Lib\site-packages\sqlalchemy\util\_concurrency_py3k.py", line 201, in greenlet_spawn
    result = context.throw(*sys.exc_info())
             ^^^^^^^^^^^^^^^^^^^^^^^^^^^^^^
  File "D:\ASM1\.venv\Lib\site-packages\sqlalchemy\orm\session.py", line 2362, in execute
    return self._execute_internal(
           ^^^^^^^^^^^^^^^^^^^^^^^
  File "D:\ASM1\.venv\Lib\site-packages\sqlalchemy\orm\session.py", line 2247, in _execute_internal
    result: Result[Any] = compile_state_cls.orm_execute_statement(
                          ^^^^^^^^^^^^^^^^^^^^^^^^^^^^^^^^^^^^^^^^
  File "D:\ASM1\.venv\Lib\site-packages\sqlalchemy\orm\context.py", line 305, in orm_execute_statement
    result = conn.execute(
             ^^^^^^^^^^^^^
  File "D:\ASM1\.venv\Lib\site-packages\sqlalchemy\engine\base.py", line 1418, in execute
    return meth(
           ^^^^^
  File "D:\ASM1\.venv\Lib\site-packages\sqlalchemy\sql\elements.py", line 515, in _execute_on_connection
    return connection._execute_clauseelement(
           ^^^^^^^^^^^^^^^^^^^^^^^^^^^^^^^^^^
  File "D:\ASM1\.venv\Lib\site-packages\sqlalchemy\engine\base.py", line 1640, in _execute_clauseelement
    ret = self._execute_context(
          ^^^^^^^^^^^^^^^^^^^^^^
  File "D:\ASM1\.venv\Lib\site-packages\sqlalchemy\engine\base.py", line 1846, in _execute_context
    return self._exec_single_context(
           ^^^^^^^^^^^^^^^^^^^^^^^^^^
  File "D:\ASM1\.venv\Lib\site-packages\sqlalchemy\engine\base.py", line 1986, in _exec_single_context
    self._handle_dbapi_exception(
  File "D:\ASM1\.venv\Lib\site-packages\sqlalchemy\engine\base.py", line 2355, in _handle_dbapi_exception
    raise sqlalchemy_exception.with_traceback(exc_info[2]) from e
  File "D:\ASM1\.venv\Lib\site-packages\sqlalchemy\engine\base.py", line 1967, in _exec_single_context
    self.dialect.do_execute(
  File "D:\ASM1\.venv\Lib\site-packages\sqlalchemy\engine\default.py", line 941, in do_execute
    cursor.execute(statement, parameters)
  File "D:\ASM1\.venv\Lib\site-packages\sqlalchemy\dialects\sqlite\aiosqlite.py", line 147, in execute
    self._adapt_connection._handle_exception(error)
  File "D:\ASM1\.venv\Lib\site-packages\sqlalchemy\dialects\sqlite\aiosqlite.py", line 298, in _handle_exception
    raise error
  File "D:\ASM1\.venv\Lib\site-packages\sqlalchemy\dialects\sqlite\aiosqlite.py", line 129, in execute
    self.await_(_cursor.execute(operation, parameters))
  File "D:\ASM1\.venv\Lib\site-packages\sqlalchemy\util\_concurrency_py3k.py", line 132, in await_only
    return current.parent.switch(awaitable)  # type: ignore[no-any-return,attr-defined] # noqa: E501
           ^^^^^^^^^^^^^^^^^^^^^^^^^^^^^^^^
  File "D:\ASM1\.venv\Lib\site-packages\sqlalchemy\util\_concurrency_py3k.py", line 196, in greenlet_spawn
    value = await result
            ^^^^^^^^^^^^
  File "D:\ASM1\.venv\Lib\site-packages\aiosqlite\cursor.py", line 48, in execute
    await self._execute(self._cursor.execute, sql, parameters)
  File "D:\ASM1\.venv\Lib\site-packages\aiosqlite\cursor.py", line 40, in _execute
    return await self._conn._execute(fn, *args, **kwargs)
           ^^^^^^^^^^^^^^^^^^^^^^^^^^^^^^^^^^^^^^^^^^^^^^
  File "D:\ASM1\.venv\Lib\site-packages\aiosqlite\core.py", line 132, in _execute
    return await future
           ^^^^^^^^^^^^
  File "D:\ASM1\.venv\Lib\site-packages\aiosqlite\core.py", line 115, in run
    result = function()
             ^^^^^^^^^^
sqlalchemy.exc.OperationalError: (sqlite3.OperationalError) no such column: users.hashed_password
[SQL: SELECT users.id, users.email, users.name, users.role, users.created_at, users.last_login, users.hashed_password 
FROM users 
WHERE users.email = ?]
[parameters: ('khuojuin11@gmail.conm',)]
(Background on this error at: https://sqlalche.me/e/20/e3q8)
2026-03-03 17:08:55,134 - core.database - DEBUG - [DB_OP] Starting get_db session creation
2026-03-03 17:08:55,134 - core.database - DEBUG - [DB_OP] Database session created successfully in 0.0000s
2026-03-03 17:08:55,142 - aiosqlite - DEBUG - executing <function connect.<locals>.connector at 0x000001FD59FE25C0>
2026-03-03 17:08:55,143 - aiosqlite - DEBUG - operation <function connect.<locals>.connector at 0x000001FD59FE25C0> completed
2026-03-03 17:08:55,143 - aiosqlite - DEBUG - executing functools.partial(<built-in method create_function of sqlite3.Connection object at 0x000001FD59D766B0>, 'regexp', 2, <function SQLiteDialect_pysqlite.on_connect.<locals>.regexp at 0x000001FD59CDBF60>, deterministic=True)
2026-03-03 17:08:55,143 - aiosqlite - DEBUG - operation functools.partial(<built-in method create_function of sqlite3.Connection object at 0x000001FD59D766B0>, 'regexp', 2, <function SQLiteDialect_pysqlite.on_connect.<locals>.regexp at 0x000001FD59CDBF60>, deterministic=True) completed
2026-03-03 17:08:55,144 - aiosqlite - DEBUG - executing functools.partial(<built-in method create_function of sqlite3.Connection object at 0x000001FD59D766B0>, 'floor', 1, <built-in function floor>, deterministic=True)
2026-03-03 17:08:55,144 - aiosqlite - DEBUG - operation functools.partial(<built-in method create_function of sqlite3.Connection object at 0x000001FD59D766B0>, 'floor', 1, <built-in function floor>, deterministic=True) completed
2026-03-03 17:08:55,144 - aiosqlite - DEBUG - executing functools.partial(<built-in method cursor of sqlite3.Connection object at 0x000001FD59D766B0>)
2026-03-03 17:08:55,144 - aiosqlite - DEBUG - operation functools.partial(<built-in method cursor of sqlite3.Connection object at 0x000001FD59D766B0>) completed
2026-03-03 17:08:55,144 - aiosqlite - DEBUG - executing functools.partial(<built-in method execute of sqlite3.Cursor object at 0x000001FD59C8F640>, 'SELECT users.id, users.email, users.name, users.role, users.created_at, users.last_login, users.hashed_password \nFROM users \nWHERE users.email = ?', ('khuojuin11@gmail.conm',))
2026-03-03 17:08:55,144 - aiosqlite - DEBUG - returning exception no such column: users.hashed_password
2026-03-03 17:08:55,144 - core.database - ERROR - Database session error: (sqlite3.OperationalError) no such column: users.hashed_password
[SQL: SELECT users.id, users.email, users.name, users.role, users.created_at, users.last_login, users.hashed_password 
FROM users 
WHERE users.email = ?]
[parameters: ('khuojuin11@gmail.conm',)]
(Background on this error at: https://sqlalche.me/e/20/e3q8)
Traceback (most recent call last):
  File "D:\ASM1\.venv\Lib\site-packages\sqlalchemy\engine\base.py", line 1967, in _exec_single_context
    self.dialect.do_execute(
  File "D:\ASM1\.venv\Lib\site-packages\sqlalchemy\engine\default.py", line 941, in do_execute
    cursor.execute(statement, parameters)
  File "D:\ASM1\.venv\Lib\site-packages\sqlalchemy\dialects\sqlite\aiosqlite.py", line 147, in execute
    self._adapt_connection._handle_exception(error)
  File "D:\ASM1\.venv\Lib\site-packages\sqlalchemy\dialects\sqlite\aiosqlite.py", line 298, in _handle_exception
    raise error
  File "D:\ASM1\.venv\Lib\site-packages\sqlalchemy\dialects\sqlite\aiosqlite.py", line 129, in execute
    self.await_(_cursor.execute(operation, parameters))
  File "D:\ASM1\.venv\Lib\site-packages\sqlalchemy\util\_concurrency_py3k.py", line 132, in await_only
    return current.parent.switch(awaitable)  # type: ignore[no-any-return,attr-defined] # noqa: E501
           ^^^^^^^^^^^^^^^^^^^^^^^^^^^^^^^^
  File "D:\ASM1\.venv\Lib\site-packages\sqlalchemy\util\_concurrency_py3k.py", line 196, in greenlet_spawn
    value = await result
            ^^^^^^^^^^^^
  File "D:\ASM1\.venv\Lib\site-packages\aiosqlite\cursor.py", line 48, in execute
    await self._execute(self._cursor.execute, sql, parameters)
  File "D:\ASM1\.venv\Lib\site-packages\aiosqlite\cursor.py", line 40, in _execute
    return await self._conn._execute(fn, *args, **kwargs)
           ^^^^^^^^^^^^^^^^^^^^^^^^^^^^^^^^^^^^^^^^^^^^^^
  File "D:\ASM1\.venv\Lib\site-packages\aiosqlite\core.py", line 132, in _execute
    return await future
           ^^^^^^^^^^^^
  File "D:\ASM1\.venv\Lib\site-packages\aiosqlite\core.py", line 115, in run
    result = function()
             ^^^^^^^^^^
sqlite3.OperationalError: no such column: users.hashed_password

The above exception was the direct cause of the following exception:

Traceback (most recent call last):
  File "D:\ASM1\backend\core\database.py", line 542, in get_db
    yield session
  File "D:\ASM1\.venv\Lib\site-packages\fastapi\routing.py", line 301, in app
    raw_response = await run_endpoint_function(
                   ^^^^^^^^^^^^^^^^^^^^^^^^^^^^
  File "D:\ASM1\.venv\Lib\site-packages\fastapi\routing.py", line 212, in run_endpoint_function
    return await dependant.call(**values)
           ^^^^^^^^^^^^^^^^^^^^^^^^^^^^^^
  File "D:\ASM1\backend\routers\auth.py", line 349, in login_password
    result = await db.execute(select(User).where(User.email == clean_email))
             ^^^^^^^^^^^^^^^^^^^^^^^^^^^^^^^^^^^^^^^^^^^^^^^^^^^^^^^^^^^^^^^
  File "D:\ASM1\.venv\Lib\site-packages\sqlalchemy\ext\asyncio\session.py", line 461, in execute
    result = await greenlet_spawn(
             ^^^^^^^^^^^^^^^^^^^^^
  File "D:\ASM1\.venv\Lib\site-packages\sqlalchemy\util\_concurrency_py3k.py", line 201, in greenlet_spawn
    result = context.throw(*sys.exc_info())
             ^^^^^^^^^^^^^^^^^^^^^^^^^^^^^^
  File "D:\ASM1\.venv\Lib\site-packages\sqlalchemy\orm\session.py", line 2362, in execute
    return self._execute_internal(
           ^^^^^^^^^^^^^^^^^^^^^^^
  File "D:\ASM1\.venv\Lib\site-packages\sqlalchemy\orm\session.py", line 2247, in _execute_internal
    result: Result[Any] = compile_state_cls.orm_execute_statement(
                          ^^^^^^^^^^^^^^^^^^^^^^^^^^^^^^^^^^^^^^^^
  File "D:\ASM1\.venv\Lib\site-packages\sqlalchemy\orm\context.py", line 305, in orm_execute_statement
    result = conn.execute(
             ^^^^^^^^^^^^^
  File "D:\ASM1\.venv\Lib\site-packages\sqlalchemy\engine\base.py", line 1418, in execute
    return meth(
           ^^^^^
  File "D:\ASM1\.venv\Lib\site-packages\sqlalchemy\sql\elements.py", line 515, in _execute_on_connection
    return connection._execute_clauseelement(
           ^^^^^^^^^^^^^^^^^^^^^^^^^^^^^^^^^^
  File "D:\ASM1\.venv\Lib\site-packages\sqlalchemy\engine\base.py", line 1640, in _execute_clauseelement
    ret = self._execute_context(
          ^^^^^^^^^^^^^^^^^^^^^^
  File "D:\ASM1\.venv\Lib\site-packages\sqlalchemy\engine\base.py", line 1846, in _execute_context
    return self._exec_single_context(
           ^^^^^^^^^^^^^^^^^^^^^^^^^^
  File "D:\ASM1\.venv\Lib\site-packages\sqlalchemy\engine\base.py", line 1986, in _exec_single_context
    self._handle_dbapi_exception(
  File "D:\ASM1\.venv\Lib\site-packages\sqlalchemy\engine\base.py", line 2355, in _handle_dbapi_exception
    raise sqlalchemy_exception.with_traceback(exc_info[2]) from e
  File "D:\ASM1\.venv\Lib\site-packages\sqlalchemy\engine\base.py", line 1967, in _exec_single_context
    self.dialect.do_execute(
  File "D:\ASM1\.venv\Lib\site-packages\sqlalchemy\engine\default.py", line 941, in do_execute
    cursor.execute(statement, parameters)
  File "D:\ASM1\.venv\Lib\site-packages\sqlalchemy\dialects\sqlite\aiosqlite.py", line 147, in execute
    self._adapt_connection._handle_exception(error)
  File "D:\ASM1\.venv\Lib\site-packages\sqlalchemy\dialects\sqlite\aiosqlite.py", line 298, in _handle_exception
    raise error
  File "D:\ASM1\.venv\Lib\site-packages\sqlalchemy\dialects\sqlite\aiosqlite.py", line 129, in execute
    self.await_(_cursor.execute(operation, parameters))
  File "D:\ASM1\.venv\Lib\site-packages\sqlalchemy\util\_concurrency_py3k.py", line 132, in await_only
    return current.parent.switch(awaitable)  # type: ignore[no-any-return,attr-defined] # noqa: E501
           ^^^^^^^^^^^^^^^^^^^^^^^^^^^^^^^^
  File "D:\ASM1\.venv\Lib\site-packages\sqlalchemy\util\_concurrency_py3k.py", line 196, in greenlet_spawn
    value = await result
            ^^^^^^^^^^^^
  File "D:\ASM1\.venv\Lib\site-packages\aiosqlite\cursor.py", line 48, in execute
    await self._execute(self._cursor.execute, sql, parameters)
  File "D:\ASM1\.venv\Lib\site-packages\aiosqlite\cursor.py", line 40, in _execute
    return await self._conn._execute(fn, *args, **kwargs)
           ^^^^^^^^^^^^^^^^^^^^^^^^^^^^^^^^^^^^^^^^^^^^^^
  File "D:\ASM1\.venv\Lib\site-packages\aiosqlite\core.py", line 132, in _execute
    return await future
           ^^^^^^^^^^^^
  File "D:\ASM1\.venv\Lib\site-packages\aiosqlite\core.py", line 115, in run
    result = function()
             ^^^^^^^^^^
sqlalchemy.exc.OperationalError: (sqlite3.OperationalError) no such column: users.hashed_password
[SQL: SELECT users.id, users.email, users.name, users.role, users.created_at, users.last_login, users.hashed_password 
FROM users 
WHERE users.email = ?]
[parameters: ('khuojuin11@gmail.conm',)]
(Background on this error at: https://sqlalche.me/e/20/e3q8)
2026-03-03 17:08:55,154 - core.database - DEBUG - [DB_OP] Database session cleanup after 0.0197s
2026-03-03 17:08:55,154 - aiosqlite - DEBUG - executing functools.partial(<built-in method rollback of sqlite3.Connection object at 0x000001FD59D766B0>)
2026-03-03 17:08:55,154 - aiosqlite - DEBUG - operation functools.partial(<built-in method rollback of sqlite3.Connection object at 0x000001FD59D766B0>) completed
2026-03-03 17:08:55,154 - aiosqlite - DEBUG - executing functools.partial(<built-in method rollback of sqlite3.Connection object at 0x000001FD59D766B0>)
2026-03-03 17:08:55,162 - aiosqlite - DEBUG - operation functools.partial(<built-in method rollback of sqlite3.Connection object at 0x000001FD59D766B0>) completed
2026-03-03 17:08:55,162 - aiosqlite - DEBUG - executing functools.partial(<built-in method close of sqlite3.Connection object at 0x000001FD59D766B0>)
2026-03-03 17:08:55,162 - aiosqlite - DEBUG - operation functools.partial(<built-in method close of sqlite3.Connection object at 0x000001FD59D766B0>) completed
2026-03-03 17:08:55,164 - core.database - ERROR - Failed to create database session: (sqlite3.OperationalError) no such column: users.hashed_password
[SQL: SELECT users.id, users.email, users.name, users.role, users.created_at, users.last_login, users.hashed_password 
FROM users 
WHERE users.email = ?]
[parameters: ('khuojuin11@gmail.conm',)]
(Background on this error at: https://sqlalche.me/e/20/e3q8)
Traceback (most recent call last):
  File "D:\ASM1\.venv\Lib\site-packages\sqlalchemy\engine\base.py", line 1967, in _exec_single_context
    self.dialect.do_execute(
  File "D:\ASM1\.venv\Lib\site-packages\sqlalchemy\engine\default.py", line 941, in do_execute
    cursor.execute(statement, parameters)
  File "D:\ASM1\.venv\Lib\site-packages\sqlalchemy\dialects\sqlite\aiosqlite.py", line 147, in execute
    self._adapt_connection._handle_exception(error)
  File "D:\ASM1\.venv\Lib\site-packages\sqlalchemy\dialects\sqlite\aiosqlite.py", line 298, in _handle_exception
    raise error
  File "D:\ASM1\.venv\Lib\site-packages\sqlalchemy\dialects\sqlite\aiosqlite.py", line 129, in execute
    self.await_(_cursor.execute(operation, parameters))
  File "D:\ASM1\.venv\Lib\site-packages\sqlalchemy\util\_concurrency_py3k.py", line 132, in await_only
    return current.parent.switch(awaitable)  # type: ignore[no-any-return,attr-defined] # noqa: E501
           ^^^^^^^^^^^^^^^^^^^^^^^^^^^^^^^^
  File "D:\ASM1\.venv\Lib\site-packages\sqlalchemy\util\_concurrency_py3k.py", line 196, in greenlet_spawn
    value = await result
            ^^^^^^^^^^^^
  File "D:\ASM1\.venv\Lib\site-packages\aiosqlite\cursor.py", line 48, in execute
    await self._execute(self._cursor.execute, sql, parameters)
  File "D:\ASM1\.venv\Lib\site-packages\aiosqlite\cursor.py", line 40, in _execute
    return await self._conn._execute(fn, *args, **kwargs)
           ^^^^^^^^^^^^^^^^^^^^^^^^^^^^^^^^^^^^^^^^^^^^^^
  File "D:\ASM1\.venv\Lib\site-packages\aiosqlite\core.py", line 132, in _execute
    return await future
           ^^^^^^^^^^^^
  File "D:\ASM1\.venv\Lib\site-packages\aiosqlite\core.py", line 115, in run
    result = function()
             ^^^^^^^^^^
sqlite3.OperationalError: no such column: users.hashed_password

The above exception was the direct cause of the following exception:

Traceback (most recent call last):
  File "D:\ASM1\backend\core\database.py", line 542, in get_db
    yield session
  File "D:\ASM1\.venv\Lib\site-packages\fastapi\routing.py", line 301, in app
    raw_response = await run_endpoint_function(
                   ^^^^^^^^^^^^^^^^^^^^^^^^^^^^
  File "D:\ASM1\.venv\Lib\site-packages\fastapi\routing.py", line 212, in run_endpoint_function
    return await dependant.call(**values)
           ^^^^^^^^^^^^^^^^^^^^^^^^^^^^^^
  File "D:\ASM1\backend\routers\auth.py", line 349, in login_password
    result = await db.execute(select(User).where(User.email == clean_email))
             ^^^^^^^^^^^^^^^^^^^^^^^^^^^^^^^^^^^^^^^^^^^^^^^^^^^^^^^^^^^^^^^
  File "D:\ASM1\.venv\Lib\site-packages\sqlalchemy\ext\asyncio\session.py", line 461, in execute
    result = await greenlet_spawn(
             ^^^^^^^^^^^^^^^^^^^^^
  File "D:\ASM1\.venv\Lib\site-packages\sqlalchemy\util\_concurrency_py3k.py", line 201, in greenlet_spawn
    result = context.throw(*sys.exc_info())
             ^^^^^^^^^^^^^^^^^^^^^^^^^^^^^^
  File "D:\ASM1\.venv\Lib\site-packages\sqlalchemy\orm\session.py", line 2362, in execute
    return self._execute_internal(
           ^^^^^^^^^^^^^^^^^^^^^^^
  File "D:\ASM1\.venv\Lib\site-packages\sqlalchemy\orm\session.py", line 2247, in _execute_internal
    result: Result[Any] = compile_state_cls.orm_execute_statement(
                          ^^^^^^^^^^^^^^^^^^^^^^^^^^^^^^^^^^^^^^^^
  File "D:\ASM1\.venv\Lib\site-packages\sqlalchemy\orm\context.py", line 305, in orm_execute_statement
    result = conn.execute(
             ^^^^^^^^^^^^^
  File "D:\ASM1\.venv\Lib\site-packages\sqlalchemy\engine\base.py", line 1418, in execute
    return meth(
           ^^^^^
  File "D:\ASM1\.venv\Lib\site-packages\sqlalchemy\sql\elements.py", line 515, in _execute_on_connection
    return connection._execute_clauseelement(
           ^^^^^^^^^^^^^^^^^^^^^^^^^^^^^^^^^^
  File "D:\ASM1\.venv\Lib\site-packages\sqlalchemy\engine\base.py", line 1640, in _execute_clauseelement
    ret = self._execute_context(
          ^^^^^^^^^^^^^^^^^^^^^^
  File "D:\ASM1\.venv\Lib\site-packages\sqlalchemy\engine\base.py", line 1846, in _execute_context
    return self._exec_single_context(
           ^^^^^^^^^^^^^^^^^^^^^^^^^^
  File "D:\ASM1\.venv\Lib\site-packages\sqlalchemy\engine\base.py", line 1986, in _exec_single_context
    self._handle_dbapi_exception(
  File "D:\ASM1\.venv\Lib\site-packages\sqlalchemy\engine\base.py", line 2355, in _handle_dbapi_exception
    raise sqlalchemy_exception.with_traceback(exc_info[2]) from e
  File "D:\ASM1\.venv\Lib\site-packages\sqlalchemy\engine\base.py", line 1967, in _exec_single_context
    self.dialect.do_execute(
  File "D:\ASM1\.venv\Lib\site-packages\sqlalchemy\engine\default.py", line 941, in do_execute
    cursor.execute(statement, parameters)
  File "D:\ASM1\.venv\Lib\site-packages\sqlalchemy\dialects\sqlite\aiosqlite.py", line 147, in execute
    self._adapt_connection._handle_exception(error)
  File "D:\ASM1\.venv\Lib\site-packages\sqlalchemy\dialects\sqlite\aiosqlite.py", line 298, in _handle_exception
    raise error
  File "D:\ASM1\.venv\Lib\site-packages\sqlalchemy\dialects\sqlite\aiosqlite.py", line 129, in execute
    self.await_(_cursor.execute(operation, parameters))
  File "D:\ASM1\.venv\Lib\site-packages\sqlalchemy\util\_concurrency_py3k.py", line 132, in await_only
    return current.parent.switch(awaitable)  # type: ignore[no-any-return,attr-defined] # noqa: E501
           ^^^^^^^^^^^^^^^^^^^^^^^^^^^^^^^^
  File "D:\ASM1\.venv\Lib\site-packages\sqlalchemy\util\_concurrency_py3k.py", line 196, in greenlet_spawn
    value = await result
            ^^^^^^^^^^^^
  File "D:\ASM1\.venv\Lib\site-packages\aiosqlite\cursor.py", line 48, in execute
    await self._execute(self._cursor.execute, sql, parameters)
  File "D:\ASM1\.venv\Lib\site-packages\aiosqlite\cursor.py", line 40, in _execute
    return await self._conn._execute(fn, *args, **kwargs)
           ^^^^^^^^^^^^^^^^^^^^^^^^^^^^^^^^^^^^^^^^^^^^^^
  File "D:\ASM1\.venv\Lib\site-packages\aiosqlite\core.py", line 132, in _execute
    return await future
           ^^^^^^^^^^^^
  File "D:\ASM1\.venv\Lib\site-packages\aiosqlite\core.py", line 115, in run
    result = function()
             ^^^^^^^^^^
sqlalchemy.exc.OperationalError: (sqlite3.OperationalError) no such column: users.hashed_password
[SQL: SELECT users.id, users.email, users.name, users.role, users.created_at, users.last_login, users.hashed_password 
FROM users 
WHERE users.email = ?]
[parameters: ('khuojuin11@gmail.conm',)]
(Background on this error at: https://sqlalche.me/e/20/e3q8)
2026-03-03 17:08:57,789 - core.database - DEBUG - [DB_OP] Starting get_db session creation
2026-03-03 17:08:57,789 - core.database - DEBUG - [DB_OP] Database session created successfully in 0.0011s
2026-03-03 17:08:57,790 - aiosqlite - DEBUG - executing <function connect.<locals>.connector at 0x000001FD59FE18A0>
2026-03-03 17:08:57,790 - aiosqlite - DEBUG - operation <function connect.<locals>.connector at 0x000001FD59FE18A0> completed
2026-03-03 17:08:57,790 - aiosqlite - DEBUG - executing functools.partial(<built-in method create_function of sqlite3.Connection object at 0x000001FD59D758A0>, 'regexp', 2, <function SQLiteDialect_pysqlite.on_connect.<locals>.regexp at 0x000001FD59CDBF60>, deterministic=True)
2026-03-03 17:08:57,790 - aiosqlite - DEBUG - operation functools.partial(<built-in method create_function of sqlite3.Connection object at 0x000001FD59D758A0>, 'regexp', 2, <function SQLiteDialect_pysqlite.on_connect.<locals>.regexp at 0x000001FD59CDBF60>, deterministic=True) completed
2026-03-03 17:08:57,790 - aiosqlite - DEBUG - executing functools.partial(<built-in method create_function of sqlite3.Connection object at 0x000001FD59D758A0>, 'floor', 1, <built-in function floor>, deterministic=True)
2026-03-03 17:08:57,790 - aiosqlite - DEBUG - operation functools.partial(<built-in method create_function of sqlite3.Connection object at 0x000001FD59D758A0>, 'floor', 1, <built-in function floor>, deterministic=True) completed
2026-03-03 17:08:57,794 - aiosqlite - DEBUG - executing functools.partial(<built-in method cursor of sqlite3.Connection object at 0x000001FD59D758A0>)
2026-03-03 17:08:57,794 - aiosqlite - DEBUG - operation functools.partial(<built-in method cursor of sqlite3.Connection object at 0x000001FD59D758A0>) completed
2026-03-03 17:08:57,794 - aiosqlite - DEBUG - executing functools.partial(<built-in method execute of sqlite3.Cursor object at 0x000001FD5A0292C0>, 'SELECT users.id, users.email, users.name, users.role, users.created_at, users.last_login, users.hashed_password \nFROM users \nWHERE users.email = ?', ('khuojuin11@gmail.conm',))
2026-03-03 17:08:57,794 - aiosqlite - DEBUG - returning exception no such column: users.hashed_password
2026-03-03 17:08:57,794 - core.database - ERROR - Database session error: (sqlite3.OperationalError) no such column: users.hashed_password
[SQL: SELECT users.id, users.email, users.name, users.role, users.created_at, users.last_login, users.hashed_password 
FROM users 
WHERE users.email = ?]
[parameters: ('khuojuin11@gmail.conm',)]
(Background on this error at: https://sqlalche.me/e/20/e3q8)
Traceback (most recent call last):
  File "D:\ASM1\.venv\Lib\site-packages\sqlalchemy\engine\base.py", line 1967, in _exec_single_context
    self.dialect.do_execute(
  File "D:\ASM1\.venv\Lib\site-packages\sqlalchemy\engine\default.py", line 941, in do_execute
    cursor.execute(statement, parameters)
  File "D:\ASM1\.venv\Lib\site-packages\sqlalchemy\dialects\sqlite\aiosqlite.py", line 147, in execute
    self._adapt_connection._handle_exception(error)
  File "D:\ASM1\.venv\Lib\site-packages\sqlalchemy\dialects\sqlite\aiosqlite.py", line 298, in _handle_exception
    raise error
  File "D:\ASM1\.venv\Lib\site-packages\sqlalchemy\dialects\sqlite\aiosqlite.py", line 129, in execute
    self.await_(_cursor.execute(operation, parameters))
  File "D:\ASM1\.venv\Lib\site-packages\sqlalchemy\util\_concurrency_py3k.py", line 132, in await_only
    return current.parent.switch(awaitable)  # type: ignore[no-any-return,attr-defined] # noqa: E501
           ^^^^^^^^^^^^^^^^^^^^^^^^^^^^^^^^
  File "D:\ASM1\.venv\Lib\site-packages\sqlalchemy\util\_concurrency_py3k.py", line 196, in greenlet_spawn
    value = await result
            ^^^^^^^^^^^^
  File "D:\ASM1\.venv\Lib\site-packages\aiosqlite\cursor.py", line 48, in execute
    await self._execute(self._cursor.execute, sql, parameters)
  File "D:\ASM1\.venv\Lib\site-packages\aiosqlite\cursor.py", line 40, in _execute
    return await self._conn._execute(fn, *args, **kwargs)
           ^^^^^^^^^^^^^^^^^^^^^^^^^^^^^^^^^^^^^^^^^^^^^^
  File "D:\ASM1\.venv\Lib\site-packages\aiosqlite\core.py", line 132, in _execute
    return await future
           ^^^^^^^^^^^^
  File "D:\ASM1\.venv\Lib\site-packages\aiosqlite\core.py", line 115, in run
    result = function()
             ^^^^^^^^^^
sqlite3.OperationalError: no such column: users.hashed_password

The above exception was the direct cause of the following exception:

Traceback (most recent call last):
  File "D:\ASM1\backend\core\database.py", line 542, in get_db
    yield session
  File "D:\ASM1\.venv\Lib\site-packages\fastapi\routing.py", line 301, in app
    raw_response = await run_endpoint_function(
                   ^^^^^^^^^^^^^^^^^^^^^^^^^^^^
  File "D:\ASM1\.venv\Lib\site-packages\fastapi\routing.py", line 212, in run_endpoint_function
    return await dependant.call(**values)
           ^^^^^^^^^^^^^^^^^^^^^^^^^^^^^^
  File "D:\ASM1\backend\routers\auth.py", line 349, in login_password
    result = await db.execute(select(User).where(User.email == clean_email))
             ^^^^^^^^^^^^^^^^^^^^^^^^^^^^^^^^^^^^^^^^^^^^^^^^^^^^^^^^^^^^^^^
  File "D:\ASM1\.venv\Lib\site-packages\sqlalchemy\ext\asyncio\session.py", line 461, in execute
    result = await greenlet_spawn(
             ^^^^^^^^^^^^^^^^^^^^^
  File "D:\ASM1\.venv\Lib\site-packages\sqlalchemy\util\_concurrency_py3k.py", line 201, in greenlet_spawn
    result = context.throw(*sys.exc_info())
             ^^^^^^^^^^^^^^^^^^^^^^^^^^^^^^
  File "D:\ASM1\.venv\Lib\site-packages\sqlalchemy\orm\session.py", line 2362, in execute
    return self._execute_internal(
           ^^^^^^^^^^^^^^^^^^^^^^^
  File "D:\ASM1\.venv\Lib\site-packages\sqlalchemy\orm\session.py", line 2247, in _execute_internal
    result: Result[Any] = compile_state_cls.orm_execute_statement(
                          ^^^^^^^^^^^^^^^^^^^^^^^^^^^^^^^^^^^^^^^^
  File "D:\ASM1\.venv\Lib\site-packages\sqlalchemy\orm\context.py", line 305, in orm_execute_statement
    result = conn.execute(
             ^^^^^^^^^^^^^
  File "D:\ASM1\.venv\Lib\site-packages\sqlalchemy\engine\base.py", line 1418, in execute
    return meth(
           ^^^^^
  File "D:\ASM1\.venv\Lib\site-packages\sqlalchemy\sql\elements.py", line 515, in _execute_on_connection
    return connection._execute_clauseelement(
           ^^^^^^^^^^^^^^^^^^^^^^^^^^^^^^^^^^
  File "D:\ASM1\.venv\Lib\site-packages\sqlalchemy\engine\base.py", line 1640, in _execute_clauseelement
    ret = self._execute_context(
          ^^^^^^^^^^^^^^^^^^^^^^
  File "D:\ASM1\.venv\Lib\site-packages\sqlalchemy\engine\base.py", line 1846, in _execute_context
    return self._exec_single_context(
           ^^^^^^^^^^^^^^^^^^^^^^^^^^
  File "D:\ASM1\.venv\Lib\site-packages\sqlalchemy\engine\base.py", line 1986, in _exec_single_context
    self._handle_dbapi_exception(
  File "D:\ASM1\.venv\Lib\site-packages\sqlalchemy\engine\base.py", line 2355, in _handle_dbapi_exception
    raise sqlalchemy_exception.with_traceback(exc_info[2]) from e
  File "D:\ASM1\.venv\Lib\site-packages\sqlalchemy\engine\base.py", line 1967, in _exec_single_context
    self.dialect.do_execute(
  File "D:\ASM1\.venv\Lib\site-packages\sqlalchemy\engine\default.py", line 941, in do_execute
    cursor.execute(statement, parameters)
  File "D:\ASM1\.venv\Lib\site-packages\sqlalchemy\dialects\sqlite\aiosqlite.py", line 147, in execute
    self._adapt_connection._handle_exception(error)
  File "D:\ASM1\.venv\Lib\site-packages\sqlalchemy\dialects\sqlite\aiosqlite.py", line 298, in _handle_exception
    raise error
  File "D:\ASM1\.venv\Lib\site-packages\sqlalchemy\dialects\sqlite\aiosqlite.py", line 129, in execute
    self.await_(_cursor.execute(operation, parameters))
  File "D:\ASM1\.venv\Lib\site-packages\sqlalchemy\util\_concurrency_py3k.py", line 132, in await_only
    return current.parent.switch(awaitable)  # type: ignore[no-any-return,attr-defined] # noqa: E501
           ^^^^^^^^^^^^^^^^^^^^^^^^^^^^^^^^
  File "D:\ASM1\.venv\Lib\site-packages\sqlalchemy\util\_concurrency_py3k.py", line 196, in greenlet_spawn
    value = await result
            ^^^^^^^^^^^^
  File "D:\ASM1\.venv\Lib\site-packages\aiosqlite\cursor.py", line 48, in execute
    await self._execute(self._cursor.execute, sql, parameters)
  File "D:\ASM1\.venv\Lib\site-packages\aiosqlite\cursor.py", line 40, in _execute
    return await self._conn._execute(fn, *args, **kwargs)
           ^^^^^^^^^^^^^^^^^^^^^^^^^^^^^^^^^^^^^^^^^^^^^^
  File "D:\ASM1\.venv\Lib\site-packages\aiosqlite\core.py", line 132, in _execute
    return await future
           ^^^^^^^^^^^^
  File "D:\ASM1\.venv\Lib\site-packages\aiosqlite\core.py", line 115, in run
    result = function()
             ^^^^^^^^^^
sqlalchemy.exc.OperationalError: (sqlite3.OperationalError) no such column: users.hashed_password
[SQL: SELECT users.id, users.email, users.name, users.role, users.created_at, users.last_login, users.hashed_password 
FROM users 
WHERE users.email = ?]
[parameters: ('khuojuin11@gmail.conm',)]
(Background on this error at: https://sqlalche.me/e/20/e3q8)
2026-03-03 17:08:57,804 - core.database - DEBUG - [DB_OP] Database session cleanup after 0.0163s
2026-03-03 17:08:57,804 - aiosqlite - DEBUG - executing functools.partial(<built-in method rollback of sqlite3.Connection object at 0x000001FD59D758A0>)
2026-03-03 17:08:57,804 - aiosqlite - DEBUG - operation functools.partial(<built-in method rollback of sqlite3.Connection object at 0x000001FD59D758A0>) completed
2026-03-03 17:08:57,804 - aiosqlite - DEBUG - executing functools.partial(<built-in method rollback of sqlite3.Connection object at 0x000001FD59D758A0>)
2026-03-03 17:08:57,804 - aiosqlite - DEBUG - operation functools.partial(<built-in method rollback of sqlite3.Connection object at 0x000001FD59D758A0>) completed
2026-03-03 17:08:57,804 - aiosqlite - DEBUG - executing functools.partial(<built-in method close of sqlite3.Connection object at 0x000001FD59D758A0>)
2026-03-03 17:08:57,804 - aiosqlite - DEBUG - operation functools.partial(<built-in method close of sqlite3.Connection object at 0x000001FD59D758A0>) completed
2026-03-03 17:08:57,804 - core.database - ERROR - Failed to create database session: (sqlite3.OperationalError) no such column: users.hashed_password
[SQL: SELECT users.id, users.email, users.name, users.role, users.created_at, users.last_login, users.hashed_password 
FROM users 
WHERE users.email = ?]
[parameters: ('khuojuin11@gmail.conm',)]
(Background on this error at: https://sqlalche.me/e/20/e3q8)
Traceback (most recent call last):
  File "D:\ASM1\.venv\Lib\site-packages\sqlalchemy\engine\base.py", line 1967, in _exec_single_context
    self.dialect.do_execute(
  File "D:\ASM1\.venv\Lib\site-packages\sqlalchemy\engine\default.py", line 941, in do_execute
    cursor.execute(statement, parameters)
  File "D:\ASM1\.venv\Lib\site-packages\sqlalchemy\dialects\sqlite\aiosqlite.py", line 147, in execute
    self._adapt_connection._handle_exception(error)
  File "D:\ASM1\.venv\Lib\site-packages\sqlalchemy\dialects\sqlite\aiosqlite.py", line 298, in _handle_exception
    raise error
  File "D:\ASM1\.venv\Lib\site-packages\sqlalchemy\dialects\sqlite\aiosqlite.py", line 129, in execute
    self.await_(_cursor.execute(operation, parameters))
  File "D:\ASM1\.venv\Lib\site-packages\sqlalchemy\util\_concurrency_py3k.py", line 132, in await_only
    return current.parent.switch(awaitable)  # type: ignore[no-any-return,attr-defined] # noqa: E501
           ^^^^^^^^^^^^^^^^^^^^^^^^^^^^^^^^
  File "D:\ASM1\.venv\Lib\site-packages\sqlalchemy\util\_concurrency_py3k.py", line 196, in greenlet_spawn
    value = await result
            ^^^^^^^^^^^^
  File "D:\ASM1\.venv\Lib\site-packages\aiosqlite\cursor.py", line 48, in execute
    await self._execute(self._cursor.execute, sql, parameters)
  File "D:\ASM1\.venv\Lib\site-packages\aiosqlite\cursor.py", line 40, in _execute
    return await self._conn._execute(fn, *args, **kwargs)
           ^^^^^^^^^^^^^^^^^^^^^^^^^^^^^^^^^^^^^^^^^^^^^^
  File "D:\ASM1\.venv\Lib\site-packages\aiosqlite\core.py", line 132, in _execute
    return await future
           ^^^^^^^^^^^^
  File "D:\ASM1\.venv\Lib\site-packages\aiosqlite\core.py", line 115, in run
    result = function()
             ^^^^^^^^^^
sqlite3.OperationalError: no such column: users.hashed_password

The above exception was the direct cause of the following exception:

Traceback (most recent call last):
  File "D:\ASM1\backend\core\database.py", line 542, in get_db
    yield session
  File "D:\ASM1\.venv\Lib\site-packages\fastapi\routing.py", line 301, in app
    raw_response = await run_endpoint_function(
                   ^^^^^^^^^^^^^^^^^^^^^^^^^^^^
  File "D:\ASM1\.venv\Lib\site-packages\fastapi\routing.py", line 212, in run_endpoint_function
    return await dependant.call(**values)
           ^^^^^^^^^^^^^^^^^^^^^^^^^^^^^^
  File "D:\ASM1\backend\routers\auth.py", line 349, in login_password
    result = await db.execute(select(User).where(User.email == clean_email))
             ^^^^^^^^^^^^^^^^^^^^^^^^^^^^^^^^^^^^^^^^^^^^^^^^^^^^^^^^^^^^^^^
  File "D:\ASM1\.venv\Lib\site-packages\sqlalchemy\ext\asyncio\session.py", line 461, in execute
    result = await greenlet_spawn(
             ^^^^^^^^^^^^^^^^^^^^^
  File "D:\ASM1\.venv\Lib\site-packages\sqlalchemy\util\_concurrency_py3k.py", line 201, in greenlet_spawn
    result = context.throw(*sys.exc_info())
             ^^^^^^^^^^^^^^^^^^^^^^^^^^^^^^
  File "D:\ASM1\.venv\Lib\site-packages\sqlalchemy\orm\session.py", line 2362, in execute
    return self._execute_internal(
           ^^^^^^^^^^^^^^^^^^^^^^^
  File "D:\ASM1\.venv\Lib\site-packages\sqlalchemy\orm\session.py", line 2247, in _execute_internal
    result: Result[Any] = compile_state_cls.orm_execute_statement(
                          ^^^^^^^^^^^^^^^^^^^^^^^^^^^^^^^^^^^^^^^^
  File "D:\ASM1\.venv\Lib\site-packages\sqlalchemy\orm\context.py", line 305, in orm_execute_statement
    result = conn.execute(
             ^^^^^^^^^^^^^
  File "D:\ASM1\.venv\Lib\site-packages\sqlalchemy\engine\base.py", line 1418, in execute
    return meth(
           ^^^^^
  File "D:\ASM1\.venv\Lib\site-packages\sqlalchemy\sql\elements.py", line 515, in _execute_on_connection
    return connection._execute_clauseelement(
           ^^^^^^^^^^^^^^^^^^^^^^^^^^^^^^^^^^
  File "D:\ASM1\.venv\Lib\site-packages\sqlalchemy\engine\base.py", line 1640, in _execute_clauseelement
    ret = self._execute_context(
          ^^^^^^^^^^^^^^^^^^^^^^
  File "D:\ASM1\.venv\Lib\site-packages\sqlalchemy\engine\base.py", line 1846, in _execute_context
    return self._exec_single_context(
           ^^^^^^^^^^^^^^^^^^^^^^^^^^
  File "D:\ASM1\.venv\Lib\site-packages\sqlalchemy\engine\base.py", line 1986, in _exec_single_context
    self._handle_dbapi_exception(
  File "D:\ASM1\.venv\Lib\site-packages\sqlalchemy\engine\base.py", line 2355, in _handle_dbapi_exception
    raise sqlalchemy_exception.with_traceback(exc_info[2]) from e
  File "D:\ASM1\.venv\Lib\site-packages\sqlalchemy\engine\base.py", line 1967, in _exec_single_context
    self.dialect.do_execute(
  File "D:\ASM1\.venv\Lib\site-packages\sqlalchemy\engine\default.py", line 941, in do_execute
    cursor.execute(statement, parameters)
  File "D:\ASM1\.venv\Lib\site-packages\sqlalchemy\dialects\sqlite\aiosqlite.py", line 147, in execute
    self._adapt_connection._handle_exception(error)
  File "D:\ASM1\.venv\Lib\site-packages\sqlalchemy\dialects\sqlite\aiosqlite.py", line 298, in _handle_exception
    raise error
  File "D:\ASM1\.venv\Lib\site-packages\sqlalchemy\dialects\sqlite\aiosqlite.py", line 129, in execute
    self.await_(_cursor.execute(operation, parameters))
  File "D:\ASM1\.venv\Lib\site-packages\sqlalchemy\util\_concurrency_py3k.py", line 132, in await_only
    return current.parent.switch(awaitable)  # type: ignore[no-any-return,attr-defined] # noqa: E501
           ^^^^^^^^^^^^^^^^^^^^^^^^^^^^^^^^
  File "D:\ASM1\.venv\Lib\site-packages\sqlalchemy\util\_concurrency_py3k.py", line 196, in greenlet_spawn
    value = await result
            ^^^^^^^^^^^^
  File "D:\ASM1\.venv\Lib\site-packages\aiosqlite\cursor.py", line 48, in execute
    await self._execute(self._cursor.execute, sql, parameters)
  File "D:\ASM1\.venv\Lib\site-packages\aiosqlite\cursor.py", line 40, in _execute
    return await self._conn._execute(fn, *args, **kwargs)
           ^^^^^^^^^^^^^^^^^^^^^^^^^^^^^^^^^^^^^^^^^^^^^^
  File "D:\ASM1\.venv\Lib\site-packages\aiosqlite\core.py", line 132, in _execute
    return await future
           ^^^^^^^^^^^^
  File "D:\ASM1\.venv\Lib\site-packages\aiosqlite\core.py", line 115, in run
    result = function()
             ^^^^^^^^^^
sqlalchemy.exc.OperationalError: (sqlite3.OperationalError) no such column: users.hashed_password
[SQL: SELECT users.id, users.email, users.name, users.role, users.created_at, users.last_login, users.hashed_password 
FROM users 
WHERE users.email = ?]
[parameters: ('khuojuin11@gmail.conm',)]
(Background on this error at: https://sqlalche.me/e/20/e3q8)
2026-03-03 17:08:57,989 - core.database - DEBUG - [DB_OP] Starting get_db session creation
2026-03-03 17:08:57,990 - core.database - DEBUG - [DB_OP] Database session created successfully in 0.0011s
2026-03-03 17:08:57,991 - aiosqlite - DEBUG - executing <function connect.<locals>.connector at 0x000001FD5A034400>
2026-03-03 17:08:57,991 - aiosqlite - DEBUG - operation <function connect.<locals>.connector at 0x000001FD5A034400> completed
2026-03-03 17:08:57,992 - aiosqlite - DEBUG - executing functools.partial(<built-in method create_function of sqlite3.Connection object at 0x000001FD59D75D50>, 'regexp', 2, <function SQLiteDialect_pysqlite.on_connect.<locals>.regexp at 0x000001FD59CDBF60>, deterministic=True)
2026-03-03 17:08:57,992 - aiosqlite - DEBUG - operation functools.partial(<built-in method create_function of sqlite3.Connection object at 0x000001FD59D75D50>, 'regexp', 2, <function SQLiteDialect_pysqlite.on_connect.<locals>.regexp at 0x000001FD59CDBF60>, deterministic=True) completed
2026-03-03 17:08:57,993 - aiosqlite - DEBUG - executing functools.partial(<built-in method create_function of sqlite3.Connection object at 0x000001FD59D75D50>, 'floor', 1, <built-in function floor>, deterministic=True)
2026-03-03 17:08:57,993 - aiosqlite - DEBUG - operation functools.partial(<built-in method create_function of sqlite3.Connection object at 0x000001FD59D75D50>, 'floor', 1, <built-in function floor>, deterministic=True) completed
2026-03-03 17:08:57,994 - aiosqlite - DEBUG - executing functools.partial(<built-in method cursor of sqlite3.Connection object at 0x000001FD59D75D50>)
2026-03-03 17:08:57,994 - aiosqlite - DEBUG - operation functools.partial(<built-in method cursor of sqlite3.Connection object at 0x000001FD59D75D50>) completed
2026-03-03 17:08:57,994 - aiosqlite - DEBUG - executing functools.partial(<built-in method execute of sqlite3.Cursor object at 0x000001FD59C8FE40>, 'SELECT users.id, users.email, users.name, users.role, users.created_at, users.last_login, users.hashed_password \nFROM users \nWHERE users.email = ?', ('khuojuin11@gmail.conm',))
2026-03-03 17:08:57,994 - aiosqlite - DEBUG - returning exception no such column: users.hashed_password
2026-03-03 17:08:57,994 - core.database - ERROR - Database session error: (sqlite3.OperationalError) no such column: users.hashed_password
[SQL: SELECT users.id, users.email, users.name, users.role, users.created_at, users.last_login, users.hashed_password 
FROM users 
WHERE users.email = ?]
[parameters: ('khuojuin11@gmail.conm',)]
(Background on this error at: https://sqlalche.me/e/20/e3q8)
Traceback (most recent call last):
  File "D:\ASM1\.venv\Lib\site-packages\sqlalchemy\engine\base.py", line 1967, in _exec_single_context
    self.dialect.do_execute(
  File "D:\ASM1\.venv\Lib\site-packages\sqlalchemy\engine\default.py", line 941, in do_execute
    cursor.execute(statement, parameters)
  File "D:\ASM1\.venv\Lib\site-packages\sqlalchemy\dialects\sqlite\aiosqlite.py", line 147, in execute
    self._adapt_connection._handle_exception(error)
  File "D:\ASM1\.venv\Lib\site-packages\sqlalchemy\dialects\sqlite\aiosqlite.py", line 298, in _handle_exception
    raise error
  File "D:\ASM1\.venv\Lib\site-packages\sqlalchemy\dialects\sqlite\aiosqlite.py", line 129, in execute
    self.await_(_cursor.execute(operation, parameters))
  File "D:\ASM1\.venv\Lib\site-packages\sqlalchemy\util\_concurrency_py3k.py", line 132, in await_only
    return current.parent.switch(awaitable)  # type: ignore[no-any-return,attr-defined] # noqa: E501
           ^^^^^^^^^^^^^^^^^^^^^^^^^^^^^^^^
  File "D:\ASM1\.venv\Lib\site-packages\sqlalchemy\util\_concurrency_py3k.py", line 196, in greenlet_spawn
    value = await result
            ^^^^^^^^^^^^
  File "D:\ASM1\.venv\Lib\site-packages\aiosqlite\cursor.py", line 48, in execute
    await self._execute(self._cursor.execute, sql, parameters)
  File "D:\ASM1\.venv\Lib\site-packages\aiosqlite\cursor.py", line 40, in _execute
    return await self._conn._execute(fn, *args, **kwargs)
           ^^^^^^^^^^^^^^^^^^^^^^^^^^^^^^^^^^^^^^^^^^^^^^
  File "D:\ASM1\.venv\Lib\site-packages\aiosqlite\core.py", line 132, in _execute
    return await future
           ^^^^^^^^^^^^
  File "D:\ASM1\.venv\Lib\site-packages\aiosqlite\core.py", line 115, in run
    result = function()
             ^^^^^^^^^^
sqlite3.OperationalError: no such column: users.hashed_password

The above exception was the direct cause of the following exception:

Traceback (most recent call last):
  File "D:\ASM1\backend\core\database.py", line 542, in get_db
    yield session
  File "D:\ASM1\.venv\Lib\site-packages\fastapi\routing.py", line 301, in app
    raw_response = await run_endpoint_function(
                   ^^^^^^^^^^^^^^^^^^^^^^^^^^^^
  File "D:\ASM1\.venv\Lib\site-packages\fastapi\routing.py", line 212, in run_endpoint_function
    return await dependant.call(**values)
           ^^^^^^^^^^^^^^^^^^^^^^^^^^^^^^
  File "D:\ASM1\backend\routers\auth.py", line 349, in login_password
    result = await db.execute(select(User).where(User.email == clean_email))
             ^^^^^^^^^^^^^^^^^^^^^^^^^^^^^^^^^^^^^^^^^^^^^^^^^^^^^^^^^^^^^^^
  File "D:\ASM1\.venv\Lib\site-packages\sqlalchemy\ext\asyncio\session.py", line 461, in execute
    result = await greenlet_spawn(
             ^^^^^^^^^^^^^^^^^^^^^
  File "D:\ASM1\.venv\Lib\site-packages\sqlalchemy\util\_concurrency_py3k.py", line 201, in greenlet_spawn
    result = context.throw(*sys.exc_info())
             ^^^^^^^^^^^^^^^^^^^^^^^^^^^^^^
  File "D:\ASM1\.venv\Lib\site-packages\sqlalchemy\orm\session.py", line 2362, in execute
    return self._execute_internal(
           ^^^^^^^^^^^^^^^^^^^^^^^
  File "D:\ASM1\.venv\Lib\site-packages\sqlalchemy\orm\session.py", line 2247, in _execute_internal
    result: Result[Any] = compile_state_cls.orm_execute_statement(
                          ^^^^^^^^^^^^^^^^^^^^^^^^^^^^^^^^^^^^^^^^
  File "D:\ASM1\.venv\Lib\site-packages\sqlalchemy\orm\context.py", line 305, in orm_execute_statement
    result = conn.execute(
             ^^^^^^^^^^^^^
  File "D:\ASM1\.venv\Lib\site-packages\sqlalchemy\engine\base.py", line 1418, in execute
    return meth(
           ^^^^^
  File "D:\ASM1\.venv\Lib\site-packages\sqlalchemy\sql\elements.py", line 515, in _execute_on_connection
    return connection._execute_clauseelement(
           ^^^^^^^^^^^^^^^^^^^^^^^^^^^^^^^^^^
  File "D:\ASM1\.venv\Lib\site-packages\sqlalchemy\engine\base.py", line 1640, in _execute_clauseelement
    ret = self._execute_context(
          ^^^^^^^^^^^^^^^^^^^^^^
  File "D:\ASM1\.venv\Lib\site-packages\sqlalchemy\engine\base.py", line 1846, in _execute_context
    return self._exec_single_context(
           ^^^^^^^^^^^^^^^^^^^^^^^^^^
  File "D:\ASM1\.venv\Lib\site-packages\sqlalchemy\engine\base.py", line 1986, in _exec_single_context
    self._handle_dbapi_exception(
  File "D:\ASM1\.venv\Lib\site-packages\sqlalchemy\engine\base.py", line 2355, in _handle_dbapi_exception
    raise sqlalchemy_exception.with_traceback(exc_info[2]) from e
  File "D:\ASM1\.venv\Lib\site-packages\sqlalchemy\engine\base.py", line 1967, in _exec_single_context
    self.dialect.do_execute(
  File "D:\ASM1\.venv\Lib\site-packages\sqlalchemy\engine\default.py", line 941, in do_execute
    cursor.execute(statement, parameters)
  File "D:\ASM1\.venv\Lib\site-packages\sqlalchemy\dialects\sqlite\aiosqlite.py", line 147, in execute
    self._adapt_connection._handle_exception(error)
  File "D:\ASM1\.venv\Lib\site-packages\sqlalchemy\dialects\sqlite\aiosqlite.py", line 298, in _handle_exception
    raise error
  File "D:\ASM1\.venv\Lib\site-packages\sqlalchemy\dialects\sqlite\aiosqlite.py", line 129, in execute
    self.await_(_cursor.execute(operation, parameters))
  File "D:\ASM1\.venv\Lib\site-packages\sqlalchemy\util\_concurrency_py3k.py", line 132, in await_only
    return current.parent.switch(awaitable)  # type: ignore[no-any-return,attr-defined] # noqa: E501
           ^^^^^^^^^^^^^^^^^^^^^^^^^^^^^^^^
  File "D:\ASM1\.venv\Lib\site-packages\sqlalchemy\util\_concurrency_py3k.py", line 196, in greenlet_spawn
    value = await result
            ^^^^^^^^^^^^
  File "D:\ASM1\.venv\Lib\site-packages\aiosqlite\cursor.py", line 48, in execute
    await self._execute(self._cursor.execute, sql, parameters)
  File "D:\ASM1\.venv\Lib\site-packages\aiosqlite\cursor.py", line 40, in _execute
    return await self._conn._execute(fn, *args, **kwargs)
           ^^^^^^^^^^^^^^^^^^^^^^^^^^^^^^^^^^^^^^^^^^^^^^
  File "D:\ASM1\.venv\Lib\site-packages\aiosqlite\core.py", line 132, in _execute
    return await future
           ^^^^^^^^^^^^
  File "D:\ASM1\.venv\Lib\site-packages\aiosqlite\core.py", line 115, in run
    result = function()
             ^^^^^^^^^^
sqlalchemy.exc.OperationalError: (sqlite3.OperationalError) no such column: users.hashed_password
[SQL: SELECT users.id, users.email, users.name, users.role, users.created_at, users.last_login, users.hashed_password 
FROM users 
WHERE users.email = ?]
[parameters: ('khuojuin11@gmail.conm',)]
(Background on this error at: https://sqlalche.me/e/20/e3q8)
2026-03-03 17:08:58,004 - core.database - DEBUG - [DB_OP] Database session cleanup after 0.0148s
2026-03-03 17:08:58,004 - aiosqlite - DEBUG - executing functools.partial(<built-in method rollback of sqlite3.Connection object at 0x000001FD59D75D50>)
2026-03-03 17:08:58,004 - aiosqlite - DEBUG - operation functools.partial(<built-in method rollback of sqlite3.Connection object at 0x000001FD59D75D50>) completed
2026-03-03 17:08:58,004 - aiosqlite - DEBUG - executing functools.partial(<built-in method rollback of sqlite3.Connection object at 0x000001FD59D75D50>)
2026-03-03 17:08:58,004 - aiosqlite - DEBUG - operation functools.partial(<built-in method rollback of sqlite3.Connection object at 0x000001FD59D75D50>) completed
2026-03-03 17:08:58,004 - aiosqlite - DEBUG - executing functools.partial(<built-in method close of sqlite3.Connection object at 0x000001FD59D75D50>)
2026-03-03 17:08:58,004 - aiosqlite - DEBUG - operation functools.partial(<built-in method close of sqlite3.Connection object at 0x000001FD59D75D50>) completed
2026-03-03 17:08:58,004 - core.database - ERROR - Failed to create database session: (sqlite3.OperationalError) no such column: users.hashed_password
[SQL: SELECT users.id, users.email, users.name, users.role, users.created_at, users.last_login, users.hashed_password 
FROM users 
WHERE users.email = ?]
[parameters: ('khuojuin11@gmail.conm',)]
(Background on this error at: https://sqlalche.me/e/20/e3q8)
Traceback (most recent call last):
  File "D:\ASM1\.venv\Lib\site-packages\sqlalchemy\engine\base.py", line 1967, in _exec_single_context
    self.dialect.do_execute(
  File "D:\ASM1\.venv\Lib\site-packages\sqlalchemy\engine\default.py", line 941, in do_execute
    cursor.execute(statement, parameters)
  File "D:\ASM1\.venv\Lib\site-packages\sqlalchemy\dialects\sqlite\aiosqlite.py", line 147, in execute
    self._adapt_connection._handle_exception(error)
  File "D:\ASM1\.venv\Lib\site-packages\sqlalchemy\dialects\sqlite\aiosqlite.py", line 298, in _handle_exception
    raise error
  File "D:\ASM1\.venv\Lib\site-packages\sqlalchemy\dialects\sqlite\aiosqlite.py", line 129, in execute
    self.await_(_cursor.execute(operation, parameters))
  File "D:\ASM1\.venv\Lib\site-packages\sqlalchemy\util\_concurrency_py3k.py", line 132, in await_only
    return current.parent.switch(awaitable)  # type: ignore[no-any-return,attr-defined] # noqa: E501
           ^^^^^^^^^^^^^^^^^^^^^^^^^^^^^^^^
  File "D:\ASM1\.venv\Lib\site-packages\sqlalchemy\util\_concurrency_py3k.py", line 196, in greenlet_spawn
    value = await result
            ^^^^^^^^^^^^
  File "D:\ASM1\.venv\Lib\site-packages\aiosqlite\cursor.py", line 48, in execute
    await self._execute(self._cursor.execute, sql, parameters)
  File "D:\ASM1\.venv\Lib\site-packages\aiosqlite\cursor.py", line 40, in _execute
    return await self._conn._execute(fn, *args, **kwargs)
           ^^^^^^^^^^^^^^^^^^^^^^^^^^^^^^^^^^^^^^^^^^^^^^
  File "D:\ASM1\.venv\Lib\site-packages\aiosqlite\core.py", line 132, in _execute
    return await future
           ^^^^^^^^^^^^
  File "D:\ASM1\.venv\Lib\site-packages\aiosqlite\core.py", line 115, in run
    result = function()
             ^^^^^^^^^^
sqlite3.OperationalError: no such column: users.hashed_password

The above exception was the direct cause of the following exception:

Traceback (most recent call last):
  File "D:\ASM1\backend\core\database.py", line 542, in get_db
    yield session
  File "D:\ASM1\.venv\Lib\site-packages\fastapi\routing.py", line 301, in app
    raw_response = await run_endpoint_function(
                   ^^^^^^^^^^^^^^^^^^^^^^^^^^^^
  File "D:\ASM1\.venv\Lib\site-packages\fastapi\routing.py", line 212, in run_endpoint_function
    return await dependant.call(**values)
           ^^^^^^^^^^^^^^^^^^^^^^^^^^^^^^
  File "D:\ASM1\backend\routers\auth.py", line 349, in login_password
    result = await db.execute(select(User).where(User.email == clean_email))
             ^^^^^^^^^^^^^^^^^^^^^^^^^^^^^^^^^^^^^^^^^^^^^^^^^^^^^^^^^^^^^^^
  File "D:\ASM1\.venv\Lib\site-packages\sqlalchemy\ext\asyncio\session.py", line 461, in execute
    result = await greenlet_spawn(
             ^^^^^^^^^^^^^^^^^^^^^
  File "D:\ASM1\.venv\Lib\site-packages\sqlalchemy\util\_concurrency_py3k.py", line 201, in greenlet_spawn
    result = context.throw(*sys.exc_info())
             ^^^^^^^^^^^^^^^^^^^^^^^^^^^^^^
  File "D:\ASM1\.venv\Lib\site-packages\sqlalchemy\orm\session.py", line 2362, in execute
    return self._execute_internal(
           ^^^^^^^^^^^^^^^^^^^^^^^
  File "D:\ASM1\.venv\Lib\site-packages\sqlalchemy\orm\session.py", line 2247, in _execute_internal
    result: Result[Any] = compile_state_cls.orm_execute_statement(
                          ^^^^^^^^^^^^^^^^^^^^^^^^^^^^^^^^^^^^^^^^
  File "D:\ASM1\.venv\Lib\site-packages\sqlalchemy\orm\context.py", line 305, in orm_execute_statement
    result = conn.execute(
             ^^^^^^^^^^^^^
  File "D:\ASM1\.venv\Lib\site-packages\sqlalchemy\engine\base.py", line 1418, in execute
    return meth(
           ^^^^^
  File "D:\ASM1\.venv\Lib\site-packages\sqlalchemy\sql\elements.py", line 515, in _execute_on_connection
    return connection._execute_clauseelement(
           ^^^^^^^^^^^^^^^^^^^^^^^^^^^^^^^^^^
  File "D:\ASM1\.venv\Lib\site-packages\sqlalchemy\engine\base.py", line 1640, in _execute_clauseelement
    ret = self._execute_context(
          ^^^^^^^^^^^^^^^^^^^^^^
  File "D:\ASM1\.venv\Lib\site-packages\sqlalchemy\engine\base.py", line 1846, in _execute_context
    return self._exec_single_context(
           ^^^^^^^^^^^^^^^^^^^^^^^^^^
  File "D:\ASM1\.venv\Lib\site-packages\sqlalchemy\engine\base.py", line 1986, in _exec_single_context
    self._handle_dbapi_exception(
  File "D:\ASM1\.venv\Lib\site-packages\sqlalchemy\engine\base.py", line 2355, in _handle_dbapi_exception
    raise sqlalchemy_exception.with_traceback(exc_info[2]) from e
  File "D:\ASM1\.venv\Lib\site-packages\sqlalchemy\engine\base.py", line 1967, in _exec_single_context
    self.dialect.do_execute(
  File "D:\ASM1\.venv\Lib\site-packages\sqlalchemy\engine\default.py", line 941, in do_execute
    cursor.execute(statement, parameters)
  File "D:\ASM1\.venv\Lib\site-packages\sqlalchemy\dialects\sqlite\aiosqlite.py", line 147, in execute
    self._adapt_connection._handle_exception(error)
  File "D:\ASM1\.venv\Lib\site-packages\sqlalchemy\dialects\sqlite\aiosqlite.py", line 298, in _handle_exception
    raise error
  File "D:\ASM1\.venv\Lib\site-packages\sqlalchemy\dialects\sqlite\aiosqlite.py", line 129, in execute
    self.await_(_cursor.execute(operation, parameters))
  File "D:\ASM1\.venv\Lib\site-packages\sqlalchemy\util\_concurrency_py3k.py", line 132, in await_only
    return current.parent.switch(awaitable)  # type: ignore[no-any-return,attr-defined] # noqa: E501
           ^^^^^^^^^^^^^^^^^^^^^^^^^^^^^^^^
  File "D:\ASM1\.venv\Lib\site-packages\sqlalchemy\util\_concurrency_py3k.py", line 196, in greenlet_spawn
    value = await result
            ^^^^^^^^^^^^
  File "D:\ASM1\.venv\Lib\site-packages\aiosqlite\cursor.py", line 48, in execute
    await self._execute(self._cursor.execute, sql, parameters)
  File "D:\ASM1\.venv\Lib\site-packages\aiosqlite\cursor.py", line 40, in _execute
    return await self._conn._execute(fn, *args, **kwargs)
           ^^^^^^^^^^^^^^^^^^^^^^^^^^^^^^^^^^^^^^^^^^^^^^
  File "D:\ASM1\.venv\Lib\site-packages\aiosqlite\core.py", line 132, in _execute
    return await future
           ^^^^^^^^^^^^
  File "D:\ASM1\.venv\Lib\site-packages\aiosqlite\core.py", line 115, in run
    result = function()
             ^^^^^^^^^^
sqlalchemy.exc.OperationalError: (sqlite3.OperationalError) no such column: users.hashed_password
[SQL: SELECT users.id, users.email, users.name, users.role, users.created_at, users.last_login, users.hashed_password 
FROM users 
WHERE users.email = ?]
[parameters: ('khuojuin11@gmail.conm',)]
(Background on this error at: https://sqlalche.me/e/20/e3q8)
2026-03-03 17:08:58,153 - core.database - DEBUG - [DB_OP] Starting get_db session creation
2026-03-03 17:08:58,153 - core.database - DEBUG - [DB_OP] Database session created successfully in 0.0000s
2026-03-03 17:08:58,153 - aiosqlite - DEBUG - executing <function connect.<locals>.connector at 0x000001FD59FE2160>
2026-03-03 17:08:58,153 - aiosqlite - DEBUG - operation <function connect.<locals>.connector at 0x000001FD59FE2160> completed
2026-03-03 17:08:58,153 - aiosqlite - DEBUG - executing functools.partial(<built-in method create_function of sqlite3.Connection object at 0x000001FD59D762F0>, 'regexp', 2, <function SQLiteDialect_pysqlite.on_connect.<locals>.regexp at 0x000001FD59CDBF60>, deterministic=True)
2026-03-03 17:08:58,153 - aiosqlite - DEBUG - operation functools.partial(<built-in method create_function of sqlite3.Connection object at 0x000001FD59D762F0>, 'regexp', 2, <function SQLiteDialect_pysqlite.on_connect.<locals>.regexp at 0x000001FD59CDBF60>, deterministic=True) completed
2026-03-03 17:08:58,161 - aiosqlite - DEBUG - executing functools.partial(<built-in method create_function of sqlite3.Connection object at 0x000001FD59D762F0>, 'floor', 1, <built-in function floor>, deterministic=True)
2026-03-03 17:08:58,161 - aiosqlite - DEBUG - operation functools.partial(<built-in method create_function of sqlite3.Connection object at 0x000001FD59D762F0>, 'floor', 1, <built-in function floor>, deterministic=True) completed
2026-03-03 17:08:58,164 - aiosqlite - DEBUG - executing functools.partial(<built-in method cursor of sqlite3.Connection object at 0x000001FD59D762F0>)
2026-03-03 17:08:58,164 - aiosqlite - DEBUG - operation functools.partial(<built-in method cursor of sqlite3.Connection object at 0x000001FD59D762F0>) completed
2026-03-03 17:08:58,164 - aiosqlite - DEBUG - executing functools.partial(<built-in method execute of sqlite3.Cursor object at 0x000001FD59D15640>, 'SELECT users.id, users.email, users.name, users.role, users.created_at, users.last_login, users.hashed_password \nFROM users \nWHERE users.email = ?', ('khuojuin11@gmail.conm',))
2026-03-03 17:08:58,164 - aiosqlite - DEBUG - returning exception no such column: users.hashed_password
2026-03-03 17:08:58,164 - core.database - ERROR - Database session error: (sqlite3.OperationalError) no such column: users.hashed_password
[SQL: SELECT users.id, users.email, users.name, users.role, users.created_at, users.last_login, users.hashed_password 
FROM users 
WHERE users.email = ?]
[parameters: ('khuojuin11@gmail.conm',)]
(Background on this error at: https://sqlalche.me/e/20/e3q8)
Traceback (most recent call last):
  File "D:\ASM1\.venv\Lib\site-packages\sqlalchemy\engine\base.py", line 1967, in _exec_single_context
    self.dialect.do_execute(
  File "D:\ASM1\.venv\Lib\site-packages\sqlalchemy\engine\default.py", line 941, in do_execute
    cursor.execute(statement, parameters)
  File "D:\ASM1\.venv\Lib\site-packages\sqlalchemy\dialects\sqlite\aiosqlite.py", line 147, in execute
    self._adapt_connection._handle_exception(error)
  File "D:\ASM1\.venv\Lib\site-packages\sqlalchemy\dialects\sqlite\aiosqlite.py", line 298, in _handle_exception
    raise error
  File "D:\ASM1\.venv\Lib\site-packages\sqlalchemy\dialects\sqlite\aiosqlite.py", line 129, in execute
    self.await_(_cursor.execute(operation, parameters))
  File "D:\ASM1\.venv\Lib\site-packages\sqlalchemy\util\_concurrency_py3k.py", line 132, in await_only
    return current.parent.switch(awaitable)  # type: ignore[no-any-return,attr-defined] # noqa: E501
           ^^^^^^^^^^^^^^^^^^^^^^^^^^^^^^^^
  File "D:\ASM1\.venv\Lib\site-packages\sqlalchemy\util\_concurrency_py3k.py", line 196, in greenlet_spawn
    value = await result
            ^^^^^^^^^^^^
  File "D:\ASM1\.venv\Lib\site-packages\aiosqlite\cursor.py", line 48, in execute
    await self._execute(self._cursor.execute, sql, parameters)
  File "D:\ASM1\.venv\Lib\site-packages\aiosqlite\cursor.py", line 40, in _execute
    return await self._conn._execute(fn, *args, **kwargs)
           ^^^^^^^^^^^^^^^^^^^^^^^^^^^^^^^^^^^^^^^^^^^^^^
  File "D:\ASM1\.venv\Lib\site-packages\aiosqlite\core.py", line 132, in _execute
    return await future
           ^^^^^^^^^^^^
  File "D:\ASM1\.venv\Lib\site-packages\aiosqlite\core.py", line 115, in run
    result = function()
             ^^^^^^^^^^
sqlite3.OperationalError: no such column: users.hashed_password

The above exception was the direct cause of the following exception:

Traceback (most recent call last):
  File "D:\ASM1\backend\core\database.py", line 542, in get_db
    yield session
  File "D:\ASM1\.venv\Lib\site-packages\fastapi\routing.py", line 301, in app
    raw_response = await run_endpoint_function(
                   ^^^^^^^^^^^^^^^^^^^^^^^^^^^^
  File "D:\ASM1\.venv\Lib\site-packages\fastapi\routing.py", line 212, in run_endpoint_function
    return await dependant.call(**values)
           ^^^^^^^^^^^^^^^^^^^^^^^^^^^^^^
  File "D:\ASM1\backend\routers\auth.py", line 349, in login_password
    result = await db.execute(select(User).where(User.email == clean_email))
             ^^^^^^^^^^^^^^^^^^^^^^^^^^^^^^^^^^^^^^^^^^^^^^^^^^^^^^^^^^^^^^^
  File "D:\ASM1\.venv\Lib\site-packages\sqlalchemy\ext\asyncio\session.py", line 461, in execute
    result = await greenlet_spawn(
             ^^^^^^^^^^^^^^^^^^^^^
  File "D:\ASM1\.venv\Lib\site-packages\sqlalchemy\util\_concurrency_py3k.py", line 201, in greenlet_spawn
    result = context.throw(*sys.exc_info())
             ^^^^^^^^^^^^^^^^^^^^^^^^^^^^^^
  File "D:\ASM1\.venv\Lib\site-packages\sqlalchemy\orm\session.py", line 2362, in execute
    return self._execute_internal(
           ^^^^^^^^^^^^^^^^^^^^^^^
  File "D:\ASM1\.venv\Lib\site-packages\sqlalchemy\orm\session.py", line 2247, in _execute_internal
    result: Result[Any] = compile_state_cls.orm_execute_statement(
                          ^^^^^^^^^^^^^^^^^^^^^^^^^^^^^^^^^^^^^^^^
  File "D:\ASM1\.venv\Lib\site-packages\sqlalchemy\orm\context.py", line 305, in orm_execute_statement
    result = conn.execute(
             ^^^^^^^^^^^^^
  File "D:\ASM1\.venv\Lib\site-packages\sqlalchemy\engine\base.py", line 1418, in execute
    return meth(
           ^^^^^
  File "D:\ASM1\.venv\Lib\site-packages\sqlalchemy\sql\elements.py", line 515, in _execute_on_connection
    return connection._execute_clauseelement(
           ^^^^^^^^^^^^^^^^^^^^^^^^^^^^^^^^^^
  File "D:\ASM1\.venv\Lib\site-packages\sqlalchemy\engine\base.py", line 1640, in _execute_clauseelement
    ret = self._execute_context(
          ^^^^^^^^^^^^^^^^^^^^^^
  File "D:\ASM1\.venv\Lib\site-packages\sqlalchemy\engine\base.py", line 1846, in _execute_context
    return self._exec_single_context(
           ^^^^^^^^^^^^^^^^^^^^^^^^^^
  File "D:\ASM1\.venv\Lib\site-packages\sqlalchemy\engine\base.py", line 1986, in _exec_single_context
    self._handle_dbapi_exception(
  File "D:\ASM1\.venv\Lib\site-packages\sqlalchemy\engine\base.py", line 2355, in _handle_dbapi_exception
    raise sqlalchemy_exception.with_traceback(exc_info[2]) from e
  File "D:\ASM1\.venv\Lib\site-packages\sqlalchemy\engine\base.py", line 1967, in _exec_single_context
    self.dialect.do_execute(
  File "D:\ASM1\.venv\Lib\site-packages\sqlalchemy\engine\default.py", line 941, in do_execute
    cursor.execute(statement, parameters)
  File "D:\ASM1\.venv\Lib\site-packages\sqlalchemy\dialects\sqlite\aiosqlite.py", line 147, in execute
    self._adapt_connection._handle_exception(error)
  File "D:\ASM1\.venv\Lib\site-packages\sqlalchemy\dialects\sqlite\aiosqlite.py", line 298, in _handle_exception
    raise error
  File "D:\ASM1\.venv\Lib\site-packages\sqlalchemy\dialects\sqlite\aiosqlite.py", line 129, in execute
    self.await_(_cursor.execute(operation, parameters))
  File "D:\ASM1\.venv\Lib\site-packages\sqlalchemy\util\_concurrency_py3k.py", line 132, in await_only
    return current.parent.switch(awaitable)  # type: ignore[no-any-return,attr-defined] # noqa: E501
           ^^^^^^^^^^^^^^^^^^^^^^^^^^^^^^^^
  File "D:\ASM1\.venv\Lib\site-packages\sqlalchemy\util\_concurrency_py3k.py", line 196, in greenlet_spawn
    value = await result
            ^^^^^^^^^^^^
  File "D:\ASM1\.venv\Lib\site-packages\aiosqlite\cursor.py", line 48, in execute
    await self._execute(self._cursor.execute, sql, parameters)
  File "D:\ASM1\.venv\Lib\site-packages\aiosqlite\cursor.py", line 40, in _execute
    return await self._conn._execute(fn, *args, **kwargs)
           ^^^^^^^^^^^^^^^^^^^^^^^^^^^^^^^^^^^^^^^^^^^^^^
  File "D:\ASM1\.venv\Lib\site-packages\aiosqlite\core.py", line 132, in _execute
    return await future
           ^^^^^^^^^^^^
  File "D:\ASM1\.venv\Lib\site-packages\aiosqlite\core.py", line 115, in run
    result = function()
             ^^^^^^^^^^
sqlalchemy.exc.OperationalError: (sqlite3.OperationalError) no such column: users.hashed_password
[SQL: SELECT users.id, users.email, users.name, users.role, users.created_at, users.last_login, users.hashed_password 
FROM users 
WHERE users.email = ?]
[parameters: ('khuojuin11@gmail.conm',)]
(Background on this error at: https://sqlalche.me/e/20/e3q8)
2026-03-03 17:08:58,174 - core.database - DEBUG - [DB_OP] Database session cleanup after 0.0209s
2026-03-03 17:08:58,174 - aiosqlite - DEBUG - executing functools.partial(<built-in method rollback of sqlite3.Connection object at 0x000001FD59D762F0>)
2026-03-03 17:08:58,174 - aiosqlite - DEBUG - operation functools.partial(<built-in method rollback of sqlite3.Connection object at 0x000001FD59D762F0>) completed
2026-03-03 17:08:58,183 - aiosqlite - DEBUG - executing functools.partial(<built-in method rollback of sqlite3.Connection object at 0x000001FD59D762F0>)
2026-03-03 17:08:58,183 - aiosqlite - DEBUG - operation functools.partial(<built-in method rollback of sqlite3.Connection object at 0x000001FD59D762F0>) completed
2026-03-03 17:08:58,183 - aiosqlite - DEBUG - executing functools.partial(<built-in method close of sqlite3.Connection object at 0x000001FD59D762F0>)
2026-03-03 17:08:58,183 - aiosqlite - DEBUG - operation functools.partial(<built-in method close of sqlite3.Connection object at 0x000001FD59D762F0>) completed
2026-03-03 17:08:58,183 - core.database - ERROR - Failed to create database session: (sqlite3.OperationalError) no such column: users.hashed_password
[SQL: SELECT users.id, users.email, users.name, users.role, users.created_at, users.last_login, users.hashed_password 
FROM users 
WHERE users.email = ?]
[parameters: ('khuojuin11@gmail.conm',)]
(Background on this error at: https://sqlalche.me/e/20/e3q8)
Traceback (most recent call last):
  File "D:\ASM1\.venv\Lib\site-packages\sqlalchemy\engine\base.py", line 1967, in _exec_single_context
    self.dialect.do_execute(
  File "D:\ASM1\.venv\Lib\site-packages\sqlalchemy\engine\default.py", line 941, in do_execute
    cursor.execute(statement, parameters)
  File "D:\ASM1\.venv\Lib\site-packages\sqlalchemy\dialects\sqlite\aiosqlite.py", line 147, in execute
    self._adapt_connection._handle_exception(error)
  File "D:\ASM1\.venv\Lib\site-packages\sqlalchemy\dialects\sqlite\aiosqlite.py", line 298, in _handle_exception
    raise error
  File "D:\ASM1\.venv\Lib\site-packages\sqlalchemy\dialects\sqlite\aiosqlite.py", line 129, in execute
    self.await_(_cursor.execute(operation, parameters))
  File "D:\ASM1\.venv\Lib\site-packages\sqlalchemy\util\_concurrency_py3k.py", line 132, in await_only
    return current.parent.switch(awaitable)  # type: ignore[no-any-return,attr-defined] # noqa: E501
           ^^^^^^^^^^^^^^^^^^^^^^^^^^^^^^^^
  File "D:\ASM1\.venv\Lib\site-packages\sqlalchemy\util\_concurrency_py3k.py", line 196, in greenlet_spawn
    value = await result
            ^^^^^^^^^^^^
  File "D:\ASM1\.venv\Lib\site-packages\aiosqlite\cursor.py", line 48, in execute
    await self._execute(self._cursor.execute, sql, parameters)
  File "D:\ASM1\.venv\Lib\site-packages\aiosqlite\cursor.py", line 40, in _execute
    return await self._conn._execute(fn, *args, **kwargs)
           ^^^^^^^^^^^^^^^^^^^^^^^^^^^^^^^^^^^^^^^^^^^^^^
  File "D:\ASM1\.venv\Lib\site-packages\aiosqlite\core.py", line 132, in _execute
    return await future
           ^^^^^^^^^^^^
  File "D:\ASM1\.venv\Lib\site-packages\aiosqlite\core.py", line 115, in run
    result = function()
             ^^^^^^^^^^
sqlite3.OperationalError: no such column: users.hashed_password

The above exception was the direct cause of the following exception:

Traceback (most recent call last):
  File "D:\ASM1\backend\core\database.py", line 542, in get_db
    yield session
  File "D:\ASM1\.venv\Lib\site-packages\fastapi\routing.py", line 301, in app
    raw_response = await run_endpoint_function(
                   ^^^^^^^^^^^^^^^^^^^^^^^^^^^^
  File "D:\ASM1\.venv\Lib\site-packages\fastapi\routing.py", line 212, in run_endpoint_function
    return await dependant.call(**values)
           ^^^^^^^^^^^^^^^^^^^^^^^^^^^^^^
  File "D:\ASM1\backend\routers\auth.py", line 349, in login_password
    result = await db.execute(select(User).where(User.email == clean_email))
             ^^^^^^^^^^^^^^^^^^^^^^^^^^^^^^^^^^^^^^^^^^^^^^^^^^^^^^^^^^^^^^^
  File "D:\ASM1\.venv\Lib\site-packages\sqlalchemy\ext\asyncio\session.py", line 461, in execute
    result = await greenlet_spawn(
             ^^^^^^^^^^^^^^^^^^^^^
  File "D:\ASM1\.venv\Lib\site-packages\sqlalchemy\util\_concurrency_py3k.py", line 201, in greenlet_spawn
    result = context.throw(*sys.exc_info())
             ^^^^^^^^^^^^^^^^^^^^^^^^^^^^^^
  File "D:\ASM1\.venv\Lib\site-packages\sqlalchemy\orm\session.py", line 2362, in execute
    return self._execute_internal(
           ^^^^^^^^^^^^^^^^^^^^^^^
  File "D:\ASM1\.venv\Lib\site-packages\sqlalchemy\orm\session.py", line 2247, in _execute_internal
    result: Result[Any] = compile_state_cls.orm_execute_statement(
                          ^^^^^^^^^^^^^^^^^^^^^^^^^^^^^^^^^^^^^^^^
  File "D:\ASM1\.venv\Lib\site-packages\sqlalchemy\orm\context.py", line 305, in orm_execute_statement
    result = conn.execute(
             ^^^^^^^^^^^^^
  File "D:\ASM1\.venv\Lib\site-packages\sqlalchemy\engine\base.py", line 1418, in execute
    return meth(
           ^^^^^
  File "D:\ASM1\.venv\Lib\site-packages\sqlalchemy\sql\elements.py", line 515, in _execute_on_connection
    return connection._execute_clauseelement(
           ^^^^^^^^^^^^^^^^^^^^^^^^^^^^^^^^^^
  File "D:\ASM1\.venv\Lib\site-packages\sqlalchemy\engine\base.py", line 1640, in _execute_clauseelement
    ret = self._execute_context(
          ^^^^^^^^^^^^^^^^^^^^^^
  File "D:\ASM1\.venv\Lib\site-packages\sqlalchemy\engine\base.py", line 1846, in _execute_context
    return self._exec_single_context(
           ^^^^^^^^^^^^^^^^^^^^^^^^^^
  File "D:\ASM1\.venv\Lib\site-packages\sqlalchemy\engine\base.py", line 1986, in _exec_single_context
    self._handle_dbapi_exception(
  File "D:\ASM1\.venv\Lib\site-packages\sqlalchemy\engine\base.py", line 2355, in _handle_dbapi_exception
    raise sqlalchemy_exception.with_traceback(exc_info[2]) from e
  File "D:\ASM1\.venv\Lib\site-packages\sqlalchemy\engine\base.py", line 1967, in _exec_single_context
    self.dialect.do_execute(
  File "D:\ASM1\.venv\Lib\site-packages\sqlalchemy\engine\default.py", line 941, in do_execute
    cursor.execute(statement, parameters)
  File "D:\ASM1\.venv\Lib\site-packages\sqlalchemy\dialects\sqlite\aiosqlite.py", line 147, in execute
    self._adapt_connection._handle_exception(error)
  File "D:\ASM1\.venv\Lib\site-packages\sqlalchemy\dialects\sqlite\aiosqlite.py", line 298, in _handle_exception
    raise error
  File "D:\ASM1\.venv\Lib\site-packages\sqlalchemy\dialects\sqlite\aiosqlite.py", line 129, in execute
    self.await_(_cursor.execute(operation, parameters))
  File "D:\ASM1\.venv\Lib\site-packages\sqlalchemy\util\_concurrency_py3k.py", line 132, in await_only
    return current.parent.switch(awaitable)  # type: ignore[no-any-return,attr-defined] # noqa: E501
           ^^^^^^^^^^^^^^^^^^^^^^^^^^^^^^^^
  File "D:\ASM1\.venv\Lib\site-packages\sqlalchemy\util\_concurrency_py3k.py", line 196, in greenlet_spawn
    value = await result
            ^^^^^^^^^^^^
  File "D:\ASM1\.venv\Lib\site-packages\aiosqlite\cursor.py", line 48, in execute
    await self._execute(self._cursor.execute, sql, parameters)
  File "D:\ASM1\.venv\Lib\site-packages\aiosqlite\cursor.py", line 40, in _execute
    return await self._conn._execute(fn, *args, **kwargs)
           ^^^^^^^^^^^^^^^^^^^^^^^^^^^^^^^^^^^^^^^^^^^^^^
  File "D:\ASM1\.venv\Lib\site-packages\aiosqlite\core.py", line 132, in _execute
    return await future
           ^^^^^^^^^^^^
  File "D:\ASM1\.venv\Lib\site-packages\aiosqlite\core.py", line 115, in run
    result = function()
             ^^^^^^^^^^
sqlalchemy.exc.OperationalError: (sqlite3.OperationalError) no such column: users.hashed_password
[SQL: SELECT users.id, users.email, users.name, users.role, users.created_at, users.last_login, users.hashed_password 
FROM users 
WHERE users.email = ?]
[parameters: ('khuojuin11@gmail.conm',)]
(Background on this error at: https://sqlalche.me/e/20/e3q8)
2026-03-03 17:08:58,317 - core.database - DEBUG - [DB_OP] Starting get_db session creation
2026-03-03 17:08:58,317 - core.database - DEBUG - [DB_OP] Database session created successfully in 0.0000s
2026-03-03 17:08:58,318 - aiosqlite - DEBUG - executing <function connect.<locals>.connector at 0x000001FD59FE3EC0>
2026-03-03 17:08:58,319 - aiosqlite - DEBUG - operation <function connect.<locals>.connector at 0x000001FD59FE3EC0> completed
2026-03-03 17:08:58,319 - aiosqlite - DEBUG - executing functools.partial(<built-in method create_function of sqlite3.Connection object at 0x000001FD59D757B0>, 'regexp', 2, <function SQLiteDialect_pysqlite.on_connect.<locals>.regexp at 0x000001FD59CDBF60>, deterministic=True)
2026-03-03 17:08:58,320 - aiosqlite - DEBUG - operation functools.partial(<built-in method create_function of sqlite3.Connection object at 0x000001FD59D757B0>, 'regexp', 2, <function SQLiteDialect_pysqlite.on_connect.<locals>.regexp at 0x000001FD59CDBF60>, deterministic=True) completed
2026-03-03 17:08:58,320 - aiosqlite - DEBUG - executing functools.partial(<built-in method create_function of sqlite3.Connection object at 0x000001FD59D757B0>, 'floor', 1, <built-in function floor>, deterministic=True)
2026-03-03 17:08:58,320 - aiosqlite - DEBUG - operation functools.partial(<built-in method create_function of sqlite3.Connection object at 0x000001FD59D757B0>, 'floor', 1, <built-in function floor>, deterministic=True) completed
2026-03-03 17:08:58,320 - aiosqlite - DEBUG - executing functools.partial(<built-in method cursor of sqlite3.Connection object at 0x000001FD59D757B0>)
2026-03-03 17:08:58,320 - aiosqlite - DEBUG - operation functools.partial(<built-in method cursor of sqlite3.Connection object at 0x000001FD59D757B0>) completed
2026-03-03 17:08:58,320 - aiosqlite - DEBUG - executing functools.partial(<built-in method execute of sqlite3.Cursor object at 0x000001FD5A0293C0>, 'SELECT users.id, users.email, users.name, users.role, users.created_at, users.last_login, users.hashed_password \nFROM users \nWHERE users.email = ?', ('khuojuin11@gmail.conm',))
2026-03-03 17:08:58,324 - aiosqlite - DEBUG - returning exception no such column: users.hashed_password
2026-03-03 17:08:58,324 - core.database - ERROR - Database session error: (sqlite3.OperationalError) no such column: users.hashed_password
[SQL: SELECT users.id, users.email, users.name, users.role, users.created_at, users.last_login, users.hashed_password 
FROM users 
WHERE users.email = ?]
[parameters: ('khuojuin11@gmail.conm',)]
(Background on this error at: https://sqlalche.me/e/20/e3q8)
Traceback (most recent call last):
  File "D:\ASM1\.venv\Lib\site-packages\sqlalchemy\engine\base.py", line 1967, in _exec_single_context
    self.dialect.do_execute(
  File "D:\ASM1\.venv\Lib\site-packages\sqlalchemy\engine\default.py", line 941, in do_execute
    cursor.execute(statement, parameters)
  File "D:\ASM1\.venv\Lib\site-packages\sqlalchemy\dialects\sqlite\aiosqlite.py", line 147, in execute
    self._adapt_connection._handle_exception(error)
  File "D:\ASM1\.venv\Lib\site-packages\sqlalchemy\dialects\sqlite\aiosqlite.py", line 298, in _handle_exception
    raise error
  File "D:\ASM1\.venv\Lib\site-packages\sqlalchemy\dialects\sqlite\aiosqlite.py", line 129, in execute
    self.await_(_cursor.execute(operation, parameters))
  File "D:\ASM1\.venv\Lib\site-packages\sqlalchemy\util\_concurrency_py3k.py", line 132, in await_only
    return current.parent.switch(awaitable)  # type: ignore[no-any-return,attr-defined] # noqa: E501
           ^^^^^^^^^^^^^^^^^^^^^^^^^^^^^^^^
  File "D:\ASM1\.venv\Lib\site-packages\sqlalchemy\util\_concurrency_py3k.py", line 196, in greenlet_spawn
    value = await result
            ^^^^^^^^^^^^
  File "D:\ASM1\.venv\Lib\site-packages\aiosqlite\cursor.py", line 48, in execute
    await self._execute(self._cursor.execute, sql, parameters)
  File "D:\ASM1\.venv\Lib\site-packages\aiosqlite\cursor.py", line 40, in _execute
    return await self._conn._execute(fn, *args, **kwargs)
           ^^^^^^^^^^^^^^^^^^^^^^^^^^^^^^^^^^^^^^^^^^^^^^
  File "D:\ASM1\.venv\Lib\site-packages\aiosqlite\core.py", line 132, in _execute
    return await future
           ^^^^^^^^^^^^
  File "D:\ASM1\.venv\Lib\site-packages\aiosqlite\core.py", line 115, in run
    result = function()
             ^^^^^^^^^^
sqlite3.OperationalError: no such column: users.hashed_password

The above exception was the direct cause of the following exception:

Traceback (most recent call last):
  File "D:\ASM1\backend\core\database.py", line 542, in get_db
    yield session
  File "D:\ASM1\.venv\Lib\site-packages\fastapi\routing.py", line 301, in app
    raw_response = await run_endpoint_function(
                   ^^^^^^^^^^^^^^^^^^^^^^^^^^^^
  File "D:\ASM1\.venv\Lib\site-packages\fastapi\routing.py", line 212, in run_endpoint_function
    return await dependant.call(**values)
           ^^^^^^^^^^^^^^^^^^^^^^^^^^^^^^
  File "D:\ASM1\backend\routers\auth.py", line 349, in login_password
    result = await db.execute(select(User).where(User.email == clean_email))
             ^^^^^^^^^^^^^^^^^^^^^^^^^^^^^^^^^^^^^^^^^^^^^^^^^^^^^^^^^^^^^^^
  File "D:\ASM1\.venv\Lib\site-packages\sqlalchemy\ext\asyncio\session.py", line 461, in execute
    result = await greenlet_spawn(
             ^^^^^^^^^^^^^^^^^^^^^
  File "D:\ASM1\.venv\Lib\site-packages\sqlalchemy\util\_concurrency_py3k.py", line 201, in greenlet_spawn
    result = context.throw(*sys.exc_info())
             ^^^^^^^^^^^^^^^^^^^^^^^^^^^^^^
  File "D:\ASM1\.venv\Lib\site-packages\sqlalchemy\orm\session.py", line 2362, in execute
    return self._execute_internal(
           ^^^^^^^^^^^^^^^^^^^^^^^
  File "D:\ASM1\.venv\Lib\site-packages\sqlalchemy\orm\session.py", line 2247, in _execute_internal
    result: Result[Any] = compile_state_cls.orm_execute_statement(
                          ^^^^^^^^^^^^^^^^^^^^^^^^^^^^^^^^^^^^^^^^
  File "D:\ASM1\.venv\Lib\site-packages\sqlalchemy\orm\context.py", line 305, in orm_execute_statement
    result = conn.execute(
             ^^^^^^^^^^^^^
  File "D:\ASM1\.venv\Lib\site-packages\sqlalchemy\engine\base.py", line 1418, in execute
    return meth(
           ^^^^^
  File "D:\ASM1\.venv\Lib\site-packages\sqlalchemy\sql\elements.py", line 515, in _execute_on_connection
    return connection._execute_clauseelement(
           ^^^^^^^^^^^^^^^^^^^^^^^^^^^^^^^^^^
  File "D:\ASM1\.venv\Lib\site-packages\sqlalchemy\engine\base.py", line 1640, in _execute_clauseelement
    ret = self._execute_context(
          ^^^^^^^^^^^^^^^^^^^^^^
  File "D:\ASM1\.venv\Lib\site-packages\sqlalchemy\engine\base.py", line 1846, in _execute_context
    return self._exec_single_context(
           ^^^^^^^^^^^^^^^^^^^^^^^^^^
  File "D:\ASM1\.venv\Lib\site-packages\sqlalchemy\engine\base.py", line 1986, in _exec_single_context
    self._handle_dbapi_exception(
  File "D:\ASM1\.venv\Lib\site-packages\sqlalchemy\engine\base.py", line 2355, in _handle_dbapi_exception
    raise sqlalchemy_exception.with_traceback(exc_info[2]) from e
  File "D:\ASM1\.venv\Lib\site-packages\sqlalchemy\engine\base.py", line 1967, in _exec_single_context
    self.dialect.do_execute(
  File "D:\ASM1\.venv\Lib\site-packages\sqlalchemy\engine\default.py", line 941, in do_execute
    cursor.execute(statement, parameters)
  File "D:\ASM1\.venv\Lib\site-packages\sqlalchemy\dialects\sqlite\aiosqlite.py", line 147, in execute
    self._adapt_connection._handle_exception(error)
  File "D:\ASM1\.venv\Lib\site-packages\sqlalchemy\dialects\sqlite\aiosqlite.py", line 298, in _handle_exception
    raise error
  File "D:\ASM1\.venv\Lib\site-packages\sqlalchemy\dialects\sqlite\aiosqlite.py", line 129, in execute
    self.await_(_cursor.execute(operation, parameters))
  File "D:\ASM1\.venv\Lib\site-packages\sqlalchemy\util\_concurrency_py3k.py", line 132, in await_only
    return current.parent.switch(awaitable)  # type: ignore[no-any-return,attr-defined] # noqa: E501
           ^^^^^^^^^^^^^^^^^^^^^^^^^^^^^^^^
  File "D:\ASM1\.venv\Lib\site-packages\sqlalchemy\util\_concurrency_py3k.py", line 196, in greenlet_spawn
    value = await result
            ^^^^^^^^^^^^
  File "D:\ASM1\.venv\Lib\site-packages\aiosqlite\cursor.py", line 48, in execute
    await self._execute(self._cursor.execute, sql, parameters)
  File "D:\ASM1\.venv\Lib\site-packages\aiosqlite\cursor.py", line 40, in _execute
    return await self._conn._execute(fn, *args, **kwargs)
           ^^^^^^^^^^^^^^^^^^^^^^^^^^^^^^^^^^^^^^^^^^^^^^
  File "D:\ASM1\.venv\Lib\site-packages\aiosqlite\core.py", line 132, in _execute
    return await future
           ^^^^^^^^^^^^
  File "D:\ASM1\.venv\Lib\site-packages\aiosqlite\core.py", line 115, in run
    result = function()
             ^^^^^^^^^^
sqlalchemy.exc.OperationalError: (sqlite3.OperationalError) no such column: users.hashed_password
[SQL: SELECT users.id, users.email, users.name, users.role, users.created_at, users.last_login, users.hashed_password 
FROM users 
WHERE users.email = ?]
[parameters: ('khuojuin11@gmail.conm',)]
(Background on this error at: https://sqlalche.me/e/20/e3q8)
2026-03-03 17:08:58,335 - core.database - DEBUG - [DB_OP] Database session cleanup after 0.0174s
2026-03-03 17:08:58,335 - aiosqlite - DEBUG - executing functools.partial(<built-in method rollback of sqlite3.Connection object at 0x000001FD59D757B0>)
2026-03-03 17:08:58,335 - aiosqlite - DEBUG - operation functools.partial(<built-in method rollback of sqlite3.Connection object at 0x000001FD59D757B0>) completed
2026-03-03 17:08:58,335 - aiosqlite - DEBUG - executing functools.partial(<built-in method rollback of sqlite3.Connection object at 0x000001FD59D757B0>)
2026-03-03 17:08:58,335 - aiosqlite - DEBUG - operation functools.partial(<built-in method rollback of sqlite3.Connection object at 0x000001FD59D757B0>) completed
2026-03-03 17:08:58,335 - aiosqlite - DEBUG - executing functools.partial(<built-in method close of sqlite3.Connection object at 0x000001FD59D757B0>)
2026-03-03 17:08:58,335 - aiosqlite - DEBUG - operation functools.partial(<built-in method close of sqlite3.Connection object at 0x000001FD59D757B0>) completed
2026-03-03 17:08:58,335 - core.database - ERROR - Failed to create database session: (sqlite3.OperationalError) no such column: users.hashed_password
[SQL: SELECT users.id, users.email, users.name, users.role, users.created_at, users.last_login, users.hashed_password 
FROM users 
WHERE users.email = ?]
[parameters: ('khuojuin11@gmail.conm',)]
(Background on this error at: https://sqlalche.me/e/20/e3q8)
Traceback (most recent call last):
  File "D:\ASM1\.venv\Lib\site-packages\sqlalchemy\engine\base.py", line 1967, in _exec_single_context
    self.dialect.do_execute(
  File "D:\ASM1\.venv\Lib\site-packages\sqlalchemy\engine\default.py", line 941, in do_execute
    cursor.execute(statement, parameters)
  File "D:\ASM1\.venv\Lib\site-packages\sqlalchemy\dialects\sqlite\aiosqlite.py", line 147, in execute
    self._adapt_connection._handle_exception(error)
  File "D:\ASM1\.venv\Lib\site-packages\sqlalchemy\dialects\sqlite\aiosqlite.py", line 298, in _handle_exception
    raise error
  File "D:\ASM1\.venv\Lib\site-packages\sqlalchemy\dialects\sqlite\aiosqlite.py", line 129, in execute
    self.await_(_cursor.execute(operation, parameters))
  File "D:\ASM1\.venv\Lib\site-packages\sqlalchemy\util\_concurrency_py3k.py", line 132, in await_only
    return current.parent.switch(awaitable)  # type: ignore[no-any-return,attr-defined] # noqa: E501
           ^^^^^^^^^^^^^^^^^^^^^^^^^^^^^^^^
  File "D:\ASM1\.venv\Lib\site-packages\sqlalchemy\util\_concurrency_py3k.py", line 196, in greenlet_spawn
    value = await result
            ^^^^^^^^^^^^
  File "D:\ASM1\.venv\Lib\site-packages\aiosqlite\cursor.py", line 48, in execute
    await self._execute(self._cursor.execute, sql, parameters)
  File "D:\ASM1\.venv\Lib\site-packages\aiosqlite\cursor.py", line 40, in _execute
    return await self._conn._execute(fn, *args, **kwargs)
           ^^^^^^^^^^^^^^^^^^^^^^^^^^^^^^^^^^^^^^^^^^^^^^
  File "D:\ASM1\.venv\Lib\site-packages\aiosqlite\core.py", line 132, in _execute
    return await future
           ^^^^^^^^^^^^
  File "D:\ASM1\.venv\Lib\site-packages\aiosqlite\core.py", line 115, in run
    result = function()
             ^^^^^^^^^^
sqlite3.OperationalError: no such column: users.hashed_password

The above exception was the direct cause of the following exception:

Traceback (most recent call last):
  File "D:\ASM1\backend\core\database.py", line 542, in get_db
    yield session
  File "D:\ASM1\.venv\Lib\site-packages\fastapi\routing.py", line 301, in app
    raw_response = await run_endpoint_function(
                   ^^^^^^^^^^^^^^^^^^^^^^^^^^^^
  File "D:\ASM1\.venv\Lib\site-packages\fastapi\routing.py", line 212, in run_endpoint_function
    return await dependant.call(**values)
           ^^^^^^^^^^^^^^^^^^^^^^^^^^^^^^
  File "D:\ASM1\backend\routers\auth.py", line 349, in login_password
    result = await db.execute(select(User).where(User.email == clean_email))
             ^^^^^^^^^^^^^^^^^^^^^^^^^^^^^^^^^^^^^^^^^^^^^^^^^^^^^^^^^^^^^^^
  File "D:\ASM1\.venv\Lib\site-packages\sqlalchemy\ext\asyncio\session.py", line 461, in execute
    result = await greenlet_spawn(
             ^^^^^^^^^^^^^^^^^^^^^
  File "D:\ASM1\.venv\Lib\site-packages\sqlalchemy\util\_concurrency_py3k.py", line 201, in greenlet_spawn
    result = context.throw(*sys.exc_info())
             ^^^^^^^^^^^^^^^^^^^^^^^^^^^^^^
  File "D:\ASM1\.venv\Lib\site-packages\sqlalchemy\orm\session.py", line 2362, in execute
    return self._execute_internal(
           ^^^^^^^^^^^^^^^^^^^^^^^
  File "D:\ASM1\.venv\Lib\site-packages\sqlalchemy\orm\session.py", line 2247, in _execute_internal
    result: Result[Any] = compile_state_cls.orm_execute_statement(
                          ^^^^^^^^^^^^^^^^^^^^^^^^^^^^^^^^^^^^^^^^
  File "D:\ASM1\.venv\Lib\site-packages\sqlalchemy\orm\context.py", line 305, in orm_execute_statement
    result = conn.execute(
             ^^^^^^^^^^^^^
  File "D:\ASM1\.venv\Lib\site-packages\sqlalchemy\engine\base.py", line 1418, in execute
    return meth(
           ^^^^^
  File "D:\ASM1\.venv\Lib\site-packages\sqlalchemy\sql\elements.py", line 515, in _execute_on_connection
    return connection._execute_clauseelement(
           ^^^^^^^^^^^^^^^^^^^^^^^^^^^^^^^^^^
  File "D:\ASM1\.venv\Lib\site-packages\sqlalchemy\engine\base.py", line 1640, in _execute_clauseelement
    ret = self._execute_context(
          ^^^^^^^^^^^^^^^^^^^^^^
  File "D:\ASM1\.venv\Lib\site-packages\sqlalchemy\engine\base.py", line 1846, in _execute_context
    return self._exec_single_context(
           ^^^^^^^^^^^^^^^^^^^^^^^^^^
  File "D:\ASM1\.venv\Lib\site-packages\sqlalchemy\engine\base.py", line 1986, in _exec_single_context
    self._handle_dbapi_exception(
  File "D:\ASM1\.venv\Lib\site-packages\sqlalchemy\engine\base.py", line 2355, in _handle_dbapi_exception
    raise sqlalchemy_exception.with_traceback(exc_info[2]) from e
  File "D:\ASM1\.venv\Lib\site-packages\sqlalchemy\engine\base.py", line 1967, in _exec_single_context
    self.dialect.do_execute(
  File "D:\ASM1\.venv\Lib\site-packages\sqlalchemy\engine\default.py", line 941, in do_execute
    cursor.execute(statement, parameters)
  File "D:\ASM1\.venv\Lib\site-packages\sqlalchemy\dialects\sqlite\aiosqlite.py", line 147, in execute
    self._adapt_connection._handle_exception(error)
  File "D:\ASM1\.venv\Lib\site-packages\sqlalchemy\dialects\sqlite\aiosqlite.py", line 298, in _handle_exception
    raise error
  File "D:\ASM1\.venv\Lib\site-packages\sqlalchemy\dialects\sqlite\aiosqlite.py", line 129, in execute
    self.await_(_cursor.execute(operation, parameters))
  File "D:\ASM1\.venv\Lib\site-packages\sqlalchemy\util\_concurrency_py3k.py", line 132, in await_only
    return current.parent.switch(awaitable)  # type: ignore[no-any-return,attr-defined] # noqa: E501
           ^^^^^^^^^^^^^^^^^^^^^^^^^^^^^^^^
  File "D:\ASM1\.venv\Lib\site-packages\sqlalchemy\util\_concurrency_py3k.py", line 196, in greenlet_spawn
    value = await result
            ^^^^^^^^^^^^
  File "D:\ASM1\.venv\Lib\site-packages\aiosqlite\cursor.py", line 48, in execute
    await self._execute(self._cursor.execute, sql, parameters)
  File "D:\ASM1\.venv\Lib\site-packages\aiosqlite\cursor.py", line 40, in _execute
    return await self._conn._execute(fn, *args, **kwargs)
           ^^^^^^^^^^^^^^^^^^^^^^^^^^^^^^^^^^^^^^^^^^^^^^
  File "D:\ASM1\.venv\Lib\site-packages\aiosqlite\core.py", line 132, in _execute
    return await future
           ^^^^^^^^^^^^
  File "D:\ASM1\.venv\Lib\site-packages\aiosqlite\core.py", line 115, in run
    result = function()
             ^^^^^^^^^^
sqlalchemy.exc.OperationalError: (sqlite3.OperationalError) no such column: users.hashed_password
[SQL: SELECT users.id, users.email, users.name, users.role, users.created_at, users.last_login, users.hashed_password 
FROM users 
WHERE users.email = ?]
[parameters: ('khuojuin11@gmail.conm',)]
(Background on this error at: https://sqlalche.me/e/20/e3q8)
2026-03-03 17:10:42,870 - core.database - DEBUG - [DB_OP] Starting get_db session creation
2026-03-03 17:10:42,870 - core.database - DEBUG - [DB_OP] Database session created successfully in 0.0000s
2026-03-03 17:10:42,878 - aiosqlite - DEBUG - executing <function connect.<locals>.connector at 0x000001FD59FE2CA0>
2026-03-03 17:10:42,878 - aiosqlite - DEBUG - operation <function connect.<locals>.connector at 0x000001FD59FE2CA0> completed
2026-03-03 17:10:42,878 - aiosqlite - DEBUG - executing functools.partial(<built-in method create_function of sqlite3.Connection object at 0x000001FD59D12E30>, 'regexp', 2, <function SQLiteDialect_pysqlite.on_connect.<locals>.regexp at 0x000001FD59CDBF60>, deterministic=True)
2026-03-03 17:10:42,878 - aiosqlite - DEBUG - operation functools.partial(<built-in method create_function of sqlite3.Connection object at 0x000001FD59D12E30>, 'regexp', 2, <function SQLiteDialect_pysqlite.on_connect.<locals>.regexp at 0x000001FD59CDBF60>, deterministic=True) completed
2026-03-03 17:10:42,878 - aiosqlite - DEBUG - executing functools.partial(<built-in method create_function of sqlite3.Connection object at 0x000001FD59D12E30>, 'floor', 1, <built-in function floor>, deterministic=True)
2026-03-03 17:10:42,878 - aiosqlite - DEBUG - operation functools.partial(<built-in method create_function of sqlite3.Connection object at 0x000001FD59D12E30>, 'floor', 1, <built-in function floor>, deterministic=True) completed
2026-03-03 17:10:42,878 - aiosqlite - DEBUG - executing functools.partial(<built-in method cursor of sqlite3.Connection object at 0x000001FD59D12E30>)
2026-03-03 17:10:42,878 - aiosqlite - DEBUG - operation functools.partial(<built-in method cursor of sqlite3.Connection object at 0x000001FD59D12E30>) completed
2026-03-03 17:10:42,884 - aiosqlite - DEBUG - executing functools.partial(<built-in method execute of sqlite3.Cursor object at 0x000001FD59D6D6C0>, 'SELECT users.id, users.email, users.name, users.role, users.created_at, users.last_login, users.hashed_password \nFROM users \nWHERE users.email = ?', ('khuojuin11@gmail.conm',))
2026-03-03 17:10:42,884 - aiosqlite - DEBUG - returning exception no such column: users.hashed_password
2026-03-03 17:10:42,884 - core.database - ERROR - Database session error: (sqlite3.OperationalError) no such column: users.hashed_password
[SQL: SELECT users.id, users.email, users.name, users.role, users.created_at, users.last_login, users.hashed_password 
FROM users 
WHERE users.email = ?]
[parameters: ('khuojuin11@gmail.conm',)]
(Background on this error at: https://sqlalche.me/e/20/e3q8)
Traceback (most recent call last):
  File "D:\ASM1\.venv\Lib\site-packages\sqlalchemy\engine\base.py", line 1967, in _exec_single_context
    self.dialect.do_execute(
  File "D:\ASM1\.venv\Lib\site-packages\sqlalchemy\engine\default.py", line 941, in do_execute
    cursor.execute(statement, parameters)
  File "D:\ASM1\.venv\Lib\site-packages\sqlalchemy\dialects\sqlite\aiosqlite.py", line 147, in execute
    self._adapt_connection._handle_exception(error)
  File "D:\ASM1\.venv\Lib\site-packages\sqlalchemy\dialects\sqlite\aiosqlite.py", line 298, in _handle_exception
    raise error
  File "D:\ASM1\.venv\Lib\site-packages\sqlalchemy\dialects\sqlite\aiosqlite.py", line 129, in execute
    self.await_(_cursor.execute(operation, parameters))
  File "D:\ASM1\.venv\Lib\site-packages\sqlalchemy\util\_concurrency_py3k.py", line 132, in await_only
    return current.parent.switch(awaitable)  # type: ignore[no-any-return,attr-defined] # noqa: E501
           ^^^^^^^^^^^^^^^^^^^^^^^^^^^^^^^^
  File "D:\ASM1\.venv\Lib\site-packages\sqlalchemy\util\_concurrency_py3k.py", line 196, in greenlet_spawn
    value = await result
            ^^^^^^^^^^^^
  File "D:\ASM1\.venv\Lib\site-packages\aiosqlite\cursor.py", line 48, in execute
    await self._execute(self._cursor.execute, sql, parameters)
  File "D:\ASM1\.venv\Lib\site-packages\aiosqlite\cursor.py", line 40, in _execute
    return await self._conn._execute(fn, *args, **kwargs)
           ^^^^^^^^^^^^^^^^^^^^^^^^^^^^^^^^^^^^^^^^^^^^^^
  File "D:\ASM1\.venv\Lib\site-packages\aiosqlite\core.py", line 132, in _execute
    return await future
           ^^^^^^^^^^^^
  File "D:\ASM1\.venv\Lib\site-packages\aiosqlite\core.py", line 115, in run
    result = function()
             ^^^^^^^^^^
sqlite3.OperationalError: no such column: users.hashed_password

The above exception was the direct cause of the following exception:

Traceback (most recent call last):
  File "D:\ASM1\backend\core\database.py", line 542, in get_db
    yield session
  File "D:\ASM1\.venv\Lib\site-packages\fastapi\routing.py", line 301, in app
    raw_response = await run_endpoint_function(
                   ^^^^^^^^^^^^^^^^^^^^^^^^^^^^
  File "D:\ASM1\.venv\Lib\site-packages\fastapi\routing.py", line 212, in run_endpoint_function
    return await dependant.call(**values)
           ^^^^^^^^^^^^^^^^^^^^^^^^^^^^^^
  File "D:\ASM1\backend\routers\auth.py", line 349, in login_password
    result = await db.execute(select(User).where(User.email == clean_email))
             ^^^^^^^^^^^^^^^^^^^^^^^^^^^^^^^^^^^^^^^^^^^^^^^^^^^^^^^^^^^^^^^
  File "D:\ASM1\.venv\Lib\site-packages\sqlalchemy\ext\asyncio\session.py", line 461, in execute
    result = await greenlet_spawn(
             ^^^^^^^^^^^^^^^^^^^^^
  File "D:\ASM1\.venv\Lib\site-packages\sqlalchemy\util\_concurrency_py3k.py", line 201, in greenlet_spawn
    result = context.throw(*sys.exc_info())
             ^^^^^^^^^^^^^^^^^^^^^^^^^^^^^^
  File "D:\ASM1\.venv\Lib\site-packages\sqlalchemy\orm\session.py", line 2362, in execute
    return self._execute_internal(
           ^^^^^^^^^^^^^^^^^^^^^^^
  File "D:\ASM1\.venv\Lib\site-packages\sqlalchemy\orm\session.py", line 2247, in _execute_internal
    result: Result[Any] = compile_state_cls.orm_execute_statement(
                          ^^^^^^^^^^^^^^^^^^^^^^^^^^^^^^^^^^^^^^^^
  File "D:\ASM1\.venv\Lib\site-packages\sqlalchemy\orm\context.py", line 305, in orm_execute_statement
    result = conn.execute(
             ^^^^^^^^^^^^^
  File "D:\ASM1\.venv\Lib\site-packages\sqlalchemy\engine\base.py", line 1418, in execute
    return meth(
           ^^^^^
  File "D:\ASM1\.venv\Lib\site-packages\sqlalchemy\sql\elements.py", line 515, in _execute_on_connection
    return connection._execute_clauseelement(
           ^^^^^^^^^^^^^^^^^^^^^^^^^^^^^^^^^^
  File "D:\ASM1\.venv\Lib\site-packages\sqlalchemy\engine\base.py", line 1640, in _execute_clauseelement
    ret = self._execute_context(
          ^^^^^^^^^^^^^^^^^^^^^^
  File "D:\ASM1\.venv\Lib\site-packages\sqlalchemy\engine\base.py", line 1846, in _execute_context
    return self._exec_single_context(
           ^^^^^^^^^^^^^^^^^^^^^^^^^^
  File "D:\ASM1\.venv\Lib\site-packages\sqlalchemy\engine\base.py", line 1986, in _exec_single_context
    self._handle_dbapi_exception(
  File "D:\ASM1\.venv\Lib\site-packages\sqlalchemy\engine\base.py", line 2355, in _handle_dbapi_exception
    raise sqlalchemy_exception.with_traceback(exc_info[2]) from e
  File "D:\ASM1\.venv\Lib\site-packages\sqlalchemy\engine\base.py", line 1967, in _exec_single_context
    self.dialect.do_execute(
  File "D:\ASM1\.venv\Lib\site-packages\sqlalchemy\engine\default.py", line 941, in do_execute
    cursor.execute(statement, parameters)
  File "D:\ASM1\.venv\Lib\site-packages\sqlalchemy\dialects\sqlite\aiosqlite.py", line 147, in execute
    self._adapt_connection._handle_exception(error)
  File "D:\ASM1\.venv\Lib\site-packages\sqlalchemy\dialects\sqlite\aiosqlite.py", line 298, in _handle_exception
    raise error
  File "D:\ASM1\.venv\Lib\site-packages\sqlalchemy\dialects\sqlite\aiosqlite.py", line 129, in execute
    self.await_(_cursor.execute(operation, parameters))
  File "D:\ASM1\.venv\Lib\site-packages\sqlalchemy\util\_concurrency_py3k.py", line 132, in await_only
    return current.parent.switch(awaitable)  # type: ignore[no-any-return,attr-defined] # noqa: E501
           ^^^^^^^^^^^^^^^^^^^^^^^^^^^^^^^^
  File "D:\ASM1\.venv\Lib\site-packages\sqlalchemy\util\_concurrency_py3k.py", line 196, in greenlet_spawn
    value = await result
            ^^^^^^^^^^^^
  File "D:\ASM1\.venv\Lib\site-packages\aiosqlite\cursor.py", line 48, in execute
    await self._execute(self._cursor.execute, sql, parameters)
  File "D:\ASM1\.venv\Lib\site-packages\aiosqlite\cursor.py", line 40, in _execute
    return await self._conn._execute(fn, *args, **kwargs)
           ^^^^^^^^^^^^^^^^^^^^^^^^^^^^^^^^^^^^^^^^^^^^^^
  File "D:\ASM1\.venv\Lib\site-packages\aiosqlite\core.py", line 132, in _execute
    return await future
           ^^^^^^^^^^^^
  File "D:\ASM1\.venv\Lib\site-packages\aiosqlite\core.py", line 115, in run
    result = function()
             ^^^^^^^^^^
sqlalchemy.exc.OperationalError: (sqlite3.OperationalError) no such column: users.hashed_password
[SQL: SELECT users.id, users.email, users.name, users.role, users.created_at, users.last_login, users.hashed_password 
FROM users 
WHERE users.email = ?]
[parameters: ('khuojuin11@gmail.conm',)]
(Background on this error at: https://sqlalche.me/e/20/e3q8)
2026-03-03 17:10:42,893 - core.database - DEBUG - [DB_OP] Database session cleanup after 0.0233s
2026-03-03 17:10:42,893 - aiosqlite - DEBUG - executing functools.partial(<built-in method rollback of sqlite3.Connection object at 0x000001FD59D12E30>)
2026-03-03 17:10:42,893 - aiosqlite - DEBUG - operation functools.partial(<built-in method rollback of sqlite3.Connection object at 0x000001FD59D12E30>) completed
2026-03-03 17:10:42,893 - aiosqlite - DEBUG - executing functools.partial(<built-in method rollback of sqlite3.Connection object at 0x000001FD59D12E30>)
2026-03-03 17:10:42,893 - aiosqlite - DEBUG - operation functools.partial(<built-in method rollback of sqlite3.Connection object at 0x000001FD59D12E30>) completed
2026-03-03 17:10:42,893 - aiosqlite - DEBUG - executing functools.partial(<built-in method close of sqlite3.Connection object at 0x000001FD59D12E30>)
2026-03-03 17:10:42,893 - aiosqlite - DEBUG - operation functools.partial(<built-in method close of sqlite3.Connection object at 0x000001FD59D12E30>) completed
2026-03-03 17:10:42,893 - core.database - ERROR - Failed to create database session: (sqlite3.OperationalError) no such column: users.hashed_password
[SQL: SELECT users.id, users.email, users.name, users.role, users.created_at, users.last_login, users.hashed_password 
FROM users 
WHERE users.email = ?]
[parameters: ('khuojuin11@gmail.conm',)]
(Background on this error at: https://sqlalche.me/e/20/e3q8)
Traceback (most recent call last):
  File "D:\ASM1\.venv\Lib\site-packages\sqlalchemy\engine\base.py", line 1967, in _exec_single_context
    self.dialect.do_execute(
  File "D:\ASM1\.venv\Lib\site-packages\sqlalchemy\engine\default.py", line 941, in do_execute
    cursor.execute(statement, parameters)
  File "D:\ASM1\.venv\Lib\site-packages\sqlalchemy\dialects\sqlite\aiosqlite.py", line 147, in execute
    self._adapt_connection._handle_exception(error)
  File "D:\ASM1\.venv\Lib\site-packages\sqlalchemy\dialects\sqlite\aiosqlite.py", line 298, in _handle_exception
    raise error
  File "D:\ASM1\.venv\Lib\site-packages\sqlalchemy\dialects\sqlite\aiosqlite.py", line 129, in execute
    self.await_(_cursor.execute(operation, parameters))
  File "D:\ASM1\.venv\Lib\site-packages\sqlalchemy\util\_concurrency_py3k.py", line 132, in await_only
    return current.parent.switch(awaitable)  # type: ignore[no-any-return,attr-defined] # noqa: E501
           ^^^^^^^^^^^^^^^^^^^^^^^^^^^^^^^^
  File "D:\ASM1\.venv\Lib\site-packages\sqlalchemy\util\_concurrency_py3k.py", line 196, in greenlet_spawn
    value = await result
            ^^^^^^^^^^^^
  File "D:\ASM1\.venv\Lib\site-packages\aiosqlite\cursor.py", line 48, in execute
    await self._execute(self._cursor.execute, sql, parameters)
  File "D:\ASM1\.venv\Lib\site-packages\aiosqlite\cursor.py", line 40, in _execute
    return await self._conn._execute(fn, *args, **kwargs)
           ^^^^^^^^^^^^^^^^^^^^^^^^^^^^^^^^^^^^^^^^^^^^^^
  File "D:\ASM1\.venv\Lib\site-packages\aiosqlite\core.py", line 132, in _execute
    return await future
           ^^^^^^^^^^^^
  File "D:\ASM1\.venv\Lib\site-packages\aiosqlite\core.py", line 115, in run
    result = function()
             ^^^^^^^^^^
sqlite3.OperationalError: no such column: users.hashed_password

The above exception was the direct cause of the following exception:

Traceback (most recent call last):
  File "D:\ASM1\backend\core\database.py", line 542, in get_db
    yield session
  File "D:\ASM1\.venv\Lib\site-packages\fastapi\routing.py", line 301, in app
    raw_response = await run_endpoint_function(
                   ^^^^^^^^^^^^^^^^^^^^^^^^^^^^
  File "D:\ASM1\.venv\Lib\site-packages\fastapi\routing.py", line 212, in run_endpoint_function
    return await dependant.call(**values)
           ^^^^^^^^^^^^^^^^^^^^^^^^^^^^^^
  File "D:\ASM1\backend\routers\auth.py", line 349, in login_password
    result = await db.execute(select(User).where(User.email == clean_email))
             ^^^^^^^^^^^^^^^^^^^^^^^^^^^^^^^^^^^^^^^^^^^^^^^^^^^^^^^^^^^^^^^
  File "D:\ASM1\.venv\Lib\site-packages\sqlalchemy\ext\asyncio\session.py", line 461, in execute
    result = await greenlet_spawn(
             ^^^^^^^^^^^^^^^^^^^^^
  File "D:\ASM1\.venv\Lib\site-packages\sqlalchemy\util\_concurrency_py3k.py", line 201, in greenlet_spawn
    result = context.throw(*sys.exc_info())
             ^^^^^^^^^^^^^^^^^^^^^^^^^^^^^^
  File "D:\ASM1\.venv\Lib\site-packages\sqlalchemy\orm\session.py", line 2362, in execute
    return self._execute_internal(
           ^^^^^^^^^^^^^^^^^^^^^^^
  File "D:\ASM1\.venv\Lib\site-packages\sqlalchemy\orm\session.py", line 2247, in _execute_internal
    result: Result[Any] = compile_state_cls.orm_execute_statement(
                          ^^^^^^^^^^^^^^^^^^^^^^^^^^^^^^^^^^^^^^^^
  File "D:\ASM1\.venv\Lib\site-packages\sqlalchemy\orm\context.py", line 305, in orm_execute_statement
    result = conn.execute(
             ^^^^^^^^^^^^^
  File "D:\ASM1\.venv\Lib\site-packages\sqlalchemy\engine\base.py", line 1418, in execute
    return meth(
           ^^^^^
  File "D:\ASM1\.venv\Lib\site-packages\sqlalchemy\sql\elements.py", line 515, in _execute_on_connection
    return connection._execute_clauseelement(
           ^^^^^^^^^^^^^^^^^^^^^^^^^^^^^^^^^^
  File "D:\ASM1\.venv\Lib\site-packages\sqlalchemy\engine\base.py", line 1640, in _execute_clauseelement
    ret = self._execute_context(
          ^^^^^^^^^^^^^^^^^^^^^^
  File "D:\ASM1\.venv\Lib\site-packages\sqlalchemy\engine\base.py", line 1846, in _execute_context
    return self._exec_single_context(
           ^^^^^^^^^^^^^^^^^^^^^^^^^^
  File "D:\ASM1\.venv\Lib\site-packages\sqlalchemy\engine\base.py", line 1986, in _exec_single_context
    self._handle_dbapi_exception(
  File "D:\ASM1\.venv\Lib\site-packages\sqlalchemy\engine\base.py", line 2355, in _handle_dbapi_exception
    raise sqlalchemy_exception.with_traceback(exc_info[2]) from e
  File "D:\ASM1\.venv\Lib\site-packages\sqlalchemy\engine\base.py", line 1967, in _exec_single_context
    self.dialect.do_execute(
  File "D:\ASM1\.venv\Lib\site-packages\sqlalchemy\engine\default.py", line 941, in do_execute
    cursor.execute(statement, parameters)
  File "D:\ASM1\.venv\Lib\site-packages\sqlalchemy\dialects\sqlite\aiosqlite.py", line 147, in execute
    self._adapt_connection._handle_exception(error)
  File "D:\ASM1\.venv\Lib\site-packages\sqlalchemy\dialects\sqlite\aiosqlite.py", line 298, in _handle_exception
    raise error
  File "D:\ASM1\.venv\Lib\site-packages\sqlalchemy\dialects\sqlite\aiosqlite.py", line 129, in execute
    self.await_(_cursor.execute(operation, parameters))
  File "D:\ASM1\.venv\Lib\site-packages\sqlalchemy\util\_concurrency_py3k.py", line 132, in await_only
    return current.parent.switch(awaitable)  # type: ignore[no-any-return,attr-defined] # noqa: E501
           ^^^^^^^^^^^^^^^^^^^^^^^^^^^^^^^^
  File "D:\ASM1\.venv\Lib\site-packages\sqlalchemy\util\_concurrency_py3k.py", line 196, in greenlet_spawn
    value = await result
            ^^^^^^^^^^^^
  File "D:\ASM1\.venv\Lib\site-packages\aiosqlite\cursor.py", line 48, in execute
    await self._execute(self._cursor.execute, sql, parameters)
  File "D:\ASM1\.venv\Lib\site-packages\aiosqlite\cursor.py", line 40, in _execute
    return await self._conn._execute(fn, *args, **kwargs)
           ^^^^^^^^^^^^^^^^^^^^^^^^^^^^^^^^^^^^^^^^^^^^^^
  File "D:\ASM1\.venv\Lib\site-packages\aiosqlite\core.py", line 132, in _execute
    return await future
           ^^^^^^^^^^^^
  File "D:\ASM1\.venv\Lib\site-packages\aiosqlite\core.py", line 115, in run
    result = function()
             ^^^^^^^^^^
sqlalchemy.exc.OperationalError: (sqlite3.OperationalError) no such column: users.hashed_password
[SQL: SELECT users.id, users.email, users.name, users.role, users.created_at, users.last_login, users.hashed_password 
FROM users 
WHERE users.email = ?]
[parameters: ('khuojuin11@gmail.conm',)]
(Background on this error at: https://sqlalche.me/e/20/e3q8)
2026-03-03 17:10:43,684 - core.database - DEBUG - [DB_OP] Starting get_db session creation
2026-03-03 17:10:43,684 - core.database - DEBUG - [DB_OP] Database session created successfully in 0.0000s
2026-03-03 17:10:43,686 - aiosqlite - DEBUG - executing <function connect.<locals>.connector at 0x000001FD59FE3060>
2026-03-03 17:10:43,687 - aiosqlite - DEBUG - operation <function connect.<locals>.connector at 0x000001FD59FE3060> completed
2026-03-03 17:10:43,687 - aiosqlite - DEBUG - executing functools.partial(<built-in method create_function of sqlite3.Connection object at 0x000001FD59D758A0>, 'regexp', 2, <function SQLiteDialect_pysqlite.on_connect.<locals>.regexp at 0x000001FD59CDBF60>, deterministic=True)
2026-03-03 17:10:43,688 - aiosqlite - DEBUG - operation functools.partial(<built-in method create_function of sqlite3.Connection object at 0x000001FD59D758A0>, 'regexp', 2, <function SQLiteDialect_pysqlite.on_connect.<locals>.regexp at 0x000001FD59CDBF60>, deterministic=True) completed
2026-03-03 17:10:43,688 - aiosqlite - DEBUG - executing functools.partial(<built-in method create_function of sqlite3.Connection object at 0x000001FD59D758A0>, 'floor', 1, <built-in function floor>, deterministic=True)
2026-03-03 17:10:43,688 - aiosqlite - DEBUG - operation functools.partial(<built-in method create_function of sqlite3.Connection object at 0x000001FD59D758A0>, 'floor', 1, <built-in function floor>, deterministic=True) completed
2026-03-03 17:10:43,688 - aiosqlite - DEBUG - executing functools.partial(<built-in method cursor of sqlite3.Connection object at 0x000001FD59D758A0>)
2026-03-03 17:10:43,688 - aiosqlite - DEBUG - operation functools.partial(<built-in method cursor of sqlite3.Connection object at 0x000001FD59D758A0>) completed
2026-03-03 17:10:43,688 - aiosqlite - DEBUG - executing functools.partial(<built-in method execute of sqlite3.Cursor object at 0x000001FD5A0133C0>, 'SELECT users.id, users.email, users.name, users.role, users.created_at, users.last_login, users.hashed_password \nFROM users \nWHERE users.email = ?', ('khuojuin11@gmail.conm',))
2026-03-03 17:10:43,688 - aiosqlite - DEBUG - returning exception no such column: users.hashed_password
2026-03-03 17:10:43,688 - core.database - ERROR - Database session error: (sqlite3.OperationalError) no such column: users.hashed_password
[SQL: SELECT users.id, users.email, users.name, users.role, users.created_at, users.last_login, users.hashed_password 
FROM users 
WHERE users.email = ?]
[parameters: ('khuojuin11@gmail.conm',)]
(Background on this error at: https://sqlalche.me/e/20/e3q8)
Traceback (most recent call last):
  File "D:\ASM1\.venv\Lib\site-packages\sqlalchemy\engine\base.py", line 1967, in _exec_single_context
    self.dialect.do_execute(
  File "D:\ASM1\.venv\Lib\site-packages\sqlalchemy\engine\default.py", line 941, in do_execute
    cursor.execute(statement, parameters)
  File "D:\ASM1\.venv\Lib\site-packages\sqlalchemy\dialects\sqlite\aiosqlite.py", line 147, in execute
    self._adapt_connection._handle_exception(error)
  File "D:\ASM1\.venv\Lib\site-packages\sqlalchemy\dialects\sqlite\aiosqlite.py", line 298, in _handle_exception
    raise error
  File "D:\ASM1\.venv\Lib\site-packages\sqlalchemy\dialects\sqlite\aiosqlite.py", line 129, in execute
    self.await_(_cursor.execute(operation, parameters))
  File "D:\ASM1\.venv\Lib\site-packages\sqlalchemy\util\_concurrency_py3k.py", line 132, in await_only
    return current.parent.switch(awaitable)  # type: ignore[no-any-return,attr-defined] # noqa: E501
           ^^^^^^^^^^^^^^^^^^^^^^^^^^^^^^^^
  File "D:\ASM1\.venv\Lib\site-packages\sqlalchemy\util\_concurrency_py3k.py", line 196, in greenlet_spawn
    value = await result
            ^^^^^^^^^^^^
  File "D:\ASM1\.venv\Lib\site-packages\aiosqlite\cursor.py", line 48, in execute
    await self._execute(self._cursor.execute, sql, parameters)
  File "D:\ASM1\.venv\Lib\site-packages\aiosqlite\cursor.py", line 40, in _execute
    return await self._conn._execute(fn, *args, **kwargs)
           ^^^^^^^^^^^^^^^^^^^^^^^^^^^^^^^^^^^^^^^^^^^^^^
  File "D:\ASM1\.venv\Lib\site-packages\aiosqlite\core.py", line 132, in _execute
    return await future
           ^^^^^^^^^^^^
  File "D:\ASM1\.venv\Lib\site-packages\aiosqlite\core.py", line 115, in run
    result = function()
             ^^^^^^^^^^
sqlite3.OperationalError: no such column: users.hashed_password

The above exception was the direct cause of the following exception:

Traceback (most recent call last):
  File "D:\ASM1\backend\core\database.py", line 542, in get_db
    yield session
  File "D:\ASM1\.venv\Lib\site-packages\fastapi\routing.py", line 301, in app
    raw_response = await run_endpoint_function(
                   ^^^^^^^^^^^^^^^^^^^^^^^^^^^^
  File "D:\ASM1\.venv\Lib\site-packages\fastapi\routing.py", line 212, in run_endpoint_function
    return await dependant.call(**values)
           ^^^^^^^^^^^^^^^^^^^^^^^^^^^^^^
  File "D:\ASM1\backend\routers\auth.py", line 349, in login_password
    result = await db.execute(select(User).where(User.email == clean_email))
             ^^^^^^^^^^^^^^^^^^^^^^^^^^^^^^^^^^^^^^^^^^^^^^^^^^^^^^^^^^^^^^^
  File "D:\ASM1\.venv\Lib\site-packages\sqlalchemy\ext\asyncio\session.py", line 461, in execute
    result = await greenlet_spawn(
             ^^^^^^^^^^^^^^^^^^^^^
  File "D:\ASM1\.venv\Lib\site-packages\sqlalchemy\util\_concurrency_py3k.py", line 201, in greenlet_spawn
    result = context.throw(*sys.exc_info())
             ^^^^^^^^^^^^^^^^^^^^^^^^^^^^^^
  File "D:\ASM1\.venv\Lib\site-packages\sqlalchemy\orm\session.py", line 2362, in execute
    return self._execute_internal(
           ^^^^^^^^^^^^^^^^^^^^^^^
  File "D:\ASM1\.venv\Lib\site-packages\sqlalchemy\orm\session.py", line 2247, in _execute_internal
    result: Result[Any] = compile_state_cls.orm_execute_statement(
                          ^^^^^^^^^^^^^^^^^^^^^^^^^^^^^^^^^^^^^^^^
  File "D:\ASM1\.venv\Lib\site-packages\sqlalchemy\orm\context.py", line 305, in orm_execute_statement
    result = conn.execute(
             ^^^^^^^^^^^^^
  File "D:\ASM1\.venv\Lib\site-packages\sqlalchemy\engine\base.py", line 1418, in execute
    return meth(
           ^^^^^
  File "D:\ASM1\.venv\Lib\site-packages\sqlalchemy\sql\elements.py", line 515, in _execute_on_connection
    return connection._execute_clauseelement(
           ^^^^^^^^^^^^^^^^^^^^^^^^^^^^^^^^^^
  File "D:\ASM1\.venv\Lib\site-packages\sqlalchemy\engine\base.py", line 1640, in _execute_clauseelement
    ret = self._execute_context(
          ^^^^^^^^^^^^^^^^^^^^^^
  File "D:\ASM1\.venv\Lib\site-packages\sqlalchemy\engine\base.py", line 1846, in _execute_context
    return self._exec_single_context(
           ^^^^^^^^^^^^^^^^^^^^^^^^^^
  File "D:\ASM1\.venv\Lib\site-packages\sqlalchemy\engine\base.py", line 1986, in _exec_single_context
    self._handle_dbapi_exception(
  File "D:\ASM1\.venv\Lib\site-packages\sqlalchemy\engine\base.py", line 2355, in _handle_dbapi_exception
    raise sqlalchemy_exception.with_traceback(exc_info[2]) from e
  File "D:\ASM1\.venv\Lib\site-packages\sqlalchemy\engine\base.py", line 1967, in _exec_single_context
    self.dialect.do_execute(
  File "D:\ASM1\.venv\Lib\site-packages\sqlalchemy\engine\default.py", line 941, in do_execute
    cursor.execute(statement, parameters)
  File "D:\ASM1\.venv\Lib\site-packages\sqlalchemy\dialects\sqlite\aiosqlite.py", line 147, in execute
    self._adapt_connection._handle_exception(error)
  File "D:\ASM1\.venv\Lib\site-packages\sqlalchemy\dialects\sqlite\aiosqlite.py", line 298, in _handle_exception
    raise error
  File "D:\ASM1\.venv\Lib\site-packages\sqlalchemy\dialects\sqlite\aiosqlite.py", line 129, in execute
    self.await_(_cursor.execute(operation, parameters))
  File "D:\ASM1\.venv\Lib\site-packages\sqlalchemy\util\_concurrency_py3k.py", line 132, in await_only
    return current.parent.switch(awaitable)  # type: ignore[no-any-return,attr-defined] # noqa: E501
           ^^^^^^^^^^^^^^^^^^^^^^^^^^^^^^^^
  File "D:\ASM1\.venv\Lib\site-packages\sqlalchemy\util\_concurrency_py3k.py", line 196, in greenlet_spawn
    value = await result
            ^^^^^^^^^^^^
  File "D:\ASM1\.venv\Lib\site-packages\aiosqlite\cursor.py", line 48, in execute
    await self._execute(self._cursor.execute, sql, parameters)
  File "D:\ASM1\.venv\Lib\site-packages\aiosqlite\cursor.py", line 40, in _execute
    return await self._conn._execute(fn, *args, **kwargs)
           ^^^^^^^^^^^^^^^^^^^^^^^^^^^^^^^^^^^^^^^^^^^^^^
  File "D:\ASM1\.venv\Lib\site-packages\aiosqlite\core.py", line 132, in _execute
    return await future
           ^^^^^^^^^^^^
  File "D:\ASM1\.venv\Lib\site-packages\aiosqlite\core.py", line 115, in run
    result = function()
             ^^^^^^^^^^
sqlalchemy.exc.OperationalError: (sqlite3.OperationalError) no such column: users.hashed_password
[SQL: SELECT users.id, users.email, users.name, users.role, users.created_at, users.last_login, users.hashed_password 
FROM users 
WHERE users.email = ?]
[parameters: ('khuojuin11@gmail.conm',)]
(Background on this error at: https://sqlalche.me/e/20/e3q8)
2026-03-03 17:10:43,704 - core.database - DEBUG - [DB_OP] Database session cleanup after 0.0204s
2026-03-03 17:10:43,704 - aiosqlite - DEBUG - executing functools.partial(<built-in method rollback of sqlite3.Connection object at 0x000001FD59D758A0>)
2026-03-03 17:10:43,704 - aiosqlite - DEBUG - operation functools.partial(<built-in method rollback of sqlite3.Connection object at 0x000001FD59D758A0>) completed
2026-03-03 17:10:43,704 - aiosqlite - DEBUG - executing functools.partial(<built-in method rollback of sqlite3.Connection object at 0x000001FD59D758A0>)
2026-03-03 17:10:43,704 - aiosqlite - DEBUG - operation functools.partial(<built-in method rollback of sqlite3.Connection object at 0x000001FD59D758A0>) completed
2026-03-03 17:10:43,704 - aiosqlite - DEBUG - executing functools.partial(<built-in method close of sqlite3.Connection object at 0x000001FD59D758A0>)
2026-03-03 17:10:43,704 - aiosqlite - DEBUG - operation functools.partial(<built-in method close of sqlite3.Connection object at 0x000001FD59D758A0>) completed
2026-03-03 17:10:43,704 - core.database - ERROR - Failed to create database session: (sqlite3.OperationalError) no such column: users.hashed_password
[SQL: SELECT users.id, users.email, users.name, users.role, users.created_at, users.last_login, users.hashed_password 
FROM users 
WHERE users.email = ?]
[parameters: ('khuojuin11@gmail.conm',)]
(Background on this error at: https://sqlalche.me/e/20/e3q8)
Traceback (most recent call last):
  File "D:\ASM1\.venv\Lib\site-packages\sqlalchemy\engine\base.py", line 1967, in _exec_single_context
    self.dialect.do_execute(
  File "D:\ASM1\.venv\Lib\site-packages\sqlalchemy\engine\default.py", line 941, in do_execute
    cursor.execute(statement, parameters)
  File "D:\ASM1\.venv\Lib\site-packages\sqlalchemy\dialects\sqlite\aiosqlite.py", line 147, in execute
    self._adapt_connection._handle_exception(error)
  File "D:\ASM1\.venv\Lib\site-packages\sqlalchemy\dialects\sqlite\aiosqlite.py", line 298, in _handle_exception
    raise error
  File "D:\ASM1\.venv\Lib\site-packages\sqlalchemy\dialects\sqlite\aiosqlite.py", line 129, in execute
    self.await_(_cursor.execute(operation, parameters))
  File "D:\ASM1\.venv\Lib\site-packages\sqlalchemy\util\_concurrency_py3k.py", line 132, in await_only
    return current.parent.switch(awaitable)  # type: ignore[no-any-return,attr-defined] # noqa: E501
           ^^^^^^^^^^^^^^^^^^^^^^^^^^^^^^^^
  File "D:\ASM1\.venv\Lib\site-packages\sqlalchemy\util\_concurrency_py3k.py", line 196, in greenlet_spawn
    value = await result
            ^^^^^^^^^^^^
  File "D:\ASM1\.venv\Lib\site-packages\aiosqlite\cursor.py", line 48, in execute
    await self._execute(self._cursor.execute, sql, parameters)
  File "D:\ASM1\.venv\Lib\site-packages\aiosqlite\cursor.py", line 40, in _execute
    return await self._conn._execute(fn, *args, **kwargs)
           ^^^^^^^^^^^^^^^^^^^^^^^^^^^^^^^^^^^^^^^^^^^^^^
  File "D:\ASM1\.venv\Lib\site-packages\aiosqlite\core.py", line 132, in _execute
    return await future
           ^^^^^^^^^^^^
  File "D:\ASM1\.venv\Lib\site-packages\aiosqlite\core.py", line 115, in run
    result = function()
             ^^^^^^^^^^
sqlite3.OperationalError: no such column: users.hashed_password

The above exception was the direct cause of the following exception:

Traceback (most recent call last):
  File "D:\ASM1\backend\core\database.py", line 542, in get_db
    yield session
  File "D:\ASM1\.venv\Lib\site-packages\fastapi\routing.py", line 301, in app
    raw_response = await run_endpoint_function(
                   ^^^^^^^^^^^^^^^^^^^^^^^^^^^^
  File "D:\ASM1\.venv\Lib\site-packages\fastapi\routing.py", line 212, in run_endpoint_function
    return await dependant.call(**values)
           ^^^^^^^^^^^^^^^^^^^^^^^^^^^^^^
  File "D:\ASM1\backend\routers\auth.py", line 349, in login_password
    result = await db.execute(select(User).where(User.email == clean_email))
             ^^^^^^^^^^^^^^^^^^^^^^^^^^^^^^^^^^^^^^^^^^^^^^^^^^^^^^^^^^^^^^^
  File "D:\ASM1\.venv\Lib\site-packages\sqlalchemy\ext\asyncio\session.py", line 461, in execute
    result = await greenlet_spawn(
             ^^^^^^^^^^^^^^^^^^^^^
  File "D:\ASM1\.venv\Lib\site-packages\sqlalchemy\util\_concurrency_py3k.py", line 201, in greenlet_spawn
    result = context.throw(*sys.exc_info())
             ^^^^^^^^^^^^^^^^^^^^^^^^^^^^^^
  File "D:\ASM1\.venv\Lib\site-packages\sqlalchemy\orm\session.py", line 2362, in execute
    return self._execute_internal(
           ^^^^^^^^^^^^^^^^^^^^^^^
  File "D:\ASM1\.venv\Lib\site-packages\sqlalchemy\orm\session.py", line 2247, in _execute_internal
    result: Result[Any] = compile_state_cls.orm_execute_statement(
                          ^^^^^^^^^^^^^^^^^^^^^^^^^^^^^^^^^^^^^^^^
  File "D:\ASM1\.venv\Lib\site-packages\sqlalchemy\orm\context.py", line 305, in orm_execute_statement
    result = conn.execute(
             ^^^^^^^^^^^^^
  File "D:\ASM1\.venv\Lib\site-packages\sqlalchemy\engine\base.py", line 1418, in execute
    return meth(
           ^^^^^
  File "D:\ASM1\.venv\Lib\site-packages\sqlalchemy\sql\elements.py", line 515, in _execute_on_connection
    return connection._execute_clauseelement(
           ^^^^^^^^^^^^^^^^^^^^^^^^^^^^^^^^^^
  File "D:\ASM1\.venv\Lib\site-packages\sqlalchemy\engine\base.py", line 1640, in _execute_clauseelement
    ret = self._execute_context(
          ^^^^^^^^^^^^^^^^^^^^^^
  File "D:\ASM1\.venv\Lib\site-packages\sqlalchemy\engine\base.py", line 1846, in _execute_context
    return self._exec_single_context(
           ^^^^^^^^^^^^^^^^^^^^^^^^^^
  File "D:\ASM1\.venv\Lib\site-packages\sqlalchemy\engine\base.py", line 1986, in _exec_single_context
    self._handle_dbapi_exception(
  File "D:\ASM1\.venv\Lib\site-packages\sqlalchemy\engine\base.py", line 2355, in _handle_dbapi_exception
    raise sqlalchemy_exception.with_traceback(exc_info[2]) from e
  File "D:\ASM1\.venv\Lib\site-packages\sqlalchemy\engine\base.py", line 1967, in _exec_single_context
    self.dialect.do_execute(
  File "D:\ASM1\.venv\Lib\site-packages\sqlalchemy\engine\default.py", line 941, in do_execute
    cursor.execute(statement, parameters)
  File "D:\ASM1\.venv\Lib\site-packages\sqlalchemy\dialects\sqlite\aiosqlite.py", line 147, in execute
    self._adapt_connection._handle_exception(error)
  File "D:\ASM1\.venv\Lib\site-packages\sqlalchemy\dialects\sqlite\aiosqlite.py", line 298, in _handle_exception
    raise error
  File "D:\ASM1\.venv\Lib\site-packages\sqlalchemy\dialects\sqlite\aiosqlite.py", line 129, in execute
    self.await_(_cursor.execute(operation, parameters))
  File "D:\ASM1\.venv\Lib\site-packages\sqlalchemy\util\_concurrency_py3k.py", line 132, in await_only
    return current.parent.switch(awaitable)  # type: ignore[no-any-return,attr-defined] # noqa: E501
           ^^^^^^^^^^^^^^^^^^^^^^^^^^^^^^^^
  File "D:\ASM1\.venv\Lib\site-packages\sqlalchemy\util\_concurrency_py3k.py", line 196, in greenlet_spawn
    value = await result
            ^^^^^^^^^^^^
  File "D:\ASM1\.venv\Lib\site-packages\aiosqlite\cursor.py", line 48, in execute
    await self._execute(self._cursor.execute, sql, parameters)
  File "D:\ASM1\.venv\Lib\site-packages\aiosqlite\cursor.py", line 40, in _execute
    return await self._conn._execute(fn, *args, **kwargs)
           ^^^^^^^^^^^^^^^^^^^^^^^^^^^^^^^^^^^^^^^^^^^^^^
  File "D:\ASM1\.venv\Lib\site-packages\aiosqlite\core.py", line 132, in _execute
    return await future
           ^^^^^^^^^^^^
  File "D:\ASM1\.venv\Lib\site-packages\aiosqlite\core.py", line 115, in run
    result = function()
             ^^^^^^^^^^
sqlalchemy.exc.OperationalError: (sqlite3.OperationalError) no such column: users.hashed_password
[SQL: SELECT users.id, users.email, users.name, users.role, users.created_at, users.last_login, users.hashed_password 
FROM users 
WHERE users.email = ?]
[parameters: ('khuojuin11@gmail.conm',)]
(Background on this error at: https://sqlalche.me/e/20/e3q8)
2026-03-03 17:10:43,844 - core.database - DEBUG - [DB_OP] Starting get_db session creation
2026-03-03 17:10:43,845 - core.database - DEBUG - [DB_OP] Database session created successfully in 0.0006s
2026-03-03 17:10:43,846 - aiosqlite - DEBUG - executing <function connect.<locals>.connector at 0x000001FD59FE3C40>
2026-03-03 17:10:43,847 - aiosqlite - DEBUG - operation <function connect.<locals>.connector at 0x000001FD59FE3C40> completed
2026-03-03 17:10:43,847 - aiosqlite - DEBUG - executing functools.partial(<built-in method create_function of sqlite3.Connection object at 0x000001FD59D76A70>, 'regexp', 2, <function SQLiteDialect_pysqlite.on_connect.<locals>.regexp at 0x000001FD59CDBF60>, deterministic=True)
2026-03-03 17:10:43,848 - aiosqlite - DEBUG - operation functools.partial(<built-in method create_function of sqlite3.Connection object at 0x000001FD59D76A70>, 'regexp', 2, <function SQLiteDialect_pysqlite.on_connect.<locals>.regexp at 0x000001FD59CDBF60>, deterministic=True) completed
2026-03-03 17:10:43,848 - aiosqlite - DEBUG - executing functools.partial(<built-in method create_function of sqlite3.Connection object at 0x000001FD59D76A70>, 'floor', 1, <built-in function floor>, deterministic=True)
2026-03-03 17:10:43,848 - aiosqlite - DEBUG - operation functools.partial(<built-in method create_function of sqlite3.Connection object at 0x000001FD59D76A70>, 'floor', 1, <built-in function floor>, deterministic=True) completed
2026-03-03 17:10:43,848 - aiosqlite - DEBUG - executing functools.partial(<built-in method cursor of sqlite3.Connection object at 0x000001FD59D76A70>)
2026-03-03 17:10:43,848 - aiosqlite - DEBUG - operation functools.partial(<built-in method cursor of sqlite3.Connection object at 0x000001FD59D76A70>) completed
2026-03-03 17:10:43,848 - aiosqlite - DEBUG - executing functools.partial(<built-in method execute of sqlite3.Cursor object at 0x000001FD5A0295C0>, 'SELECT users.id, users.email, users.name, users.role, users.created_at, users.last_login, users.hashed_password \nFROM users \nWHERE users.email = ?', ('khuojuin11@gmail.conm',))
2026-03-03 17:10:43,848 - aiosqlite - DEBUG - returning exception no such column: users.hashed_password
2026-03-03 17:10:43,848 - core.database - ERROR - Database session error: (sqlite3.OperationalError) no such column: users.hashed_password
[SQL: SELECT users.id, users.email, users.name, users.role, users.created_at, users.last_login, users.hashed_password 
FROM users 
WHERE users.email = ?]
[parameters: ('khuojuin11@gmail.conm',)]
(Background on this error at: https://sqlalche.me/e/20/e3q8)
Traceback (most recent call last):
  File "D:\ASM1\.venv\Lib\site-packages\sqlalchemy\engine\base.py", line 1967, in _exec_single_context
    self.dialect.do_execute(
  File "D:\ASM1\.venv\Lib\site-packages\sqlalchemy\engine\default.py", line 941, in do_execute
    cursor.execute(statement, parameters)
  File "D:\ASM1\.venv\Lib\site-packages\sqlalchemy\dialects\sqlite\aiosqlite.py", line 147, in execute
    self._adapt_connection._handle_exception(error)
  File "D:\ASM1\.venv\Lib\site-packages\sqlalchemy\dialects\sqlite\aiosqlite.py", line 298, in _handle_exception
    raise error
  File "D:\ASM1\.venv\Lib\site-packages\sqlalchemy\dialects\sqlite\aiosqlite.py", line 129, in execute
    self.await_(_cursor.execute(operation, parameters))
  File "D:\ASM1\.venv\Lib\site-packages\sqlalchemy\util\_concurrency_py3k.py", line 132, in await_only
    return current.parent.switch(awaitable)  # type: ignore[no-any-return,attr-defined] # noqa: E501
           ^^^^^^^^^^^^^^^^^^^^^^^^^^^^^^^^
  File "D:\ASM1\.venv\Lib\site-packages\sqlalchemy\util\_concurrency_py3k.py", line 196, in greenlet_spawn
    value = await result
            ^^^^^^^^^^^^
  File "D:\ASM1\.venv\Lib\site-packages\aiosqlite\cursor.py", line 48, in execute
    await self._execute(self._cursor.execute, sql, parameters)
  File "D:\ASM1\.venv\Lib\site-packages\aiosqlite\cursor.py", line 40, in _execute
    return await self._conn._execute(fn, *args, **kwargs)
           ^^^^^^^^^^^^^^^^^^^^^^^^^^^^^^^^^^^^^^^^^^^^^^
  File "D:\ASM1\.venv\Lib\site-packages\aiosqlite\core.py", line 132, in _execute
    return await future
           ^^^^^^^^^^^^
  File "D:\ASM1\.venv\Lib\site-packages\aiosqlite\core.py", line 115, in run
    result = function()
             ^^^^^^^^^^
sqlite3.OperationalError: no such column: users.hashed_password

The above exception was the direct cause of the following exception:

Traceback (most recent call last):
  File "D:\ASM1\backend\core\database.py", line 542, in get_db
    yield session
  File "D:\ASM1\.venv\Lib\site-packages\fastapi\routing.py", line 301, in app
    raw_response = await run_endpoint_function(
                   ^^^^^^^^^^^^^^^^^^^^^^^^^^^^
  File "D:\ASM1\.venv\Lib\site-packages\fastapi\routing.py", line 212, in run_endpoint_function
    return await dependant.call(**values)
           ^^^^^^^^^^^^^^^^^^^^^^^^^^^^^^
  File "D:\ASM1\backend\routers\auth.py", line 349, in login_password
    result = await db.execute(select(User).where(User.email == clean_email))
             ^^^^^^^^^^^^^^^^^^^^^^^^^^^^^^^^^^^^^^^^^^^^^^^^^^^^^^^^^^^^^^^
  File "D:\ASM1\.venv\Lib\site-packages\sqlalchemy\ext\asyncio\session.py", line 461, in execute
    result = await greenlet_spawn(
             ^^^^^^^^^^^^^^^^^^^^^
  File "D:\ASM1\.venv\Lib\site-packages\sqlalchemy\util\_concurrency_py3k.py", line 201, in greenlet_spawn
    result = context.throw(*sys.exc_info())
             ^^^^^^^^^^^^^^^^^^^^^^^^^^^^^^
  File "D:\ASM1\.venv\Lib\site-packages\sqlalchemy\orm\session.py", line 2362, in execute
    return self._execute_internal(
           ^^^^^^^^^^^^^^^^^^^^^^^
  File "D:\ASM1\.venv\Lib\site-packages\sqlalchemy\orm\session.py", line 2247, in _execute_internal
    result: Result[Any] = compile_state_cls.orm_execute_statement(
                          ^^^^^^^^^^^^^^^^^^^^^^^^^^^^^^^^^^^^^^^^
  File "D:\ASM1\.venv\Lib\site-packages\sqlalchemy\orm\context.py", line 305, in orm_execute_statement
    result = conn.execute(
             ^^^^^^^^^^^^^
  File "D:\ASM1\.venv\Lib\site-packages\sqlalchemy\engine\base.py", line 1418, in execute
    return meth(
           ^^^^^
  File "D:\ASM1\.venv\Lib\site-packages\sqlalchemy\sql\elements.py", line 515, in _execute_on_connection
    return connection._execute_clauseelement(
           ^^^^^^^^^^^^^^^^^^^^^^^^^^^^^^^^^^
  File "D:\ASM1\.venv\Lib\site-packages\sqlalchemy\engine\base.py", line 1640, in _execute_clauseelement
    ret = self._execute_context(
          ^^^^^^^^^^^^^^^^^^^^^^
  File "D:\ASM1\.venv\Lib\site-packages\sqlalchemy\engine\base.py", line 1846, in _execute_context
    return self._exec_single_context(
           ^^^^^^^^^^^^^^^^^^^^^^^^^^
  File "D:\ASM1\.venv\Lib\site-packages\sqlalchemy\engine\base.py", line 1986, in _exec_single_context
    self._handle_dbapi_exception(
  File "D:\ASM1\.venv\Lib\site-packages\sqlalchemy\engine\base.py", line 2355, in _handle_dbapi_exception
    raise sqlalchemy_exception.with_traceback(exc_info[2]) from e
  File "D:\ASM1\.venv\Lib\site-packages\sqlalchemy\engine\base.py", line 1967, in _exec_single_context
    self.dialect.do_execute(
  File "D:\ASM1\.venv\Lib\site-packages\sqlalchemy\engine\default.py", line 941, in do_execute
    cursor.execute(statement, parameters)
  File "D:\ASM1\.venv\Lib\site-packages\sqlalchemy\dialects\sqlite\aiosqlite.py", line 147, in execute
    self._adapt_connection._handle_exception(error)
  File "D:\ASM1\.venv\Lib\site-packages\sqlalchemy\dialects\sqlite\aiosqlite.py", line 298, in _handle_exception
    raise error
  File "D:\ASM1\.venv\Lib\site-packages\sqlalchemy\dialects\sqlite\aiosqlite.py", line 129, in execute
    self.await_(_cursor.execute(operation, parameters))
  File "D:\ASM1\.venv\Lib\site-packages\sqlalchemy\util\_concurrency_py3k.py", line 132, in await_only
    return current.parent.switch(awaitable)  # type: ignore[no-any-return,attr-defined] # noqa: E501
           ^^^^^^^^^^^^^^^^^^^^^^^^^^^^^^^^
  File "D:\ASM1\.venv\Lib\site-packages\sqlalchemy\util\_concurrency_py3k.py", line 196, in greenlet_spawn
    value = await result
            ^^^^^^^^^^^^
  File "D:\ASM1\.venv\Lib\site-packages\aiosqlite\cursor.py", line 48, in execute
    await self._execute(self._cursor.execute, sql, parameters)
  File "D:\ASM1\.venv\Lib\site-packages\aiosqlite\cursor.py", line 40, in _execute
    return await self._conn._execute(fn, *args, **kwargs)
           ^^^^^^^^^^^^^^^^^^^^^^^^^^^^^^^^^^^^^^^^^^^^^^
  File "D:\ASM1\.venv\Lib\site-packages\aiosqlite\core.py", line 132, in _execute
    return await future
           ^^^^^^^^^^^^
  File "D:\ASM1\.venv\Lib\site-packages\aiosqlite\core.py", line 115, in run
    result = function()
             ^^^^^^^^^^
sqlalchemy.exc.OperationalError: (sqlite3.OperationalError) no such column: users.hashed_password
[SQL: SELECT users.id, users.email, users.name, users.role, users.created_at, users.last_login, users.hashed_password 
FROM users 
WHERE users.email = ?]
[parameters: ('khuojuin11@gmail.conm',)]
(Background on this error at: https://sqlalche.me/e/20/e3q8)
2026-03-03 17:10:43,855 - core.database - DEBUG - [DB_OP] Database session cleanup after 0.0104s
2026-03-03 17:10:43,855 - aiosqlite - DEBUG - executing functools.partial(<built-in method rollback of sqlite3.Connection object at 0x000001FD59D76A70>)
2026-03-03 17:10:43,864 - aiosqlite - DEBUG - operation functools.partial(<built-in method rollback of sqlite3.Connection object at 0x000001FD59D76A70>) completed
2026-03-03 17:10:43,864 - aiosqlite - DEBUG - executing functools.partial(<built-in method rollback of sqlite3.Connection object at 0x000001FD59D76A70>)
2026-03-03 17:10:43,864 - aiosqlite - DEBUG - operation functools.partial(<built-in method rollback of sqlite3.Connection object at 0x000001FD59D76A70>) completed
2026-03-03 17:10:43,864 - aiosqlite - DEBUG - executing functools.partial(<built-in method close of sqlite3.Connection object at 0x000001FD59D76A70>)
2026-03-03 17:10:43,864 - aiosqlite - DEBUG - operation functools.partial(<built-in method close of sqlite3.Connection object at 0x000001FD59D76A70>) completed
2026-03-03 17:10:43,864 - core.database - ERROR - Failed to create database session: (sqlite3.OperationalError) no such column: users.hashed_password
[SQL: SELECT users.id, users.email, users.name, users.role, users.created_at, users.last_login, users.hashed_password 
FROM users 
WHERE users.email = ?]
[parameters: ('khuojuin11@gmail.conm',)]
(Background on this error at: https://sqlalche.me/e/20/e3q8)
Traceback (most recent call last):
  File "D:\ASM1\.venv\Lib\site-packages\sqlalchemy\engine\base.py", line 1967, in _exec_single_context
    self.dialect.do_execute(
  File "D:\ASM1\.venv\Lib\site-packages\sqlalchemy\engine\default.py", line 941, in do_execute
    cursor.execute(statement, parameters)
  File "D:\ASM1\.venv\Lib\site-packages\sqlalchemy\dialects\sqlite\aiosqlite.py", line 147, in execute
    self._adapt_connection._handle_exception(error)
  File "D:\ASM1\.venv\Lib\site-packages\sqlalchemy\dialects\sqlite\aiosqlite.py", line 298, in _handle_exception
    raise error
  File "D:\ASM1\.venv\Lib\site-packages\sqlalchemy\dialects\sqlite\aiosqlite.py", line 129, in execute
    self.await_(_cursor.execute(operation, parameters))
  File "D:\ASM1\.venv\Lib\site-packages\sqlalchemy\util\_concurrency_py3k.py", line 132, in await_only
    return current.parent.switch(awaitable)  # type: ignore[no-any-return,attr-defined] # noqa: E501
           ^^^^^^^^^^^^^^^^^^^^^^^^^^^^^^^^
  File "D:\ASM1\.venv\Lib\site-packages\sqlalchemy\util\_concurrency_py3k.py", line 196, in greenlet_spawn
    value = await result
            ^^^^^^^^^^^^
  File "D:\ASM1\.venv\Lib\site-packages\aiosqlite\cursor.py", line 48, in execute
    await self._execute(self._cursor.execute, sql, parameters)
  File "D:\ASM1\.venv\Lib\site-packages\aiosqlite\cursor.py", line 40, in _execute
    return await self._conn._execute(fn, *args, **kwargs)
           ^^^^^^^^^^^^^^^^^^^^^^^^^^^^^^^^^^^^^^^^^^^^^^
  File "D:\ASM1\.venv\Lib\site-packages\aiosqlite\core.py", line 132, in _execute
    return await future
           ^^^^^^^^^^^^
  File "D:\ASM1\.venv\Lib\site-packages\aiosqlite\core.py", line 115, in run
    result = function()
             ^^^^^^^^^^
sqlite3.OperationalError: no such column: users.hashed_password

The above exception was the direct cause of the following exception:

Traceback (most recent call last):
  File "D:\ASM1\backend\core\database.py", line 542, in get_db
    yield session
  File "D:\ASM1\.venv\Lib\site-packages\fastapi\routing.py", line 301, in app
    raw_response = await run_endpoint_function(
                   ^^^^^^^^^^^^^^^^^^^^^^^^^^^^
  File "D:\ASM1\.venv\Lib\site-packages\fastapi\routing.py", line 212, in run_endpoint_function
    return await dependant.call(**values)
           ^^^^^^^^^^^^^^^^^^^^^^^^^^^^^^
  File "D:\ASM1\backend\routers\auth.py", line 349, in login_password
    result = await db.execute(select(User).where(User.email == clean_email))
             ^^^^^^^^^^^^^^^^^^^^^^^^^^^^^^^^^^^^^^^^^^^^^^^^^^^^^^^^^^^^^^^
  File "D:\ASM1\.venv\Lib\site-packages\sqlalchemy\ext\asyncio\session.py", line 461, in execute
    result = await greenlet_spawn(
             ^^^^^^^^^^^^^^^^^^^^^
  File "D:\ASM1\.venv\Lib\site-packages\sqlalchemy\util\_concurrency_py3k.py", line 201, in greenlet_spawn
    result = context.throw(*sys.exc_info())
             ^^^^^^^^^^^^^^^^^^^^^^^^^^^^^^
  File "D:\ASM1\.venv\Lib\site-packages\sqlalchemy\orm\session.py", line 2362, in execute
    return self._execute_internal(
           ^^^^^^^^^^^^^^^^^^^^^^^
  File "D:\ASM1\.venv\Lib\site-packages\sqlalchemy\orm\session.py", line 2247, in _execute_internal
    result: Result[Any] = compile_state_cls.orm_execute_statement(
                          ^^^^^^^^^^^^^^^^^^^^^^^^^^^^^^^^^^^^^^^^
  File "D:\ASM1\.venv\Lib\site-packages\sqlalchemy\orm\context.py", line 305, in orm_execute_statement
    result = conn.execute(
             ^^^^^^^^^^^^^
  File "D:\ASM1\.venv\Lib\site-packages\sqlalchemy\engine\base.py", line 1418, in execute
    return meth(
           ^^^^^
  File "D:\ASM1\.venv\Lib\site-packages\sqlalchemy\sql\elements.py", line 515, in _execute_on_connection
    return connection._execute_clauseelement(
           ^^^^^^^^^^^^^^^^^^^^^^^^^^^^^^^^^^
  File "D:\ASM1\.venv\Lib\site-packages\sqlalchemy\engine\base.py", line 1640, in _execute_clauseelement
    ret = self._execute_context(
          ^^^^^^^^^^^^^^^^^^^^^^
  File "D:\ASM1\.venv\Lib\site-packages\sqlalchemy\engine\base.py", line 1846, in _execute_context
    return self._exec_single_context(
           ^^^^^^^^^^^^^^^^^^^^^^^^^^
  File "D:\ASM1\.venv\Lib\site-packages\sqlalchemy\engine\base.py", line 1986, in _exec_single_context
    self._handle_dbapi_exception(
  File "D:\ASM1\.venv\Lib\site-packages\sqlalchemy\engine\base.py", line 2355, in _handle_dbapi_exception
    raise sqlalchemy_exception.with_traceback(exc_info[2]) from e
  File "D:\ASM1\.venv\Lib\site-packages\sqlalchemy\engine\base.py", line 1967, in _exec_single_context
    self.dialect.do_execute(
  File "D:\ASM1\.venv\Lib\site-packages\sqlalchemy\engine\default.py", line 941, in do_execute
    cursor.execute(statement, parameters)
  File "D:\ASM1\.venv\Lib\site-packages\sqlalchemy\dialects\sqlite\aiosqlite.py", line 147, in execute
    self._adapt_connection._handle_exception(error)
  File "D:\ASM1\.venv\Lib\site-packages\sqlalchemy\dialects\sqlite\aiosqlite.py", line 298, in _handle_exception
    raise error
  File "D:\ASM1\.venv\Lib\site-packages\sqlalchemy\dialects\sqlite\aiosqlite.py", line 129, in execute
    self.await_(_cursor.execute(operation, parameters))
  File "D:\ASM1\.venv\Lib\site-packages\sqlalchemy\util\_concurrency_py3k.py", line 132, in await_only
    return current.parent.switch(awaitable)  # type: ignore[no-any-return,attr-defined] # noqa: E501
           ^^^^^^^^^^^^^^^^^^^^^^^^^^^^^^^^
  File "D:\ASM1\.venv\Lib\site-packages\sqlalchemy\util\_concurrency_py3k.py", line 196, in greenlet_spawn
    value = await result
            ^^^^^^^^^^^^
  File "D:\ASM1\.venv\Lib\site-packages\aiosqlite\cursor.py", line 48, in execute
    await self._execute(self._cursor.execute, sql, parameters)
  File "D:\ASM1\.venv\Lib\site-packages\aiosqlite\cursor.py", line 40, in _execute
    return await self._conn._execute(fn, *args, **kwargs)
           ^^^^^^^^^^^^^^^^^^^^^^^^^^^^^^^^^^^^^^^^^^^^^^
  File "D:\ASM1\.venv\Lib\site-packages\aiosqlite\core.py", line 132, in _execute
    return await future
           ^^^^^^^^^^^^
  File "D:\ASM1\.venv\Lib\site-packages\aiosqlite\core.py", line 115, in run
    result = function()
             ^^^^^^^^^^
sqlalchemy.exc.OperationalError: (sqlite3.OperationalError) no such column: users.hashed_password
[SQL: SELECT users.id, users.email, users.name, users.role, users.created_at, users.last_login, users.hashed_password 
FROM users 
WHERE users.email = ?]
[parameters: ('khuojuin11@gmail.conm',)]
(Background on this error at: https://sqlalche.me/e/20/e3q8)
2026-03-03 17:10:43,997 - core.database - DEBUG - [DB_OP] Starting get_db session creation
2026-03-03 17:10:43,998 - core.database - DEBUG - [DB_OP] Database session created successfully in 0.0010s
2026-03-03 17:10:44,000 - aiosqlite - DEBUG - executing <function connect.<locals>.connector at 0x000001FD59FE3380>
2026-03-03 17:10:44,000 - aiosqlite - DEBUG - operation <function connect.<locals>.connector at 0x000001FD59FE3380> completed
2026-03-03 17:10:44,000 - aiosqlite - DEBUG - executing functools.partial(<built-in method create_function of sqlite3.Connection object at 0x000001FD59D75D50>, 'regexp', 2, <function SQLiteDialect_pysqlite.on_connect.<locals>.regexp at 0x000001FD59CDBF60>, deterministic=True)
2026-03-03 17:10:44,000 - aiosqlite - DEBUG - operation functools.partial(<built-in method create_function of sqlite3.Connection object at 0x000001FD59D75D50>, 'regexp', 2, <function SQLiteDialect_pysqlite.on_connect.<locals>.regexp at 0x000001FD59CDBF60>, deterministic=True) completed
2026-03-03 17:10:44,000 - aiosqlite - DEBUG - executing functools.partial(<built-in method create_function of sqlite3.Connection object at 0x000001FD59D75D50>, 'floor', 1, <built-in function floor>, deterministic=True)
2026-03-03 17:10:44,000 - aiosqlite - DEBUG - operation functools.partial(<built-in method create_function of sqlite3.Connection object at 0x000001FD59D75D50>, 'floor', 1, <built-in function floor>, deterministic=True) completed
2026-03-03 17:10:44,004 - aiosqlite - DEBUG - executing functools.partial(<built-in method cursor of sqlite3.Connection object at 0x000001FD59D75D50>)
2026-03-03 17:10:44,004 - aiosqlite - DEBUG - operation functools.partial(<built-in method cursor of sqlite3.Connection object at 0x000001FD59D75D50>) completed
2026-03-03 17:10:44,004 - aiosqlite - DEBUG - executing functools.partial(<built-in method execute of sqlite3.Cursor object at 0x000001FD5A028D40>, 'SELECT users.id, users.email, users.name, users.role, users.created_at, users.last_login, users.hashed_password \nFROM users \nWHERE users.email = ?', ('khuojuin11@gmail.conm',))
2026-03-03 17:10:44,004 - aiosqlite - DEBUG - returning exception no such column: users.hashed_password
2026-03-03 17:10:44,004 - core.database - ERROR - Database session error: (sqlite3.OperationalError) no such column: users.hashed_password
[SQL: SELECT users.id, users.email, users.name, users.role, users.created_at, users.last_login, users.hashed_password 
FROM users 
WHERE users.email = ?]
[parameters: ('khuojuin11@gmail.conm',)]
(Background on this error at: https://sqlalche.me/e/20/e3q8)
Traceback (most recent call last):
  File "D:\ASM1\.venv\Lib\site-packages\sqlalchemy\engine\base.py", line 1967, in _exec_single_context
    self.dialect.do_execute(
  File "D:\ASM1\.venv\Lib\site-packages\sqlalchemy\engine\default.py", line 941, in do_execute
    cursor.execute(statement, parameters)
  File "D:\ASM1\.venv\Lib\site-packages\sqlalchemy\dialects\sqlite\aiosqlite.py", line 147, in execute
    self._adapt_connection._handle_exception(error)
  File "D:\ASM1\.venv\Lib\site-packages\sqlalchemy\dialects\sqlite\aiosqlite.py", line 298, in _handle_exception
    raise error
  File "D:\ASM1\.venv\Lib\site-packages\sqlalchemy\dialects\sqlite\aiosqlite.py", line 129, in execute
    self.await_(_cursor.execute(operation, parameters))
  File "D:\ASM1\.venv\Lib\site-packages\sqlalchemy\util\_concurrency_py3k.py", line 132, in await_only
    return current.parent.switch(awaitable)  # type: ignore[no-any-return,attr-defined] # noqa: E501
           ^^^^^^^^^^^^^^^^^^^^^^^^^^^^^^^^
  File "D:\ASM1\.venv\Lib\site-packages\sqlalchemy\util\_concurrency_py3k.py", line 196, in greenlet_spawn
    value = await result
            ^^^^^^^^^^^^
  File "D:\ASM1\.venv\Lib\site-packages\aiosqlite\cursor.py", line 48, in execute
    await self._execute(self._cursor.execute, sql, parameters)
  File "D:\ASM1\.venv\Lib\site-packages\aiosqlite\cursor.py", line 40, in _execute
    return await self._conn._execute(fn, *args, **kwargs)
           ^^^^^^^^^^^^^^^^^^^^^^^^^^^^^^^^^^^^^^^^^^^^^^
  File "D:\ASM1\.venv\Lib\site-packages\aiosqlite\core.py", line 132, in _execute
    return await future
           ^^^^^^^^^^^^
  File "D:\ASM1\.venv\Lib\site-packages\aiosqlite\core.py", line 115, in run
    result = function()
             ^^^^^^^^^^
sqlite3.OperationalError: no such column: users.hashed_password

The above exception was the direct cause of the following exception:

Traceback (most recent call last):
  File "D:\ASM1\backend\core\database.py", line 542, in get_db
    yield session
  File "D:\ASM1\.venv\Lib\site-packages\fastapi\routing.py", line 301, in app
    raw_response = await run_endpoint_function(
                   ^^^^^^^^^^^^^^^^^^^^^^^^^^^^
  File "D:\ASM1\.venv\Lib\site-packages\fastapi\routing.py", line 212, in run_endpoint_function
    return await dependant.call(**values)
           ^^^^^^^^^^^^^^^^^^^^^^^^^^^^^^
  File "D:\ASM1\backend\routers\auth.py", line 349, in login_password
    result = await db.execute(select(User).where(User.email == clean_email))
             ^^^^^^^^^^^^^^^^^^^^^^^^^^^^^^^^^^^^^^^^^^^^^^^^^^^^^^^^^^^^^^^
  File "D:\ASM1\.venv\Lib\site-packages\sqlalchemy\ext\asyncio\session.py", line 461, in execute
    result = await greenlet_spawn(
             ^^^^^^^^^^^^^^^^^^^^^
  File "D:\ASM1\.venv\Lib\site-packages\sqlalchemy\util\_concurrency_py3k.py", line 201, in greenlet_spawn
    result = context.throw(*sys.exc_info())
             ^^^^^^^^^^^^^^^^^^^^^^^^^^^^^^
  File "D:\ASM1\.venv\Lib\site-packages\sqlalchemy\orm\session.py", line 2362, in execute
    return self._execute_internal(
           ^^^^^^^^^^^^^^^^^^^^^^^
  File "D:\ASM1\.venv\Lib\site-packages\sqlalchemy\orm\session.py", line 2247, in _execute_internal
    result: Result[Any] = compile_state_cls.orm_execute_statement(
                          ^^^^^^^^^^^^^^^^^^^^^^^^^^^^^^^^^^^^^^^^
  File "D:\ASM1\.venv\Lib\site-packages\sqlalchemy\orm\context.py", line 305, in orm_execute_statement
    result = conn.execute(
             ^^^^^^^^^^^^^
  File "D:\ASM1\.venv\Lib\site-packages\sqlalchemy\engine\base.py", line 1418, in execute
    return meth(
           ^^^^^
  File "D:\ASM1\.venv\Lib\site-packages\sqlalchemy\sql\elements.py", line 515, in _execute_on_connection
    return connection._execute_clauseelement(
           ^^^^^^^^^^^^^^^^^^^^^^^^^^^^^^^^^^
  File "D:\ASM1\.venv\Lib\site-packages\sqlalchemy\engine\base.py", line 1640, in _execute_clauseelement
    ret = self._execute_context(
          ^^^^^^^^^^^^^^^^^^^^^^
  File "D:\ASM1\.venv\Lib\site-packages\sqlalchemy\engine\base.py", line 1846, in _execute_context
    return self._exec_single_context(
           ^^^^^^^^^^^^^^^^^^^^^^^^^^
  File "D:\ASM1\.venv\Lib\site-packages\sqlalchemy\engine\base.py", line 1986, in _exec_single_context
    self._handle_dbapi_exception(
  File "D:\ASM1\.venv\Lib\site-packages\sqlalchemy\engine\base.py", line 2355, in _handle_dbapi_exception
    raise sqlalchemy_exception.with_traceback(exc_info[2]) from e
  File "D:\ASM1\.venv\Lib\site-packages\sqlalchemy\engine\base.py", line 1967, in _exec_single_context
    self.dialect.do_execute(
  File "D:\ASM1\.venv\Lib\site-packages\sqlalchemy\engine\default.py", line 941, in do_execute
    cursor.execute(statement, parameters)
  File "D:\ASM1\.venv\Lib\site-packages\sqlalchemy\dialects\sqlite\aiosqlite.py", line 147, in execute
    self._adapt_connection._handle_exception(error)
  File "D:\ASM1\.venv\Lib\site-packages\sqlalchemy\dialects\sqlite\aiosqlite.py", line 298, in _handle_exception
    raise error
  File "D:\ASM1\.venv\Lib\site-packages\sqlalchemy\dialects\sqlite\aiosqlite.py", line 129, in execute
    self.await_(_cursor.execute(operation, parameters))
  File "D:\ASM1\.venv\Lib\site-packages\sqlalchemy\util\_concurrency_py3k.py", line 132, in await_only
    return current.parent.switch(awaitable)  # type: ignore[no-any-return,attr-defined] # noqa: E501
           ^^^^^^^^^^^^^^^^^^^^^^^^^^^^^^^^
  File "D:\ASM1\.venv\Lib\site-packages\sqlalchemy\util\_concurrency_py3k.py", line 196, in greenlet_spawn
    value = await result
            ^^^^^^^^^^^^
  File "D:\ASM1\.venv\Lib\site-packages\aiosqlite\cursor.py", line 48, in execute
    await self._execute(self._cursor.execute, sql, parameters)
  File "D:\ASM1\.venv\Lib\site-packages\aiosqlite\cursor.py", line 40, in _execute
    return await self._conn._execute(fn, *args, **kwargs)
           ^^^^^^^^^^^^^^^^^^^^^^^^^^^^^^^^^^^^^^^^^^^^^^
  File "D:\ASM1\.venv\Lib\site-packages\aiosqlite\core.py", line 132, in _execute
    return await future
           ^^^^^^^^^^^^
  File "D:\ASM1\.venv\Lib\site-packages\aiosqlite\core.py", line 115, in run
    result = function()
             ^^^^^^^^^^
sqlalchemy.exc.OperationalError: (sqlite3.OperationalError) no such column: users.hashed_password
[SQL: SELECT users.id, users.email, users.name, users.role, users.created_at, users.last_login, users.hashed_password 
FROM users 
WHERE users.email = ?]
[parameters: ('khuojuin11@gmail.conm',)]
(Background on this error at: https://sqlalche.me/e/20/e3q8)
2026-03-03 17:10:44,014 - core.database - DEBUG - [DB_OP] Database session cleanup after 0.0173s
2026-03-03 17:10:44,024 - aiosqlite - DEBUG - executing functools.partial(<built-in method rollback of sqlite3.Connection object at 0x000001FD59D75D50>)
2026-03-03 17:10:44,024 - aiosqlite - DEBUG - operation functools.partial(<built-in method rollback of sqlite3.Connection object at 0x000001FD59D75D50>) completed
2026-03-03 17:10:44,024 - aiosqlite - DEBUG - executing functools.partial(<built-in method rollback of sqlite3.Connection object at 0x000001FD59D75D50>)
2026-03-03 17:10:44,024 - aiosqlite - DEBUG - operation functools.partial(<built-in method rollback of sqlite3.Connection object at 0x000001FD59D75D50>) completed
2026-03-03 17:10:44,024 - aiosqlite - DEBUG - executing functools.partial(<built-in method close of sqlite3.Connection object at 0x000001FD59D75D50>)
2026-03-03 17:10:44,024 - aiosqlite - DEBUG - operation functools.partial(<built-in method close of sqlite3.Connection object at 0x000001FD59D75D50>) completed
2026-03-03 17:10:44,024 - core.database - ERROR - Failed to create database session: (sqlite3.OperationalError) no such column: users.hashed_password
[SQL: SELECT users.id, users.email, users.name, users.role, users.created_at, users.last_login, users.hashed_password 
FROM users 
WHERE users.email = ?]
[parameters: ('khuojuin11@gmail.conm',)]
(Background on this error at: https://sqlalche.me/e/20/e3q8)
Traceback (most recent call last):
  File "D:\ASM1\.venv\Lib\site-packages\sqlalchemy\engine\base.py", line 1967, in _exec_single_context
    self.dialect.do_execute(
  File "D:\ASM1\.venv\Lib\site-packages\sqlalchemy\engine\default.py", line 941, in do_execute
    cursor.execute(statement, parameters)
  File "D:\ASM1\.venv\Lib\site-packages\sqlalchemy\dialects\sqlite\aiosqlite.py", line 147, in execute
    self._adapt_connection._handle_exception(error)
  File "D:\ASM1\.venv\Lib\site-packages\sqlalchemy\dialects\sqlite\aiosqlite.py", line 298, in _handle_exception
    raise error
  File "D:\ASM1\.venv\Lib\site-packages\sqlalchemy\dialects\sqlite\aiosqlite.py", line 129, in execute
    self.await_(_cursor.execute(operation, parameters))
  File "D:\ASM1\.venv\Lib\site-packages\sqlalchemy\util\_concurrency_py3k.py", line 132, in await_only
    return current.parent.switch(awaitable)  # type: ignore[no-any-return,attr-defined] # noqa: E501
           ^^^^^^^^^^^^^^^^^^^^^^^^^^^^^^^^
  File "D:\ASM1\.venv\Lib\site-packages\sqlalchemy\util\_concurrency_py3k.py", line 196, in greenlet_spawn
    value = await result
            ^^^^^^^^^^^^
  File "D:\ASM1\.venv\Lib\site-packages\aiosqlite\cursor.py", line 48, in execute
    await self._execute(self._cursor.execute, sql, parameters)
  File "D:\ASM1\.venv\Lib\site-packages\aiosqlite\cursor.py", line 40, in _execute
    return await self._conn._execute(fn, *args, **kwargs)
           ^^^^^^^^^^^^^^^^^^^^^^^^^^^^^^^^^^^^^^^^^^^^^^
  File "D:\ASM1\.venv\Lib\site-packages\aiosqlite\core.py", line 132, in _execute
    return await future
           ^^^^^^^^^^^^
  File "D:\ASM1\.venv\Lib\site-packages\aiosqlite\core.py", line 115, in run
    result = function()
             ^^^^^^^^^^
sqlite3.OperationalError: no such column: users.hashed_password

The above exception was the direct cause of the following exception:

Traceback (most recent call last):
  File "D:\ASM1\backend\core\database.py", line 542, in get_db
    yield session
  File "D:\ASM1\.venv\Lib\site-packages\fastapi\routing.py", line 301, in app
    raw_response = await run_endpoint_function(
                   ^^^^^^^^^^^^^^^^^^^^^^^^^^^^
  File "D:\ASM1\.venv\Lib\site-packages\fastapi\routing.py", line 212, in run_endpoint_function
    return await dependant.call(**values)
           ^^^^^^^^^^^^^^^^^^^^^^^^^^^^^^
  File "D:\ASM1\backend\routers\auth.py", line 349, in login_password
    result = await db.execute(select(User).where(User.email == clean_email))
             ^^^^^^^^^^^^^^^^^^^^^^^^^^^^^^^^^^^^^^^^^^^^^^^^^^^^^^^^^^^^^^^
  File "D:\ASM1\.venv\Lib\site-packages\sqlalchemy\ext\asyncio\session.py", line 461, in execute
    result = await greenlet_spawn(
             ^^^^^^^^^^^^^^^^^^^^^
  File "D:\ASM1\.venv\Lib\site-packages\sqlalchemy\util\_concurrency_py3k.py", line 201, in greenlet_spawn
    result = context.throw(*sys.exc_info())
             ^^^^^^^^^^^^^^^^^^^^^^^^^^^^^^
  File "D:\ASM1\.venv\Lib\site-packages\sqlalchemy\orm\session.py", line 2362, in execute
    return self._execute_internal(
           ^^^^^^^^^^^^^^^^^^^^^^^
  File "D:\ASM1\.venv\Lib\site-packages\sqlalchemy\orm\session.py", line 2247, in _execute_internal
    result: Result[Any] = compile_state_cls.orm_execute_statement(
                          ^^^^^^^^^^^^^^^^^^^^^^^^^^^^^^^^^^^^^^^^
  File "D:\ASM1\.venv\Lib\site-packages\sqlalchemy\orm\context.py", line 305, in orm_execute_statement
    result = conn.execute(
             ^^^^^^^^^^^^^
  File "D:\ASM1\.venv\Lib\site-packages\sqlalchemy\engine\base.py", line 1418, in execute
    return meth(
           ^^^^^
  File "D:\ASM1\.venv\Lib\site-packages\sqlalchemy\sql\elements.py", line 515, in _execute_on_connection
    return connection._execute_clauseelement(
           ^^^^^^^^^^^^^^^^^^^^^^^^^^^^^^^^^^
  File "D:\ASM1\.venv\Lib\site-packages\sqlalchemy\engine\base.py", line 1640, in _execute_clauseelement
    ret = self._execute_context(
          ^^^^^^^^^^^^^^^^^^^^^^
  File "D:\ASM1\.venv\Lib\site-packages\sqlalchemy\engine\base.py", line 1846, in _execute_context
    return self._exec_single_context(
           ^^^^^^^^^^^^^^^^^^^^^^^^^^
  File "D:\ASM1\.venv\Lib\site-packages\sqlalchemy\engine\base.py", line 1986, in _exec_single_context
    self._handle_dbapi_exception(
  File "D:\ASM1\.venv\Lib\site-packages\sqlalchemy\engine\base.py", line 2355, in _handle_dbapi_exception
    raise sqlalchemy_exception.with_traceback(exc_info[2]) from e
  File "D:\ASM1\.venv\Lib\site-packages\sqlalchemy\engine\base.py", line 1967, in _exec_single_context
    self.dialect.do_execute(
  File "D:\ASM1\.venv\Lib\site-packages\sqlalchemy\engine\default.py", line 941, in do_execute
    cursor.execute(statement, parameters)
  File "D:\ASM1\.venv\Lib\site-packages\sqlalchemy\dialects\sqlite\aiosqlite.py", line 147, in execute
    self._adapt_connection._handle_exception(error)
  File "D:\ASM1\.venv\Lib\site-packages\sqlalchemy\dialects\sqlite\aiosqlite.py", line 298, in _handle_exception
    raise error
  File "D:\ASM1\.venv\Lib\site-packages\sqlalchemy\dialects\sqlite\aiosqlite.py", line 129, in execute
    self.await_(_cursor.execute(operation, parameters))
  File "D:\ASM1\.venv\Lib\site-packages\sqlalchemy\util\_concurrency_py3k.py", line 132, in await_only
    return current.parent.switch(awaitable)  # type: ignore[no-any-return,attr-defined] # noqa: E501
           ^^^^^^^^^^^^^^^^^^^^^^^^^^^^^^^^
  File "D:\ASM1\.venv\Lib\site-packages\sqlalchemy\util\_concurrency_py3k.py", line 196, in greenlet_spawn
    value = await result
            ^^^^^^^^^^^^
  File "D:\ASM1\.venv\Lib\site-packages\aiosqlite\cursor.py", line 48, in execute
    await self._execute(self._cursor.execute, sql, parameters)
  File "D:\ASM1\.venv\Lib\site-packages\aiosqlite\cursor.py", line 40, in _execute
    return await self._conn._execute(fn, *args, **kwargs)
           ^^^^^^^^^^^^^^^^^^^^^^^^^^^^^^^^^^^^^^^^^^^^^^
  File "D:\ASM1\.venv\Lib\site-packages\aiosqlite\core.py", line 132, in _execute
    return await future
           ^^^^^^^^^^^^
  File "D:\ASM1\.venv\Lib\site-packages\aiosqlite\core.py", line 115, in run
    result = function()
             ^^^^^^^^^^
sqlalchemy.exc.OperationalError: (sqlite3.OperationalError) no such column: users.hashed_password
[SQL: SELECT users.id, users.email, users.name, users.role, users.created_at, users.last_login, users.hashed_password 
FROM users 
WHERE users.email = ?]
[parameters: ('khuojuin11@gmail.conm',)]
(Background on this error at: https://sqlalche.me/e/20/e3q8)
2026-03-03 17:10:56,823 - core.database - DEBUG - [DB_OP] Starting get_db session creation
2026-03-03 17:10:56,823 - core.database - DEBUG - [DB_OP] Database session created successfully in 0.0000s
2026-03-03 17:10:56,824 - aiosqlite - DEBUG - executing <function connect.<locals>.connector at 0x000001FD59FE19E0>
2026-03-03 17:10:56,824 - aiosqlite - DEBUG - operation <function connect.<locals>.connector at 0x000001FD59FE19E0> completed
2026-03-03 17:10:56,824 - aiosqlite - DEBUG - executing functools.partial(<built-in method create_function of sqlite3.Connection object at 0x000001FD59D757B0>, 'regexp', 2, <function SQLiteDialect_pysqlite.on_connect.<locals>.regexp at 0x000001FD59CDBF60>, deterministic=True)
2026-03-03 17:10:56,824 - aiosqlite - DEBUG - operation functools.partial(<built-in method create_function of sqlite3.Connection object at 0x000001FD59D757B0>, 'regexp', 2, <function SQLiteDialect_pysqlite.on_connect.<locals>.regexp at 0x000001FD59CDBF60>, deterministic=True) completed
2026-03-03 17:10:56,824 - aiosqlite - DEBUG - executing functools.partial(<built-in method create_function of sqlite3.Connection object at 0x000001FD59D757B0>, 'floor', 1, <built-in function floor>, deterministic=True)
2026-03-03 17:10:56,824 - aiosqlite - DEBUG - operation functools.partial(<built-in method create_function of sqlite3.Connection object at 0x000001FD59D757B0>, 'floor', 1, <built-in function floor>, deterministic=True) completed
2026-03-03 17:10:56,824 - aiosqlite - DEBUG - executing functools.partial(<built-in method cursor of sqlite3.Connection object at 0x000001FD59D757B0>)
2026-03-03 17:10:56,824 - aiosqlite - DEBUG - operation functools.partial(<built-in method cursor of sqlite3.Connection object at 0x000001FD59D757B0>) completed
2026-03-03 17:10:56,831 - aiosqlite - DEBUG - executing functools.partial(<built-in method execute of sqlite3.Cursor object at 0x000001FD5A012AC0>, 'SELECT users.id, users.email, users.name, users.role, users.created_at, users.last_login, users.hashed_password \nFROM users \nWHERE users.email = ?', ('khuojuin11@gmail.conm',))
2026-03-03 17:10:56,831 - aiosqlite - DEBUG - returning exception no such column: users.hashed_password
2026-03-03 17:10:56,831 - core.database - ERROR - Database session error: (sqlite3.OperationalError) no such column: users.hashed_password
[SQL: SELECT users.id, users.email, users.name, users.role, users.created_at, users.last_login, users.hashed_password 
FROM users 
WHERE users.email = ?]
[parameters: ('khuojuin11@gmail.conm',)]
(Background on this error at: https://sqlalche.me/e/20/e3q8)
Traceback (most recent call last):
  File "D:\ASM1\.venv\Lib\site-packages\sqlalchemy\engine\base.py", line 1967, in _exec_single_context
    self.dialect.do_execute(
  File "D:\ASM1\.venv\Lib\site-packages\sqlalchemy\engine\default.py", line 941, in do_execute
    cursor.execute(statement, parameters)
  File "D:\ASM1\.venv\Lib\site-packages\sqlalchemy\dialects\sqlite\aiosqlite.py", line 147, in execute
    self._adapt_connection._handle_exception(error)
  File "D:\ASM1\.venv\Lib\site-packages\sqlalchemy\dialects\sqlite\aiosqlite.py", line 298, in _handle_exception
    raise error
  File "D:\ASM1\.venv\Lib\site-packages\sqlalchemy\dialects\sqlite\aiosqlite.py", line 129, in execute
    self.await_(_cursor.execute(operation, parameters))
  File "D:\ASM1\.venv\Lib\site-packages\sqlalchemy\util\_concurrency_py3k.py", line 132, in await_only
    return current.parent.switch(awaitable)  # type: ignore[no-any-return,attr-defined] # noqa: E501
           ^^^^^^^^^^^^^^^^^^^^^^^^^^^^^^^^
  File "D:\ASM1\.venv\Lib\site-packages\sqlalchemy\util\_concurrency_py3k.py", line 196, in greenlet_spawn
    value = await result
            ^^^^^^^^^^^^
  File "D:\ASM1\.venv\Lib\site-packages\aiosqlite\cursor.py", line 48, in execute
    await self._execute(self._cursor.execute, sql, parameters)
  File "D:\ASM1\.venv\Lib\site-packages\aiosqlite\cursor.py", line 40, in _execute
    return await self._conn._execute(fn, *args, **kwargs)
           ^^^^^^^^^^^^^^^^^^^^^^^^^^^^^^^^^^^^^^^^^^^^^^
  File "D:\ASM1\.venv\Lib\site-packages\aiosqlite\core.py", line 132, in _execute
    return await future
           ^^^^^^^^^^^^
  File "D:\ASM1\.venv\Lib\site-packages\aiosqlite\core.py", line 115, in run
    result = function()
             ^^^^^^^^^^
sqlite3.OperationalError: no such column: users.hashed_password

The above exception was the direct cause of the following exception:

Traceback (most recent call last):
  File "D:\ASM1\backend\core\database.py", line 542, in get_db
    yield session
  File "D:\ASM1\.venv\Lib\site-packages\fastapi\routing.py", line 301, in app
    raw_response = await run_endpoint_function(
                   ^^^^^^^^^^^^^^^^^^^^^^^^^^^^
  File "D:\ASM1\.venv\Lib\site-packages\fastapi\routing.py", line 212, in run_endpoint_function
    return await dependant.call(**values)
           ^^^^^^^^^^^^^^^^^^^^^^^^^^^^^^
  File "D:\ASM1\backend\routers\auth.py", line 349, in login_password
    result = await db.execute(select(User).where(User.email == clean_email))
             ^^^^^^^^^^^^^^^^^^^^^^^^^^^^^^^^^^^^^^^^^^^^^^^^^^^^^^^^^^^^^^^
  File "D:\ASM1\.venv\Lib\site-packages\sqlalchemy\ext\asyncio\session.py", line 461, in execute
    result = await greenlet_spawn(
             ^^^^^^^^^^^^^^^^^^^^^
  File "D:\ASM1\.venv\Lib\site-packages\sqlalchemy\util\_concurrency_py3k.py", line 201, in greenlet_spawn
    result = context.throw(*sys.exc_info())
             ^^^^^^^^^^^^^^^^^^^^^^^^^^^^^^
  File "D:\ASM1\.venv\Lib\site-packages\sqlalchemy\orm\session.py", line 2362, in execute
    return self._execute_internal(
           ^^^^^^^^^^^^^^^^^^^^^^^
  File "D:\ASM1\.venv\Lib\site-packages\sqlalchemy\orm\session.py", line 2247, in _execute_internal
    result: Result[Any] = compile_state_cls.orm_execute_statement(
                          ^^^^^^^^^^^^^^^^^^^^^^^^^^^^^^^^^^^^^^^^
  File "D:\ASM1\.venv\Lib\site-packages\sqlalchemy\orm\context.py", line 305, in orm_execute_statement
    result = conn.execute(
             ^^^^^^^^^^^^^
  File "D:\ASM1\.venv\Lib\site-packages\sqlalchemy\engine\base.py", line 1418, in execute
    return meth(
           ^^^^^
  File "D:\ASM1\.venv\Lib\site-packages\sqlalchemy\sql\elements.py", line 515, in _execute_on_connection
    return connection._execute_clauseelement(
           ^^^^^^^^^^^^^^^^^^^^^^^^^^^^^^^^^^
  File "D:\ASM1\.venv\Lib\site-packages\sqlalchemy\engine\base.py", line 1640, in _execute_clauseelement
    ret = self._execute_context(
          ^^^^^^^^^^^^^^^^^^^^^^
  File "D:\ASM1\.venv\Lib\site-packages\sqlalchemy\engine\base.py", line 1846, in _execute_context
    return self._exec_single_context(
           ^^^^^^^^^^^^^^^^^^^^^^^^^^
  File "D:\ASM1\.venv\Lib\site-packages\sqlalchemy\engine\base.py", line 1986, in _exec_single_context
    self._handle_dbapi_exception(
  File "D:\ASM1\.venv\Lib\site-packages\sqlalchemy\engine\base.py", line 2355, in _handle_dbapi_exception
    raise sqlalchemy_exception.with_traceback(exc_info[2]) from e
  File "D:\ASM1\.venv\Lib\site-packages\sqlalchemy\engine\base.py", line 1967, in _exec_single_context
    self.dialect.do_execute(
  File "D:\ASM1\.venv\Lib\site-packages\sqlalchemy\engine\default.py", line 941, in do_execute
    cursor.execute(statement, parameters)
  File "D:\ASM1\.venv\Lib\site-packages\sqlalchemy\dialects\sqlite\aiosqlite.py", line 147, in execute
    self._adapt_connection._handle_exception(error)
  File "D:\ASM1\.venv\Lib\site-packages\sqlalchemy\dialects\sqlite\aiosqlite.py", line 298, in _handle_exception
    raise error
  File "D:\ASM1\.venv\Lib\site-packages\sqlalchemy\dialects\sqlite\aiosqlite.py", line 129, in execute
    self.await_(_cursor.execute(operation, parameters))
  File "D:\ASM1\.venv\Lib\site-packages\sqlalchemy\util\_concurrency_py3k.py", line 132, in await_only
    return current.parent.switch(awaitable)  # type: ignore[no-any-return,attr-defined] # noqa: E501
           ^^^^^^^^^^^^^^^^^^^^^^^^^^^^^^^^
  File "D:\ASM1\.venv\Lib\site-packages\sqlalchemy\util\_concurrency_py3k.py", line 196, in greenlet_spawn
    value = await result
            ^^^^^^^^^^^^
  File "D:\ASM1\.venv\Lib\site-packages\aiosqlite\cursor.py", line 48, in execute
    await self._execute(self._cursor.execute, sql, parameters)
  File "D:\ASM1\.venv\Lib\site-packages\aiosqlite\cursor.py", line 40, in _execute
    return await self._conn._execute(fn, *args, **kwargs)
           ^^^^^^^^^^^^^^^^^^^^^^^^^^^^^^^^^^^^^^^^^^^^^^
  File "D:\ASM1\.venv\Lib\site-packages\aiosqlite\core.py", line 132, in _execute
    return await future
           ^^^^^^^^^^^^
  File "D:\ASM1\.venv\Lib\site-packages\aiosqlite\core.py", line 115, in run
    result = function()
             ^^^^^^^^^^
sqlalchemy.exc.OperationalError: (sqlite3.OperationalError) no such column: users.hashed_password
[SQL: SELECT users.id, users.email, users.name, users.role, users.created_at, users.last_login, users.hashed_password 
FROM users 
WHERE users.email = ?]
[parameters: ('khuojuin11@gmail.conm',)]
(Background on this error at: https://sqlalche.me/e/20/e3q8)
2026-03-03 17:10:56,843 - core.database - DEBUG - [DB_OP] Database session cleanup after 0.0205s
2026-03-03 17:10:56,843 - aiosqlite - DEBUG - executing functools.partial(<built-in method rollback of sqlite3.Connection object at 0x000001FD59D757B0>)
2026-03-03 17:10:56,843 - aiosqlite - DEBUG - operation functools.partial(<built-in method rollback of sqlite3.Connection object at 0x000001FD59D757B0>) completed
2026-03-03 17:10:56,843 - aiosqlite - DEBUG - executing functools.partial(<built-in method rollback of sqlite3.Connection object at 0x000001FD59D757B0>)
2026-03-03 17:10:56,843 - aiosqlite - DEBUG - operation functools.partial(<built-in method rollback of sqlite3.Connection object at 0x000001FD59D757B0>) completed
2026-03-03 17:10:56,843 - aiosqlite - DEBUG - executing functools.partial(<built-in method close of sqlite3.Connection object at 0x000001FD59D757B0>)
2026-03-03 17:10:56,843 - aiosqlite - DEBUG - operation functools.partial(<built-in method close of sqlite3.Connection object at 0x000001FD59D757B0>) completed
2026-03-03 17:10:56,843 - core.database - ERROR - Failed to create database session: (sqlite3.OperationalError) no such column: users.hashed_password
[SQL: SELECT users.id, users.email, users.name, users.role, users.created_at, users.last_login, users.hashed_password 
FROM users 
WHERE users.email = ?]
[parameters: ('khuojuin11@gmail.conm',)]
(Background on this error at: https://sqlalche.me/e/20/e3q8)
Traceback (most recent call last):
  File "D:\ASM1\.venv\Lib\site-packages\sqlalchemy\engine\base.py", line 1967, in _exec_single_context
    self.dialect.do_execute(
  File "D:\ASM1\.venv\Lib\site-packages\sqlalchemy\engine\default.py", line 941, in do_execute
    cursor.execute(statement, parameters)
  File "D:\ASM1\.venv\Lib\site-packages\sqlalchemy\dialects\sqlite\aiosqlite.py", line 147, in execute
    self._adapt_connection._handle_exception(error)
  File "D:\ASM1\.venv\Lib\site-packages\sqlalchemy\dialects\sqlite\aiosqlite.py", line 298, in _handle_exception
    raise error
  File "D:\ASM1\.venv\Lib\site-packages\sqlalchemy\dialects\sqlite\aiosqlite.py", line 129, in execute
    self.await_(_cursor.execute(operation, parameters))
  File "D:\ASM1\.venv\Lib\site-packages\sqlalchemy\util\_concurrency_py3k.py", line 132, in await_only
    return current.parent.switch(awaitable)  # type: ignore[no-any-return,attr-defined] # noqa: E501
           ^^^^^^^^^^^^^^^^^^^^^^^^^^^^^^^^
  File "D:\ASM1\.venv\Lib\site-packages\sqlalchemy\util\_concurrency_py3k.py", line 196, in greenlet_spawn
    value = await result
            ^^^^^^^^^^^^
  File "D:\ASM1\.venv\Lib\site-packages\aiosqlite\cursor.py", line 48, in execute
    await self._execute(self._cursor.execute, sql, parameters)
  File "D:\ASM1\.venv\Lib\site-packages\aiosqlite\cursor.py", line 40, in _execute
    return await self._conn._execute(fn, *args, **kwargs)
           ^^^^^^^^^^^^^^^^^^^^^^^^^^^^^^^^^^^^^^^^^^^^^^
  File "D:\ASM1\.venv\Lib\site-packages\aiosqlite\core.py", line 132, in _execute
    return await future
           ^^^^^^^^^^^^
  File "D:\ASM1\.venv\Lib\site-packages\aiosqlite\core.py", line 115, in run
    result = function()
             ^^^^^^^^^^
sqlite3.OperationalError: no such column: users.hashed_password

The above exception was the direct cause of the following exception:

Traceback (most recent call last):
  File "D:\ASM1\backend\core\database.py", line 542, in get_db
    yield session
  File "D:\ASM1\.venv\Lib\site-packages\fastapi\routing.py", line 301, in app
    raw_response = await run_endpoint_function(
                   ^^^^^^^^^^^^^^^^^^^^^^^^^^^^
  File "D:\ASM1\.venv\Lib\site-packages\fastapi\routing.py", line 212, in run_endpoint_function
    return await dependant.call(**values)
           ^^^^^^^^^^^^^^^^^^^^^^^^^^^^^^
  File "D:\ASM1\backend\routers\auth.py", line 349, in login_password
    result = await db.execute(select(User).where(User.email == clean_email))
             ^^^^^^^^^^^^^^^^^^^^^^^^^^^^^^^^^^^^^^^^^^^^^^^^^^^^^^^^^^^^^^^
  File "D:\ASM1\.venv\Lib\site-packages\sqlalchemy\ext\asyncio\session.py", line 461, in execute
    result = await greenlet_spawn(
             ^^^^^^^^^^^^^^^^^^^^^
  File "D:\ASM1\.venv\Lib\site-packages\sqlalchemy\util\_concurrency_py3k.py", line 201, in greenlet_spawn
    result = context.throw(*sys.exc_info())
             ^^^^^^^^^^^^^^^^^^^^^^^^^^^^^^
  File "D:\ASM1\.venv\Lib\site-packages\sqlalchemy\orm\session.py", line 2362, in execute
    return self._execute_internal(
           ^^^^^^^^^^^^^^^^^^^^^^^
  File "D:\ASM1\.venv\Lib\site-packages\sqlalchemy\orm\session.py", line 2247, in _execute_internal
    result: Result[Any] = compile_state_cls.orm_execute_statement(
                          ^^^^^^^^^^^^^^^^^^^^^^^^^^^^^^^^^^^^^^^^
  File "D:\ASM1\.venv\Lib\site-packages\sqlalchemy\orm\context.py", line 305, in orm_execute_statement
    result = conn.execute(
             ^^^^^^^^^^^^^
  File "D:\ASM1\.venv\Lib\site-packages\sqlalchemy\engine\base.py", line 1418, in execute
    return meth(
           ^^^^^
  File "D:\ASM1\.venv\Lib\site-packages\sqlalchemy\sql\elements.py", line 515, in _execute_on_connection
    return connection._execute_clauseelement(
           ^^^^^^^^^^^^^^^^^^^^^^^^^^^^^^^^^^
  File "D:\ASM1\.venv\Lib\site-packages\sqlalchemy\engine\base.py", line 1640, in _execute_clauseelement
    ret = self._execute_context(
          ^^^^^^^^^^^^^^^^^^^^^^
  File "D:\ASM1\.venv\Lib\site-packages\sqlalchemy\engine\base.py", line 1846, in _execute_context
    return self._exec_single_context(
           ^^^^^^^^^^^^^^^^^^^^^^^^^^
  File "D:\ASM1\.venv\Lib\site-packages\sqlalchemy\engine\base.py", line 1986, in _exec_single_context
    self._handle_dbapi_exception(
  File "D:\ASM1\.venv\Lib\site-packages\sqlalchemy\engine\base.py", line 2355, in _handle_dbapi_exception
    raise sqlalchemy_exception.with_traceback(exc_info[2]) from e
  File "D:\ASM1\.venv\Lib\site-packages\sqlalchemy\engine\base.py", line 1967, in _exec_single_context
    self.dialect.do_execute(
  File "D:\ASM1\.venv\Lib\site-packages\sqlalchemy\engine\default.py", line 941, in do_execute
    cursor.execute(statement, parameters)
  File "D:\ASM1\.venv\Lib\site-packages\sqlalchemy\dialects\sqlite\aiosqlite.py", line 147, in execute
    self._adapt_connection._handle_exception(error)
  File "D:\ASM1\.venv\Lib\site-packages\sqlalchemy\dialects\sqlite\aiosqlite.py", line 298, in _handle_exception
    raise error
  File "D:\ASM1\.venv\Lib\site-packages\sqlalchemy\dialects\sqlite\aiosqlite.py", line 129, in execute
    self.await_(_cursor.execute(operation, parameters))
  File "D:\ASM1\.venv\Lib\site-packages\sqlalchemy\util\_concurrency_py3k.py", line 132, in await_only
    return current.parent.switch(awaitable)  # type: ignore[no-any-return,attr-defined] # noqa: E501
           ^^^^^^^^^^^^^^^^^^^^^^^^^^^^^^^^
  File "D:\ASM1\.venv\Lib\site-packages\sqlalchemy\util\_concurrency_py3k.py", line 196, in greenlet_spawn
    value = await result
            ^^^^^^^^^^^^
  File "D:\ASM1\.venv\Lib\site-packages\aiosqlite\cursor.py", line 48, in execute
    await self._execute(self._cursor.execute, sql, parameters)
  File "D:\ASM1\.venv\Lib\site-packages\aiosqlite\cursor.py", line 40, in _execute
    return await self._conn._execute(fn, *args, **kwargs)
           ^^^^^^^^^^^^^^^^^^^^^^^^^^^^^^^^^^^^^^^^^^^^^^
  File "D:\ASM1\.venv\Lib\site-packages\aiosqlite\core.py", line 132, in _execute
    return await future
           ^^^^^^^^^^^^
  File "D:\ASM1\.venv\Lib\site-packages\aiosqlite\core.py", line 115, in run
    result = function()
             ^^^^^^^^^^
sqlalchemy.exc.OperationalError: (sqlite3.OperationalError) no such column: users.hashed_password
[SQL: SELECT users.id, users.email, users.name, users.role, users.created_at, users.last_login, users.hashed_password 
FROM users 
WHERE users.email = ?]
[parameters: ('khuojuin11@gmail.conm',)]
(Background on this error at: https://sqlalche.me/e/20/e3q8)
2026-03-03 17:10:56,989 - core.database - DEBUG - [DB_OP] Starting get_db session creation
2026-03-03 17:10:56,989 - core.database - DEBUG - [DB_OP] Database session created successfully in 0.0000s
2026-03-03 17:10:56,990 - aiosqlite - DEBUG - executing <function connect.<locals>.connector at 0x000001FD59FE3EC0>
2026-03-03 17:10:56,991 - aiosqlite - DEBUG - operation <function connect.<locals>.connector at 0x000001FD59FE3EC0> completed
2026-03-03 17:10:56,991 - aiosqlite - DEBUG - executing functools.partial(<built-in method create_function of sqlite3.Connection object at 0x000001FD59D75B70>, 'regexp', 2, <function SQLiteDialect_pysqlite.on_connect.<locals>.regexp at 0x000001FD59CDBF60>, deterministic=True)
2026-03-03 17:10:56,992 - aiosqlite - DEBUG - operation functools.partial(<built-in method create_function of sqlite3.Connection object at 0x000001FD59D75B70>, 'regexp', 2, <function SQLiteDialect_pysqlite.on_connect.<locals>.regexp at 0x000001FD59CDBF60>, deterministic=True) completed
2026-03-03 17:10:56,992 - aiosqlite - DEBUG - executing functools.partial(<built-in method create_function of sqlite3.Connection object at 0x000001FD59D75B70>, 'floor', 1, <built-in function floor>, deterministic=True)
2026-03-03 17:10:56,992 - aiosqlite - DEBUG - operation functools.partial(<built-in method create_function of sqlite3.Connection object at 0x000001FD59D75B70>, 'floor', 1, <built-in function floor>, deterministic=True) completed
2026-03-03 17:10:56,994 - aiosqlite - DEBUG - executing functools.partial(<built-in method cursor of sqlite3.Connection object at 0x000001FD59D75B70>)
2026-03-03 17:10:56,994 - aiosqlite - DEBUG - operation functools.partial(<built-in method cursor of sqlite3.Connection object at 0x000001FD59D75B70>) completed
2026-03-03 17:10:56,994 - aiosqlite - DEBUG - executing functools.partial(<built-in method execute of sqlite3.Cursor object at 0x000001FD5A028E40>, 'SELECT users.id, users.email, users.name, users.role, users.created_at, users.last_login, users.hashed_password \nFROM users \nWHERE users.email = ?', ('khuojuin11@gmail.conm',))
2026-03-03 17:10:56,994 - aiosqlite - DEBUG - returning exception no such column: users.hashed_password
2026-03-03 17:10:56,994 - core.database - ERROR - Database session error: (sqlite3.OperationalError) no such column: users.hashed_password
[SQL: SELECT users.id, users.email, users.name, users.role, users.created_at, users.last_login, users.hashed_password 
FROM users 
WHERE users.email = ?]
[parameters: ('khuojuin11@gmail.conm',)]
(Background on this error at: https://sqlalche.me/e/20/e3q8)
Traceback (most recent call last):
  File "D:\ASM1\.venv\Lib\site-packages\sqlalchemy\engine\base.py", line 1967, in _exec_single_context
    self.dialect.do_execute(
  File "D:\ASM1\.venv\Lib\site-packages\sqlalchemy\engine\default.py", line 941, in do_execute
    cursor.execute(statement, parameters)
  File "D:\ASM1\.venv\Lib\site-packages\sqlalchemy\dialects\sqlite\aiosqlite.py", line 147, in execute
    self._adapt_connection._handle_exception(error)
  File "D:\ASM1\.venv\Lib\site-packages\sqlalchemy\dialects\sqlite\aiosqlite.py", line 298, in _handle_exception
    raise error
  File "D:\ASM1\.venv\Lib\site-packages\sqlalchemy\dialects\sqlite\aiosqlite.py", line 129, in execute
    self.await_(_cursor.execute(operation, parameters))
  File "D:\ASM1\.venv\Lib\site-packages\sqlalchemy\util\_concurrency_py3k.py", line 132, in await_only
    return current.parent.switch(awaitable)  # type: ignore[no-any-return,attr-defined] # noqa: E501
           ^^^^^^^^^^^^^^^^^^^^^^^^^^^^^^^^
  File "D:\ASM1\.venv\Lib\site-packages\sqlalchemy\util\_concurrency_py3k.py", line 196, in greenlet_spawn
    value = await result
            ^^^^^^^^^^^^
  File "D:\ASM1\.venv\Lib\site-packages\aiosqlite\cursor.py", line 48, in execute
    await self._execute(self._cursor.execute, sql, parameters)
  File "D:\ASM1\.venv\Lib\site-packages\aiosqlite\cursor.py", line 40, in _execute
    return await self._conn._execute(fn, *args, **kwargs)
           ^^^^^^^^^^^^^^^^^^^^^^^^^^^^^^^^^^^^^^^^^^^^^^
  File "D:\ASM1\.venv\Lib\site-packages\aiosqlite\core.py", line 132, in _execute
    return await future
           ^^^^^^^^^^^^
  File "D:\ASM1\.venv\Lib\site-packages\aiosqlite\core.py", line 115, in run
    result = function()
             ^^^^^^^^^^
sqlite3.OperationalError: no such column: users.hashed_password

The above exception was the direct cause of the following exception:

Traceback (most recent call last):
  File "D:\ASM1\backend\core\database.py", line 542, in get_db
    yield session
  File "D:\ASM1\.venv\Lib\site-packages\fastapi\routing.py", line 301, in app
    raw_response = await run_endpoint_function(
                   ^^^^^^^^^^^^^^^^^^^^^^^^^^^^
  File "D:\ASM1\.venv\Lib\site-packages\fastapi\routing.py", line 212, in run_endpoint_function
    return await dependant.call(**values)
           ^^^^^^^^^^^^^^^^^^^^^^^^^^^^^^
  File "D:\ASM1\backend\routers\auth.py", line 349, in login_password
    result = await db.execute(select(User).where(User.email == clean_email))
             ^^^^^^^^^^^^^^^^^^^^^^^^^^^^^^^^^^^^^^^^^^^^^^^^^^^^^^^^^^^^^^^
  File "D:\ASM1\.venv\Lib\site-packages\sqlalchemy\ext\asyncio\session.py", line 461, in execute
    result = await greenlet_spawn(
             ^^^^^^^^^^^^^^^^^^^^^
  File "D:\ASM1\.venv\Lib\site-packages\sqlalchemy\util\_concurrency_py3k.py", line 201, in greenlet_spawn
    result = context.throw(*sys.exc_info())
             ^^^^^^^^^^^^^^^^^^^^^^^^^^^^^^
  File "D:\ASM1\.venv\Lib\site-packages\sqlalchemy\orm\session.py", line 2362, in execute
    return self._execute_internal(
           ^^^^^^^^^^^^^^^^^^^^^^^
  File "D:\ASM1\.venv\Lib\site-packages\sqlalchemy\orm\session.py", line 2247, in _execute_internal
    result: Result[Any] = compile_state_cls.orm_execute_statement(
                          ^^^^^^^^^^^^^^^^^^^^^^^^^^^^^^^^^^^^^^^^
  File "D:\ASM1\.venv\Lib\site-packages\sqlalchemy\orm\context.py", line 305, in orm_execute_statement
    result = conn.execute(
             ^^^^^^^^^^^^^
  File "D:\ASM1\.venv\Lib\site-packages\sqlalchemy\engine\base.py", line 1418, in execute
    return meth(
           ^^^^^
  File "D:\ASM1\.venv\Lib\site-packages\sqlalchemy\sql\elements.py", line 515, in _execute_on_connection
    return connection._execute_clauseelement(
           ^^^^^^^^^^^^^^^^^^^^^^^^^^^^^^^^^^
  File "D:\ASM1\.venv\Lib\site-packages\sqlalchemy\engine\base.py", line 1640, in _execute_clauseelement
    ret = self._execute_context(
          ^^^^^^^^^^^^^^^^^^^^^^
  File "D:\ASM1\.venv\Lib\site-packages\sqlalchemy\engine\base.py", line 1846, in _execute_context
    return self._exec_single_context(
           ^^^^^^^^^^^^^^^^^^^^^^^^^^
  File "D:\ASM1\.venv\Lib\site-packages\sqlalchemy\engine\base.py", line 1986, in _exec_single_context
    self._handle_dbapi_exception(
  File "D:\ASM1\.venv\Lib\site-packages\sqlalchemy\engine\base.py", line 2355, in _handle_dbapi_exception
    raise sqlalchemy_exception.with_traceback(exc_info[2]) from e
  File "D:\ASM1\.venv\Lib\site-packages\sqlalchemy\engine\base.py", line 1967, in _exec_single_context
    self.dialect.do_execute(
  File "D:\ASM1\.venv\Lib\site-packages\sqlalchemy\engine\default.py", line 941, in do_execute
    cursor.execute(statement, parameters)
  File "D:\ASM1\.venv\Lib\site-packages\sqlalchemy\dialects\sqlite\aiosqlite.py", line 147, in execute
    self._adapt_connection._handle_exception(error)
  File "D:\ASM1\.venv\Lib\site-packages\sqlalchemy\dialects\sqlite\aiosqlite.py", line 298, in _handle_exception
    raise error
  File "D:\ASM1\.venv\Lib\site-packages\sqlalchemy\dialects\sqlite\aiosqlite.py", line 129, in execute
    self.await_(_cursor.execute(operation, parameters))
  File "D:\ASM1\.venv\Lib\site-packages\sqlalchemy\util\_concurrency_py3k.py", line 132, in await_only
    return current.parent.switch(awaitable)  # type: ignore[no-any-return,attr-defined] # noqa: E501
           ^^^^^^^^^^^^^^^^^^^^^^^^^^^^^^^^
  File "D:\ASM1\.venv\Lib\site-packages\sqlalchemy\util\_concurrency_py3k.py", line 196, in greenlet_spawn
    value = await result
            ^^^^^^^^^^^^
  File "D:\ASM1\.venv\Lib\site-packages\aiosqlite\cursor.py", line 48, in execute
    await self._execute(self._cursor.execute, sql, parameters)
  File "D:\ASM1\.venv\Lib\site-packages\aiosqlite\cursor.py", line 40, in _execute
    return await self._conn._execute(fn, *args, **kwargs)
           ^^^^^^^^^^^^^^^^^^^^^^^^^^^^^^^^^^^^^^^^^^^^^^
  File "D:\ASM1\.venv\Lib\site-packages\aiosqlite\core.py", line 132, in _execute
    return await future
           ^^^^^^^^^^^^
  File "D:\ASM1\.venv\Lib\site-packages\aiosqlite\core.py", line 115, in run
    result = function()
             ^^^^^^^^^^
sqlalchemy.exc.OperationalError: (sqlite3.OperationalError) no such column: users.hashed_password
[SQL: SELECT users.id, users.email, users.name, users.role, users.created_at, users.last_login, users.hashed_password 
FROM users 
WHERE users.email = ?]
[parameters: ('khuojuin11@gmail.conm',)]
(Background on this error at: https://sqlalche.me/e/20/e3q8)
2026-03-03 17:10:57,003 - core.database - DEBUG - [DB_OP] Database session cleanup after 0.0143s
2026-03-03 17:10:57,003 - aiosqlite - DEBUG - executing functools.partial(<built-in method rollback of sqlite3.Connection object at 0x000001FD59D75B70>)
2026-03-03 17:10:57,003 - aiosqlite - DEBUG - operation functools.partial(<built-in method rollback of sqlite3.Connection object at 0x000001FD59D75B70>) completed
2026-03-03 17:10:57,003 - aiosqlite - DEBUG - executing functools.partial(<built-in method rollback of sqlite3.Connection object at 0x000001FD59D75B70>)
2026-03-03 17:10:57,011 - aiosqlite - DEBUG - operation functools.partial(<built-in method rollback of sqlite3.Connection object at 0x000001FD59D75B70>) completed
2026-03-03 17:10:57,011 - aiosqlite - DEBUG - executing functools.partial(<built-in method close of sqlite3.Connection object at 0x000001FD59D75B70>)
2026-03-03 17:10:57,011 - aiosqlite - DEBUG - operation functools.partial(<built-in method close of sqlite3.Connection object at 0x000001FD59D75B70>) completed
2026-03-03 17:10:57,011 - core.database - ERROR - Failed to create database session: (sqlite3.OperationalError) no such column: users.hashed_password
[SQL: SELECT users.id, users.email, users.name, users.role, users.created_at, users.last_login, users.hashed_password 
FROM users 
WHERE users.email = ?]
[parameters: ('khuojuin11@gmail.conm',)]
(Background on this error at: https://sqlalche.me/e/20/e3q8)
Traceback (most recent call last):
  File "D:\ASM1\.venv\Lib\site-packages\sqlalchemy\engine\base.py", line 1967, in _exec_single_context
    self.dialect.do_execute(
  File "D:\ASM1\.venv\Lib\site-packages\sqlalchemy\engine\default.py", line 941, in do_execute
    cursor.execute(statement, parameters)
  File "D:\ASM1\.venv\Lib\site-packages\sqlalchemy\dialects\sqlite\aiosqlite.py", line 147, in execute
    self._adapt_connection._handle_exception(error)
  File "D:\ASM1\.venv\Lib\site-packages\sqlalchemy\dialects\sqlite\aiosqlite.py", line 298, in _handle_exception
    raise error
  File "D:\ASM1\.venv\Lib\site-packages\sqlalchemy\dialects\sqlite\aiosqlite.py", line 129, in execute
    self.await_(_cursor.execute(operation, parameters))
  File "D:\ASM1\.venv\Lib\site-packages\sqlalchemy\util\_concurrency_py3k.py", line 132, in await_only
    return current.parent.switch(awaitable)  # type: ignore[no-any-return,attr-defined] # noqa: E501
           ^^^^^^^^^^^^^^^^^^^^^^^^^^^^^^^^
  File "D:\ASM1\.venv\Lib\site-packages\sqlalchemy\util\_concurrency_py3k.py", line 196, in greenlet_spawn
    value = await result
            ^^^^^^^^^^^^
  File "D:\ASM1\.venv\Lib\site-packages\aiosqlite\cursor.py", line 48, in execute
    await self._execute(self._cursor.execute, sql, parameters)
  File "D:\ASM1\.venv\Lib\site-packages\aiosqlite\cursor.py", line 40, in _execute
    return await self._conn._execute(fn, *args, **kwargs)
           ^^^^^^^^^^^^^^^^^^^^^^^^^^^^^^^^^^^^^^^^^^^^^^
  File "D:\ASM1\.venv\Lib\site-packages\aiosqlite\core.py", line 132, in _execute
    return await future
           ^^^^^^^^^^^^
  File "D:\ASM1\.venv\Lib\site-packages\aiosqlite\core.py", line 115, in run
    result = function()
             ^^^^^^^^^^
sqlite3.OperationalError: no such column: users.hashed_password

The above exception was the direct cause of the following exception:

Traceback (most recent call last):
  File "D:\ASM1\backend\core\database.py", line 542, in get_db
    yield session
  File "D:\ASM1\.venv\Lib\site-packages\fastapi\routing.py", line 301, in app
    raw_response = await run_endpoint_function(
                   ^^^^^^^^^^^^^^^^^^^^^^^^^^^^
  File "D:\ASM1\.venv\Lib\site-packages\fastapi\routing.py", line 212, in run_endpoint_function
    return await dependant.call(**values)
           ^^^^^^^^^^^^^^^^^^^^^^^^^^^^^^
  File "D:\ASM1\backend\routers\auth.py", line 349, in login_password
    result = await db.execute(select(User).where(User.email == clean_email))
             ^^^^^^^^^^^^^^^^^^^^^^^^^^^^^^^^^^^^^^^^^^^^^^^^^^^^^^^^^^^^^^^
  File "D:\ASM1\.venv\Lib\site-packages\sqlalchemy\ext\asyncio\session.py", line 461, in execute
    result = await greenlet_spawn(
             ^^^^^^^^^^^^^^^^^^^^^
  File "D:\ASM1\.venv\Lib\site-packages\sqlalchemy\util\_concurrency_py3k.py", line 201, in greenlet_spawn
    result = context.throw(*sys.exc_info())
             ^^^^^^^^^^^^^^^^^^^^^^^^^^^^^^
  File "D:\ASM1\.venv\Lib\site-packages\sqlalchemy\orm\session.py", line 2362, in execute
    return self._execute_internal(
           ^^^^^^^^^^^^^^^^^^^^^^^
  File "D:\ASM1\.venv\Lib\site-packages\sqlalchemy\orm\session.py", line 2247, in _execute_internal
    result: Result[Any] = compile_state_cls.orm_execute_statement(
                          ^^^^^^^^^^^^^^^^^^^^^^^^^^^^^^^^^^^^^^^^
  File "D:\ASM1\.venv\Lib\site-packages\sqlalchemy\orm\context.py", line 305, in orm_execute_statement
    result = conn.execute(
             ^^^^^^^^^^^^^
  File "D:\ASM1\.venv\Lib\site-packages\sqlalchemy\engine\base.py", line 1418, in execute
    return meth(
           ^^^^^
  File "D:\ASM1\.venv\Lib\site-packages\sqlalchemy\sql\elements.py", line 515, in _execute_on_connection
    return connection._execute_clauseelement(
           ^^^^^^^^^^^^^^^^^^^^^^^^^^^^^^^^^^
  File "D:\ASM1\.venv\Lib\site-packages\sqlalchemy\engine\base.py", line 1640, in _execute_clauseelement
    ret = self._execute_context(
          ^^^^^^^^^^^^^^^^^^^^^^
  File "D:\ASM1\.venv\Lib\site-packages\sqlalchemy\engine\base.py", line 1846, in _execute_context
    return self._exec_single_context(
           ^^^^^^^^^^^^^^^^^^^^^^^^^^
  File "D:\ASM1\.venv\Lib\site-packages\sqlalchemy\engine\base.py", line 1986, in _exec_single_context
    self._handle_dbapi_exception(
  File "D:\ASM1\.venv\Lib\site-packages\sqlalchemy\engine\base.py", line 2355, in _handle_dbapi_exception
    raise sqlalchemy_exception.with_traceback(exc_info[2]) from e
  File "D:\ASM1\.venv\Lib\site-packages\sqlalchemy\engine\base.py", line 1967, in _exec_single_context
    self.dialect.do_execute(
  File "D:\ASM1\.venv\Lib\site-packages\sqlalchemy\engine\default.py", line 941, in do_execute
    cursor.execute(statement, parameters)
  File "D:\ASM1\.venv\Lib\site-packages\sqlalchemy\dialects\sqlite\aiosqlite.py", line 147, in execute
    self._adapt_connection._handle_exception(error)
  File "D:\ASM1\.venv\Lib\site-packages\sqlalchemy\dialects\sqlite\aiosqlite.py", line 298, in _handle_exception
    raise error
  File "D:\ASM1\.venv\Lib\site-packages\sqlalchemy\dialects\sqlite\aiosqlite.py", line 129, in execute
    self.await_(_cursor.execute(operation, parameters))
  File "D:\ASM1\.venv\Lib\site-packages\sqlalchemy\util\_concurrency_py3k.py", line 132, in await_only
    return current.parent.switch(awaitable)  # type: ignore[no-any-return,attr-defined] # noqa: E501
           ^^^^^^^^^^^^^^^^^^^^^^^^^^^^^^^^
  File "D:\ASM1\.venv\Lib\site-packages\sqlalchemy\util\_concurrency_py3k.py", line 196, in greenlet_spawn
    value = await result
            ^^^^^^^^^^^^
  File "D:\ASM1\.venv\Lib\site-packages\aiosqlite\cursor.py", line 48, in execute
    await self._execute(self._cursor.execute, sql, parameters)
  File "D:\ASM1\.venv\Lib\site-packages\aiosqlite\cursor.py", line 40, in _execute
    return await self._conn._execute(fn, *args, **kwargs)
           ^^^^^^^^^^^^^^^^^^^^^^^^^^^^^^^^^^^^^^^^^^^^^^
  File "D:\ASM1\.venv\Lib\site-packages\aiosqlite\core.py", line 132, in _execute
    return await future
           ^^^^^^^^^^^^
  File "D:\ASM1\.venv\Lib\site-packages\aiosqlite\core.py", line 115, in run
    result = function()
             ^^^^^^^^^^
sqlalchemy.exc.OperationalError: (sqlite3.OperationalError) no such column: users.hashed_password
[SQL: SELECT users.id, users.email, users.name, users.role, users.created_at, users.last_login, users.hashed_password 
FROM users 
WHERE users.email = ?]
[parameters: ('khuojuin11@gmail.conm',)]
(Background on this error at: https://sqlalche.me/e/20/e3q8)
2026-03-03 17:10:57,158 - core.database - DEBUG - [DB_OP] Starting get_db session creation
2026-03-03 17:10:57,158 - core.database - DEBUG - [DB_OP] Database session created successfully in 0.0001s
2026-03-03 17:10:57,159 - aiosqlite - DEBUG - executing <function connect.<locals>.connector at 0x000001FD59FE2980>
2026-03-03 17:10:57,160 - aiosqlite - DEBUG - operation <function connect.<locals>.connector at 0x000001FD59FE2980> completed
2026-03-03 17:10:57,160 - aiosqlite - DEBUG - executing functools.partial(<built-in method create_function of sqlite3.Connection object at 0x000001FD59D13010>, 'regexp', 2, <function SQLiteDialect_pysqlite.on_connect.<locals>.regexp at 0x000001FD59CDBF60>, deterministic=True)
2026-03-03 17:10:57,160 - aiosqlite - DEBUG - operation functools.partial(<built-in method create_function of sqlite3.Connection object at 0x000001FD59D13010>, 'regexp', 2, <function SQLiteDialect_pysqlite.on_connect.<locals>.regexp at 0x000001FD59CDBF60>, deterministic=True) completed
2026-03-03 17:10:57,160 - aiosqlite - DEBUG - executing functools.partial(<built-in method create_function of sqlite3.Connection object at 0x000001FD59D13010>, 'floor', 1, <built-in function floor>, deterministic=True)
2026-03-03 17:10:57,162 - aiosqlite - DEBUG - operation functools.partial(<built-in method create_function of sqlite3.Connection object at 0x000001FD59D13010>, 'floor', 1, <built-in function floor>, deterministic=True) completed
2026-03-03 17:10:57,162 - aiosqlite - DEBUG - executing functools.partial(<built-in method cursor of sqlite3.Connection object at 0x000001FD59D13010>)
2026-03-03 17:10:57,162 - aiosqlite - DEBUG - operation functools.partial(<built-in method cursor of sqlite3.Connection object at 0x000001FD59D13010>) completed
2026-03-03 17:10:57,164 - aiosqlite - DEBUG - executing functools.partial(<built-in method execute of sqlite3.Cursor object at 0x000001FD5A02A640>, 'SELECT users.id, users.email, users.name, users.role, users.created_at, users.last_login, users.hashed_password \nFROM users \nWHERE users.email = ?', ('khuojuin11@gmail.conm',))
2026-03-03 17:10:57,164 - aiosqlite - DEBUG - returning exception no such column: users.hashed_password
2026-03-03 17:10:57,164 - core.database - ERROR - Database session error: (sqlite3.OperationalError) no such column: users.hashed_password
[SQL: SELECT users.id, users.email, users.name, users.role, users.created_at, users.last_login, users.hashed_password 
FROM users 
WHERE users.email = ?]
[parameters: ('khuojuin11@gmail.conm',)]
(Background on this error at: https://sqlalche.me/e/20/e3q8)
Traceback (most recent call last):
  File "D:\ASM1\.venv\Lib\site-packages\sqlalchemy\engine\base.py", line 1967, in _exec_single_context
    self.dialect.do_execute(
  File "D:\ASM1\.venv\Lib\site-packages\sqlalchemy\engine\default.py", line 941, in do_execute
    cursor.execute(statement, parameters)
  File "D:\ASM1\.venv\Lib\site-packages\sqlalchemy\dialects\sqlite\aiosqlite.py", line 147, in execute
    self._adapt_connection._handle_exception(error)
  File "D:\ASM1\.venv\Lib\site-packages\sqlalchemy\dialects\sqlite\aiosqlite.py", line 298, in _handle_exception
    raise error
  File "D:\ASM1\.venv\Lib\site-packages\sqlalchemy\dialects\sqlite\aiosqlite.py", line 129, in execute
    self.await_(_cursor.execute(operation, parameters))
  File "D:\ASM1\.venv\Lib\site-packages\sqlalchemy\util\_concurrency_py3k.py", line 132, in await_only
    return current.parent.switch(awaitable)  # type: ignore[no-any-return,attr-defined] # noqa: E501
           ^^^^^^^^^^^^^^^^^^^^^^^^^^^^^^^^
  File "D:\ASM1\.venv\Lib\site-packages\sqlalchemy\util\_concurrency_py3k.py", line 196, in greenlet_spawn
    value = await result
            ^^^^^^^^^^^^
  File "D:\ASM1\.venv\Lib\site-packages\aiosqlite\cursor.py", line 48, in execute
    await self._execute(self._cursor.execute, sql, parameters)
  File "D:\ASM1\.venv\Lib\site-packages\aiosqlite\cursor.py", line 40, in _execute
    return await self._conn._execute(fn, *args, **kwargs)
           ^^^^^^^^^^^^^^^^^^^^^^^^^^^^^^^^^^^^^^^^^^^^^^
  File "D:\ASM1\.venv\Lib\site-packages\aiosqlite\core.py", line 132, in _execute
    return await future
           ^^^^^^^^^^^^
  File "D:\ASM1\.venv\Lib\site-packages\aiosqlite\core.py", line 115, in run
    result = function()
             ^^^^^^^^^^
sqlite3.OperationalError: no such column: users.hashed_password

The above exception was the direct cause of the following exception:

Traceback (most recent call last):
  File "D:\ASM1\backend\core\database.py", line 542, in get_db
    yield session
  File "D:\ASM1\.venv\Lib\site-packages\fastapi\routing.py", line 301, in app
    raw_response = await run_endpoint_function(
                   ^^^^^^^^^^^^^^^^^^^^^^^^^^^^
  File "D:\ASM1\.venv\Lib\site-packages\fastapi\routing.py", line 212, in run_endpoint_function
    return await dependant.call(**values)
           ^^^^^^^^^^^^^^^^^^^^^^^^^^^^^^
  File "D:\ASM1\backend\routers\auth.py", line 349, in login_password
    result = await db.execute(select(User).where(User.email == clean_email))
             ^^^^^^^^^^^^^^^^^^^^^^^^^^^^^^^^^^^^^^^^^^^^^^^^^^^^^^^^^^^^^^^
  File "D:\ASM1\.venv\Lib\site-packages\sqlalchemy\ext\asyncio\session.py", line 461, in execute
    result = await greenlet_spawn(
             ^^^^^^^^^^^^^^^^^^^^^
  File "D:\ASM1\.venv\Lib\site-packages\sqlalchemy\util\_concurrency_py3k.py", line 201, in greenlet_spawn
    result = context.throw(*sys.exc_info())
             ^^^^^^^^^^^^^^^^^^^^^^^^^^^^^^
  File "D:\ASM1\.venv\Lib\site-packages\sqlalchemy\orm\session.py", line 2362, in execute
    return self._execute_internal(
           ^^^^^^^^^^^^^^^^^^^^^^^
  File "D:\ASM1\.venv\Lib\site-packages\sqlalchemy\orm\session.py", line 2247, in _execute_internal
    result: Result[Any] = compile_state_cls.orm_execute_statement(
                          ^^^^^^^^^^^^^^^^^^^^^^^^^^^^^^^^^^^^^^^^
  File "D:\ASM1\.venv\Lib\site-packages\sqlalchemy\orm\context.py", line 305, in orm_execute_statement
    result = conn.execute(
             ^^^^^^^^^^^^^
  File "D:\ASM1\.venv\Lib\site-packages\sqlalchemy\engine\base.py", line 1418, in execute
    return meth(
           ^^^^^
  File "D:\ASM1\.venv\Lib\site-packages\sqlalchemy\sql\elements.py", line 515, in _execute_on_connection
    return connection._execute_clauseelement(
           ^^^^^^^^^^^^^^^^^^^^^^^^^^^^^^^^^^
  File "D:\ASM1\.venv\Lib\site-packages\sqlalchemy\engine\base.py", line 1640, in _execute_clauseelement
    ret = self._execute_context(
          ^^^^^^^^^^^^^^^^^^^^^^
  File "D:\ASM1\.venv\Lib\site-packages\sqlalchemy\engine\base.py", line 1846, in _execute_context
    return self._exec_single_context(
           ^^^^^^^^^^^^^^^^^^^^^^^^^^
  File "D:\ASM1\.venv\Lib\site-packages\sqlalchemy\engine\base.py", line 1986, in _exec_single_context
    self._handle_dbapi_exception(
  File "D:\ASM1\.venv\Lib\site-packages\sqlalchemy\engine\base.py", line 2355, in _handle_dbapi_exception
    raise sqlalchemy_exception.with_traceback(exc_info[2]) from e
  File "D:\ASM1\.venv\Lib\site-packages\sqlalchemy\engine\base.py", line 1967, in _exec_single_context
    self.dialect.do_execute(
  File "D:\ASM1\.venv\Lib\site-packages\sqlalchemy\engine\default.py", line 941, in do_execute
    cursor.execute(statement, parameters)
  File "D:\ASM1\.venv\Lib\site-packages\sqlalchemy\dialects\sqlite\aiosqlite.py", line 147, in execute
    self._adapt_connection._handle_exception(error)
  File "D:\ASM1\.venv\Lib\site-packages\sqlalchemy\dialects\sqlite\aiosqlite.py", line 298, in _handle_exception
    raise error
  File "D:\ASM1\.venv\Lib\site-packages\sqlalchemy\dialects\sqlite\aiosqlite.py", line 129, in execute
    self.await_(_cursor.execute(operation, parameters))
  File "D:\ASM1\.venv\Lib\site-packages\sqlalchemy\util\_concurrency_py3k.py", line 132, in await_only
    return current.parent.switch(awaitable)  # type: ignore[no-any-return,attr-defined] # noqa: E501
           ^^^^^^^^^^^^^^^^^^^^^^^^^^^^^^^^
  File "D:\ASM1\.venv\Lib\site-packages\sqlalchemy\util\_concurrency_py3k.py", line 196, in greenlet_spawn
    value = await result
            ^^^^^^^^^^^^
  File "D:\ASM1\.venv\Lib\site-packages\aiosqlite\cursor.py", line 48, in execute
    await self._execute(self._cursor.execute, sql, parameters)
  File "D:\ASM1\.venv\Lib\site-packages\aiosqlite\cursor.py", line 40, in _execute
    return await self._conn._execute(fn, *args, **kwargs)
           ^^^^^^^^^^^^^^^^^^^^^^^^^^^^^^^^^^^^^^^^^^^^^^
  File "D:\ASM1\.venv\Lib\site-packages\aiosqlite\core.py", line 132, in _execute
    return await future
           ^^^^^^^^^^^^
  File "D:\ASM1\.venv\Lib\site-packages\aiosqlite\core.py", line 115, in run
    result = function()
             ^^^^^^^^^^
sqlalchemy.exc.OperationalError: (sqlite3.OperationalError) no such column: users.hashed_password
[SQL: SELECT users.id, users.email, users.name, users.role, users.created_at, users.last_login, users.hashed_password 
FROM users 
WHERE users.email = ?]
[parameters: ('khuojuin11@gmail.conm',)]
(Background on this error at: https://sqlalche.me/e/20/e3q8)
2026-03-03 17:10:57,174 - core.database - DEBUG - [DB_OP] Database session cleanup after 0.0163s
2026-03-03 17:10:57,174 - aiosqlite - DEBUG - executing functools.partial(<built-in method rollback of sqlite3.Connection object at 0x000001FD59D13010>)
2026-03-03 17:10:57,174 - aiosqlite - DEBUG - operation functools.partial(<built-in method rollback of sqlite3.Connection object at 0x000001FD59D13010>) completed
2026-03-03 17:10:57,174 - aiosqlite - DEBUG - executing functools.partial(<built-in method rollback of sqlite3.Connection object at 0x000001FD59D13010>)
2026-03-03 17:10:57,174 - aiosqlite - DEBUG - operation functools.partial(<built-in method rollback of sqlite3.Connection object at 0x000001FD59D13010>) completed
2026-03-03 17:10:57,174 - aiosqlite - DEBUG - executing functools.partial(<built-in method close of sqlite3.Connection object at 0x000001FD59D13010>)
2026-03-03 17:10:57,174 - aiosqlite - DEBUG - operation functools.partial(<built-in method close of sqlite3.Connection object at 0x000001FD59D13010>) completed
2026-03-03 17:10:57,174 - core.database - ERROR - Failed to create database session: (sqlite3.OperationalError) no such column: users.hashed_password
[SQL: SELECT users.id, users.email, users.name, users.role, users.created_at, users.last_login, users.hashed_password 
FROM users 
WHERE users.email = ?]
[parameters: ('khuojuin11@gmail.conm',)]
(Background on this error at: https://sqlalche.me/e/20/e3q8)
Traceback (most recent call last):
  File "D:\ASM1\.venv\Lib\site-packages\sqlalchemy\engine\base.py", line 1967, in _exec_single_context
    self.dialect.do_execute(
  File "D:\ASM1\.venv\Lib\site-packages\sqlalchemy\engine\default.py", line 941, in do_execute
    cursor.execute(statement, parameters)
  File "D:\ASM1\.venv\Lib\site-packages\sqlalchemy\dialects\sqlite\aiosqlite.py", line 147, in execute
    self._adapt_connection._handle_exception(error)
  File "D:\ASM1\.venv\Lib\site-packages\sqlalchemy\dialects\sqlite\aiosqlite.py", line 298, in _handle_exception
    raise error
  File "D:\ASM1\.venv\Lib\site-packages\sqlalchemy\dialects\sqlite\aiosqlite.py", line 129, in execute
    self.await_(_cursor.execute(operation, parameters))
  File "D:\ASM1\.venv\Lib\site-packages\sqlalchemy\util\_concurrency_py3k.py", line 132, in await_only
    return current.parent.switch(awaitable)  # type: ignore[no-any-return,attr-defined] # noqa: E501
           ^^^^^^^^^^^^^^^^^^^^^^^^^^^^^^^^
  File "D:\ASM1\.venv\Lib\site-packages\sqlalchemy\util\_concurrency_py3k.py", line 196, in greenlet_spawn
    value = await result
            ^^^^^^^^^^^^
  File "D:\ASM1\.venv\Lib\site-packages\aiosqlite\cursor.py", line 48, in execute
    await self._execute(self._cursor.execute, sql, parameters)
  File "D:\ASM1\.venv\Lib\site-packages\aiosqlite\cursor.py", line 40, in _execute
    return await self._conn._execute(fn, *args, **kwargs)
           ^^^^^^^^^^^^^^^^^^^^^^^^^^^^^^^^^^^^^^^^^^^^^^
  File "D:\ASM1\.venv\Lib\site-packages\aiosqlite\core.py", line 132, in _execute
    return await future
           ^^^^^^^^^^^^
  File "D:\ASM1\.venv\Lib\site-packages\aiosqlite\core.py", line 115, in run
    result = function()
             ^^^^^^^^^^
sqlite3.OperationalError: no such column: users.hashed_password

The above exception was the direct cause of the following exception:

Traceback (most recent call last):
  File "D:\ASM1\backend\core\database.py", line 542, in get_db
    yield session
  File "D:\ASM1\.venv\Lib\site-packages\fastapi\routing.py", line 301, in app
    raw_response = await run_endpoint_function(
                   ^^^^^^^^^^^^^^^^^^^^^^^^^^^^
  File "D:\ASM1\.venv\Lib\site-packages\fastapi\routing.py", line 212, in run_endpoint_function
    return await dependant.call(**values)
           ^^^^^^^^^^^^^^^^^^^^^^^^^^^^^^
  File "D:\ASM1\backend\routers\auth.py", line 349, in login_password
    result = await db.execute(select(User).where(User.email == clean_email))
             ^^^^^^^^^^^^^^^^^^^^^^^^^^^^^^^^^^^^^^^^^^^^^^^^^^^^^^^^^^^^^^^
  File "D:\ASM1\.venv\Lib\site-packages\sqlalchemy\ext\asyncio\session.py", line 461, in execute
    result = await greenlet_spawn(
             ^^^^^^^^^^^^^^^^^^^^^
  File "D:\ASM1\.venv\Lib\site-packages\sqlalchemy\util\_concurrency_py3k.py", line 201, in greenlet_spawn
    result = context.throw(*sys.exc_info())
             ^^^^^^^^^^^^^^^^^^^^^^^^^^^^^^
  File "D:\ASM1\.venv\Lib\site-packages\sqlalchemy\orm\session.py", line 2362, in execute
    return self._execute_internal(
           ^^^^^^^^^^^^^^^^^^^^^^^
  File "D:\ASM1\.venv\Lib\site-packages\sqlalchemy\orm\session.py", line 2247, in _execute_internal
    result: Result[Any] = compile_state_cls.orm_execute_statement(
                          ^^^^^^^^^^^^^^^^^^^^^^^^^^^^^^^^^^^^^^^^
  File "D:\ASM1\.venv\Lib\site-packages\sqlalchemy\orm\context.py", line 305, in orm_execute_statement
    result = conn.execute(
             ^^^^^^^^^^^^^
  File "D:\ASM1\.venv\Lib\site-packages\sqlalchemy\engine\base.py", line 1418, in execute
    return meth(
           ^^^^^
  File "D:\ASM1\.venv\Lib\site-packages\sqlalchemy\sql\elements.py", line 515, in _execute_on_connection
    return connection._execute_clauseelement(
           ^^^^^^^^^^^^^^^^^^^^^^^^^^^^^^^^^^
  File "D:\ASM1\.venv\Lib\site-packages\sqlalchemy\engine\base.py", line 1640, in _execute_clauseelement
    ret = self._execute_context(
          ^^^^^^^^^^^^^^^^^^^^^^
  File "D:\ASM1\.venv\Lib\site-packages\sqlalchemy\engine\base.py", line 1846, in _execute_context
    return self._exec_single_context(
           ^^^^^^^^^^^^^^^^^^^^^^^^^^
  File "D:\ASM1\.venv\Lib\site-packages\sqlalchemy\engine\base.py", line 1986, in _exec_single_context
    self._handle_dbapi_exception(
  File "D:\ASM1\.venv\Lib\site-packages\sqlalchemy\engine\base.py", line 2355, in _handle_dbapi_exception
    raise sqlalchemy_exception.with_traceback(exc_info[2]) from e
  File "D:\ASM1\.venv\Lib\site-packages\sqlalchemy\engine\base.py", line 1967, in _exec_single_context
    self.dialect.do_execute(
  File "D:\ASM1\.venv\Lib\site-packages\sqlalchemy\engine\default.py", line 941, in do_execute
    cursor.execute(statement, parameters)
  File "D:\ASM1\.venv\Lib\site-packages\sqlalchemy\dialects\sqlite\aiosqlite.py", line 147, in execute
    self._adapt_connection._handle_exception(error)
  File "D:\ASM1\.venv\Lib\site-packages\sqlalchemy\dialects\sqlite\aiosqlite.py", line 298, in _handle_exception
    raise error
  File "D:\ASM1\.venv\Lib\site-packages\sqlalchemy\dialects\sqlite\aiosqlite.py", line 129, in execute
    self.await_(_cursor.execute(operation, parameters))
  File "D:\ASM1\.venv\Lib\site-packages\sqlalchemy\util\_concurrency_py3k.py", line 132, in await_only
    return current.parent.switch(awaitable)  # type: ignore[no-any-return,attr-defined] # noqa: E501
           ^^^^^^^^^^^^^^^^^^^^^^^^^^^^^^^^
  File "D:\ASM1\.venv\Lib\site-packages\sqlalchemy\util\_concurrency_py3k.py", line 196, in greenlet_spawn
    value = await result
            ^^^^^^^^^^^^
  File "D:\ASM1\.venv\Lib\site-packages\aiosqlite\cursor.py", line 48, in execute
    await self._execute(self._cursor.execute, sql, parameters)
  File "D:\ASM1\.venv\Lib\site-packages\aiosqlite\cursor.py", line 40, in _execute
    return await self._conn._execute(fn, *args, **kwargs)
           ^^^^^^^^^^^^^^^^^^^^^^^^^^^^^^^^^^^^^^^^^^^^^^
  File "D:\ASM1\.venv\Lib\site-packages\aiosqlite\core.py", line 132, in _execute
    return await future
           ^^^^^^^^^^^^
  File "D:\ASM1\.venv\Lib\site-packages\aiosqlite\core.py", line 115, in run
    result = function()
             ^^^^^^^^^^
sqlalchemy.exc.OperationalError: (sqlite3.OperationalError) no such column: users.hashed_password
[SQL: SELECT users.id, users.email, users.name, users.role, users.created_at, users.last_login, users.hashed_password 
FROM users 
WHERE users.email = ?]
[parameters: ('khuojuin11@gmail.conm',)]
(Background on this error at: https://sqlalche.me/e/20/e3q8)
2026-03-03 17:10:57,314 - core.database - DEBUG - [DB_OP] Starting get_db session creation
2026-03-03 17:10:57,314 - core.database - DEBUG - [DB_OP] Database session created successfully in 0.0000s
2026-03-03 17:10:57,314 - aiosqlite - DEBUG - executing <function connect.<locals>.connector at 0x000001FD59FE2C00>
2026-03-03 17:10:57,314 - aiosqlite - DEBUG - operation <function connect.<locals>.connector at 0x000001FD59FE2C00> completed
2026-03-03 17:10:57,320 - aiosqlite - DEBUG - executing functools.partial(<built-in method create_function of sqlite3.Connection object at 0x000001FD59D77E20>, 'regexp', 2, <function SQLiteDialect_pysqlite.on_connect.<locals>.regexp at 0x000001FD59CDBF60>, deterministic=True)
2026-03-03 17:10:57,320 - aiosqlite - DEBUG - operation functools.partial(<built-in method create_function of sqlite3.Connection object at 0x000001FD59D77E20>, 'regexp', 2, <function SQLiteDialect_pysqlite.on_connect.<locals>.regexp at 0x000001FD59CDBF60>, deterministic=True) completed
2026-03-03 17:10:57,320 - aiosqlite - DEBUG - executing functools.partial(<built-in method create_function of sqlite3.Connection object at 0x000001FD59D77E20>, 'floor', 1, <built-in function floor>, deterministic=True)
2026-03-03 17:10:57,320 - aiosqlite - DEBUG - operation functools.partial(<built-in method create_function of sqlite3.Connection object at 0x000001FD59D77E20>, 'floor', 1, <built-in function floor>, deterministic=True) completed
2026-03-03 17:10:57,320 - aiosqlite - DEBUG - executing functools.partial(<built-in method cursor of sqlite3.Connection object at 0x000001FD59D77E20>)
2026-03-03 17:10:57,320 - aiosqlite - DEBUG - operation functools.partial(<built-in method cursor of sqlite3.Connection object at 0x000001FD59D77E20>) completed
2026-03-03 17:10:57,320 - aiosqlite - DEBUG - executing functools.partial(<built-in method execute of sqlite3.Cursor object at 0x000001FD5A0135C0>, 'SELECT users.id, users.email, users.name, users.role, users.created_at, users.last_login, users.hashed_password \nFROM users \nWHERE users.email = ?', ('khuojuin11@gmail.conm',))
2026-03-03 17:10:57,325 - aiosqlite - DEBUG - returning exception no such column: users.hashed_password
2026-03-03 17:10:57,325 - core.database - ERROR - Database session error: (sqlite3.OperationalError) no such column: users.hashed_password
[SQL: SELECT users.id, users.email, users.name, users.role, users.created_at, users.last_login, users.hashed_password 
FROM users 
WHERE users.email = ?]
[parameters: ('khuojuin11@gmail.conm',)]
(Background on this error at: https://sqlalche.me/e/20/e3q8)
Traceback (most recent call last):
  File "D:\ASM1\.venv\Lib\site-packages\sqlalchemy\engine\base.py", line 1967, in _exec_single_context
    self.dialect.do_execute(
  File "D:\ASM1\.venv\Lib\site-packages\sqlalchemy\engine\default.py", line 941, in do_execute
    cursor.execute(statement, parameters)
  File "D:\ASM1\.venv\Lib\site-packages\sqlalchemy\dialects\sqlite\aiosqlite.py", line 147, in execute
    self._adapt_connection._handle_exception(error)
  File "D:\ASM1\.venv\Lib\site-packages\sqlalchemy\dialects\sqlite\aiosqlite.py", line 298, in _handle_exception
    raise error
  File "D:\ASM1\.venv\Lib\site-packages\sqlalchemy\dialects\sqlite\aiosqlite.py", line 129, in execute
    self.await_(_cursor.execute(operation, parameters))
  File "D:\ASM1\.venv\Lib\site-packages\sqlalchemy\util\_concurrency_py3k.py", line 132, in await_only
    return current.parent.switch(awaitable)  # type: ignore[no-any-return,attr-defined] # noqa: E501
           ^^^^^^^^^^^^^^^^^^^^^^^^^^^^^^^^
  File "D:\ASM1\.venv\Lib\site-packages\sqlalchemy\util\_concurrency_py3k.py", line 196, in greenlet_spawn
    value = await result
            ^^^^^^^^^^^^
  File "D:\ASM1\.venv\Lib\site-packages\aiosqlite\cursor.py", line 48, in execute
    await self._execute(self._cursor.execute, sql, parameters)
  File "D:\ASM1\.venv\Lib\site-packages\aiosqlite\cursor.py", line 40, in _execute
    return await self._conn._execute(fn, *args, **kwargs)
           ^^^^^^^^^^^^^^^^^^^^^^^^^^^^^^^^^^^^^^^^^^^^^^
  File "D:\ASM1\.venv\Lib\site-packages\aiosqlite\core.py", line 132, in _execute
    return await future
           ^^^^^^^^^^^^
  File "D:\ASM1\.venv\Lib\site-packages\aiosqlite\core.py", line 115, in run
    result = function()
             ^^^^^^^^^^
sqlite3.OperationalError: no such column: users.hashed_password

The above exception was the direct cause of the following exception:

Traceback (most recent call last):
  File "D:\ASM1\backend\core\database.py", line 542, in get_db
    yield session
  File "D:\ASM1\.venv\Lib\site-packages\fastapi\routing.py", line 301, in app
    raw_response = await run_endpoint_function(
                   ^^^^^^^^^^^^^^^^^^^^^^^^^^^^
  File "D:\ASM1\.venv\Lib\site-packages\fastapi\routing.py", line 212, in run_endpoint_function
    return await dependant.call(**values)
           ^^^^^^^^^^^^^^^^^^^^^^^^^^^^^^
  File "D:\ASM1\backend\routers\auth.py", line 349, in login_password
    result = await db.execute(select(User).where(User.email == clean_email))
             ^^^^^^^^^^^^^^^^^^^^^^^^^^^^^^^^^^^^^^^^^^^^^^^^^^^^^^^^^^^^^^^
  File "D:\ASM1\.venv\Lib\site-packages\sqlalchemy\ext\asyncio\session.py", line 461, in execute
    result = await greenlet_spawn(
             ^^^^^^^^^^^^^^^^^^^^^
  File "D:\ASM1\.venv\Lib\site-packages\sqlalchemy\util\_concurrency_py3k.py", line 201, in greenlet_spawn
    result = context.throw(*sys.exc_info())
             ^^^^^^^^^^^^^^^^^^^^^^^^^^^^^^
  File "D:\ASM1\.venv\Lib\site-packages\sqlalchemy\orm\session.py", line 2362, in execute
    return self._execute_internal(
           ^^^^^^^^^^^^^^^^^^^^^^^
  File "D:\ASM1\.venv\Lib\site-packages\sqlalchemy\orm\session.py", line 2247, in _execute_internal
    result: Result[Any] = compile_state_cls.orm_execute_statement(
                          ^^^^^^^^^^^^^^^^^^^^^^^^^^^^^^^^^^^^^^^^
  File "D:\ASM1\.venv\Lib\site-packages\sqlalchemy\orm\context.py", line 305, in orm_execute_statement
    result = conn.execute(
             ^^^^^^^^^^^^^
  File "D:\ASM1\.venv\Lib\site-packages\sqlalchemy\engine\base.py", line 1418, in execute
    return meth(
           ^^^^^
  File "D:\ASM1\.venv\Lib\site-packages\sqlalchemy\sql\elements.py", line 515, in _execute_on_connection
    return connection._execute_clauseelement(
           ^^^^^^^^^^^^^^^^^^^^^^^^^^^^^^^^^^
  File "D:\ASM1\.venv\Lib\site-packages\sqlalchemy\engine\base.py", line 1640, in _execute_clauseelement
    ret = self._execute_context(
          ^^^^^^^^^^^^^^^^^^^^^^
  File "D:\ASM1\.venv\Lib\site-packages\sqlalchemy\engine\base.py", line 1846, in _execute_context
    return self._exec_single_context(
           ^^^^^^^^^^^^^^^^^^^^^^^^^^
  File "D:\ASM1\.venv\Lib\site-packages\sqlalchemy\engine\base.py", line 1986, in _exec_single_context
    self._handle_dbapi_exception(
  File "D:\ASM1\.venv\Lib\site-packages\sqlalchemy\engine\base.py", line 2355, in _handle_dbapi_exception
    raise sqlalchemy_exception.with_traceback(exc_info[2]) from e
  File "D:\ASM1\.venv\Lib\site-packages\sqlalchemy\engine\base.py", line 1967, in _exec_single_context
    self.dialect.do_execute(
  File "D:\ASM1\.venv\Lib\site-packages\sqlalchemy\engine\default.py", line 941, in do_execute
    cursor.execute(statement, parameters)
  File "D:\ASM1\.venv\Lib\site-packages\sqlalchemy\dialects\sqlite\aiosqlite.py", line 147, in execute
    self._adapt_connection._handle_exception(error)
  File "D:\ASM1\.venv\Lib\site-packages\sqlalchemy\dialects\sqlite\aiosqlite.py", line 298, in _handle_exception
    raise error
  File "D:\ASM1\.venv\Lib\site-packages\sqlalchemy\dialects\sqlite\aiosqlite.py", line 129, in execute
    self.await_(_cursor.execute(operation, parameters))
  File "D:\ASM1\.venv\Lib\site-packages\sqlalchemy\util\_concurrency_py3k.py", line 132, in await_only
    return current.parent.switch(awaitable)  # type: ignore[no-any-return,attr-defined] # noqa: E501
           ^^^^^^^^^^^^^^^^^^^^^^^^^^^^^^^^
  File "D:\ASM1\.venv\Lib\site-packages\sqlalchemy\util\_concurrency_py3k.py", line 196, in greenlet_spawn
    value = await result
            ^^^^^^^^^^^^
  File "D:\ASM1\.venv\Lib\site-packages\aiosqlite\cursor.py", line 48, in execute
    await self._execute(self._cursor.execute, sql, parameters)
  File "D:\ASM1\.venv\Lib\site-packages\aiosqlite\cursor.py", line 40, in _execute
    return await self._conn._execute(fn, *args, **kwargs)
           ^^^^^^^^^^^^^^^^^^^^^^^^^^^^^^^^^^^^^^^^^^^^^^
  File "D:\ASM1\.venv\Lib\site-packages\aiosqlite\core.py", line 132, in _execute
    return await future
           ^^^^^^^^^^^^
  File "D:\ASM1\.venv\Lib\site-packages\aiosqlite\core.py", line 115, in run
    result = function()
             ^^^^^^^^^^
sqlalchemy.exc.OperationalError: (sqlite3.OperationalError) no such column: users.hashed_password
[SQL: SELECT users.id, users.email, users.name, users.role, users.created_at, users.last_login, users.hashed_password 
FROM users 
WHERE users.email = ?]
[parameters: ('khuojuin11@gmail.conm',)]
(Background on this error at: https://sqlalche.me/e/20/e3q8)
2026-03-03 17:10:57,335 - core.database - DEBUG - [DB_OP] Database session cleanup after 0.0204s
2026-03-03 17:10:57,335 - aiosqlite - DEBUG - executing functools.partial(<built-in method rollback of sqlite3.Connection object at 0x000001FD59D77E20>)
2026-03-03 17:10:57,335 - aiosqlite - DEBUG - operation functools.partial(<built-in method rollback of sqlite3.Connection object at 0x000001FD59D77E20>) completed
2026-03-03 17:10:57,335 - aiosqlite - DEBUG - executing functools.partial(<built-in method rollback of sqlite3.Connection object at 0x000001FD59D77E20>)
2026-03-03 17:10:57,335 - aiosqlite - DEBUG - operation functools.partial(<built-in method rollback of sqlite3.Connection object at 0x000001FD59D77E20>) completed
2026-03-03 17:10:57,335 - aiosqlite - DEBUG - executing functools.partial(<built-in method close of sqlite3.Connection object at 0x000001FD59D77E20>)
2026-03-03 17:10:57,335 - aiosqlite - DEBUG - operation functools.partial(<built-in method close of sqlite3.Connection object at 0x000001FD59D77E20>) completed
2026-03-03 17:10:57,335 - core.database - ERROR - Failed to create database session: (sqlite3.OperationalError) no such column: users.hashed_password
[SQL: SELECT users.id, users.email, users.name, users.role, users.created_at, users.last_login, users.hashed_password 
FROM users 
WHERE users.email = ?]
[parameters: ('khuojuin11@gmail.conm',)]
(Background on this error at: https://sqlalche.me/e/20/e3q8)
Traceback (most recent call last):
  File "D:\ASM1\.venv\Lib\site-packages\sqlalchemy\engine\base.py", line 1967, in _exec_single_context
    self.dialect.do_execute(
  File "D:\ASM1\.venv\Lib\site-packages\sqlalchemy\engine\default.py", line 941, in do_execute
    cursor.execute(statement, parameters)
  File "D:\ASM1\.venv\Lib\site-packages\sqlalchemy\dialects\sqlite\aiosqlite.py", line 147, in execute
    self._adapt_connection._handle_exception(error)
  File "D:\ASM1\.venv\Lib\site-packages\sqlalchemy\dialects\sqlite\aiosqlite.py", line 298, in _handle_exception
    raise error
  File "D:\ASM1\.venv\Lib\site-packages\sqlalchemy\dialects\sqlite\aiosqlite.py", line 129, in execute
    self.await_(_cursor.execute(operation, parameters))
  File "D:\ASM1\.venv\Lib\site-packages\sqlalchemy\util\_concurrency_py3k.py", line 132, in await_only
    return current.parent.switch(awaitable)  # type: ignore[no-any-return,attr-defined] # noqa: E501
           ^^^^^^^^^^^^^^^^^^^^^^^^^^^^^^^^
  File "D:\ASM1\.venv\Lib\site-packages\sqlalchemy\util\_concurrency_py3k.py", line 196, in greenlet_spawn
    value = await result
            ^^^^^^^^^^^^
  File "D:\ASM1\.venv\Lib\site-packages\aiosqlite\cursor.py", line 48, in execute
    await self._execute(self._cursor.execute, sql, parameters)
  File "D:\ASM1\.venv\Lib\site-packages\aiosqlite\cursor.py", line 40, in _execute
    return await self._conn._execute(fn, *args, **kwargs)
           ^^^^^^^^^^^^^^^^^^^^^^^^^^^^^^^^^^^^^^^^^^^^^^
  File "D:\ASM1\.venv\Lib\site-packages\aiosqlite\core.py", line 132, in _execute
    return await future
           ^^^^^^^^^^^^
  File "D:\ASM1\.venv\Lib\site-packages\aiosqlite\core.py", line 115, in run
    result = function()
             ^^^^^^^^^^
sqlite3.OperationalError: no such column: users.hashed_password

The above exception was the direct cause of the following exception:

Traceback (most recent call last):
  File "D:\ASM1\backend\core\database.py", line 542, in get_db
    yield session
  File "D:\ASM1\.venv\Lib\site-packages\fastapi\routing.py", line 301, in app
    raw_response = await run_endpoint_function(
                   ^^^^^^^^^^^^^^^^^^^^^^^^^^^^
  File "D:\ASM1\.venv\Lib\site-packages\fastapi\routing.py", line 212, in run_endpoint_function
    return await dependant.call(**values)
           ^^^^^^^^^^^^^^^^^^^^^^^^^^^^^^
  File "D:\ASM1\backend\routers\auth.py", line 349, in login_password
    result = await db.execute(select(User).where(User.email == clean_email))
             ^^^^^^^^^^^^^^^^^^^^^^^^^^^^^^^^^^^^^^^^^^^^^^^^^^^^^^^^^^^^^^^
  File "D:\ASM1\.venv\Lib\site-packages\sqlalchemy\ext\asyncio\session.py", line 461, in execute
    result = await greenlet_spawn(
             ^^^^^^^^^^^^^^^^^^^^^
  File "D:\ASM1\.venv\Lib\site-packages\sqlalchemy\util\_concurrency_py3k.py", line 201, in greenlet_spawn
    result = context.throw(*sys.exc_info())
             ^^^^^^^^^^^^^^^^^^^^^^^^^^^^^^
  File "D:\ASM1\.venv\Lib\site-packages\sqlalchemy\orm\session.py", line 2362, in execute
    return self._execute_internal(
           ^^^^^^^^^^^^^^^^^^^^^^^
  File "D:\ASM1\.venv\Lib\site-packages\sqlalchemy\orm\session.py", line 2247, in _execute_internal
    result: Result[Any] = compile_state_cls.orm_execute_statement(
                          ^^^^^^^^^^^^^^^^^^^^^^^^^^^^^^^^^^^^^^^^
  File "D:\ASM1\.venv\Lib\site-packages\sqlalchemy\orm\context.py", line 305, in orm_execute_statement
    result = conn.execute(
             ^^^^^^^^^^^^^
  File "D:\ASM1\.venv\Lib\site-packages\sqlalchemy\engine\base.py", line 1418, in execute
    return meth(
           ^^^^^
  File "D:\ASM1\.venv\Lib\site-packages\sqlalchemy\sql\elements.py", line 515, in _execute_on_connection
    return connection._execute_clauseelement(
           ^^^^^^^^^^^^^^^^^^^^^^^^^^^^^^^^^^
  File "D:\ASM1\.venv\Lib\site-packages\sqlalchemy\engine\base.py", line 1640, in _execute_clauseelement
    ret = self._execute_context(
          ^^^^^^^^^^^^^^^^^^^^^^
  File "D:\ASM1\.venv\Lib\site-packages\sqlalchemy\engine\base.py", line 1846, in _execute_context
    return self._exec_single_context(
           ^^^^^^^^^^^^^^^^^^^^^^^^^^
  File "D:\ASM1\.venv\Lib\site-packages\sqlalchemy\engine\base.py", line 1986, in _exec_single_context
    self._handle_dbapi_exception(
  File "D:\ASM1\.venv\Lib\site-packages\sqlalchemy\engine\base.py", line 2355, in _handle_dbapi_exception
    raise sqlalchemy_exception.with_traceback(exc_info[2]) from e
  File "D:\ASM1\.venv\Lib\site-packages\sqlalchemy\engine\base.py", line 1967, in _exec_single_context
    self.dialect.do_execute(
  File "D:\ASM1\.venv\Lib\site-packages\sqlalchemy\engine\default.py", line 941, in do_execute
    cursor.execute(statement, parameters)
  File "D:\ASM1\.venv\Lib\site-packages\sqlalchemy\dialects\sqlite\aiosqlite.py", line 147, in execute
    self._adapt_connection._handle_exception(error)
  File "D:\ASM1\.venv\Lib\site-packages\sqlalchemy\dialects\sqlite\aiosqlite.py", line 298, in _handle_exception
    raise error
  File "D:\ASM1\.venv\Lib\site-packages\sqlalchemy\dialects\sqlite\aiosqlite.py", line 129, in execute
    self.await_(_cursor.execute(operation, parameters))
  File "D:\ASM1\.venv\Lib\site-packages\sqlalchemy\util\_concurrency_py3k.py", line 132, in await_only
    return current.parent.switch(awaitable)  # type: ignore[no-any-return,attr-defined] # noqa: E501
           ^^^^^^^^^^^^^^^^^^^^^^^^^^^^^^^^
  File "D:\ASM1\.venv\Lib\site-packages\sqlalchemy\util\_concurrency_py3k.py", line 196, in greenlet_spawn
    value = await result
            ^^^^^^^^^^^^
  File "D:\ASM1\.venv\Lib\site-packages\aiosqlite\cursor.py", line 48, in execute
    await self._execute(self._cursor.execute, sql, parameters)
  File "D:\ASM1\.venv\Lib\site-packages\aiosqlite\cursor.py", line 40, in _execute
    return await self._conn._execute(fn, *args, **kwargs)
           ^^^^^^^^^^^^^^^^^^^^^^^^^^^^^^^^^^^^^^^^^^^^^^
  File "D:\ASM1\.venv\Lib\site-packages\aiosqlite\core.py", line 132, in _execute
    return await future
           ^^^^^^^^^^^^
  File "D:\ASM1\.venv\Lib\site-packages\aiosqlite\core.py", line 115, in run
    result = function()
             ^^^^^^^^^^
sqlalchemy.exc.OperationalError: (sqlite3.OperationalError) no such column: users.hashed_password
[SQL: SELECT users.id, users.email, users.name, users.role, users.created_at, users.last_login, users.hashed_password 
FROM users 
WHERE users.email = ?]
[parameters: ('khuojuin11@gmail.conm',)]
(Background on this error at: https://sqlalche.me/e/20/e3q8)
2026-03-03 17:10:57,465 - core.database - DEBUG - [DB_OP] Starting get_db session creation
2026-03-03 17:10:57,465 - core.database - DEBUG - [DB_OP] Database session created successfully in 0.0000s
2026-03-03 17:10:57,470 - aiosqlite - DEBUG - executing <function connect.<locals>.connector at 0x000001FD59FE3C40>
2026-03-03 17:10:57,470 - aiosqlite - DEBUG - operation <function connect.<locals>.connector at 0x000001FD59FE3C40> completed
2026-03-03 17:10:57,471 - aiosqlite - DEBUG - executing functools.partial(<built-in method create_function of sqlite3.Connection object at 0x000001FD59D763E0>, 'regexp', 2, <function SQLiteDialect_pysqlite.on_connect.<locals>.regexp at 0x000001FD59CDBF60>, deterministic=True)
2026-03-03 17:10:57,471 - aiosqlite - DEBUG - operation functools.partial(<built-in method create_function of sqlite3.Connection object at 0x000001FD59D763E0>, 'regexp', 2, <function SQLiteDialect_pysqlite.on_connect.<locals>.regexp at 0x000001FD59CDBF60>, deterministic=True) completed
2026-03-03 17:10:57,471 - aiosqlite - DEBUG - executing functools.partial(<built-in method create_function of sqlite3.Connection object at 0x000001FD59D763E0>, 'floor', 1, <built-in function floor>, deterministic=True)
2026-03-03 17:10:57,471 - aiosqlite - DEBUG - operation functools.partial(<built-in method create_function of sqlite3.Connection object at 0x000001FD59D763E0>, 'floor', 1, <built-in function floor>, deterministic=True) completed
2026-03-03 17:10:57,471 - aiosqlite - DEBUG - executing functools.partial(<built-in method cursor of sqlite3.Connection object at 0x000001FD59D763E0>)
2026-03-03 17:10:57,474 - aiosqlite - DEBUG - operation functools.partial(<built-in method cursor of sqlite3.Connection object at 0x000001FD59D763E0>) completed
2026-03-03 17:10:57,474 - aiosqlite - DEBUG - executing functools.partial(<built-in method execute of sqlite3.Cursor object at 0x000001FD5A02A2C0>, 'SELECT users.id, users.email, users.name, users.role, users.created_at, users.last_login, users.hashed_password \nFROM users \nWHERE users.email = ?', ('khuojuin11@gmail.conm',))
2026-03-03 17:10:57,474 - aiosqlite - DEBUG - returning exception no such column: users.hashed_password
2026-03-03 17:10:57,474 - core.database - ERROR - Database session error: (sqlite3.OperationalError) no such column: users.hashed_password
[SQL: SELECT users.id, users.email, users.name, users.role, users.created_at, users.last_login, users.hashed_password 
FROM users 
WHERE users.email = ?]
[parameters: ('khuojuin11@gmail.conm',)]
(Background on this error at: https://sqlalche.me/e/20/e3q8)
Traceback (most recent call last):
  File "D:\ASM1\.venv\Lib\site-packages\sqlalchemy\engine\base.py", line 1967, in _exec_single_context
    self.dialect.do_execute(
  File "D:\ASM1\.venv\Lib\site-packages\sqlalchemy\engine\default.py", line 941, in do_execute
    cursor.execute(statement, parameters)
  File "D:\ASM1\.venv\Lib\site-packages\sqlalchemy\dialects\sqlite\aiosqlite.py", line 147, in execute
    self._adapt_connection._handle_exception(error)
  File "D:\ASM1\.venv\Lib\site-packages\sqlalchemy\dialects\sqlite\aiosqlite.py", line 298, in _handle_exception
    raise error
  File "D:\ASM1\.venv\Lib\site-packages\sqlalchemy\dialects\sqlite\aiosqlite.py", line 129, in execute
    self.await_(_cursor.execute(operation, parameters))
  File "D:\ASM1\.venv\Lib\site-packages\sqlalchemy\util\_concurrency_py3k.py", line 132, in await_only
    return current.parent.switch(awaitable)  # type: ignore[no-any-return,attr-defined] # noqa: E501
           ^^^^^^^^^^^^^^^^^^^^^^^^^^^^^^^^
  File "D:\ASM1\.venv\Lib\site-packages\sqlalchemy\util\_concurrency_py3k.py", line 196, in greenlet_spawn
    value = await result
            ^^^^^^^^^^^^
  File "D:\ASM1\.venv\Lib\site-packages\aiosqlite\cursor.py", line 48, in execute
    await self._execute(self._cursor.execute, sql, parameters)
  File "D:\ASM1\.venv\Lib\site-packages\aiosqlite\cursor.py", line 40, in _execute
    return await self._conn._execute(fn, *args, **kwargs)
           ^^^^^^^^^^^^^^^^^^^^^^^^^^^^^^^^^^^^^^^^^^^^^^
  File "D:\ASM1\.venv\Lib\site-packages\aiosqlite\core.py", line 132, in _execute
    return await future
           ^^^^^^^^^^^^
  File "D:\ASM1\.venv\Lib\site-packages\aiosqlite\core.py", line 115, in run
    result = function()
             ^^^^^^^^^^
sqlite3.OperationalError: no such column: users.hashed_password

The above exception was the direct cause of the following exception:

Traceback (most recent call last):
  File "D:\ASM1\backend\core\database.py", line 542, in get_db
    yield session
  File "D:\ASM1\.venv\Lib\site-packages\fastapi\routing.py", line 301, in app
    raw_response = await run_endpoint_function(
                   ^^^^^^^^^^^^^^^^^^^^^^^^^^^^
  File "D:\ASM1\.venv\Lib\site-packages\fastapi\routing.py", line 212, in run_endpoint_function
    return await dependant.call(**values)
           ^^^^^^^^^^^^^^^^^^^^^^^^^^^^^^
  File "D:\ASM1\backend\routers\auth.py", line 349, in login_password
    result = await db.execute(select(User).where(User.email == clean_email))
             ^^^^^^^^^^^^^^^^^^^^^^^^^^^^^^^^^^^^^^^^^^^^^^^^^^^^^^^^^^^^^^^
  File "D:\ASM1\.venv\Lib\site-packages\sqlalchemy\ext\asyncio\session.py", line 461, in execute
    result = await greenlet_spawn(
             ^^^^^^^^^^^^^^^^^^^^^
  File "D:\ASM1\.venv\Lib\site-packages\sqlalchemy\util\_concurrency_py3k.py", line 201, in greenlet_spawn
    result = context.throw(*sys.exc_info())
             ^^^^^^^^^^^^^^^^^^^^^^^^^^^^^^
  File "D:\ASM1\.venv\Lib\site-packages\sqlalchemy\orm\session.py", line 2362, in execute
    return self._execute_internal(
           ^^^^^^^^^^^^^^^^^^^^^^^
  File "D:\ASM1\.venv\Lib\site-packages\sqlalchemy\orm\session.py", line 2247, in _execute_internal
    result: Result[Any] = compile_state_cls.orm_execute_statement(
                          ^^^^^^^^^^^^^^^^^^^^^^^^^^^^^^^^^^^^^^^^
  File "D:\ASM1\.venv\Lib\site-packages\sqlalchemy\orm\context.py", line 305, in orm_execute_statement
    result = conn.execute(
             ^^^^^^^^^^^^^
  File "D:\ASM1\.venv\Lib\site-packages\sqlalchemy\engine\base.py", line 1418, in execute
    return meth(
           ^^^^^
  File "D:\ASM1\.venv\Lib\site-packages\sqlalchemy\sql\elements.py", line 515, in _execute_on_connection
    return connection._execute_clauseelement(
           ^^^^^^^^^^^^^^^^^^^^^^^^^^^^^^^^^^
  File "D:\ASM1\.venv\Lib\site-packages\sqlalchemy\engine\base.py", line 1640, in _execute_clauseelement
    ret = self._execute_context(
          ^^^^^^^^^^^^^^^^^^^^^^
  File "D:\ASM1\.venv\Lib\site-packages\sqlalchemy\engine\base.py", line 1846, in _execute_context
    return self._exec_single_context(
           ^^^^^^^^^^^^^^^^^^^^^^^^^^
  File "D:\ASM1\.venv\Lib\site-packages\sqlalchemy\engine\base.py", line 1986, in _exec_single_context
    self._handle_dbapi_exception(
  File "D:\ASM1\.venv\Lib\site-packages\sqlalchemy\engine\base.py", line 2355, in _handle_dbapi_exception
    raise sqlalchemy_exception.with_traceback(exc_info[2]) from e
  File "D:\ASM1\.venv\Lib\site-packages\sqlalchemy\engine\base.py", line 1967, in _exec_single_context
    self.dialect.do_execute(
  File "D:\ASM1\.venv\Lib\site-packages\sqlalchemy\engine\default.py", line 941, in do_execute
    cursor.execute(statement, parameters)
  File "D:\ASM1\.venv\Lib\site-packages\sqlalchemy\dialects\sqlite\aiosqlite.py", line 147, in execute
    self._adapt_connection._handle_exception(error)
  File "D:\ASM1\.venv\Lib\site-packages\sqlalchemy\dialects\sqlite\aiosqlite.py", line 298, in _handle_exception
    raise error
  File "D:\ASM1\.venv\Lib\site-packages\sqlalchemy\dialects\sqlite\aiosqlite.py", line 129, in execute
    self.await_(_cursor.execute(operation, parameters))
  File "D:\ASM1\.venv\Lib\site-packages\sqlalchemy\util\_concurrency_py3k.py", line 132, in await_only
    return current.parent.switch(awaitable)  # type: ignore[no-any-return,attr-defined] # noqa: E501
           ^^^^^^^^^^^^^^^^^^^^^^^^^^^^^^^^
  File "D:\ASM1\.venv\Lib\site-packages\sqlalchemy\util\_concurrency_py3k.py", line 196, in greenlet_spawn
    value = await result
            ^^^^^^^^^^^^
  File "D:\ASM1\.venv\Lib\site-packages\aiosqlite\cursor.py", line 48, in execute
    await self._execute(self._cursor.execute, sql, parameters)
  File "D:\ASM1\.venv\Lib\site-packages\aiosqlite\cursor.py", line 40, in _execute
    return await self._conn._execute(fn, *args, **kwargs)
           ^^^^^^^^^^^^^^^^^^^^^^^^^^^^^^^^^^^^^^^^^^^^^^
  File "D:\ASM1\.venv\Lib\site-packages\aiosqlite\core.py", line 132, in _execute
    return await future
           ^^^^^^^^^^^^
  File "D:\ASM1\.venv\Lib\site-packages\aiosqlite\core.py", line 115, in run
    result = function()
             ^^^^^^^^^^
sqlalchemy.exc.OperationalError: (sqlite3.OperationalError) no such column: users.hashed_password
[SQL: SELECT users.id, users.email, users.name, users.role, users.created_at, users.last_login, users.hashed_password 
FROM users 
WHERE users.email = ?]
[parameters: ('khuojuin11@gmail.conm',)]
(Background on this error at: https://sqlalche.me/e/20/e3q8)
2026-03-03 17:10:57,483 - core.database - DEBUG - [DB_OP] Database session cleanup after 0.0188s
2026-03-03 17:10:57,483 - aiosqlite - DEBUG - executing functools.partial(<built-in method rollback of sqlite3.Connection object at 0x000001FD59D763E0>)
2026-03-03 17:10:57,483 - aiosqlite - DEBUG - operation functools.partial(<built-in method rollback of sqlite3.Connection object at 0x000001FD59D763E0>) completed
2026-03-03 17:10:57,483 - aiosqlite - DEBUG - executing functools.partial(<built-in method rollback of sqlite3.Connection object at 0x000001FD59D763E0>)
2026-03-03 17:10:57,483 - aiosqlite - DEBUG - operation functools.partial(<built-in method rollback of sqlite3.Connection object at 0x000001FD59D763E0>) completed
2026-03-03 17:10:57,483 - aiosqlite - DEBUG - executing functools.partial(<built-in method close of sqlite3.Connection object at 0x000001FD59D763E0>)
2026-03-03 17:10:57,483 - aiosqlite - DEBUG - operation functools.partial(<built-in method close of sqlite3.Connection object at 0x000001FD59D763E0>) completed
2026-03-03 17:10:57,483 - core.database - ERROR - Failed to create database session: (sqlite3.OperationalError) no such column: users.hashed_password
[SQL: SELECT users.id, users.email, users.name, users.role, users.created_at, users.last_login, users.hashed_password 
FROM users 
WHERE users.email = ?]
[parameters: ('khuojuin11@gmail.conm',)]
(Background on this error at: https://sqlalche.me/e/20/e3q8)
Traceback (most recent call last):
  File "D:\ASM1\.venv\Lib\site-packages\sqlalchemy\engine\base.py", line 1967, in _exec_single_context
    self.dialect.do_execute(
  File "D:\ASM1\.venv\Lib\site-packages\sqlalchemy\engine\default.py", line 941, in do_execute
    cursor.execute(statement, parameters)
  File "D:\ASM1\.venv\Lib\site-packages\sqlalchemy\dialects\sqlite\aiosqlite.py", line 147, in execute
    self._adapt_connection._handle_exception(error)
  File "D:\ASM1\.venv\Lib\site-packages\sqlalchemy\dialects\sqlite\aiosqlite.py", line 298, in _handle_exception
    raise error
  File "D:\ASM1\.venv\Lib\site-packages\sqlalchemy\dialects\sqlite\aiosqlite.py", line 129, in execute
    self.await_(_cursor.execute(operation, parameters))
  File "D:\ASM1\.venv\Lib\site-packages\sqlalchemy\util\_concurrency_py3k.py", line 132, in await_only
    return current.parent.switch(awaitable)  # type: ignore[no-any-return,attr-defined] # noqa: E501
           ^^^^^^^^^^^^^^^^^^^^^^^^^^^^^^^^
  File "D:\ASM1\.venv\Lib\site-packages\sqlalchemy\util\_concurrency_py3k.py", line 196, in greenlet_spawn
    value = await result
            ^^^^^^^^^^^^
  File "D:\ASM1\.venv\Lib\site-packages\aiosqlite\cursor.py", line 48, in execute
    await self._execute(self._cursor.execute, sql, parameters)
  File "D:\ASM1\.venv\Lib\site-packages\aiosqlite\cursor.py", line 40, in _execute
    return await self._conn._execute(fn, *args, **kwargs)
           ^^^^^^^^^^^^^^^^^^^^^^^^^^^^^^^^^^^^^^^^^^^^^^
  File "D:\ASM1\.venv\Lib\site-packages\aiosqlite\core.py", line 132, in _execute
    return await future
           ^^^^^^^^^^^^
  File "D:\ASM1\.venv\Lib\site-packages\aiosqlite\core.py", line 115, in run
    result = function()
             ^^^^^^^^^^
sqlite3.OperationalError: no such column: users.hashed_password

The above exception was the direct cause of the following exception:

Traceback (most recent call last):
  File "D:\ASM1\backend\core\database.py", line 542, in get_db
    yield session
  File "D:\ASM1\.venv\Lib\site-packages\fastapi\routing.py", line 301, in app
    raw_response = await run_endpoint_function(
                   ^^^^^^^^^^^^^^^^^^^^^^^^^^^^
  File "D:\ASM1\.venv\Lib\site-packages\fastapi\routing.py", line 212, in run_endpoint_function
    return await dependant.call(**values)
           ^^^^^^^^^^^^^^^^^^^^^^^^^^^^^^
  File "D:\ASM1\backend\routers\auth.py", line 349, in login_password
    result = await db.execute(select(User).where(User.email == clean_email))
             ^^^^^^^^^^^^^^^^^^^^^^^^^^^^^^^^^^^^^^^^^^^^^^^^^^^^^^^^^^^^^^^
  File "D:\ASM1\.venv\Lib\site-packages\sqlalchemy\ext\asyncio\session.py", line 461, in execute
    result = await greenlet_spawn(
             ^^^^^^^^^^^^^^^^^^^^^
  File "D:\ASM1\.venv\Lib\site-packages\sqlalchemy\util\_concurrency_py3k.py", line 201, in greenlet_spawn
    result = context.throw(*sys.exc_info())
             ^^^^^^^^^^^^^^^^^^^^^^^^^^^^^^
  File "D:\ASM1\.venv\Lib\site-packages\sqlalchemy\orm\session.py", line 2362, in execute
    return self._execute_internal(
           ^^^^^^^^^^^^^^^^^^^^^^^
  File "D:\ASM1\.venv\Lib\site-packages\sqlalchemy\orm\session.py", line 2247, in _execute_internal
    result: Result[Any] = compile_state_cls.orm_execute_statement(
                          ^^^^^^^^^^^^^^^^^^^^^^^^^^^^^^^^^^^^^^^^
  File "D:\ASM1\.venv\Lib\site-packages\sqlalchemy\orm\context.py", line 305, in orm_execute_statement
    result = conn.execute(
             ^^^^^^^^^^^^^
  File "D:\ASM1\.venv\Lib\site-packages\sqlalchemy\engine\base.py", line 1418, in execute
    return meth(
           ^^^^^
  File "D:\ASM1\.venv\Lib\site-packages\sqlalchemy\sql\elements.py", line 515, in _execute_on_connection
    return connection._execute_clauseelement(
           ^^^^^^^^^^^^^^^^^^^^^^^^^^^^^^^^^^
  File "D:\ASM1\.venv\Lib\site-packages\sqlalchemy\engine\base.py", line 1640, in _execute_clauseelement
    ret = self._execute_context(
          ^^^^^^^^^^^^^^^^^^^^^^
  File "D:\ASM1\.venv\Lib\site-packages\sqlalchemy\engine\base.py", line 1846, in _execute_context
    return self._exec_single_context(
           ^^^^^^^^^^^^^^^^^^^^^^^^^^
  File "D:\ASM1\.venv\Lib\site-packages\sqlalchemy\engine\base.py", line 1986, in _exec_single_context
    self._handle_dbapi_exception(
  File "D:\ASM1\.venv\Lib\site-packages\sqlalchemy\engine\base.py", line 2355, in _handle_dbapi_exception
    raise sqlalchemy_exception.with_traceback(exc_info[2]) from e
  File "D:\ASM1\.venv\Lib\site-packages\sqlalchemy\engine\base.py", line 1967, in _exec_single_context
    self.dialect.do_execute(
  File "D:\ASM1\.venv\Lib\site-packages\sqlalchemy\engine\default.py", line 941, in do_execute
    cursor.execute(statement, parameters)
  File "D:\ASM1\.venv\Lib\site-packages\sqlalchemy\dialects\sqlite\aiosqlite.py", line 147, in execute
    self._adapt_connection._handle_exception(error)
  File "D:\ASM1\.venv\Lib\site-packages\sqlalchemy\dialects\sqlite\aiosqlite.py", line 298, in _handle_exception
    raise error
  File "D:\ASM1\.venv\Lib\site-packages\sqlalchemy\dialects\sqlite\aiosqlite.py", line 129, in execute
    self.await_(_cursor.execute(operation, parameters))
  File "D:\ASM1\.venv\Lib\site-packages\sqlalchemy\util\_concurrency_py3k.py", line 132, in await_only
    return current.parent.switch(awaitable)  # type: ignore[no-any-return,attr-defined] # noqa: E501
           ^^^^^^^^^^^^^^^^^^^^^^^^^^^^^^^^
  File "D:\ASM1\.venv\Lib\site-packages\sqlalchemy\util\_concurrency_py3k.py", line 196, in greenlet_spawn
    value = await result
            ^^^^^^^^^^^^
  File "D:\ASM1\.venv\Lib\site-packages\aiosqlite\cursor.py", line 48, in execute
    await self._execute(self._cursor.execute, sql, parameters)
  File "D:\ASM1\.venv\Lib\site-packages\aiosqlite\cursor.py", line 40, in _execute
    return await self._conn._execute(fn, *args, **kwargs)
           ^^^^^^^^^^^^^^^^^^^^^^^^^^^^^^^^^^^^^^^^^^^^^^
  File "D:\ASM1\.venv\Lib\site-packages\aiosqlite\core.py", line 132, in _execute
    return await future
           ^^^^^^^^^^^^
  File "D:\ASM1\.venv\Lib\site-packages\aiosqlite\core.py", line 115, in run
    result = function()
             ^^^^^^^^^^
sqlalchemy.exc.OperationalError: (sqlite3.OperationalError) no such column: users.hashed_password
[SQL: SELECT users.id, users.email, users.name, users.role, users.created_at, users.last_login, users.hashed_password 
FROM users 
WHERE users.email = ?]
[parameters: ('khuojuin11@gmail.conm',)]
(Background on this error at: https://sqlalche.me/e/20/e3q8)
2026-03-03 17:10:57,629 - core.database - DEBUG - [DB_OP] Starting get_db session creation
2026-03-03 17:10:57,630 - core.database - DEBUG - [DB_OP] Database session created successfully in 0.0010s
2026-03-03 17:10:57,631 - aiosqlite - DEBUG - executing <function connect.<locals>.connector at 0x000001FD59FE2DE0>
2026-03-03 17:10:57,631 - aiosqlite - DEBUG - operation <function connect.<locals>.connector at 0x000001FD59FE2DE0> completed
2026-03-03 17:10:57,632 - aiosqlite - DEBUG - executing functools.partial(<built-in method create_function of sqlite3.Connection object at 0x000001FD5A034040>, 'regexp', 2, <function SQLiteDialect_pysqlite.on_connect.<locals>.regexp at 0x000001FD59CDBF60>, deterministic=True)
2026-03-03 17:10:57,632 - aiosqlite - DEBUG - operation functools.partial(<built-in method create_function of sqlite3.Connection object at 0x000001FD5A034040>, 'regexp', 2, <function SQLiteDialect_pysqlite.on_connect.<locals>.regexp at 0x000001FD59CDBF60>, deterministic=True) completed
2026-03-03 17:10:57,632 - aiosqlite - DEBUG - executing functools.partial(<built-in method create_function of sqlite3.Connection object at 0x000001FD5A034040>, 'floor', 1, <built-in function floor>, deterministic=True)
2026-03-03 17:10:57,632 - aiosqlite - DEBUG - operation functools.partial(<built-in method create_function of sqlite3.Connection object at 0x000001FD5A034040>, 'floor', 1, <built-in function floor>, deterministic=True) completed
2026-03-03 17:10:57,634 - aiosqlite - DEBUG - executing functools.partial(<built-in method cursor of sqlite3.Connection object at 0x000001FD5A034040>)
2026-03-03 17:10:57,634 - aiosqlite - DEBUG - operation functools.partial(<built-in method cursor of sqlite3.Connection object at 0x000001FD5A034040>) completed
2026-03-03 17:10:57,634 - aiosqlite - DEBUG - executing functools.partial(<built-in method execute of sqlite3.Cursor object at 0x000001FD59C8FB40>, 'SELECT users.id, users.email, users.name, users.role, users.created_at, users.last_login, users.hashed_password \nFROM users \nWHERE users.email = ?', ('khuojuin11@gmail.conm',))
2026-03-03 17:10:57,634 - aiosqlite - DEBUG - returning exception no such column: users.hashed_password
2026-03-03 17:10:57,634 - core.database - ERROR - Database session error: (sqlite3.OperationalError) no such column: users.hashed_password
[SQL: SELECT users.id, users.email, users.name, users.role, users.created_at, users.last_login, users.hashed_password 
FROM users 
WHERE users.email = ?]
[parameters: ('khuojuin11@gmail.conm',)]
(Background on this error at: https://sqlalche.me/e/20/e3q8)
Traceback (most recent call last):
  File "D:\ASM1\.venv\Lib\site-packages\sqlalchemy\engine\base.py", line 1967, in _exec_single_context
    self.dialect.do_execute(
  File "D:\ASM1\.venv\Lib\site-packages\sqlalchemy\engine\default.py", line 941, in do_execute
    cursor.execute(statement, parameters)
  File "D:\ASM1\.venv\Lib\site-packages\sqlalchemy\dialects\sqlite\aiosqlite.py", line 147, in execute
    self._adapt_connection._handle_exception(error)
  File "D:\ASM1\.venv\Lib\site-packages\sqlalchemy\dialects\sqlite\aiosqlite.py", line 298, in _handle_exception
    raise error
  File "D:\ASM1\.venv\Lib\site-packages\sqlalchemy\dialects\sqlite\aiosqlite.py", line 129, in execute
    self.await_(_cursor.execute(operation, parameters))
  File "D:\ASM1\.venv\Lib\site-packages\sqlalchemy\util\_concurrency_py3k.py", line 132, in await_only
    return current.parent.switch(awaitable)  # type: ignore[no-any-return,attr-defined] # noqa: E501
           ^^^^^^^^^^^^^^^^^^^^^^^^^^^^^^^^
  File "D:\ASM1\.venv\Lib\site-packages\sqlalchemy\util\_concurrency_py3k.py", line 196, in greenlet_spawn
    value = await result
            ^^^^^^^^^^^^
  File "D:\ASM1\.venv\Lib\site-packages\aiosqlite\cursor.py", line 48, in execute
    await self._execute(self._cursor.execute, sql, parameters)
  File "D:\ASM1\.venv\Lib\site-packages\aiosqlite\cursor.py", line 40, in _execute
    return await self._conn._execute(fn, *args, **kwargs)
           ^^^^^^^^^^^^^^^^^^^^^^^^^^^^^^^^^^^^^^^^^^^^^^
  File "D:\ASM1\.venv\Lib\site-packages\aiosqlite\core.py", line 132, in _execute
    return await future
           ^^^^^^^^^^^^
  File "D:\ASM1\.venv\Lib\site-packages\aiosqlite\core.py", line 115, in run
    result = function()
             ^^^^^^^^^^
sqlite3.OperationalError: no such column: users.hashed_password

The above exception was the direct cause of the following exception:

Traceback (most recent call last):
  File "D:\ASM1\backend\core\database.py", line 542, in get_db
    yield session
  File "D:\ASM1\.venv\Lib\site-packages\fastapi\routing.py", line 301, in app
    raw_response = await run_endpoint_function(
                   ^^^^^^^^^^^^^^^^^^^^^^^^^^^^
  File "D:\ASM1\.venv\Lib\site-packages\fastapi\routing.py", line 212, in run_endpoint_function
    return await dependant.call(**values)
           ^^^^^^^^^^^^^^^^^^^^^^^^^^^^^^
  File "D:\ASM1\backend\routers\auth.py", line 349, in login_password
    result = await db.execute(select(User).where(User.email == clean_email))
             ^^^^^^^^^^^^^^^^^^^^^^^^^^^^^^^^^^^^^^^^^^^^^^^^^^^^^^^^^^^^^^^
  File "D:\ASM1\.venv\Lib\site-packages\sqlalchemy\ext\asyncio\session.py", line 461, in execute
    result = await greenlet_spawn(
             ^^^^^^^^^^^^^^^^^^^^^
  File "D:\ASM1\.venv\Lib\site-packages\sqlalchemy\util\_concurrency_py3k.py", line 201, in greenlet_spawn
    result = context.throw(*sys.exc_info())
             ^^^^^^^^^^^^^^^^^^^^^^^^^^^^^^
  File "D:\ASM1\.venv\Lib\site-packages\sqlalchemy\orm\session.py", line 2362, in execute
    return self._execute_internal(
           ^^^^^^^^^^^^^^^^^^^^^^^
  File "D:\ASM1\.venv\Lib\site-packages\sqlalchemy\orm\session.py", line 2247, in _execute_internal
    result: Result[Any] = compile_state_cls.orm_execute_statement(
                          ^^^^^^^^^^^^^^^^^^^^^^^^^^^^^^^^^^^^^^^^
  File "D:\ASM1\.venv\Lib\site-packages\sqlalchemy\orm\context.py", line 305, in orm_execute_statement
    result = conn.execute(
             ^^^^^^^^^^^^^
  File "D:\ASM1\.venv\Lib\site-packages\sqlalchemy\engine\base.py", line 1418, in execute
    return meth(
           ^^^^^
  File "D:\ASM1\.venv\Lib\site-packages\sqlalchemy\sql\elements.py", line 515, in _execute_on_connection
    return connection._execute_clauseelement(
           ^^^^^^^^^^^^^^^^^^^^^^^^^^^^^^^^^^
  File "D:\ASM1\.venv\Lib\site-packages\sqlalchemy\engine\base.py", line 1640, in _execute_clauseelement
    ret = self._execute_context(
          ^^^^^^^^^^^^^^^^^^^^^^
  File "D:\ASM1\.venv\Lib\site-packages\sqlalchemy\engine\base.py", line 1846, in _execute_context
    return self._exec_single_context(
           ^^^^^^^^^^^^^^^^^^^^^^^^^^
  File "D:\ASM1\.venv\Lib\site-packages\sqlalchemy\engine\base.py", line 1986, in _exec_single_context
    self._handle_dbapi_exception(
  File "D:\ASM1\.venv\Lib\site-packages\sqlalchemy\engine\base.py", line 2355, in _handle_dbapi_exception
    raise sqlalchemy_exception.with_traceback(exc_info[2]) from e
  File "D:\ASM1\.venv\Lib\site-packages\sqlalchemy\engine\base.py", line 1967, in _exec_single_context
    self.dialect.do_execute(
  File "D:\ASM1\.venv\Lib\site-packages\sqlalchemy\engine\default.py", line 941, in do_execute
    cursor.execute(statement, parameters)
  File "D:\ASM1\.venv\Lib\site-packages\sqlalchemy\dialects\sqlite\aiosqlite.py", line 147, in execute
    self._adapt_connection._handle_exception(error)
  File "D:\ASM1\.venv\Lib\site-packages\sqlalchemy\dialects\sqlite\aiosqlite.py", line 298, in _handle_exception
    raise error
  File "D:\ASM1\.venv\Lib\site-packages\sqlalchemy\dialects\sqlite\aiosqlite.py", line 129, in execute
    self.await_(_cursor.execute(operation, parameters))
  File "D:\ASM1\.venv\Lib\site-packages\sqlalchemy\util\_concurrency_py3k.py", line 132, in await_only
    return current.parent.switch(awaitable)  # type: ignore[no-any-return,attr-defined] # noqa: E501
           ^^^^^^^^^^^^^^^^^^^^^^^^^^^^^^^^
  File "D:\ASM1\.venv\Lib\site-packages\sqlalchemy\util\_concurrency_py3k.py", line 196, in greenlet_spawn
    value = await result
            ^^^^^^^^^^^^
  File "D:\ASM1\.venv\Lib\site-packages\aiosqlite\cursor.py", line 48, in execute
    await self._execute(self._cursor.execute, sql, parameters)
  File "D:\ASM1\.venv\Lib\site-packages\aiosqlite\cursor.py", line 40, in _execute
    return await self._conn._execute(fn, *args, **kwargs)
           ^^^^^^^^^^^^^^^^^^^^^^^^^^^^^^^^^^^^^^^^^^^^^^
  File "D:\ASM1\.venv\Lib\site-packages\aiosqlite\core.py", line 132, in _execute
    return await future
           ^^^^^^^^^^^^
  File "D:\ASM1\.venv\Lib\site-packages\aiosqlite\core.py", line 115, in run
    result = function()
             ^^^^^^^^^^
sqlalchemy.exc.OperationalError: (sqlite3.OperationalError) no such column: users.hashed_password
[SQL: SELECT users.id, users.email, users.name, users.role, users.created_at, users.last_login, users.hashed_password 
FROM users 
WHERE users.email = ?]
[parameters: ('khuojuin11@gmail.conm',)]
(Background on this error at: https://sqlalche.me/e/20/e3q8)
2026-03-03 17:10:57,643 - core.database - DEBUG - [DB_OP] Database session cleanup after 0.0145s
2026-03-03 17:10:57,643 - aiosqlite - DEBUG - executing functools.partial(<built-in method rollback of sqlite3.Connection object at 0x000001FD5A034040>)
2026-03-03 17:10:57,643 - aiosqlite - DEBUG - operation functools.partial(<built-in method rollback of sqlite3.Connection object at 0x000001FD5A034040>) completed
2026-03-03 17:10:57,643 - aiosqlite - DEBUG - executing functools.partial(<built-in method rollback of sqlite3.Connection object at 0x000001FD5A034040>)
2026-03-03 17:10:57,643 - aiosqlite - DEBUG - operation functools.partial(<built-in method rollback of sqlite3.Connection object at 0x000001FD5A034040>) completed
2026-03-03 17:10:57,643 - aiosqlite - DEBUG - executing functools.partial(<built-in method close of sqlite3.Connection object at 0x000001FD5A034040>)
2026-03-03 17:10:57,643 - aiosqlite - DEBUG - operation functools.partial(<built-in method close of sqlite3.Connection object at 0x000001FD5A034040>) completed
2026-03-03 17:10:57,651 - core.database - ERROR - Failed to create database session: (sqlite3.OperationalError) no such column: users.hashed_password
[SQL: SELECT users.id, users.email, users.name, users.role, users.created_at, users.last_login, users.hashed_password 
FROM users 
WHERE users.email = ?]
[parameters: ('khuojuin11@gmail.conm',)]
(Background on this error at: https://sqlalche.me/e/20/e3q8)
Traceback (most recent call last):
  File "D:\ASM1\.venv\Lib\site-packages\sqlalchemy\engine\base.py", line 1967, in _exec_single_context
    self.dialect.do_execute(
  File "D:\ASM1\.venv\Lib\site-packages\sqlalchemy\engine\default.py", line 941, in do_execute
    cursor.execute(statement, parameters)
  File "D:\ASM1\.venv\Lib\site-packages\sqlalchemy\dialects\sqlite\aiosqlite.py", line 147, in execute
    self._adapt_connection._handle_exception(error)
  File "D:\ASM1\.venv\Lib\site-packages\sqlalchemy\dialects\sqlite\aiosqlite.py", line 298, in _handle_exception
    raise error
  File "D:\ASM1\.venv\Lib\site-packages\sqlalchemy\dialects\sqlite\aiosqlite.py", line 129, in execute
    self.await_(_cursor.execute(operation, parameters))
  File "D:\ASM1\.venv\Lib\site-packages\sqlalchemy\util\_concurrency_py3k.py", line 132, in await_only
    return current.parent.switch(awaitable)  # type: ignore[no-any-return,attr-defined] # noqa: E501
           ^^^^^^^^^^^^^^^^^^^^^^^^^^^^^^^^
  File "D:\ASM1\.venv\Lib\site-packages\sqlalchemy\util\_concurrency_py3k.py", line 196, in greenlet_spawn
    value = await result
            ^^^^^^^^^^^^
  File "D:\ASM1\.venv\Lib\site-packages\aiosqlite\cursor.py", line 48, in execute
    await self._execute(self._cursor.execute, sql, parameters)
  File "D:\ASM1\.venv\Lib\site-packages\aiosqlite\cursor.py", line 40, in _execute
    return await self._conn._execute(fn, *args, **kwargs)
           ^^^^^^^^^^^^^^^^^^^^^^^^^^^^^^^^^^^^^^^^^^^^^^
  File "D:\ASM1\.venv\Lib\site-packages\aiosqlite\core.py", line 132, in _execute
    return await future
           ^^^^^^^^^^^^
  File "D:\ASM1\.venv\Lib\site-packages\aiosqlite\core.py", line 115, in run
    result = function()
             ^^^^^^^^^^
sqlite3.OperationalError: no such column: users.hashed_password

The above exception was the direct cause of the following exception:

Traceback (most recent call last):
  File "D:\ASM1\backend\core\database.py", line 542, in get_db
    yield session
  File "D:\ASM1\.venv\Lib\site-packages\fastapi\routing.py", line 301, in app
    raw_response = await run_endpoint_function(
                   ^^^^^^^^^^^^^^^^^^^^^^^^^^^^
  File "D:\ASM1\.venv\Lib\site-packages\fastapi\routing.py", line 212, in run_endpoint_function
    return await dependant.call(**values)
           ^^^^^^^^^^^^^^^^^^^^^^^^^^^^^^
  File "D:\ASM1\backend\routers\auth.py", line 349, in login_password
    result = await db.execute(select(User).where(User.email == clean_email))
             ^^^^^^^^^^^^^^^^^^^^^^^^^^^^^^^^^^^^^^^^^^^^^^^^^^^^^^^^^^^^^^^
  File "D:\ASM1\.venv\Lib\site-packages\sqlalchemy\ext\asyncio\session.py", line 461, in execute
    result = await greenlet_spawn(
             ^^^^^^^^^^^^^^^^^^^^^
  File "D:\ASM1\.venv\Lib\site-packages\sqlalchemy\util\_concurrency_py3k.py", line 201, in greenlet_spawn
    result = context.throw(*sys.exc_info())
             ^^^^^^^^^^^^^^^^^^^^^^^^^^^^^^
  File "D:\ASM1\.venv\Lib\site-packages\sqlalchemy\orm\session.py", line 2362, in execute
    return self._execute_internal(
           ^^^^^^^^^^^^^^^^^^^^^^^
  File "D:\ASM1\.venv\Lib\site-packages\sqlalchemy\orm\session.py", line 2247, in _execute_internal
    result: Result[Any] = compile_state_cls.orm_execute_statement(
                          ^^^^^^^^^^^^^^^^^^^^^^^^^^^^^^^^^^^^^^^^
  File "D:\ASM1\.venv\Lib\site-packages\sqlalchemy\orm\context.py", line 305, in orm_execute_statement
    result = conn.execute(
             ^^^^^^^^^^^^^
  File "D:\ASM1\.venv\Lib\site-packages\sqlalchemy\engine\base.py", line 1418, in execute
    return meth(
           ^^^^^
  File "D:\ASM1\.venv\Lib\site-packages\sqlalchemy\sql\elements.py", line 515, in _execute_on_connection
    return connection._execute_clauseelement(
           ^^^^^^^^^^^^^^^^^^^^^^^^^^^^^^^^^^
  File "D:\ASM1\.venv\Lib\site-packages\sqlalchemy\engine\base.py", line 1640, in _execute_clauseelement
    ret = self._execute_context(
          ^^^^^^^^^^^^^^^^^^^^^^
  File "D:\ASM1\.venv\Lib\site-packages\sqlalchemy\engine\base.py", line 1846, in _execute_context
    return self._exec_single_context(
           ^^^^^^^^^^^^^^^^^^^^^^^^^^
  File "D:\ASM1\.venv\Lib\site-packages\sqlalchemy\engine\base.py", line 1986, in _exec_single_context
    self._handle_dbapi_exception(
  File "D:\ASM1\.venv\Lib\site-packages\sqlalchemy\engine\base.py", line 2355, in _handle_dbapi_exception
    raise sqlalchemy_exception.with_traceback(exc_info[2]) from e
  File "D:\ASM1\.venv\Lib\site-packages\sqlalchemy\engine\base.py", line 1967, in _exec_single_context
    self.dialect.do_execute(
  File "D:\ASM1\.venv\Lib\site-packages\sqlalchemy\engine\default.py", line 941, in do_execute
    cursor.execute(statement, parameters)
  File "D:\ASM1\.venv\Lib\site-packages\sqlalchemy\dialects\sqlite\aiosqlite.py", line 147, in execute
    self._adapt_connection._handle_exception(error)
  File "D:\ASM1\.venv\Lib\site-packages\sqlalchemy\dialects\sqlite\aiosqlite.py", line 298, in _handle_exception
    raise error
  File "D:\ASM1\.venv\Lib\site-packages\sqlalchemy\dialects\sqlite\aiosqlite.py", line 129, in execute
    self.await_(_cursor.execute(operation, parameters))
  File "D:\ASM1\.venv\Lib\site-packages\sqlalchemy\util\_concurrency_py3k.py", line 132, in await_only
    return current.parent.switch(awaitable)  # type: ignore[no-any-return,attr-defined] # noqa: E501
           ^^^^^^^^^^^^^^^^^^^^^^^^^^^^^^^^
  File "D:\ASM1\.venv\Lib\site-packages\sqlalchemy\util\_concurrency_py3k.py", line 196, in greenlet_spawn
    value = await result
            ^^^^^^^^^^^^
  File "D:\ASM1\.venv\Lib\site-packages\aiosqlite\cursor.py", line 48, in execute
    await self._execute(self._cursor.execute, sql, parameters)
  File "D:\ASM1\.venv\Lib\site-packages\aiosqlite\cursor.py", line 40, in _execute
    return await self._conn._execute(fn, *args, **kwargs)
           ^^^^^^^^^^^^^^^^^^^^^^^^^^^^^^^^^^^^^^^^^^^^^^
  File "D:\ASM1\.venv\Lib\site-packages\aiosqlite\core.py", line 132, in _execute
    return await future
           ^^^^^^^^^^^^
  File "D:\ASM1\.venv\Lib\site-packages\aiosqlite\core.py", line 115, in run
    result = function()
             ^^^^^^^^^^
sqlalchemy.exc.OperationalError: (sqlite3.OperationalError) no such column: users.hashed_password
[SQL: SELECT users.id, users.email, users.name, users.role, users.created_at, users.last_login, users.hashed_password 
FROM users 
WHERE users.email = ?]
[parameters: ('khuojuin11@gmail.conm',)]
(Background on this error at: https://sqlalche.me/e/20/e3q8)
2026-03-03 17:10:57,784 - core.database - DEBUG - [DB_OP] Starting get_db session creation
2026-03-03 17:10:57,784 - core.database - DEBUG - [DB_OP] Database session created successfully in 0.0000s
2026-03-03 17:10:57,784 - aiosqlite - DEBUG - executing <function connect.<locals>.connector at 0x000001FD59FE3100>
2026-03-03 17:10:57,784 - aiosqlite - DEBUG - operation <function connect.<locals>.connector at 0x000001FD59FE3100> completed
2026-03-03 17:10:57,784 - aiosqlite - DEBUG - executing functools.partial(<built-in method create_function of sqlite3.Connection object at 0x000001FD59D75B70>, 'regexp', 2, <function SQLiteDialect_pysqlite.on_connect.<locals>.regexp at 0x000001FD59CDBF60>, deterministic=True)
2026-03-03 17:10:57,784 - aiosqlite - DEBUG - operation functools.partial(<built-in method create_function of sqlite3.Connection object at 0x000001FD59D75B70>, 'regexp', 2, <function SQLiteDialect_pysqlite.on_connect.<locals>.regexp at 0x000001FD59CDBF60>, deterministic=True) completed
2026-03-03 17:10:57,792 - aiosqlite - DEBUG - executing functools.partial(<built-in method create_function of sqlite3.Connection object at 0x000001FD59D75B70>, 'floor', 1, <built-in function floor>, deterministic=True)
2026-03-03 17:10:57,792 - aiosqlite - DEBUG - operation functools.partial(<built-in method create_function of sqlite3.Connection object at 0x000001FD59D75B70>, 'floor', 1, <built-in function floor>, deterministic=True) completed
2026-03-03 17:10:57,792 - aiosqlite - DEBUG - executing functools.partial(<built-in method cursor of sqlite3.Connection object at 0x000001FD59D75B70>)
2026-03-03 17:10:57,792 - aiosqlite - DEBUG - operation functools.partial(<built-in method cursor of sqlite3.Connection object at 0x000001FD59D75B70>) completed
2026-03-03 17:10:57,792 - aiosqlite - DEBUG - executing functools.partial(<built-in method execute of sqlite3.Cursor object at 0x000001FD59D156C0>, 'SELECT users.id, users.email, users.name, users.role, users.created_at, users.last_login, users.hashed_password \nFROM users \nWHERE users.email = ?', ('khuojuin11@gmail.conm',))
2026-03-03 17:10:57,792 - aiosqlite - DEBUG - returning exception no such column: users.hashed_password
2026-03-03 17:10:57,792 - core.database - ERROR - Database session error: (sqlite3.OperationalError) no such column: users.hashed_password
[SQL: SELECT users.id, users.email, users.name, users.role, users.created_at, users.last_login, users.hashed_password 
FROM users 
WHERE users.email = ?]
[parameters: ('khuojuin11@gmail.conm',)]
(Background on this error at: https://sqlalche.me/e/20/e3q8)
Traceback (most recent call last):
  File "D:\ASM1\.venv\Lib\site-packages\sqlalchemy\engine\base.py", line 1967, in _exec_single_context
    self.dialect.do_execute(
  File "D:\ASM1\.venv\Lib\site-packages\sqlalchemy\engine\default.py", line 941, in do_execute
    cursor.execute(statement, parameters)
  File "D:\ASM1\.venv\Lib\site-packages\sqlalchemy\dialects\sqlite\aiosqlite.py", line 147, in execute
    self._adapt_connection._handle_exception(error)
  File "D:\ASM1\.venv\Lib\site-packages\sqlalchemy\dialects\sqlite\aiosqlite.py", line 298, in _handle_exception
    raise error
  File "D:\ASM1\.venv\Lib\site-packages\sqlalchemy\dialects\sqlite\aiosqlite.py", line 129, in execute
    self.await_(_cursor.execute(operation, parameters))
  File "D:\ASM1\.venv\Lib\site-packages\sqlalchemy\util\_concurrency_py3k.py", line 132, in await_only
    return current.parent.switch(awaitable)  # type: ignore[no-any-return,attr-defined] # noqa: E501
           ^^^^^^^^^^^^^^^^^^^^^^^^^^^^^^^^
  File "D:\ASM1\.venv\Lib\site-packages\sqlalchemy\util\_concurrency_py3k.py", line 196, in greenlet_spawn
    value = await result
            ^^^^^^^^^^^^
  File "D:\ASM1\.venv\Lib\site-packages\aiosqlite\cursor.py", line 48, in execute
    await self._execute(self._cursor.execute, sql, parameters)
  File "D:\ASM1\.venv\Lib\site-packages\aiosqlite\cursor.py", line 40, in _execute
    return await self._conn._execute(fn, *args, **kwargs)
           ^^^^^^^^^^^^^^^^^^^^^^^^^^^^^^^^^^^^^^^^^^^^^^
  File "D:\ASM1\.venv\Lib\site-packages\aiosqlite\core.py", line 132, in _execute
    return await future
           ^^^^^^^^^^^^
  File "D:\ASM1\.venv\Lib\site-packages\aiosqlite\core.py", line 115, in run
    result = function()
             ^^^^^^^^^^
sqlite3.OperationalError: no such column: users.hashed_password

The above exception was the direct cause of the following exception:

Traceback (most recent call last):
  File "D:\ASM1\backend\core\database.py", line 542, in get_db
    yield session
  File "D:\ASM1\.venv\Lib\site-packages\fastapi\routing.py", line 301, in app
    raw_response = await run_endpoint_function(
                   ^^^^^^^^^^^^^^^^^^^^^^^^^^^^
  File "D:\ASM1\.venv\Lib\site-packages\fastapi\routing.py", line 212, in run_endpoint_function
    return await dependant.call(**values)
           ^^^^^^^^^^^^^^^^^^^^^^^^^^^^^^
  File "D:\ASM1\backend\routers\auth.py", line 349, in login_password
    result = await db.execute(select(User).where(User.email == clean_email))
             ^^^^^^^^^^^^^^^^^^^^^^^^^^^^^^^^^^^^^^^^^^^^^^^^^^^^^^^^^^^^^^^
  File "D:\ASM1\.venv\Lib\site-packages\sqlalchemy\ext\asyncio\session.py", line 461, in execute
    result = await greenlet_spawn(
             ^^^^^^^^^^^^^^^^^^^^^
  File "D:\ASM1\.venv\Lib\site-packages\sqlalchemy\util\_concurrency_py3k.py", line 201, in greenlet_spawn
    result = context.throw(*sys.exc_info())
             ^^^^^^^^^^^^^^^^^^^^^^^^^^^^^^
  File "D:\ASM1\.venv\Lib\site-packages\sqlalchemy\orm\session.py", line 2362, in execute
    return self._execute_internal(
           ^^^^^^^^^^^^^^^^^^^^^^^
  File "D:\ASM1\.venv\Lib\site-packages\sqlalchemy\orm\session.py", line 2247, in _execute_internal
    result: Result[Any] = compile_state_cls.orm_execute_statement(
                          ^^^^^^^^^^^^^^^^^^^^^^^^^^^^^^^^^^^^^^^^
  File "D:\ASM1\.venv\Lib\site-packages\sqlalchemy\orm\context.py", line 305, in orm_execute_statement
    result = conn.execute(
             ^^^^^^^^^^^^^
  File "D:\ASM1\.venv\Lib\site-packages\sqlalchemy\engine\base.py", line 1418, in execute
    return meth(
           ^^^^^
  File "D:\ASM1\.venv\Lib\site-packages\sqlalchemy\sql\elements.py", line 515, in _execute_on_connection
    return connection._execute_clauseelement(
           ^^^^^^^^^^^^^^^^^^^^^^^^^^^^^^^^^^
  File "D:\ASM1\.venv\Lib\site-packages\sqlalchemy\engine\base.py", line 1640, in _execute_clauseelement
    ret = self._execute_context(
          ^^^^^^^^^^^^^^^^^^^^^^
  File "D:\ASM1\.venv\Lib\site-packages\sqlalchemy\engine\base.py", line 1846, in _execute_context
    return self._exec_single_context(
           ^^^^^^^^^^^^^^^^^^^^^^^^^^
  File "D:\ASM1\.venv\Lib\site-packages\sqlalchemy\engine\base.py", line 1986, in _exec_single_context
    self._handle_dbapi_exception(
  File "D:\ASM1\.venv\Lib\site-packages\sqlalchemy\engine\base.py", line 2355, in _handle_dbapi_exception
    raise sqlalchemy_exception.with_traceback(exc_info[2]) from e
  File "D:\ASM1\.venv\Lib\site-packages\sqlalchemy\engine\base.py", line 1967, in _exec_single_context
    self.dialect.do_execute(
  File "D:\ASM1\.venv\Lib\site-packages\sqlalchemy\engine\default.py", line 941, in do_execute
    cursor.execute(statement, parameters)
  File "D:\ASM1\.venv\Lib\site-packages\sqlalchemy\dialects\sqlite\aiosqlite.py", line 147, in execute
    self._adapt_connection._handle_exception(error)
  File "D:\ASM1\.venv\Lib\site-packages\sqlalchemy\dialects\sqlite\aiosqlite.py", line 298, in _handle_exception
    raise error
  File "D:\ASM1\.venv\Lib\site-packages\sqlalchemy\dialects\sqlite\aiosqlite.py", line 129, in execute
    self.await_(_cursor.execute(operation, parameters))
  File "D:\ASM1\.venv\Lib\site-packages\sqlalchemy\util\_concurrency_py3k.py", line 132, in await_only
    return current.parent.switch(awaitable)  # type: ignore[no-any-return,attr-defined] # noqa: E501
           ^^^^^^^^^^^^^^^^^^^^^^^^^^^^^^^^
  File "D:\ASM1\.venv\Lib\site-packages\sqlalchemy\util\_concurrency_py3k.py", line 196, in greenlet_spawn
    value = await result
            ^^^^^^^^^^^^
  File "D:\ASM1\.venv\Lib\site-packages\aiosqlite\cursor.py", line 48, in execute
    await self._execute(self._cursor.execute, sql, parameters)
  File "D:\ASM1\.venv\Lib\site-packages\aiosqlite\cursor.py", line 40, in _execute
    return await self._conn._execute(fn, *args, **kwargs)
           ^^^^^^^^^^^^^^^^^^^^^^^^^^^^^^^^^^^^^^^^^^^^^^
  File "D:\ASM1\.venv\Lib\site-packages\aiosqlite\core.py", line 132, in _execute
    return await future
           ^^^^^^^^^^^^
  File "D:\ASM1\.venv\Lib\site-packages\aiosqlite\core.py", line 115, in run
    result = function()
             ^^^^^^^^^^
sqlalchemy.exc.OperationalError: (sqlite3.OperationalError) no such column: users.hashed_password
[SQL: SELECT users.id, users.email, users.name, users.role, users.created_at, users.last_login, users.hashed_password 
FROM users 
WHERE users.email = ?]
[parameters: ('khuojuin11@gmail.conm',)]
(Background on this error at: https://sqlalche.me/e/20/e3q8)
2026-03-03 17:10:57,800 - core.database - DEBUG - [DB_OP] Database session cleanup after 0.0160s
2026-03-03 17:10:57,800 - aiosqlite - DEBUG - executing functools.partial(<built-in method rollback of sqlite3.Connection object at 0x000001FD59D75B70>)
2026-03-03 17:10:57,800 - aiosqlite - DEBUG - operation functools.partial(<built-in method rollback of sqlite3.Connection object at 0x000001FD59D75B70>) completed
2026-03-03 17:10:57,800 - aiosqlite - DEBUG - executing functools.partial(<built-in method rollback of sqlite3.Connection object at 0x000001FD59D75B70>)
2026-03-03 17:10:57,808 - aiosqlite - DEBUG - operation functools.partial(<built-in method rollback of sqlite3.Connection object at 0x000001FD59D75B70>) completed
2026-03-03 17:10:57,808 - aiosqlite - DEBUG - executing functools.partial(<built-in method close of sqlite3.Connection object at 0x000001FD59D75B70>)
2026-03-03 17:10:57,808 - aiosqlite - DEBUG - operation functools.partial(<built-in method close of sqlite3.Connection object at 0x000001FD59D75B70>) completed
2026-03-03 17:10:57,808 - core.database - ERROR - Failed to create database session: (sqlite3.OperationalError) no such column: users.hashed_password
[SQL: SELECT users.id, users.email, users.name, users.role, users.created_at, users.last_login, users.hashed_password 
FROM users 
WHERE users.email = ?]
[parameters: ('khuojuin11@gmail.conm',)]
(Background on this error at: https://sqlalche.me/e/20/e3q8)
Traceback (most recent call last):
  File "D:\ASM1\.venv\Lib\site-packages\sqlalchemy\engine\base.py", line 1967, in _exec_single_context
    self.dialect.do_execute(
  File "D:\ASM1\.venv\Lib\site-packages\sqlalchemy\engine\default.py", line 941, in do_execute
    cursor.execute(statement, parameters)
  File "D:\ASM1\.venv\Lib\site-packages\sqlalchemy\dialects\sqlite\aiosqlite.py", line 147, in execute
    self._adapt_connection._handle_exception(error)
  File "D:\ASM1\.venv\Lib\site-packages\sqlalchemy\dialects\sqlite\aiosqlite.py", line 298, in _handle_exception
    raise error
  File "D:\ASM1\.venv\Lib\site-packages\sqlalchemy\dialects\sqlite\aiosqlite.py", line 129, in execute
    self.await_(_cursor.execute(operation, parameters))
  File "D:\ASM1\.venv\Lib\site-packages\sqlalchemy\util\_concurrency_py3k.py", line 132, in await_only
    return current.parent.switch(awaitable)  # type: ignore[no-any-return,attr-defined] # noqa: E501
           ^^^^^^^^^^^^^^^^^^^^^^^^^^^^^^^^
  File "D:\ASM1\.venv\Lib\site-packages\sqlalchemy\util\_concurrency_py3k.py", line 196, in greenlet_spawn
    value = await result
            ^^^^^^^^^^^^
  File "D:\ASM1\.venv\Lib\site-packages\aiosqlite\cursor.py", line 48, in execute
    await self._execute(self._cursor.execute, sql, parameters)
  File "D:\ASM1\.venv\Lib\site-packages\aiosqlite\cursor.py", line 40, in _execute
    return await self._conn._execute(fn, *args, **kwargs)
           ^^^^^^^^^^^^^^^^^^^^^^^^^^^^^^^^^^^^^^^^^^^^^^
  File "D:\ASM1\.venv\Lib\site-packages\aiosqlite\core.py", line 132, in _execute
    return await future
           ^^^^^^^^^^^^
  File "D:\ASM1\.venv\Lib\site-packages\aiosqlite\core.py", line 115, in run
    result = function()
             ^^^^^^^^^^
sqlite3.OperationalError: no such column: users.hashed_password

The above exception was the direct cause of the following exception:

Traceback (most recent call last):
  File "D:\ASM1\backend\core\database.py", line 542, in get_db
    yield session
  File "D:\ASM1\.venv\Lib\site-packages\fastapi\routing.py", line 301, in app
    raw_response = await run_endpoint_function(
                   ^^^^^^^^^^^^^^^^^^^^^^^^^^^^
  File "D:\ASM1\.venv\Lib\site-packages\fastapi\routing.py", line 212, in run_endpoint_function
    return await dependant.call(**values)
           ^^^^^^^^^^^^^^^^^^^^^^^^^^^^^^
  File "D:\ASM1\backend\routers\auth.py", line 349, in login_password
    result = await db.execute(select(User).where(User.email == clean_email))
             ^^^^^^^^^^^^^^^^^^^^^^^^^^^^^^^^^^^^^^^^^^^^^^^^^^^^^^^^^^^^^^^
  File "D:\ASM1\.venv\Lib\site-packages\sqlalchemy\ext\asyncio\session.py", line 461, in execute
    result = await greenlet_spawn(
             ^^^^^^^^^^^^^^^^^^^^^
  File "D:\ASM1\.venv\Lib\site-packages\sqlalchemy\util\_concurrency_py3k.py", line 201, in greenlet_spawn
    result = context.throw(*sys.exc_info())
             ^^^^^^^^^^^^^^^^^^^^^^^^^^^^^^
  File "D:\ASM1\.venv\Lib\site-packages\sqlalchemy\orm\session.py", line 2362, in execute
    return self._execute_internal(
           ^^^^^^^^^^^^^^^^^^^^^^^
  File "D:\ASM1\.venv\Lib\site-packages\sqlalchemy\orm\session.py", line 2247, in _execute_internal
    result: Result[Any] = compile_state_cls.orm_execute_statement(
                          ^^^^^^^^^^^^^^^^^^^^^^^^^^^^^^^^^^^^^^^^
  File "D:\ASM1\.venv\Lib\site-packages\sqlalchemy\orm\context.py", line 305, in orm_execute_statement
    result = conn.execute(
             ^^^^^^^^^^^^^
  File "D:\ASM1\.venv\Lib\site-packages\sqlalchemy\engine\base.py", line 1418, in execute
    return meth(
           ^^^^^
  File "D:\ASM1\.venv\Lib\site-packages\sqlalchemy\sql\elements.py", line 515, in _execute_on_connection
    return connection._execute_clauseelement(
           ^^^^^^^^^^^^^^^^^^^^^^^^^^^^^^^^^^
  File "D:\ASM1\.venv\Lib\site-packages\sqlalchemy\engine\base.py", line 1640, in _execute_clauseelement
    ret = self._execute_context(
          ^^^^^^^^^^^^^^^^^^^^^^
  File "D:\ASM1\.venv\Lib\site-packages\sqlalchemy\engine\base.py", line 1846, in _execute_context
    return self._exec_single_context(
           ^^^^^^^^^^^^^^^^^^^^^^^^^^
  File "D:\ASM1\.venv\Lib\site-packages\sqlalchemy\engine\base.py", line 1986, in _exec_single_context
    self._handle_dbapi_exception(
  File "D:\ASM1\.venv\Lib\site-packages\sqlalchemy\engine\base.py", line 2355, in _handle_dbapi_exception
    raise sqlalchemy_exception.with_traceback(exc_info[2]) from e
  File "D:\ASM1\.venv\Lib\site-packages\sqlalchemy\engine\base.py", line 1967, in _exec_single_context
    self.dialect.do_execute(
  File "D:\ASM1\.venv\Lib\site-packages\sqlalchemy\engine\default.py", line 941, in do_execute
    cursor.execute(statement, parameters)
  File "D:\ASM1\.venv\Lib\site-packages\sqlalchemy\dialects\sqlite\aiosqlite.py", line 147, in execute
    self._adapt_connection._handle_exception(error)
  File "D:\ASM1\.venv\Lib\site-packages\sqlalchemy\dialects\sqlite\aiosqlite.py", line 298, in _handle_exception
    raise error
  File "D:\ASM1\.venv\Lib\site-packages\sqlalchemy\dialects\sqlite\aiosqlite.py", line 129, in execute
    self.await_(_cursor.execute(operation, parameters))
  File "D:\ASM1\.venv\Lib\site-packages\sqlalchemy\util\_concurrency_py3k.py", line 132, in await_only
    return current.parent.switch(awaitable)  # type: ignore[no-any-return,attr-defined] # noqa: E501
           ^^^^^^^^^^^^^^^^^^^^^^^^^^^^^^^^
  File "D:\ASM1\.venv\Lib\site-packages\sqlalchemy\util\_concurrency_py3k.py", line 196, in greenlet_spawn
    value = await result
            ^^^^^^^^^^^^
  File "D:\ASM1\.venv\Lib\site-packages\aiosqlite\cursor.py", line 48, in execute
    await self._execute(self._cursor.execute, sql, parameters)
  File "D:\ASM1\.venv\Lib\site-packages\aiosqlite\cursor.py", line 40, in _execute
    return await self._conn._execute(fn, *args, **kwargs)
           ^^^^^^^^^^^^^^^^^^^^^^^^^^^^^^^^^^^^^^^^^^^^^^
  File "D:\ASM1\.venv\Lib\site-packages\aiosqlite\core.py", line 132, in _execute
    return await future
           ^^^^^^^^^^^^
  File "D:\ASM1\.venv\Lib\site-packages\aiosqlite\core.py", line 115, in run
    result = function()
             ^^^^^^^^^^
sqlalchemy.exc.OperationalError: (sqlite3.OperationalError) no such column: users.hashed_password
[SQL: SELECT users.id, users.email, users.name, users.role, users.created_at, users.last_login, users.hashed_password 
FROM users 
WHERE users.email = ?]
[parameters: ('khuojuin11@gmail.conm',)]
(Background on this error at: https://sqlalche.me/e/20/e3q8)
2026-03-03 17:17:40,159 - core.database - DEBUG - [DB_OP] Starting get_db session creation
2026-03-03 17:17:40,159 - core.database - DEBUG - [DB_OP] Database session created successfully in 0.0000s
2026-03-03 17:17:40,161 - aiosqlite - DEBUG - executing <function connect.<locals>.connector at 0x000001FD59FE3C40>
2026-03-03 17:17:40,161 - aiosqlite - DEBUG - operation <function connect.<locals>.connector at 0x000001FD59FE3C40> completed
2026-03-03 17:17:40,161 - aiosqlite - DEBUG - executing functools.partial(<built-in method create_function of sqlite3.Connection object at 0x000001FD59D758A0>, 'regexp', 2, <function SQLiteDialect_pysqlite.on_connect.<locals>.regexp at 0x000001FD59CDBF60>, deterministic=True)
2026-03-03 17:17:40,161 - aiosqlite - DEBUG - operation functools.partial(<built-in method create_function of sqlite3.Connection object at 0x000001FD59D758A0>, 'regexp', 2, <function SQLiteDialect_pysqlite.on_connect.<locals>.regexp at 0x000001FD59CDBF60>, deterministic=True) completed
2026-03-03 17:17:40,161 - aiosqlite - DEBUG - executing functools.partial(<built-in method create_function of sqlite3.Connection object at 0x000001FD59D758A0>, 'floor', 1, <built-in function floor>, deterministic=True)
2026-03-03 17:17:40,164 - aiosqlite - DEBUG - operation functools.partial(<built-in method create_function of sqlite3.Connection object at 0x000001FD59D758A0>, 'floor', 1, <built-in function floor>, deterministic=True) completed
2026-03-03 17:17:40,164 - aiosqlite - DEBUG - executing functools.partial(<built-in method cursor of sqlite3.Connection object at 0x000001FD59D758A0>)
2026-03-03 17:17:40,164 - aiosqlite - DEBUG - operation functools.partial(<built-in method cursor of sqlite3.Connection object at 0x000001FD59D758A0>) completed
2026-03-03 17:17:40,164 - aiosqlite - DEBUG - executing functools.partial(<built-in method execute of sqlite3.Cursor object at 0x000001FD5A02A440>, 'SELECT users.id, users.email, users.name, users.role, users.created_at, users.last_login, users.hashed_password \nFROM users \nWHERE users.email = ?', ('khuojuin11@gmail.conm',))
2026-03-03 17:17:40,164 - aiosqlite - DEBUG - returning exception no such column: users.hashed_password
2026-03-03 17:17:40,164 - core.database - ERROR - Database session error: (sqlite3.OperationalError) no such column: users.hashed_password
[SQL: SELECT users.id, users.email, users.name, users.role, users.created_at, users.last_login, users.hashed_password 
FROM users 
WHERE users.email = ?]
[parameters: ('khuojuin11@gmail.conm',)]
(Background on this error at: https://sqlalche.me/e/20/e3q8)
Traceback (most recent call last):
  File "D:\ASM1\.venv\Lib\site-packages\sqlalchemy\engine\base.py", line 1967, in _exec_single_context
    self.dialect.do_execute(
  File "D:\ASM1\.venv\Lib\site-packages\sqlalchemy\engine\default.py", line 941, in do_execute
    cursor.execute(statement, parameters)
  File "D:\ASM1\.venv\Lib\site-packages\sqlalchemy\dialects\sqlite\aiosqlite.py", line 147, in execute
    self._adapt_connection._handle_exception(error)
  File "D:\ASM1\.venv\Lib\site-packages\sqlalchemy\dialects\sqlite\aiosqlite.py", line 298, in _handle_exception
    raise error
  File "D:\ASM1\.venv\Lib\site-packages\sqlalchemy\dialects\sqlite\aiosqlite.py", line 129, in execute
    self.await_(_cursor.execute(operation, parameters))
  File "D:\ASM1\.venv\Lib\site-packages\sqlalchemy\util\_concurrency_py3k.py", line 132, in await_only
    return current.parent.switch(awaitable)  # type: ignore[no-any-return,attr-defined] # noqa: E501
           ^^^^^^^^^^^^^^^^^^^^^^^^^^^^^^^^
  File "D:\ASM1\.venv\Lib\site-packages\sqlalchemy\util\_concurrency_py3k.py", line 196, in greenlet_spawn
    value = await result
            ^^^^^^^^^^^^
  File "D:\ASM1\.venv\Lib\site-packages\aiosqlite\cursor.py", line 48, in execute
    await self._execute(self._cursor.execute, sql, parameters)
  File "D:\ASM1\.venv\Lib\site-packages\aiosqlite\cursor.py", line 40, in _execute
    return await self._conn._execute(fn, *args, **kwargs)
           ^^^^^^^^^^^^^^^^^^^^^^^^^^^^^^^^^^^^^^^^^^^^^^
  File "D:\ASM1\.venv\Lib\site-packages\aiosqlite\core.py", line 132, in _execute
    return await future
           ^^^^^^^^^^^^
  File "D:\ASM1\.venv\Lib\site-packages\aiosqlite\core.py", line 115, in run
    result = function()
             ^^^^^^^^^^
sqlite3.OperationalError: no such column: users.hashed_password

The above exception was the direct cause of the following exception:

Traceback (most recent call last):
  File "D:\ASM1\backend\core\database.py", line 542, in get_db
    yield session
  File "D:\ASM1\.venv\Lib\site-packages\fastapi\routing.py", line 301, in app
    raw_response = await run_endpoint_function(
                   ^^^^^^^^^^^^^^^^^^^^^^^^^^^^
  File "D:\ASM1\.venv\Lib\site-packages\fastapi\routing.py", line 212, in run_endpoint_function
    return await dependant.call(**values)
           ^^^^^^^^^^^^^^^^^^^^^^^^^^^^^^
  File "D:\ASM1\backend\routers\auth.py", line 349, in login_password
    result = await db.execute(select(User).where(User.email == clean_email))
             ^^^^^^^^^^^^^^^^^^^^^^^^^^^^^^^^^^^^^^^^^^^^^^^^^^^^^^^^^^^^^^^
  File "D:\ASM1\.venv\Lib\site-packages\sqlalchemy\ext\asyncio\session.py", line 461, in execute
    result = await greenlet_spawn(
             ^^^^^^^^^^^^^^^^^^^^^
  File "D:\ASM1\.venv\Lib\site-packages\sqlalchemy\util\_concurrency_py3k.py", line 201, in greenlet_spawn
    result = context.throw(*sys.exc_info())
             ^^^^^^^^^^^^^^^^^^^^^^^^^^^^^^
  File "D:\ASM1\.venv\Lib\site-packages\sqlalchemy\orm\session.py", line 2362, in execute
    return self._execute_internal(
           ^^^^^^^^^^^^^^^^^^^^^^^
  File "D:\ASM1\.venv\Lib\site-packages\sqlalchemy\orm\session.py", line 2247, in _execute_internal
    result: Result[Any] = compile_state_cls.orm_execute_statement(
                          ^^^^^^^^^^^^^^^^^^^^^^^^^^^^^^^^^^^^^^^^
  File "D:\ASM1\.venv\Lib\site-packages\sqlalchemy\orm\context.py", line 305, in orm_execute_statement
    result = conn.execute(
             ^^^^^^^^^^^^^
  File "D:\ASM1\.venv\Lib\site-packages\sqlalchemy\engine\base.py", line 1418, in execute
    return meth(
           ^^^^^
  File "D:\ASM1\.venv\Lib\site-packages\sqlalchemy\sql\elements.py", line 515, in _execute_on_connection
    return connection._execute_clauseelement(
           ^^^^^^^^^^^^^^^^^^^^^^^^^^^^^^^^^^
  File "D:\ASM1\.venv\Lib\site-packages\sqlalchemy\engine\base.py", line 1640, in _execute_clauseelement
    ret = self._execute_context(
          ^^^^^^^^^^^^^^^^^^^^^^
  File "D:\ASM1\.venv\Lib\site-packages\sqlalchemy\engine\base.py", line 1846, in _execute_context
    return self._exec_single_context(
           ^^^^^^^^^^^^^^^^^^^^^^^^^^
  File "D:\ASM1\.venv\Lib\site-packages\sqlalchemy\engine\base.py", line 1986, in _exec_single_context
    self._handle_dbapi_exception(
  File "D:\ASM1\.venv\Lib\site-packages\sqlalchemy\engine\base.py", line 2355, in _handle_dbapi_exception
    raise sqlalchemy_exception.with_traceback(exc_info[2]) from e
  File "D:\ASM1\.venv\Lib\site-packages\sqlalchemy\engine\base.py", line 1967, in _exec_single_context
    self.dialect.do_execute(
  File "D:\ASM1\.venv\Lib\site-packages\sqlalchemy\engine\default.py", line 941, in do_execute
    cursor.execute(statement, parameters)
  File "D:\ASM1\.venv\Lib\site-packages\sqlalchemy\dialects\sqlite\aiosqlite.py", line 147, in execute
    self._adapt_connection._handle_exception(error)
  File "D:\ASM1\.venv\Lib\site-packages\sqlalchemy\dialects\sqlite\aiosqlite.py", line 298, in _handle_exception
    raise error
  File "D:\ASM1\.venv\Lib\site-packages\sqlalchemy\dialects\sqlite\aiosqlite.py", line 129, in execute
    self.await_(_cursor.execute(operation, parameters))
  File "D:\ASM1\.venv\Lib\site-packages\sqlalchemy\util\_concurrency_py3k.py", line 132, in await_only
    return current.parent.switch(awaitable)  # type: ignore[no-any-return,attr-defined] # noqa: E501
           ^^^^^^^^^^^^^^^^^^^^^^^^^^^^^^^^
  File "D:\ASM1\.venv\Lib\site-packages\sqlalchemy\util\_concurrency_py3k.py", line 196, in greenlet_spawn
    value = await result
            ^^^^^^^^^^^^
  File "D:\ASM1\.venv\Lib\site-packages\aiosqlite\cursor.py", line 48, in execute
    await self._execute(self._cursor.execute, sql, parameters)
  File "D:\ASM1\.venv\Lib\site-packages\aiosqlite\cursor.py", line 40, in _execute
    return await self._conn._execute(fn, *args, **kwargs)
           ^^^^^^^^^^^^^^^^^^^^^^^^^^^^^^^^^^^^^^^^^^^^^^
  File "D:\ASM1\.venv\Lib\site-packages\aiosqlite\core.py", line 132, in _execute
    return await future
           ^^^^^^^^^^^^
  File "D:\ASM1\.venv\Lib\site-packages\aiosqlite\core.py", line 115, in run
    result = function()
             ^^^^^^^^^^
sqlalchemy.exc.OperationalError: (sqlite3.OperationalError) no such column: users.hashed_password
[SQL: SELECT users.id, users.email, users.name, users.role, users.created_at, users.last_login, users.hashed_password 
FROM users 
WHERE users.email = ?]
[parameters: ('khuojuin11@gmail.conm',)]
(Background on this error at: https://sqlalche.me/e/20/e3q8)
2026-03-03 17:17:40,174 - core.database - DEBUG - [DB_OP] Database session cleanup after 0.0152s
2026-03-03 17:17:40,174 - aiosqlite - DEBUG - executing functools.partial(<built-in method rollback of sqlite3.Connection object at 0x000001FD59D758A0>)
2026-03-03 17:17:40,174 - aiosqlite - DEBUG - operation functools.partial(<built-in method rollback of sqlite3.Connection object at 0x000001FD59D758A0>) completed
2026-03-03 17:17:40,174 - aiosqlite - DEBUG - executing functools.partial(<built-in method rollback of sqlite3.Connection object at 0x000001FD59D758A0>)
2026-03-03 17:17:40,174 - aiosqlite - DEBUG - operation functools.partial(<built-in method rollback of sqlite3.Connection object at 0x000001FD59D758A0>) completed
2026-03-03 17:17:40,174 - aiosqlite - DEBUG - executing functools.partial(<built-in method close of sqlite3.Connection object at 0x000001FD59D758A0>)
2026-03-03 17:17:40,174 - aiosqlite - DEBUG - operation functools.partial(<built-in method close of sqlite3.Connection object at 0x000001FD59D758A0>) completed
2026-03-03 17:17:40,174 - core.database - ERROR - Failed to create database session: (sqlite3.OperationalError) no such column: users.hashed_password
[SQL: SELECT users.id, users.email, users.name, users.role, users.created_at, users.last_login, users.hashed_password 
FROM users 
WHERE users.email = ?]
[parameters: ('khuojuin11@gmail.conm',)]
(Background on this error at: https://sqlalche.me/e/20/e3q8)
Traceback (most recent call last):
  File "D:\ASM1\.venv\Lib\site-packages\sqlalchemy\engine\base.py", line 1967, in _exec_single_context
    self.dialect.do_execute(
  File "D:\ASM1\.venv\Lib\site-packages\sqlalchemy\engine\default.py", line 941, in do_execute
    cursor.execute(statement, parameters)
  File "D:\ASM1\.venv\Lib\site-packages\sqlalchemy\dialects\sqlite\aiosqlite.py", line 147, in execute
    self._adapt_connection._handle_exception(error)
  File "D:\ASM1\.venv\Lib\site-packages\sqlalchemy\dialects\sqlite\aiosqlite.py", line 298, in _handle_exception
    raise error
  File "D:\ASM1\.venv\Lib\site-packages\sqlalchemy\dialects\sqlite\aiosqlite.py", line 129, in execute
    self.await_(_cursor.execute(operation, parameters))
  File "D:\ASM1\.venv\Lib\site-packages\sqlalchemy\util\_concurrency_py3k.py", line 132, in await_only
    return current.parent.switch(awaitable)  # type: ignore[no-any-return,attr-defined] # noqa: E501
           ^^^^^^^^^^^^^^^^^^^^^^^^^^^^^^^^
  File "D:\ASM1\.venv\Lib\site-packages\sqlalchemy\util\_concurrency_py3k.py", line 196, in greenlet_spawn
    value = await result
            ^^^^^^^^^^^^
  File "D:\ASM1\.venv\Lib\site-packages\aiosqlite\cursor.py", line 48, in execute
    await self._execute(self._cursor.execute, sql, parameters)
  File "D:\ASM1\.venv\Lib\site-packages\aiosqlite\cursor.py", line 40, in _execute
    return await self._conn._execute(fn, *args, **kwargs)
           ^^^^^^^^^^^^^^^^^^^^^^^^^^^^^^^^^^^^^^^^^^^^^^
  File "D:\ASM1\.venv\Lib\site-packages\aiosqlite\core.py", line 132, in _execute
    return await future
           ^^^^^^^^^^^^
  File "D:\ASM1\.venv\Lib\site-packages\aiosqlite\core.py", line 115, in run
    result = function()
             ^^^^^^^^^^
sqlite3.OperationalError: no such column: users.hashed_password

The above exception was the direct cause of the following exception:

Traceback (most recent call last):
  File "D:\ASM1\backend\core\database.py", line 542, in get_db
    yield session
  File "D:\ASM1\.venv\Lib\site-packages\fastapi\routing.py", line 301, in app
    raw_response = await run_endpoint_function(
                   ^^^^^^^^^^^^^^^^^^^^^^^^^^^^
  File "D:\ASM1\.venv\Lib\site-packages\fastapi\routing.py", line 212, in run_endpoint_function
    return await dependant.call(**values)
           ^^^^^^^^^^^^^^^^^^^^^^^^^^^^^^
  File "D:\ASM1\backend\routers\auth.py", line 349, in login_password
    result = await db.execute(select(User).where(User.email == clean_email))
             ^^^^^^^^^^^^^^^^^^^^^^^^^^^^^^^^^^^^^^^^^^^^^^^^^^^^^^^^^^^^^^^
  File "D:\ASM1\.venv\Lib\site-packages\sqlalchemy\ext\asyncio\session.py", line 461, in execute
    result = await greenlet_spawn(
             ^^^^^^^^^^^^^^^^^^^^^
  File "D:\ASM1\.venv\Lib\site-packages\sqlalchemy\util\_concurrency_py3k.py", line 201, in greenlet_spawn
    result = context.throw(*sys.exc_info())
             ^^^^^^^^^^^^^^^^^^^^^^^^^^^^^^
  File "D:\ASM1\.venv\Lib\site-packages\sqlalchemy\orm\session.py", line 2362, in execute
    return self._execute_internal(
           ^^^^^^^^^^^^^^^^^^^^^^^
  File "D:\ASM1\.venv\Lib\site-packages\sqlalchemy\orm\session.py", line 2247, in _execute_internal
    result: Result[Any] = compile_state_cls.orm_execute_statement(
                          ^^^^^^^^^^^^^^^^^^^^^^^^^^^^^^^^^^^^^^^^
  File "D:\ASM1\.venv\Lib\site-packages\sqlalchemy\orm\context.py", line 305, in orm_execute_statement
    result = conn.execute(
             ^^^^^^^^^^^^^
  File "D:\ASM1\.venv\Lib\site-packages\sqlalchemy\engine\base.py", line 1418, in execute
    return meth(
           ^^^^^
  File "D:\ASM1\.venv\Lib\site-packages\sqlalchemy\sql\elements.py", line 515, in _execute_on_connection
    return connection._execute_clauseelement(
           ^^^^^^^^^^^^^^^^^^^^^^^^^^^^^^^^^^
  File "D:\ASM1\.venv\Lib\site-packages\sqlalchemy\engine\base.py", line 1640, in _execute_clauseelement
    ret = self._execute_context(
          ^^^^^^^^^^^^^^^^^^^^^^
  File "D:\ASM1\.venv\Lib\site-packages\sqlalchemy\engine\base.py", line 1846, in _execute_context
    return self._exec_single_context(
           ^^^^^^^^^^^^^^^^^^^^^^^^^^
  File "D:\ASM1\.venv\Lib\site-packages\sqlalchemy\engine\base.py", line 1986, in _exec_single_context
    self._handle_dbapi_exception(
  File "D:\ASM1\.venv\Lib\site-packages\sqlalchemy\engine\base.py", line 2355, in _handle_dbapi_exception
    raise sqlalchemy_exception.with_traceback(exc_info[2]) from e
  File "D:\ASM1\.venv\Lib\site-packages\sqlalchemy\engine\base.py", line 1967, in _exec_single_context
    self.dialect.do_execute(
  File "D:\ASM1\.venv\Lib\site-packages\sqlalchemy\engine\default.py", line 941, in do_execute
    cursor.execute(statement, parameters)
  File "D:\ASM1\.venv\Lib\site-packages\sqlalchemy\dialects\sqlite\aiosqlite.py", line 147, in execute
    self._adapt_connection._handle_exception(error)
  File "D:\ASM1\.venv\Lib\site-packages\sqlalchemy\dialects\sqlite\aiosqlite.py", line 298, in _handle_exception
    raise error
  File "D:\ASM1\.venv\Lib\site-packages\sqlalchemy\dialects\sqlite\aiosqlite.py", line 129, in execute
    self.await_(_cursor.execute(operation, parameters))
  File "D:\ASM1\.venv\Lib\site-packages\sqlalchemy\util\_concurrency_py3k.py", line 132, in await_only
    return current.parent.switch(awaitable)  # type: ignore[no-any-return,attr-defined] # noqa: E501
           ^^^^^^^^^^^^^^^^^^^^^^^^^^^^^^^^
  File "D:\ASM1\.venv\Lib\site-packages\sqlalchemy\util\_concurrency_py3k.py", line 196, in greenlet_spawn
    value = await result
            ^^^^^^^^^^^^
  File "D:\ASM1\.venv\Lib\site-packages\aiosqlite\cursor.py", line 48, in execute
    await self._execute(self._cursor.execute, sql, parameters)
  File "D:\ASM1\.venv\Lib\site-packages\aiosqlite\cursor.py", line 40, in _execute
    return await self._conn._execute(fn, *args, **kwargs)
           ^^^^^^^^^^^^^^^^^^^^^^^^^^^^^^^^^^^^^^^^^^^^^^
  File "D:\ASM1\.venv\Lib\site-packages\aiosqlite\core.py", line 132, in _execute
    return await future
           ^^^^^^^^^^^^
  File "D:\ASM1\.venv\Lib\site-packages\aiosqlite\core.py", line 115, in run
    result = function()
             ^^^^^^^^^^
sqlalchemy.exc.OperationalError: (sqlite3.OperationalError) no such column: users.hashed_password
[SQL: SELECT users.id, users.email, users.name, users.role, users.created_at, users.last_login, users.hashed_password 
FROM users 
WHERE users.email = ?]
[parameters: ('khuojuin11@gmail.conm',)]
(Background on this error at: https://sqlalche.me/e/20/e3q8)
2026-03-03 17:19:24,766 - core.database - DEBUG - [DB_OP] Starting get_db session creation
2026-03-03 17:19:24,774 - core.database - DEBUG - [DB_OP] Database session created successfully in 0.0080s
2026-03-03 17:19:24,774 - routers.products - DEBUG - Querying productss: query=None, sort=None, skip=0, limit=1000, fields=None
2026-03-03 17:19:24,774 - aiosqlite - DEBUG - executing <function connect.<locals>.connector at 0x000001FD59FE3240>
2026-03-03 17:19:24,774 - aiosqlite - DEBUG - operation <function connect.<locals>.connector at 0x000001FD59FE3240> completed
2026-03-03 17:19:24,774 - aiosqlite - DEBUG - executing functools.partial(<built-in method create_function of sqlite3.Connection object at 0x000001FD59D132E0>, 'regexp', 2, <function SQLiteDialect_pysqlite.on_connect.<locals>.regexp at 0x000001FD59CDBF60>, deterministic=True)
2026-03-03 17:19:24,774 - aiosqlite - DEBUG - operation functools.partial(<built-in method create_function of sqlite3.Connection object at 0x000001FD59D132E0>, 'regexp', 2, <function SQLiteDialect_pysqlite.on_connect.<locals>.regexp at 0x000001FD59CDBF60>, deterministic=True) completed
2026-03-03 17:19:24,774 - aiosqlite - DEBUG - executing functools.partial(<built-in method create_function of sqlite3.Connection object at 0x000001FD59D132E0>, 'floor', 1, <built-in function floor>, deterministic=True)
2026-03-03 17:19:24,774 - aiosqlite - DEBUG - operation functools.partial(<built-in method create_function of sqlite3.Connection object at 0x000001FD59D132E0>, 'floor', 1, <built-in function floor>, deterministic=True) completed
2026-03-03 17:19:24,782 - aiosqlite - DEBUG - executing functools.partial(<built-in method cursor of sqlite3.Connection object at 0x000001FD59D132E0>)
2026-03-03 17:19:24,782 - aiosqlite - DEBUG - operation functools.partial(<built-in method cursor of sqlite3.Connection object at 0x000001FD59D132E0>) completed
2026-03-03 17:19:24,782 - aiosqlite - DEBUG - executing functools.partial(<built-in method execute of sqlite3.Cursor object at 0x000001FD59C71E40>, 'SELECT count(products.id) AS count_1 \nFROM products', ())
2026-03-03 17:19:24,782 - aiosqlite - DEBUG - operation functools.partial(<built-in method execute of sqlite3.Cursor object at 0x000001FD59C71E40>, 'SELECT count(products.id) AS count_1 \nFROM products', ()) completed
2026-03-03 17:19:24,782 - aiosqlite - DEBUG - executing functools.partial(<built-in method fetchall of sqlite3.Cursor object at 0x000001FD59C71E40>)
2026-03-03 17:19:24,782 - aiosqlite - DEBUG - operation functools.partial(<built-in method fetchall of sqlite3.Cursor object at 0x000001FD59C71E40>) completed
2026-03-03 17:19:24,782 - aiosqlite - DEBUG - executing functools.partial(<built-in method close of sqlite3.Cursor object at 0x000001FD59C71E40>)
2026-03-03 17:19:24,782 - aiosqlite - DEBUG - operation functools.partial(<built-in method close of sqlite3.Cursor object at 0x000001FD59C71E40>) completed
2026-03-03 17:19:24,782 - aiosqlite - DEBUG - executing functools.partial(<built-in method cursor of sqlite3.Connection object at 0x000001FD59D132E0>)
2026-03-03 17:19:24,790 - aiosqlite - DEBUG - operation functools.partial(<built-in method cursor of sqlite3.Connection object at 0x000001FD59D132E0>) completed
2026-03-03 17:19:24,790 - aiosqlite - DEBUG - executing functools.partial(<built-in method execute of sqlite3.Cursor object at 0x000001FD59C71E40>, 'SELECT products.id, products.name, products.description, products.price, products.image, products.category, products.size, products.color, products.stock, products.created_at \nFROM products ORDER BY products.id DESC\n LIMIT ? OFFSET ?', (1000, 0))
2026-03-03 17:19:24,790 - aiosqlite - DEBUG - operation functools.partial(<built-in method execute of sqlite3.Cursor object at 0x000001FD59C71E40>, 'SELECT products.id, products.name, products.description, products.price, products.image, products.category, products.size, products.color, products.stock, products.created_at \nFROM products ORDER BY products.id DESC\n LIMIT ? OFFSET ?', (1000, 0)) completed
2026-03-03 17:19:24,790 - aiosqlite - DEBUG - executing functools.partial(<built-in method fetchall of sqlite3.Cursor object at 0x000001FD59C71E40>)
2026-03-03 17:19:24,790 - aiosqlite - DEBUG - operation functools.partial(<built-in method fetchall of sqlite3.Cursor object at 0x000001FD59C71E40>) completed
2026-03-03 17:19:24,790 - aiosqlite - DEBUG - executing functools.partial(<built-in method close of sqlite3.Cursor object at 0x000001FD59C71E40>)
2026-03-03 17:19:24,790 - aiosqlite - DEBUG - operation functools.partial(<built-in method close of sqlite3.Cursor object at 0x000001FD59C71E40>) completed
2026-03-03 17:19:24,790 - routers.products - DEBUG - Found 15 productss
2026-03-03 17:19:24,790 - core.database - DEBUG - [DB_OP] Database session cleanup after 0.0240s
2026-03-03 17:19:24,798 - aiosqlite - DEBUG - executing functools.partial(<built-in method rollback of sqlite3.Connection object at 0x000001FD59D132E0>)
2026-03-03 17:19:24,798 - aiosqlite - DEBUG - operation functools.partial(<built-in method rollback of sqlite3.Connection object at 0x000001FD59D132E0>) completed
2026-03-03 17:19:24,798 - aiosqlite - DEBUG - executing functools.partial(<built-in method rollback of sqlite3.Connection object at 0x000001FD59D132E0>)
2026-03-03 17:19:24,798 - aiosqlite - DEBUG - operation functools.partial(<built-in method rollback of sqlite3.Connection object at 0x000001FD59D132E0>) completed
2026-03-03 17:19:24,798 - aiosqlite - DEBUG - executing functools.partial(<built-in method close of sqlite3.Connection object at 0x000001FD59D132E0>)
2026-03-03 17:19:24,798 - aiosqlite - DEBUG - operation functools.partial(<built-in method close of sqlite3.Connection object at 0x000001FD59D132E0>) completed
2026-03-03 17:19:29,174 - core.database - DEBUG - [DB_OP] Starting get_db session creation
2026-03-03 17:19:29,174 - core.database - DEBUG - [DB_OP] Database session created successfully in 0.0000s
2026-03-03 17:19:29,176 - aiosqlite - DEBUG - executing <function connect.<locals>.connector at 0x000001FD59FE2FC0>
2026-03-03 17:19:29,176 - aiosqlite - DEBUG - operation <function connect.<locals>.connector at 0x000001FD59FE2FC0> completed
2026-03-03 17:19:29,177 - aiosqlite - DEBUG - executing functools.partial(<built-in method create_function of sqlite3.Connection object at 0x000001FD59D13010>, 'regexp', 2, <function SQLiteDialect_pysqlite.on_connect.<locals>.regexp at 0x000001FD59CDBF60>, deterministic=True)
2026-03-03 17:19:29,177 - aiosqlite - DEBUG - operation functools.partial(<built-in method create_function of sqlite3.Connection object at 0x000001FD59D13010>, 'regexp', 2, <function SQLiteDialect_pysqlite.on_connect.<locals>.regexp at 0x000001FD59CDBF60>, deterministic=True) completed
2026-03-03 17:19:29,177 - aiosqlite - DEBUG - executing functools.partial(<built-in method create_function of sqlite3.Connection object at 0x000001FD59D13010>, 'floor', 1, <built-in function floor>, deterministic=True)
2026-03-03 17:19:29,177 - aiosqlite - DEBUG - operation functools.partial(<built-in method create_function of sqlite3.Connection object at 0x000001FD59D13010>, 'floor', 1, <built-in function floor>, deterministic=True) completed
2026-03-03 17:19:29,177 - aiosqlite - DEBUG - executing functools.partial(<built-in method cursor of sqlite3.Connection object at 0x000001FD59D13010>)
2026-03-03 17:19:29,177 - aiosqlite - DEBUG - operation functools.partial(<built-in method cursor of sqlite3.Connection object at 0x000001FD59D13010>) completed
2026-03-03 17:19:29,177 - aiosqlite - DEBUG - executing functools.partial(<built-in method execute of sqlite3.Cursor object at 0x000001FD5A0295C0>, 'SELECT users.id, users.email, users.name, users.role, users.created_at, users.last_login, users.hashed_password \nFROM users \nWHERE users.email = ?', ('khuojuin11@gmail.conm',))
2026-03-03 17:19:29,177 - aiosqlite - DEBUG - returning exception no such column: users.hashed_password
2026-03-03 17:19:29,177 - core.database - ERROR - Database session error: (sqlite3.OperationalError) no such column: users.hashed_password
[SQL: SELECT users.id, users.email, users.name, users.role, users.created_at, users.last_login, users.hashed_password 
FROM users 
WHERE users.email = ?]
[parameters: ('khuojuin11@gmail.conm',)]
(Background on this error at: https://sqlalche.me/e/20/e3q8)
Traceback (most recent call last):
  File "D:\ASM1\.venv\Lib\site-packages\sqlalchemy\engine\base.py", line 1967, in _exec_single_context
    self.dialect.do_execute(
  File "D:\ASM1\.venv\Lib\site-packages\sqlalchemy\engine\default.py", line 941, in do_execute
    cursor.execute(statement, parameters)
  File "D:\ASM1\.venv\Lib\site-packages\sqlalchemy\dialects\sqlite\aiosqlite.py", line 147, in execute
    self._adapt_connection._handle_exception(error)
  File "D:\ASM1\.venv\Lib\site-packages\sqlalchemy\dialects\sqlite\aiosqlite.py", line 298, in _handle_exception
    raise error
  File "D:\ASM1\.venv\Lib\site-packages\sqlalchemy\dialects\sqlite\aiosqlite.py", line 129, in execute
    self.await_(_cursor.execute(operation, parameters))
  File "D:\ASM1\.venv\Lib\site-packages\sqlalchemy\util\_concurrency_py3k.py", line 132, in await_only
    return current.parent.switch(awaitable)  # type: ignore[no-any-return,attr-defined] # noqa: E501
           ^^^^^^^^^^^^^^^^^^^^^^^^^^^^^^^^
  File "D:\ASM1\.venv\Lib\site-packages\sqlalchemy\util\_concurrency_py3k.py", line 196, in greenlet_spawn
    value = await result
            ^^^^^^^^^^^^
  File "D:\ASM1\.venv\Lib\site-packages\aiosqlite\cursor.py", line 48, in execute
    await self._execute(self._cursor.execute, sql, parameters)
  File "D:\ASM1\.venv\Lib\site-packages\aiosqlite\cursor.py", line 40, in _execute
    return await self._conn._execute(fn, *args, **kwargs)
           ^^^^^^^^^^^^^^^^^^^^^^^^^^^^^^^^^^^^^^^^^^^^^^
  File "D:\ASM1\.venv\Lib\site-packages\aiosqlite\core.py", line 132, in _execute
    return await future
           ^^^^^^^^^^^^
  File "D:\ASM1\.venv\Lib\site-packages\aiosqlite\core.py", line 115, in run
    result = function()
             ^^^^^^^^^^
sqlite3.OperationalError: no such column: users.hashed_password

The above exception was the direct cause of the following exception:

Traceback (most recent call last):
  File "D:\ASM1\backend\core\database.py", line 542, in get_db
    yield session
  File "D:\ASM1\.venv\Lib\site-packages\fastapi\routing.py", line 301, in app
    raw_response = await run_endpoint_function(
                   ^^^^^^^^^^^^^^^^^^^^^^^^^^^^
  File "D:\ASM1\.venv\Lib\site-packages\fastapi\routing.py", line 212, in run_endpoint_function
    return await dependant.call(**values)
           ^^^^^^^^^^^^^^^^^^^^^^^^^^^^^^
  File "D:\ASM1\backend\routers\auth.py", line 349, in login_password
    result = await db.execute(select(User).where(User.email == clean_email))
             ^^^^^^^^^^^^^^^^^^^^^^^^^^^^^^^^^^^^^^^^^^^^^^^^^^^^^^^^^^^^^^^
  File "D:\ASM1\.venv\Lib\site-packages\sqlalchemy\ext\asyncio\session.py", line 461, in execute
    result = await greenlet_spawn(
             ^^^^^^^^^^^^^^^^^^^^^
  File "D:\ASM1\.venv\Lib\site-packages\sqlalchemy\util\_concurrency_py3k.py", line 201, in greenlet_spawn
    result = context.throw(*sys.exc_info())
             ^^^^^^^^^^^^^^^^^^^^^^^^^^^^^^
  File "D:\ASM1\.venv\Lib\site-packages\sqlalchemy\orm\session.py", line 2362, in execute
    return self._execute_internal(
           ^^^^^^^^^^^^^^^^^^^^^^^
  File "D:\ASM1\.venv\Lib\site-packages\sqlalchemy\orm\session.py", line 2247, in _execute_internal
    result: Result[Any] = compile_state_cls.orm_execute_statement(
                          ^^^^^^^^^^^^^^^^^^^^^^^^^^^^^^^^^^^^^^^^
  File "D:\ASM1\.venv\Lib\site-packages\sqlalchemy\orm\context.py", line 305, in orm_execute_statement
    result = conn.execute(
             ^^^^^^^^^^^^^
  File "D:\ASM1\.venv\Lib\site-packages\sqlalchemy\engine\base.py", line 1418, in execute
    return meth(
           ^^^^^
  File "D:\ASM1\.venv\Lib\site-packages\sqlalchemy\sql\elements.py", line 515, in _execute_on_connection
    return connection._execute_clauseelement(
           ^^^^^^^^^^^^^^^^^^^^^^^^^^^^^^^^^^
  File "D:\ASM1\.venv\Lib\site-packages\sqlalchemy\engine\base.py", line 1640, in _execute_clauseelement
    ret = self._execute_context(
          ^^^^^^^^^^^^^^^^^^^^^^
  File "D:\ASM1\.venv\Lib\site-packages\sqlalchemy\engine\base.py", line 1846, in _execute_context
    return self._exec_single_context(
           ^^^^^^^^^^^^^^^^^^^^^^^^^^
  File "D:\ASM1\.venv\Lib\site-packages\sqlalchemy\engine\base.py", line 1986, in _exec_single_context
    self._handle_dbapi_exception(
  File "D:\ASM1\.venv\Lib\site-packages\sqlalchemy\engine\base.py", line 2355, in _handle_dbapi_exception
    raise sqlalchemy_exception.with_traceback(exc_info[2]) from e
  File "D:\ASM1\.venv\Lib\site-packages\sqlalchemy\engine\base.py", line 1967, in _exec_single_context
    self.dialect.do_execute(
  File "D:\ASM1\.venv\Lib\site-packages\sqlalchemy\engine\default.py", line 941, in do_execute
    cursor.execute(statement, parameters)
  File "D:\ASM1\.venv\Lib\site-packages\sqlalchemy\dialects\sqlite\aiosqlite.py", line 147, in execute
    self._adapt_connection._handle_exception(error)
  File "D:\ASM1\.venv\Lib\site-packages\sqlalchemy\dialects\sqlite\aiosqlite.py", line 298, in _handle_exception
    raise error
  File "D:\ASM1\.venv\Lib\site-packages\sqlalchemy\dialects\sqlite\aiosqlite.py", line 129, in execute
    self.await_(_cursor.execute(operation, parameters))
  File "D:\ASM1\.venv\Lib\site-packages\sqlalchemy\util\_concurrency_py3k.py", line 132, in await_only
    return current.parent.switch(awaitable)  # type: ignore[no-any-return,attr-defined] # noqa: E501
           ^^^^^^^^^^^^^^^^^^^^^^^^^^^^^^^^
  File "D:\ASM1\.venv\Lib\site-packages\sqlalchemy\util\_concurrency_py3k.py", line 196, in greenlet_spawn
    value = await result
            ^^^^^^^^^^^^
  File "D:\ASM1\.venv\Lib\site-packages\aiosqlite\cursor.py", line 48, in execute
    await self._execute(self._cursor.execute, sql, parameters)
  File "D:\ASM1\.venv\Lib\site-packages\aiosqlite\cursor.py", line 40, in _execute
    return await self._conn._execute(fn, *args, **kwargs)
           ^^^^^^^^^^^^^^^^^^^^^^^^^^^^^^^^^^^^^^^^^^^^^^
  File "D:\ASM1\.venv\Lib\site-packages\aiosqlite\core.py", line 132, in _execute
    return await future
           ^^^^^^^^^^^^
  File "D:\ASM1\.venv\Lib\site-packages\aiosqlite\core.py", line 115, in run
    result = function()
             ^^^^^^^^^^
sqlalchemy.exc.OperationalError: (sqlite3.OperationalError) no such column: users.hashed_password
[SQL: SELECT users.id, users.email, users.name, users.role, users.created_at, users.last_login, users.hashed_password 
FROM users 
WHERE users.email = ?]
[parameters: ('khuojuin11@gmail.conm',)]
(Background on this error at: https://sqlalche.me/e/20/e3q8)
2026-03-03 17:19:29,185 - core.database - DEBUG - [DB_OP] Database session cleanup after 0.0111s
2026-03-03 17:19:29,185 - aiosqlite - DEBUG - executing functools.partial(<built-in method rollback of sqlite3.Connection object at 0x000001FD59D13010>)
2026-03-03 17:19:29,185 - aiosqlite - DEBUG - operation functools.partial(<built-in method rollback of sqlite3.Connection object at 0x000001FD59D13010>) completed
2026-03-03 17:19:29,185 - aiosqlite - DEBUG - executing functools.partial(<built-in method rollback of sqlite3.Connection object at 0x000001FD59D13010>)
2026-03-03 17:19:29,185 - aiosqlite - DEBUG - operation functools.partial(<built-in method rollback of sqlite3.Connection object at 0x000001FD59D13010>) completed
2026-03-03 17:19:29,185 - aiosqlite - DEBUG - executing functools.partial(<built-in method close of sqlite3.Connection object at 0x000001FD59D13010>)
2026-03-03 17:19:29,193 - aiosqlite - DEBUG - operation functools.partial(<built-in method close of sqlite3.Connection object at 0x000001FD59D13010>) completed
2026-03-03 17:19:29,193 - core.database - ERROR - Failed to create database session: (sqlite3.OperationalError) no such column: users.hashed_password
[SQL: SELECT users.id, users.email, users.name, users.role, users.created_at, users.last_login, users.hashed_password 
FROM users 
WHERE users.email = ?]
[parameters: ('khuojuin11@gmail.conm',)]
(Background on this error at: https://sqlalche.me/e/20/e3q8)
Traceback (most recent call last):
  File "D:\ASM1\.venv\Lib\site-packages\sqlalchemy\engine\base.py", line 1967, in _exec_single_context
    self.dialect.do_execute(
  File "D:\ASM1\.venv\Lib\site-packages\sqlalchemy\engine\default.py", line 941, in do_execute
    cursor.execute(statement, parameters)
  File "D:\ASM1\.venv\Lib\site-packages\sqlalchemy\dialects\sqlite\aiosqlite.py", line 147, in execute
    self._adapt_connection._handle_exception(error)
  File "D:\ASM1\.venv\Lib\site-packages\sqlalchemy\dialects\sqlite\aiosqlite.py", line 298, in _handle_exception
    raise error
  File "D:\ASM1\.venv\Lib\site-packages\sqlalchemy\dialects\sqlite\aiosqlite.py", line 129, in execute
    self.await_(_cursor.execute(operation, parameters))
  File "D:\ASM1\.venv\Lib\site-packages\sqlalchemy\util\_concurrency_py3k.py", line 132, in await_only
    return current.parent.switch(awaitable)  # type: ignore[no-any-return,attr-defined] # noqa: E501
           ^^^^^^^^^^^^^^^^^^^^^^^^^^^^^^^^
  File "D:\ASM1\.venv\Lib\site-packages\sqlalchemy\util\_concurrency_py3k.py", line 196, in greenlet_spawn
    value = await result
            ^^^^^^^^^^^^
  File "D:\ASM1\.venv\Lib\site-packages\aiosqlite\cursor.py", line 48, in execute
    await self._execute(self._cursor.execute, sql, parameters)
  File "D:\ASM1\.venv\Lib\site-packages\aiosqlite\cursor.py", line 40, in _execute
    return await self._conn._execute(fn, *args, **kwargs)
           ^^^^^^^^^^^^^^^^^^^^^^^^^^^^^^^^^^^^^^^^^^^^^^
  File "D:\ASM1\.venv\Lib\site-packages\aiosqlite\core.py", line 132, in _execute
    return await future
           ^^^^^^^^^^^^
  File "D:\ASM1\.venv\Lib\site-packages\aiosqlite\core.py", line 115, in run
    result = function()
             ^^^^^^^^^^
sqlite3.OperationalError: no such column: users.hashed_password

The above exception was the direct cause of the following exception:

Traceback (most recent call last):
  File "D:\ASM1\backend\core\database.py", line 542, in get_db
    yield session
  File "D:\ASM1\.venv\Lib\site-packages\fastapi\routing.py", line 301, in app
    raw_response = await run_endpoint_function(
                   ^^^^^^^^^^^^^^^^^^^^^^^^^^^^
  File "D:\ASM1\.venv\Lib\site-packages\fastapi\routing.py", line 212, in run_endpoint_function
    return await dependant.call(**values)
           ^^^^^^^^^^^^^^^^^^^^^^^^^^^^^^
  File "D:\ASM1\backend\routers\auth.py", line 349, in login_password
    result = await db.execute(select(User).where(User.email == clean_email))
             ^^^^^^^^^^^^^^^^^^^^^^^^^^^^^^^^^^^^^^^^^^^^^^^^^^^^^^^^^^^^^^^
  File "D:\ASM1\.venv\Lib\site-packages\sqlalchemy\ext\asyncio\session.py", line 461, in execute
    result = await greenlet_spawn(
             ^^^^^^^^^^^^^^^^^^^^^
  File "D:\ASM1\.venv\Lib\site-packages\sqlalchemy\util\_concurrency_py3k.py", line 201, in greenlet_spawn
    result = context.throw(*sys.exc_info())
             ^^^^^^^^^^^^^^^^^^^^^^^^^^^^^^
  File "D:\ASM1\.venv\Lib\site-packages\sqlalchemy\orm\session.py", line 2362, in execute
    return self._execute_internal(
           ^^^^^^^^^^^^^^^^^^^^^^^
  File "D:\ASM1\.venv\Lib\site-packages\sqlalchemy\orm\session.py", line 2247, in _execute_internal
    result: Result[Any] = compile_state_cls.orm_execute_statement(
                          ^^^^^^^^^^^^^^^^^^^^^^^^^^^^^^^^^^^^^^^^
  File "D:\ASM1\.venv\Lib\site-packages\sqlalchemy\orm\context.py", line 305, in orm_execute_statement
    result = conn.execute(
             ^^^^^^^^^^^^^
  File "D:\ASM1\.venv\Lib\site-packages\sqlalchemy\engine\base.py", line 1418, in execute
    return meth(
           ^^^^^
  File "D:\ASM1\.venv\Lib\site-packages\sqlalchemy\sql\elements.py", line 515, in _execute_on_connection
    return connection._execute_clauseelement(
           ^^^^^^^^^^^^^^^^^^^^^^^^^^^^^^^^^^
  File "D:\ASM1\.venv\Lib\site-packages\sqlalchemy\engine\base.py", line 1640, in _execute_clauseelement
    ret = self._execute_context(
          ^^^^^^^^^^^^^^^^^^^^^^
  File "D:\ASM1\.venv\Lib\site-packages\sqlalchemy\engine\base.py", line 1846, in _execute_context
    return self._exec_single_context(
           ^^^^^^^^^^^^^^^^^^^^^^^^^^
  File "D:\ASM1\.venv\Lib\site-packages\sqlalchemy\engine\base.py", line 1986, in _exec_single_context
    self._handle_dbapi_exception(
  File "D:\ASM1\.venv\Lib\site-packages\sqlalchemy\engine\base.py", line 2355, in _handle_dbapi_exception
    raise sqlalchemy_exception.with_traceback(exc_info[2]) from e
  File "D:\ASM1\.venv\Lib\site-packages\sqlalchemy\engine\base.py", line 1967, in _exec_single_context
    self.dialect.do_execute(
  File "D:\ASM1\.venv\Lib\site-packages\sqlalchemy\engine\default.py", line 941, in do_execute
    cursor.execute(statement, parameters)
  File "D:\ASM1\.venv\Lib\site-packages\sqlalchemy\dialects\sqlite\aiosqlite.py", line 147, in execute
    self._adapt_connection._handle_exception(error)
  File "D:\ASM1\.venv\Lib\site-packages\sqlalchemy\dialects\sqlite\aiosqlite.py", line 298, in _handle_exception
    raise error
  File "D:\ASM1\.venv\Lib\site-packages\sqlalchemy\dialects\sqlite\aiosqlite.py", line 129, in execute
    self.await_(_cursor.execute(operation, parameters))
  File "D:\ASM1\.venv\Lib\site-packages\sqlalchemy\util\_concurrency_py3k.py", line 132, in await_only
    return current.parent.switch(awaitable)  # type: ignore[no-any-return,attr-defined] # noqa: E501
           ^^^^^^^^^^^^^^^^^^^^^^^^^^^^^^^^
  File "D:\ASM1\.venv\Lib\site-packages\sqlalchemy\util\_concurrency_py3k.py", line 196, in greenlet_spawn
    value = await result
            ^^^^^^^^^^^^
  File "D:\ASM1\.venv\Lib\site-packages\aiosqlite\cursor.py", line 48, in execute
    await self._execute(self._cursor.execute, sql, parameters)
  File "D:\ASM1\.venv\Lib\site-packages\aiosqlite\cursor.py", line 40, in _execute
    return await self._conn._execute(fn, *args, **kwargs)
           ^^^^^^^^^^^^^^^^^^^^^^^^^^^^^^^^^^^^^^^^^^^^^^
  File "D:\ASM1\.venv\Lib\site-packages\aiosqlite\core.py", line 132, in _execute
    return await future
           ^^^^^^^^^^^^
  File "D:\ASM1\.venv\Lib\site-packages\aiosqlite\core.py", line 115, in run
    result = function()
             ^^^^^^^^^^
sqlalchemy.exc.OperationalError: (sqlite3.OperationalError) no such column: users.hashed_password
[SQL: SELECT users.id, users.email, users.name, users.role, users.created_at, users.last_login, users.hashed_password 
FROM users 
WHERE users.email = ?]
[parameters: ('khuojuin11@gmail.conm',)]
(Background on this error at: https://sqlalche.me/e/20/e3q8)
2026-03-03 17:19:31,042 - core.database - DEBUG - [DB_OP] Starting get_db session creation
2026-03-03 17:19:31,042 - core.database - DEBUG - [DB_OP] Database session created successfully in 0.0000s
2026-03-03 17:19:31,042 - routers.products - DEBUG - Querying productss: query=None, sort=None, skip=0, limit=1000, fields=None
2026-03-03 17:19:31,042 - aiosqlite - DEBUG - executing <function connect.<locals>.connector at 0x000001FD59FE2DE0>
2026-03-03 17:19:31,042 - aiosqlite - DEBUG - operation <function connect.<locals>.connector at 0x000001FD59FE2DE0> completed
2026-03-03 17:19:31,042 - aiosqlite - DEBUG - executing functools.partial(<built-in method create_function of sqlite3.Connection object at 0x000001FD59D758A0>, 'regexp', 2, <function SQLiteDialect_pysqlite.on_connect.<locals>.regexp at 0x000001FD59CDBF60>, deterministic=True)
2026-03-03 17:19:31,042 - aiosqlite - DEBUG - operation functools.partial(<built-in method create_function of sqlite3.Connection object at 0x000001FD59D758A0>, 'regexp', 2, <function SQLiteDialect_pysqlite.on_connect.<locals>.regexp at 0x000001FD59CDBF60>, deterministic=True) completed
2026-03-03 17:19:31,042 - aiosqlite - DEBUG - executing functools.partial(<built-in method create_function of sqlite3.Connection object at 0x000001FD59D758A0>, 'floor', 1, <built-in function floor>, deterministic=True)
2026-03-03 17:19:31,042 - aiosqlite - DEBUG - operation functools.partial(<built-in method create_function of sqlite3.Connection object at 0x000001FD59D758A0>, 'floor', 1, <built-in function floor>, deterministic=True) completed
2026-03-03 17:19:31,042 - aiosqlite - DEBUG - executing functools.partial(<built-in method cursor of sqlite3.Connection object at 0x000001FD59D758A0>)
2026-03-03 17:19:31,050 - aiosqlite - DEBUG - operation functools.partial(<built-in method cursor of sqlite3.Connection object at 0x000001FD59D758A0>) completed
2026-03-03 17:19:31,050 - aiosqlite - DEBUG - executing functools.partial(<built-in method execute of sqlite3.Cursor object at 0x000001FD5A028EC0>, 'SELECT count(products.id) AS count_1 \nFROM products', ())
2026-03-03 17:19:31,050 - aiosqlite - DEBUG - operation functools.partial(<built-in method execute of sqlite3.Cursor object at 0x000001FD5A028EC0>, 'SELECT count(products.id) AS count_1 \nFROM products', ()) completed
2026-03-03 17:19:31,050 - aiosqlite - DEBUG - executing functools.partial(<built-in method fetchall of sqlite3.Cursor object at 0x000001FD5A028EC0>)
2026-03-03 17:19:31,050 - aiosqlite - DEBUG - operation functools.partial(<built-in method fetchall of sqlite3.Cursor object at 0x000001FD5A028EC0>) completed
2026-03-03 17:19:31,050 - aiosqlite - DEBUG - executing functools.partial(<built-in method close of sqlite3.Cursor object at 0x000001FD5A028EC0>)
2026-03-03 17:19:31,050 - aiosqlite - DEBUG - operation functools.partial(<built-in method close of sqlite3.Cursor object at 0x000001FD5A028EC0>) completed
2026-03-03 17:19:31,050 - aiosqlite - DEBUG - executing functools.partial(<built-in method cursor of sqlite3.Connection object at 0x000001FD59D758A0>)
2026-03-03 17:19:31,050 - aiosqlite - DEBUG - operation functools.partial(<built-in method cursor of sqlite3.Connection object at 0x000001FD59D758A0>) completed
2026-03-03 17:19:31,050 - aiosqlite - DEBUG - executing functools.partial(<built-in method execute of sqlite3.Cursor object at 0x000001FD5A028EC0>, 'SELECT products.id, products.name, products.description, products.price, products.image, products.category, products.size, products.color, products.stock, products.created_at \nFROM products ORDER BY products.id DESC\n LIMIT ? OFFSET ?', (1000, 0))
2026-03-03 17:19:31,050 - aiosqlite - DEBUG - operation functools.partial(<built-in method execute of sqlite3.Cursor object at 0x000001FD5A028EC0>, 'SELECT products.id, products.name, products.description, products.price, products.image, products.category, products.size, products.color, products.stock, products.created_at \nFROM products ORDER BY products.id DESC\n LIMIT ? OFFSET ?', (1000, 0)) completed
2026-03-03 17:19:31,050 - aiosqlite - DEBUG - executing functools.partial(<built-in method fetchall of sqlite3.Cursor object at 0x000001FD5A028EC0>)
2026-03-03 17:19:31,058 - aiosqlite - DEBUG - operation functools.partial(<built-in method fetchall of sqlite3.Cursor object at 0x000001FD5A028EC0>) completed
2026-03-03 17:19:31,058 - aiosqlite - DEBUG - executing functools.partial(<built-in method close of sqlite3.Cursor object at 0x000001FD5A028EC0>)
2026-03-03 17:19:31,058 - aiosqlite - DEBUG - operation functools.partial(<built-in method close of sqlite3.Cursor object at 0x000001FD5A028EC0>) completed
2026-03-03 17:19:31,058 - routers.products - DEBUG - Found 15 productss
2026-03-03 17:19:31,058 - core.database - DEBUG - [DB_OP] Database session cleanup after 0.0160s
2026-03-03 17:19:31,058 - aiosqlite - DEBUG - executing functools.partial(<built-in method rollback of sqlite3.Connection object at 0x000001FD59D758A0>)
2026-03-03 17:19:31,058 - aiosqlite - DEBUG - operation functools.partial(<built-in method rollback of sqlite3.Connection object at 0x000001FD59D758A0>) completed
2026-03-03 17:19:31,058 - aiosqlite - DEBUG - executing functools.partial(<built-in method rollback of sqlite3.Connection object at 0x000001FD59D758A0>)
2026-03-03 17:19:31,058 - aiosqlite - DEBUG - operation functools.partial(<built-in method rollback of sqlite3.Connection object at 0x000001FD59D758A0>) completed
2026-03-03 17:19:31,058 - aiosqlite - DEBUG - executing functools.partial(<built-in method close of sqlite3.Connection object at 0x000001FD59D758A0>)
2026-03-03 17:19:31,058 - aiosqlite - DEBUG - operation functools.partial(<built-in method close of sqlite3.Connection object at 0x000001FD59D758A0>) completed
2026-03-03 17:19:34,839 - core.database - DEBUG - [DB_OP] Starting get_db session creation
2026-03-03 17:19:34,844 - core.database - DEBUG - [DB_OP] Database session created successfully in 0.0050s
2026-03-03 17:19:34,847 - aiosqlite - DEBUG - executing <function connect.<locals>.connector at 0x000001FD59FE22A0>
2026-03-03 17:19:34,847 - aiosqlite - DEBUG - operation <function connect.<locals>.connector at 0x000001FD59FE22A0> completed
2026-03-03 17:19:34,848 - aiosqlite - DEBUG - executing functools.partial(<built-in method create_function of sqlite3.Connection object at 0x000001FD59D13010>, 'regexp', 2, <function SQLiteDialect_pysqlite.on_connect.<locals>.regexp at 0x000001FD59CDBF60>, deterministic=True)
2026-03-03 17:19:34,848 - aiosqlite - DEBUG - operation functools.partial(<built-in method create_function of sqlite3.Connection object at 0x000001FD59D13010>, 'regexp', 2, <function SQLiteDialect_pysqlite.on_connect.<locals>.regexp at 0x000001FD59CDBF60>, deterministic=True) completed
2026-03-03 17:19:34,848 - aiosqlite - DEBUG - executing functools.partial(<built-in method create_function of sqlite3.Connection object at 0x000001FD59D13010>, 'floor', 1, <built-in function floor>, deterministic=True)
2026-03-03 17:19:34,848 - aiosqlite - DEBUG - operation functools.partial(<built-in method create_function of sqlite3.Connection object at 0x000001FD59D13010>, 'floor', 1, <built-in function floor>, deterministic=True) completed
2026-03-03 17:19:34,848 - aiosqlite - DEBUG - executing functools.partial(<built-in method cursor of sqlite3.Connection object at 0x000001FD59D13010>)
2026-03-03 17:19:34,848 - aiosqlite - DEBUG - operation functools.partial(<built-in method cursor of sqlite3.Connection object at 0x000001FD59D13010>) completed
2026-03-03 17:19:34,848 - aiosqlite - DEBUG - executing functools.partial(<built-in method execute of sqlite3.Cursor object at 0x000001FD5A0282C0>, 'SELECT users.id, users.email, users.name, users.role, users.created_at, users.last_login, users.hashed_password \nFROM users \nWHERE users.email = ?', ('admin@gmail.com',))
2026-03-03 17:19:34,848 - aiosqlite - DEBUG - returning exception no such column: users.hashed_password
2026-03-03 17:19:34,848 - core.database - ERROR - Database session error: (sqlite3.OperationalError) no such column: users.hashed_password
[SQL: SELECT users.id, users.email, users.name, users.role, users.created_at, users.last_login, users.hashed_password 
FROM users 
WHERE users.email = ?]
[parameters: ('admin@gmail.com',)]
(Background on this error at: https://sqlalche.me/e/20/e3q8)
Traceback (most recent call last):
  File "D:\ASM1\.venv\Lib\site-packages\sqlalchemy\engine\base.py", line 1967, in _exec_single_context
    self.dialect.do_execute(
  File "D:\ASM1\.venv\Lib\site-packages\sqlalchemy\engine\default.py", line 941, in do_execute
    cursor.execute(statement, parameters)
  File "D:\ASM1\.venv\Lib\site-packages\sqlalchemy\dialects\sqlite\aiosqlite.py", line 147, in execute
    self._adapt_connection._handle_exception(error)
  File "D:\ASM1\.venv\Lib\site-packages\sqlalchemy\dialects\sqlite\aiosqlite.py", line 298, in _handle_exception
    raise error
  File "D:\ASM1\.venv\Lib\site-packages\sqlalchemy\dialects\sqlite\aiosqlite.py", line 129, in execute
    self.await_(_cursor.execute(operation, parameters))
  File "D:\ASM1\.venv\Lib\site-packages\sqlalchemy\util\_concurrency_py3k.py", line 132, in await_only
    return current.parent.switch(awaitable)  # type: ignore[no-any-return,attr-defined] # noqa: E501
           ^^^^^^^^^^^^^^^^^^^^^^^^^^^^^^^^
  File "D:\ASM1\.venv\Lib\site-packages\sqlalchemy\util\_concurrency_py3k.py", line 196, in greenlet_spawn
    value = await result
            ^^^^^^^^^^^^
  File "D:\ASM1\.venv\Lib\site-packages\aiosqlite\cursor.py", line 48, in execute
    await self._execute(self._cursor.execute, sql, parameters)
  File "D:\ASM1\.venv\Lib\site-packages\aiosqlite\cursor.py", line 40, in _execute
    return await self._conn._execute(fn, *args, **kwargs)
           ^^^^^^^^^^^^^^^^^^^^^^^^^^^^^^^^^^^^^^^^^^^^^^
  File "D:\ASM1\.venv\Lib\site-packages\aiosqlite\core.py", line 132, in _execute
    return await future
           ^^^^^^^^^^^^
  File "D:\ASM1\.venv\Lib\site-packages\aiosqlite\core.py", line 115, in run
    result = function()
             ^^^^^^^^^^
sqlite3.OperationalError: no such column: users.hashed_password

The above exception was the direct cause of the following exception:

Traceback (most recent call last):
  File "D:\ASM1\backend\core\database.py", line 542, in get_db
    yield session
  File "D:\ASM1\.venv\Lib\site-packages\fastapi\routing.py", line 301, in app
    raw_response = await run_endpoint_function(
                   ^^^^^^^^^^^^^^^^^^^^^^^^^^^^
  File "D:\ASM1\.venv\Lib\site-packages\fastapi\routing.py", line 212, in run_endpoint_function
    return await dependant.call(**values)
           ^^^^^^^^^^^^^^^^^^^^^^^^^^^^^^
  File "D:\ASM1\backend\routers\auth.py", line 349, in login_password
    result = await db.execute(select(User).where(User.email == clean_email))
             ^^^^^^^^^^^^^^^^^^^^^^^^^^^^^^^^^^^^^^^^^^^^^^^^^^^^^^^^^^^^^^^
  File "D:\ASM1\.venv\Lib\site-packages\sqlalchemy\ext\asyncio\session.py", line 461, in execute
    result = await greenlet_spawn(
             ^^^^^^^^^^^^^^^^^^^^^
  File "D:\ASM1\.venv\Lib\site-packages\sqlalchemy\util\_concurrency_py3k.py", line 201, in greenlet_spawn
    result = context.throw(*sys.exc_info())
             ^^^^^^^^^^^^^^^^^^^^^^^^^^^^^^
  File "D:\ASM1\.venv\Lib\site-packages\sqlalchemy\orm\session.py", line 2362, in execute
    return self._execute_internal(
           ^^^^^^^^^^^^^^^^^^^^^^^
  File "D:\ASM1\.venv\Lib\site-packages\sqlalchemy\orm\session.py", line 2247, in _execute_internal
    result: Result[Any] = compile_state_cls.orm_execute_statement(
                          ^^^^^^^^^^^^^^^^^^^^^^^^^^^^^^^^^^^^^^^^
  File "D:\ASM1\.venv\Lib\site-packages\sqlalchemy\orm\context.py", line 305, in orm_execute_statement
    result = conn.execute(
             ^^^^^^^^^^^^^
  File "D:\ASM1\.venv\Lib\site-packages\sqlalchemy\engine\base.py", line 1418, in execute
    return meth(
           ^^^^^
  File "D:\ASM1\.venv\Lib\site-packages\sqlalchemy\sql\elements.py", line 515, in _execute_on_connection
    return connection._execute_clauseelement(
           ^^^^^^^^^^^^^^^^^^^^^^^^^^^^^^^^^^
  File "D:\ASM1\.venv\Lib\site-packages\sqlalchemy\engine\base.py", line 1640, in _execute_clauseelement
    ret = self._execute_context(
          ^^^^^^^^^^^^^^^^^^^^^^
  File "D:\ASM1\.venv\Lib\site-packages\sqlalchemy\engine\base.py", line 1846, in _execute_context
    return self._exec_single_context(
           ^^^^^^^^^^^^^^^^^^^^^^^^^^
  File "D:\ASM1\.venv\Lib\site-packages\sqlalchemy\engine\base.py", line 1986, in _exec_single_context
    self._handle_dbapi_exception(
  File "D:\ASM1\.venv\Lib\site-packages\sqlalchemy\engine\base.py", line 2355, in _handle_dbapi_exception
    raise sqlalchemy_exception.with_traceback(exc_info[2]) from e
  File "D:\ASM1\.venv\Lib\site-packages\sqlalchemy\engine\base.py", line 1967, in _exec_single_context
    self.dialect.do_execute(
  File "D:\ASM1\.venv\Lib\site-packages\sqlalchemy\engine\default.py", line 941, in do_execute
    cursor.execute(statement, parameters)
  File "D:\ASM1\.venv\Lib\site-packages\sqlalchemy\dialects\sqlite\aiosqlite.py", line 147, in execute
    self._adapt_connection._handle_exception(error)
  File "D:\ASM1\.venv\Lib\site-packages\sqlalchemy\dialects\sqlite\aiosqlite.py", line 298, in _handle_exception
    raise error
  File "D:\ASM1\.venv\Lib\site-packages\sqlalchemy\dialects\sqlite\aiosqlite.py", line 129, in execute
    self.await_(_cursor.execute(operation, parameters))
  File "D:\ASM1\.venv\Lib\site-packages\sqlalchemy\util\_concurrency_py3k.py", line 132, in await_only
    return current.parent.switch(awaitable)  # type: ignore[no-any-return,attr-defined] # noqa: E501
           ^^^^^^^^^^^^^^^^^^^^^^^^^^^^^^^^
  File "D:\ASM1\.venv\Lib\site-packages\sqlalchemy\util\_concurrency_py3k.py", line 196, in greenlet_spawn
    value = await result
            ^^^^^^^^^^^^
  File "D:\ASM1\.venv\Lib\site-packages\aiosqlite\cursor.py", line 48, in execute
    await self._execute(self._cursor.execute, sql, parameters)
  File "D:\ASM1\.venv\Lib\site-packages\aiosqlite\cursor.py", line 40, in _execute
    return await self._conn._execute(fn, *args, **kwargs)
           ^^^^^^^^^^^^^^^^^^^^^^^^^^^^^^^^^^^^^^^^^^^^^^
  File "D:\ASM1\.venv\Lib\site-packages\aiosqlite\core.py", line 132, in _execute
    return await future
           ^^^^^^^^^^^^
  File "D:\ASM1\.venv\Lib\site-packages\aiosqlite\core.py", line 115, in run
    result = function()
             ^^^^^^^^^^
sqlalchemy.exc.OperationalError: (sqlite3.OperationalError) no such column: users.hashed_password
[SQL: SELECT users.id, users.email, users.name, users.role, users.created_at, users.last_login, users.hashed_password 
FROM users 
WHERE users.email = ?]
[parameters: ('admin@gmail.com',)]
(Background on this error at: https://sqlalche.me/e/20/e3q8)
2026-03-03 17:19:34,855 - core.database - DEBUG - [DB_OP] Database session cleanup after 0.0154s
2026-03-03 17:19:34,855 - aiosqlite - DEBUG - executing functools.partial(<built-in method rollback of sqlite3.Connection object at 0x000001FD59D13010>)
2026-03-03 17:19:34,864 - aiosqlite - DEBUG - operation functools.partial(<built-in method rollback of sqlite3.Connection object at 0x000001FD59D13010>) completed
2026-03-03 17:19:34,864 - aiosqlite - DEBUG - executing functools.partial(<built-in method rollback of sqlite3.Connection object at 0x000001FD59D13010>)
2026-03-03 17:19:34,864 - aiosqlite - DEBUG - operation functools.partial(<built-in method rollback of sqlite3.Connection object at 0x000001FD59D13010>) completed
2026-03-03 17:19:34,864 - aiosqlite - DEBUG - executing functools.partial(<built-in method close of sqlite3.Connection object at 0x000001FD59D13010>)
2026-03-03 17:19:34,864 - aiosqlite - DEBUG - operation functools.partial(<built-in method close of sqlite3.Connection object at 0x000001FD59D13010>) completed
2026-03-03 17:19:34,864 - core.database - ERROR - Failed to create database session: (sqlite3.OperationalError) no such column: users.hashed_password
[SQL: SELECT users.id, users.email, users.name, users.role, users.created_at, users.last_login, users.hashed_password 
FROM users 
WHERE users.email = ?]
[parameters: ('admin@gmail.com',)]
(Background on this error at: https://sqlalche.me/e/20/e3q8)
Traceback (most recent call last):
  File "D:\ASM1\.venv\Lib\site-packages\sqlalchemy\engine\base.py", line 1967, in _exec_single_context
    self.dialect.do_execute(
  File "D:\ASM1\.venv\Lib\site-packages\sqlalchemy\engine\default.py", line 941, in do_execute
    cursor.execute(statement, parameters)
  File "D:\ASM1\.venv\Lib\site-packages\sqlalchemy\dialects\sqlite\aiosqlite.py", line 147, in execute
    self._adapt_connection._handle_exception(error)
  File "D:\ASM1\.venv\Lib\site-packages\sqlalchemy\dialects\sqlite\aiosqlite.py", line 298, in _handle_exception
    raise error
  File "D:\ASM1\.venv\Lib\site-packages\sqlalchemy\dialects\sqlite\aiosqlite.py", line 129, in execute
    self.await_(_cursor.execute(operation, parameters))
  File "D:\ASM1\.venv\Lib\site-packages\sqlalchemy\util\_concurrency_py3k.py", line 132, in await_only
    return current.parent.switch(awaitable)  # type: ignore[no-any-return,attr-defined] # noqa: E501
           ^^^^^^^^^^^^^^^^^^^^^^^^^^^^^^^^
  File "D:\ASM1\.venv\Lib\site-packages\sqlalchemy\util\_concurrency_py3k.py", line 196, in greenlet_spawn
    value = await result
            ^^^^^^^^^^^^
  File "D:\ASM1\.venv\Lib\site-packages\aiosqlite\cursor.py", line 48, in execute
    await self._execute(self._cursor.execute, sql, parameters)
  File "D:\ASM1\.venv\Lib\site-packages\aiosqlite\cursor.py", line 40, in _execute
    return await self._conn._execute(fn, *args, **kwargs)
           ^^^^^^^^^^^^^^^^^^^^^^^^^^^^^^^^^^^^^^^^^^^^^^
  File "D:\ASM1\.venv\Lib\site-packages\aiosqlite\core.py", line 132, in _execute
    return await future
           ^^^^^^^^^^^^
  File "D:\ASM1\.venv\Lib\site-packages\aiosqlite\core.py", line 115, in run
    result = function()
             ^^^^^^^^^^
sqlite3.OperationalError: no such column: users.hashed_password

The above exception was the direct cause of the following exception:

Traceback (most recent call last):
  File "D:\ASM1\backend\core\database.py", line 542, in get_db
    yield session
  File "D:\ASM1\.venv\Lib\site-packages\fastapi\routing.py", line 301, in app
    raw_response = await run_endpoint_function(
                   ^^^^^^^^^^^^^^^^^^^^^^^^^^^^
  File "D:\ASM1\.venv\Lib\site-packages\fastapi\routing.py", line 212, in run_endpoint_function
    return await dependant.call(**values)
           ^^^^^^^^^^^^^^^^^^^^^^^^^^^^^^
  File "D:\ASM1\backend\routers\auth.py", line 349, in login_password
    result = await db.execute(select(User).where(User.email == clean_email))
             ^^^^^^^^^^^^^^^^^^^^^^^^^^^^^^^^^^^^^^^^^^^^^^^^^^^^^^^^^^^^^^^
  File "D:\ASM1\.venv\Lib\site-packages\sqlalchemy\ext\asyncio\session.py", line 461, in execute
    result = await greenlet_spawn(
             ^^^^^^^^^^^^^^^^^^^^^
  File "D:\ASM1\.venv\Lib\site-packages\sqlalchemy\util\_concurrency_py3k.py", line 201, in greenlet_spawn
    result = context.throw(*sys.exc_info())
             ^^^^^^^^^^^^^^^^^^^^^^^^^^^^^^
  File "D:\ASM1\.venv\Lib\site-packages\sqlalchemy\orm\session.py", line 2362, in execute
    return self._execute_internal(
           ^^^^^^^^^^^^^^^^^^^^^^^
  File "D:\ASM1\.venv\Lib\site-packages\sqlalchemy\orm\session.py", line 2247, in _execute_internal
    result: Result[Any] = compile_state_cls.orm_execute_statement(
                          ^^^^^^^^^^^^^^^^^^^^^^^^^^^^^^^^^^^^^^^^
  File "D:\ASM1\.venv\Lib\site-packages\sqlalchemy\orm\context.py", line 305, in orm_execute_statement
    result = conn.execute(
             ^^^^^^^^^^^^^
  File "D:\ASM1\.venv\Lib\site-packages\sqlalchemy\engine\base.py", line 1418, in execute
    return meth(
           ^^^^^
  File "D:\ASM1\.venv\Lib\site-packages\sqlalchemy\sql\elements.py", line 515, in _execute_on_connection
    return connection._execute_clauseelement(
           ^^^^^^^^^^^^^^^^^^^^^^^^^^^^^^^^^^
  File "D:\ASM1\.venv\Lib\site-packages\sqlalchemy\engine\base.py", line 1640, in _execute_clauseelement
    ret = self._execute_context(
          ^^^^^^^^^^^^^^^^^^^^^^
  File "D:\ASM1\.venv\Lib\site-packages\sqlalchemy\engine\base.py", line 1846, in _execute_context
    return self._exec_single_context(
           ^^^^^^^^^^^^^^^^^^^^^^^^^^
  File "D:\ASM1\.venv\Lib\site-packages\sqlalchemy\engine\base.py", line 1986, in _exec_single_context
    self._handle_dbapi_exception(
  File "D:\ASM1\.venv\Lib\site-packages\sqlalchemy\engine\base.py", line 2355, in _handle_dbapi_exception
    raise sqlalchemy_exception.with_traceback(exc_info[2]) from e
  File "D:\ASM1\.venv\Lib\site-packages\sqlalchemy\engine\base.py", line 1967, in _exec_single_context
    self.dialect.do_execute(
  File "D:\ASM1\.venv\Lib\site-packages\sqlalchemy\engine\default.py", line 941, in do_execute
    cursor.execute(statement, parameters)
  File "D:\ASM1\.venv\Lib\site-packages\sqlalchemy\dialects\sqlite\aiosqlite.py", line 147, in execute
    self._adapt_connection._handle_exception(error)
  File "D:\ASM1\.venv\Lib\site-packages\sqlalchemy\dialects\sqlite\aiosqlite.py", line 298, in _handle_exception
    raise error
  File "D:\ASM1\.venv\Lib\site-packages\sqlalchemy\dialects\sqlite\aiosqlite.py", line 129, in execute
    self.await_(_cursor.execute(operation, parameters))
  File "D:\ASM1\.venv\Lib\site-packages\sqlalchemy\util\_concurrency_py3k.py", line 132, in await_only
    return current.parent.switch(awaitable)  # type: ignore[no-any-return,attr-defined] # noqa: E501
           ^^^^^^^^^^^^^^^^^^^^^^^^^^^^^^^^
  File "D:\ASM1\.venv\Lib\site-packages\sqlalchemy\util\_concurrency_py3k.py", line 196, in greenlet_spawn
    value = await result
            ^^^^^^^^^^^^
  File "D:\ASM1\.venv\Lib\site-packages\aiosqlite\cursor.py", line 48, in execute
    await self._execute(self._cursor.execute, sql, parameters)
  File "D:\ASM1\.venv\Lib\site-packages\aiosqlite\cursor.py", line 40, in _execute
    return await self._conn._execute(fn, *args, **kwargs)
           ^^^^^^^^^^^^^^^^^^^^^^^^^^^^^^^^^^^^^^^^^^^^^^
  File "D:\ASM1\.venv\Lib\site-packages\aiosqlite\core.py", line 132, in _execute
    return await future
           ^^^^^^^^^^^^
  File "D:\ASM1\.venv\Lib\site-packages\aiosqlite\core.py", line 115, in run
    result = function()
             ^^^^^^^^^^
sqlalchemy.exc.OperationalError: (sqlite3.OperationalError) no such column: users.hashed_password
[SQL: SELECT users.id, users.email, users.name, users.role, users.created_at, users.last_login, users.hashed_password 
FROM users 
WHERE users.email = ?]
[parameters: ('admin@gmail.com',)]
(Background on this error at: https://sqlalche.me/e/20/e3q8)
2026-03-03 17:19:50,390 - core.database - DEBUG - [DB_OP] Starting get_db session creation
2026-03-03 17:19:50,390 - core.database - DEBUG - [DB_OP] Database session created successfully in 0.0000s
2026-03-03 17:19:50,391 - aiosqlite - DEBUG - executing <function connect.<locals>.connector at 0x000001FD59FE3F60>
2026-03-03 17:19:50,393 - aiosqlite - DEBUG - operation <function connect.<locals>.connector at 0x000001FD59FE3F60> completed
2026-03-03 17:19:50,394 - aiosqlite - DEBUG - executing functools.partial(<built-in method create_function of sqlite3.Connection object at 0x000001FD59D76890>, 'regexp', 2, <function SQLiteDialect_pysqlite.on_connect.<locals>.regexp at 0x000001FD59CDBF60>, deterministic=True)
2026-03-03 17:19:50,394 - aiosqlite - DEBUG - operation functools.partial(<built-in method create_function of sqlite3.Connection object at 0x000001FD59D76890>, 'regexp', 2, <function SQLiteDialect_pysqlite.on_connect.<locals>.regexp at 0x000001FD59CDBF60>, deterministic=True) completed
2026-03-03 17:19:50,395 - aiosqlite - DEBUG - executing functools.partial(<built-in method create_function of sqlite3.Connection object at 0x000001FD59D76890>, 'floor', 1, <built-in function floor>, deterministic=True)
2026-03-03 17:19:50,396 - aiosqlite - DEBUG - operation functools.partial(<built-in method create_function of sqlite3.Connection object at 0x000001FD59D76890>, 'floor', 1, <built-in function floor>, deterministic=True) completed
2026-03-03 17:19:50,396 - aiosqlite - DEBUG - executing functools.partial(<built-in method cursor of sqlite3.Connection object at 0x000001FD59D76890>)
2026-03-03 17:19:50,396 - aiosqlite - DEBUG - operation functools.partial(<built-in method cursor of sqlite3.Connection object at 0x000001FD59D76890>) completed
2026-03-03 17:19:50,396 - aiosqlite - DEBUG - executing functools.partial(<built-in method execute of sqlite3.Cursor object at 0x000001FD5A028E40>, 'SELECT users.id, users.email, users.name, users.role, users.created_at, users.last_login, users.hashed_password \nFROM users \nWHERE users.email = ?', ('admin@gmail.com',))
2026-03-03 17:19:50,396 - aiosqlite - DEBUG - returning exception no such column: users.hashed_password
2026-03-03 17:19:50,396 - core.database - ERROR - Database session error: (sqlite3.OperationalError) no such column: users.hashed_password
[SQL: SELECT users.id, users.email, users.name, users.role, users.created_at, users.last_login, users.hashed_password 
FROM users 
WHERE users.email = ?]
[parameters: ('admin@gmail.com',)]
(Background on this error at: https://sqlalche.me/e/20/e3q8)
Traceback (most recent call last):
  File "D:\ASM1\.venv\Lib\site-packages\sqlalchemy\engine\base.py", line 1967, in _exec_single_context
    self.dialect.do_execute(
  File "D:\ASM1\.venv\Lib\site-packages\sqlalchemy\engine\default.py", line 941, in do_execute
    cursor.execute(statement, parameters)
  File "D:\ASM1\.venv\Lib\site-packages\sqlalchemy\dialects\sqlite\aiosqlite.py", line 147, in execute
    self._adapt_connection._handle_exception(error)
  File "D:\ASM1\.venv\Lib\site-packages\sqlalchemy\dialects\sqlite\aiosqlite.py", line 298, in _handle_exception
    raise error
  File "D:\ASM1\.venv\Lib\site-packages\sqlalchemy\dialects\sqlite\aiosqlite.py", line 129, in execute
    self.await_(_cursor.execute(operation, parameters))
  File "D:\ASM1\.venv\Lib\site-packages\sqlalchemy\util\_concurrency_py3k.py", line 132, in await_only
    return current.parent.switch(awaitable)  # type: ignore[no-any-return,attr-defined] # noqa: E501
           ^^^^^^^^^^^^^^^^^^^^^^^^^^^^^^^^
  File "D:\ASM1\.venv\Lib\site-packages\sqlalchemy\util\_concurrency_py3k.py", line 196, in greenlet_spawn
    value = await result
            ^^^^^^^^^^^^
  File "D:\ASM1\.venv\Lib\site-packages\aiosqlite\cursor.py", line 48, in execute
    await self._execute(self._cursor.execute, sql, parameters)
  File "D:\ASM1\.venv\Lib\site-packages\aiosqlite\cursor.py", line 40, in _execute
    return await self._conn._execute(fn, *args, **kwargs)
           ^^^^^^^^^^^^^^^^^^^^^^^^^^^^^^^^^^^^^^^^^^^^^^
  File "D:\ASM1\.venv\Lib\site-packages\aiosqlite\core.py", line 132, in _execute
    return await future
           ^^^^^^^^^^^^
  File "D:\ASM1\.venv\Lib\site-packages\aiosqlite\core.py", line 115, in run
    result = function()
             ^^^^^^^^^^
sqlite3.OperationalError: no such column: users.hashed_password

The above exception was the direct cause of the following exception:

Traceback (most recent call last):
  File "D:\ASM1\backend\core\database.py", line 542, in get_db
    yield session
  File "D:\ASM1\.venv\Lib\site-packages\fastapi\routing.py", line 301, in app
    raw_response = await run_endpoint_function(
                   ^^^^^^^^^^^^^^^^^^^^^^^^^^^^
  File "D:\ASM1\.venv\Lib\site-packages\fastapi\routing.py", line 212, in run_endpoint_function
    return await dependant.call(**values)
           ^^^^^^^^^^^^^^^^^^^^^^^^^^^^^^
  File "D:\ASM1\backend\routers\auth.py", line 349, in login_password
    result = await db.execute(select(User).where(User.email == clean_email))
             ^^^^^^^^^^^^^^^^^^^^^^^^^^^^^^^^^^^^^^^^^^^^^^^^^^^^^^^^^^^^^^^
  File "D:\ASM1\.venv\Lib\site-packages\sqlalchemy\ext\asyncio\session.py", line 461, in execute
    result = await greenlet_spawn(
             ^^^^^^^^^^^^^^^^^^^^^
  File "D:\ASM1\.venv\Lib\site-packages\sqlalchemy\util\_concurrency_py3k.py", line 201, in greenlet_spawn
    result = context.throw(*sys.exc_info())
             ^^^^^^^^^^^^^^^^^^^^^^^^^^^^^^
  File "D:\ASM1\.venv\Lib\site-packages\sqlalchemy\orm\session.py", line 2362, in execute
    return self._execute_internal(
           ^^^^^^^^^^^^^^^^^^^^^^^
  File "D:\ASM1\.venv\Lib\site-packages\sqlalchemy\orm\session.py", line 2247, in _execute_internal
    result: Result[Any] = compile_state_cls.orm_execute_statement(
                          ^^^^^^^^^^^^^^^^^^^^^^^^^^^^^^^^^^^^^^^^
  File "D:\ASM1\.venv\Lib\site-packages\sqlalchemy\orm\context.py", line 305, in orm_execute_statement
    result = conn.execute(
             ^^^^^^^^^^^^^
  File "D:\ASM1\.venv\Lib\site-packages\sqlalchemy\engine\base.py", line 1418, in execute
    return meth(
           ^^^^^
  File "D:\ASM1\.venv\Lib\site-packages\sqlalchemy\sql\elements.py", line 515, in _execute_on_connection
    return connection._execute_clauseelement(
           ^^^^^^^^^^^^^^^^^^^^^^^^^^^^^^^^^^
  File "D:\ASM1\.venv\Lib\site-packages\sqlalchemy\engine\base.py", line 1640, in _execute_clauseelement
    ret = self._execute_context(
          ^^^^^^^^^^^^^^^^^^^^^^
  File "D:\ASM1\.venv\Lib\site-packages\sqlalchemy\engine\base.py", line 1846, in _execute_context
    return self._exec_single_context(
           ^^^^^^^^^^^^^^^^^^^^^^^^^^
  File "D:\ASM1\.venv\Lib\site-packages\sqlalchemy\engine\base.py", line 1986, in _exec_single_context
    self._handle_dbapi_exception(
  File "D:\ASM1\.venv\Lib\site-packages\sqlalchemy\engine\base.py", line 2355, in _handle_dbapi_exception
    raise sqlalchemy_exception.with_traceback(exc_info[2]) from e
  File "D:\ASM1\.venv\Lib\site-packages\sqlalchemy\engine\base.py", line 1967, in _exec_single_context
    self.dialect.do_execute(
  File "D:\ASM1\.venv\Lib\site-packages\sqlalchemy\engine\default.py", line 941, in do_execute
    cursor.execute(statement, parameters)
  File "D:\ASM1\.venv\Lib\site-packages\sqlalchemy\dialects\sqlite\aiosqlite.py", line 147, in execute
    self._adapt_connection._handle_exception(error)
  File "D:\ASM1\.venv\Lib\site-packages\sqlalchemy\dialects\sqlite\aiosqlite.py", line 298, in _handle_exception
    raise error
  File "D:\ASM1\.venv\Lib\site-packages\sqlalchemy\dialects\sqlite\aiosqlite.py", line 129, in execute
    self.await_(_cursor.execute(operation, parameters))
  File "D:\ASM1\.venv\Lib\site-packages\sqlalchemy\util\_concurrency_py3k.py", line 132, in await_only
    return current.parent.switch(awaitable)  # type: ignore[no-any-return,attr-defined] # noqa: E501
           ^^^^^^^^^^^^^^^^^^^^^^^^^^^^^^^^
  File "D:\ASM1\.venv\Lib\site-packages\sqlalchemy\util\_concurrency_py3k.py", line 196, in greenlet_spawn
    value = await result
            ^^^^^^^^^^^^
  File "D:\ASM1\.venv\Lib\site-packages\aiosqlite\cursor.py", line 48, in execute
    await self._execute(self._cursor.execute, sql, parameters)
  File "D:\ASM1\.venv\Lib\site-packages\aiosqlite\cursor.py", line 40, in _execute
    return await self._conn._execute(fn, *args, **kwargs)
           ^^^^^^^^^^^^^^^^^^^^^^^^^^^^^^^^^^^^^^^^^^^^^^
  File "D:\ASM1\.venv\Lib\site-packages\aiosqlite\core.py", line 132, in _execute
    return await future
           ^^^^^^^^^^^^
  File "D:\ASM1\.venv\Lib\site-packages\aiosqlite\core.py", line 115, in run
    result = function()
             ^^^^^^^^^^
sqlalchemy.exc.OperationalError: (sqlite3.OperationalError) no such column: users.hashed_password
[SQL: SELECT users.id, users.email, users.name, users.role, users.created_at, users.last_login, users.hashed_password 
FROM users 
WHERE users.email = ?]
[parameters: ('admin@gmail.com',)]
(Background on this error at: https://sqlalche.me/e/20/e3q8)
2026-03-03 17:19:50,412 - core.database - DEBUG - [DB_OP] Database session cleanup after 0.0211s
2026-03-03 17:19:50,412 - aiosqlite - DEBUG - executing functools.partial(<built-in method rollback of sqlite3.Connection object at 0x000001FD59D76890>)
2026-03-03 17:19:50,412 - aiosqlite - DEBUG - operation functools.partial(<built-in method rollback of sqlite3.Connection object at 0x000001FD59D76890>) completed
2026-03-03 17:19:50,412 - aiosqlite - DEBUG - executing functools.partial(<built-in method rollback of sqlite3.Connection object at 0x000001FD59D76890>)
2026-03-03 17:19:50,412 - aiosqlite - DEBUG - operation functools.partial(<built-in method rollback of sqlite3.Connection object at 0x000001FD59D76890>) completed
2026-03-03 17:19:50,412 - aiosqlite - DEBUG - executing functools.partial(<built-in method close of sqlite3.Connection object at 0x000001FD59D76890>)
2026-03-03 17:19:50,415 - aiosqlite - DEBUG - operation functools.partial(<built-in method close of sqlite3.Connection object at 0x000001FD59D76890>) completed
2026-03-03 17:19:50,415 - core.database - ERROR - Failed to create database session: (sqlite3.OperationalError) no such column: users.hashed_password
[SQL: SELECT users.id, users.email, users.name, users.role, users.created_at, users.last_login, users.hashed_password 
FROM users 
WHERE users.email = ?]
[parameters: ('admin@gmail.com',)]
(Background on this error at: https://sqlalche.me/e/20/e3q8)
Traceback (most recent call last):
  File "D:\ASM1\.venv\Lib\site-packages\sqlalchemy\engine\base.py", line 1967, in _exec_single_context
    self.dialect.do_execute(
  File "D:\ASM1\.venv\Lib\site-packages\sqlalchemy\engine\default.py", line 941, in do_execute
    cursor.execute(statement, parameters)
  File "D:\ASM1\.venv\Lib\site-packages\sqlalchemy\dialects\sqlite\aiosqlite.py", line 147, in execute
    self._adapt_connection._handle_exception(error)
  File "D:\ASM1\.venv\Lib\site-packages\sqlalchemy\dialects\sqlite\aiosqlite.py", line 298, in _handle_exception
    raise error
  File "D:\ASM1\.venv\Lib\site-packages\sqlalchemy\dialects\sqlite\aiosqlite.py", line 129, in execute
    self.await_(_cursor.execute(operation, parameters))
  File "D:\ASM1\.venv\Lib\site-packages\sqlalchemy\util\_concurrency_py3k.py", line 132, in await_only
    return current.parent.switch(awaitable)  # type: ignore[no-any-return,attr-defined] # noqa: E501
           ^^^^^^^^^^^^^^^^^^^^^^^^^^^^^^^^
  File "D:\ASM1\.venv\Lib\site-packages\sqlalchemy\util\_concurrency_py3k.py", line 196, in greenlet_spawn
    value = await result
            ^^^^^^^^^^^^
  File "D:\ASM1\.venv\Lib\site-packages\aiosqlite\cursor.py", line 48, in execute
    await self._execute(self._cursor.execute, sql, parameters)
  File "D:\ASM1\.venv\Lib\site-packages\aiosqlite\cursor.py", line 40, in _execute
    return await self._conn._execute(fn, *args, **kwargs)
           ^^^^^^^^^^^^^^^^^^^^^^^^^^^^^^^^^^^^^^^^^^^^^^
  File "D:\ASM1\.venv\Lib\site-packages\aiosqlite\core.py", line 132, in _execute
    return await future
           ^^^^^^^^^^^^
  File "D:\ASM1\.venv\Lib\site-packages\aiosqlite\core.py", line 115, in run
    result = function()
             ^^^^^^^^^^
sqlite3.OperationalError: no such column: users.hashed_password

The above exception was the direct cause of the following exception:

Traceback (most recent call last):
  File "D:\ASM1\backend\core\database.py", line 542, in get_db
    yield session
  File "D:\ASM1\.venv\Lib\site-packages\fastapi\routing.py", line 301, in app
    raw_response = await run_endpoint_function(
                   ^^^^^^^^^^^^^^^^^^^^^^^^^^^^
  File "D:\ASM1\.venv\Lib\site-packages\fastapi\routing.py", line 212, in run_endpoint_function
    return await dependant.call(**values)
           ^^^^^^^^^^^^^^^^^^^^^^^^^^^^^^
  File "D:\ASM1\backend\routers\auth.py", line 349, in login_password
    result = await db.execute(select(User).where(User.email == clean_email))
             ^^^^^^^^^^^^^^^^^^^^^^^^^^^^^^^^^^^^^^^^^^^^^^^^^^^^^^^^^^^^^^^
  File "D:\ASM1\.venv\Lib\site-packages\sqlalchemy\ext\asyncio\session.py", line 461, in execute
    result = await greenlet_spawn(
             ^^^^^^^^^^^^^^^^^^^^^
  File "D:\ASM1\.venv\Lib\site-packages\sqlalchemy\util\_concurrency_py3k.py", line 201, in greenlet_spawn
    result = context.throw(*sys.exc_info())
             ^^^^^^^^^^^^^^^^^^^^^^^^^^^^^^
  File "D:\ASM1\.venv\Lib\site-packages\sqlalchemy\orm\session.py", line 2362, in execute
    return self._execute_internal(
           ^^^^^^^^^^^^^^^^^^^^^^^
  File "D:\ASM1\.venv\Lib\site-packages\sqlalchemy\orm\session.py", line 2247, in _execute_internal
    result: Result[Any] = compile_state_cls.orm_execute_statement(
                          ^^^^^^^^^^^^^^^^^^^^^^^^^^^^^^^^^^^^^^^^
  File "D:\ASM1\.venv\Lib\site-packages\sqlalchemy\orm\context.py", line 305, in orm_execute_statement
    result = conn.execute(
             ^^^^^^^^^^^^^
  File "D:\ASM1\.venv\Lib\site-packages\sqlalchemy\engine\base.py", line 1418, in execute
    return meth(
           ^^^^^
  File "D:\ASM1\.venv\Lib\site-packages\sqlalchemy\sql\elements.py", line 515, in _execute_on_connection
    return connection._execute_clauseelement(
           ^^^^^^^^^^^^^^^^^^^^^^^^^^^^^^^^^^
  File "D:\ASM1\.venv\Lib\site-packages\sqlalchemy\engine\base.py", line 1640, in _execute_clauseelement
    ret = self._execute_context(
          ^^^^^^^^^^^^^^^^^^^^^^
  File "D:\ASM1\.venv\Lib\site-packages\sqlalchemy\engine\base.py", line 1846, in _execute_context
    return self._exec_single_context(
           ^^^^^^^^^^^^^^^^^^^^^^^^^^
  File "D:\ASM1\.venv\Lib\site-packages\sqlalchemy\engine\base.py", line 1986, in _exec_single_context
    self._handle_dbapi_exception(
  File "D:\ASM1\.venv\Lib\site-packages\sqlalchemy\engine\base.py", line 2355, in _handle_dbapi_exception
    raise sqlalchemy_exception.with_traceback(exc_info[2]) from e
  File "D:\ASM1\.venv\Lib\site-packages\sqlalchemy\engine\base.py", line 1967, in _exec_single_context
    self.dialect.do_execute(
  File "D:\ASM1\.venv\Lib\site-packages\sqlalchemy\engine\default.py", line 941, in do_execute
    cursor.execute(statement, parameters)
  File "D:\ASM1\.venv\Lib\site-packages\sqlalchemy\dialects\sqlite\aiosqlite.py", line 147, in execute
    self._adapt_connection._handle_exception(error)
  File "D:\ASM1\.venv\Lib\site-packages\sqlalchemy\dialects\sqlite\aiosqlite.py", line 298, in _handle_exception
    raise error
  File "D:\ASM1\.venv\Lib\site-packages\sqlalchemy\dialects\sqlite\aiosqlite.py", line 129, in execute
    self.await_(_cursor.execute(operation, parameters))
  File "D:\ASM1\.venv\Lib\site-packages\sqlalchemy\util\_concurrency_py3k.py", line 132, in await_only
    return current.parent.switch(awaitable)  # type: ignore[no-any-return,attr-defined] # noqa: E501
           ^^^^^^^^^^^^^^^^^^^^^^^^^^^^^^^^
  File "D:\ASM1\.venv\Lib\site-packages\sqlalchemy\util\_concurrency_py3k.py", line 196, in greenlet_spawn
    value = await result
            ^^^^^^^^^^^^
  File "D:\ASM1\.venv\Lib\site-packages\aiosqlite\cursor.py", line 48, in execute
    await self._execute(self._cursor.execute, sql, parameters)
  File "D:\ASM1\.venv\Lib\site-packages\aiosqlite\cursor.py", line 40, in _execute
    return await self._conn._execute(fn, *args, **kwargs)
           ^^^^^^^^^^^^^^^^^^^^^^^^^^^^^^^^^^^^^^^^^^^^^^
  File "D:\ASM1\.venv\Lib\site-packages\aiosqlite\core.py", line 132, in _execute
    return await future
           ^^^^^^^^^^^^
  File "D:\ASM1\.venv\Lib\site-packages\aiosqlite\core.py", line 115, in run
    result = function()
             ^^^^^^^^^^
sqlalchemy.exc.OperationalError: (sqlite3.OperationalError) no such column: users.hashed_password
[SQL: SELECT users.id, users.email, users.name, users.role, users.created_at, users.last_login, users.hashed_password 
FROM users 
WHERE users.email = ?]
[parameters: ('admin@gmail.com',)]
(Background on this error at: https://sqlalche.me/e/20/e3q8)
2026-03-03 17:19:51,565 - core.database - DEBUG - [DB_OP] Starting get_db session creation
2026-03-03 17:19:51,565 - core.database - DEBUG - [DB_OP] Database session created successfully in 0.0000s
2026-03-03 17:19:51,574 - aiosqlite - DEBUG - executing <function connect.<locals>.connector at 0x000001FD59FE1DA0>
2026-03-03 17:19:51,574 - aiosqlite - DEBUG - operation <function connect.<locals>.connector at 0x000001FD59FE1DA0> completed
2026-03-03 17:19:51,574 - aiosqlite - DEBUG - executing functools.partial(<built-in method create_function of sqlite3.Connection object at 0x000001FD59D76200>, 'regexp', 2, <function SQLiteDialect_pysqlite.on_connect.<locals>.regexp at 0x000001FD59CDBF60>, deterministic=True)
2026-03-03 17:19:51,574 - aiosqlite - DEBUG - operation functools.partial(<built-in method create_function of sqlite3.Connection object at 0x000001FD59D76200>, 'regexp', 2, <function SQLiteDialect_pysqlite.on_connect.<locals>.regexp at 0x000001FD59CDBF60>, deterministic=True) completed
2026-03-03 17:19:51,574 - aiosqlite - DEBUG - executing functools.partial(<built-in method create_function of sqlite3.Connection object at 0x000001FD59D76200>, 'floor', 1, <built-in function floor>, deterministic=True)
2026-03-03 17:19:51,574 - aiosqlite - DEBUG - operation functools.partial(<built-in method create_function of sqlite3.Connection object at 0x000001FD59D76200>, 'floor', 1, <built-in function floor>, deterministic=True) completed
2026-03-03 17:19:51,574 - aiosqlite - DEBUG - executing functools.partial(<built-in method cursor of sqlite3.Connection object at 0x000001FD59D76200>)
2026-03-03 17:19:51,574 - aiosqlite - DEBUG - operation functools.partial(<built-in method cursor of sqlite3.Connection object at 0x000001FD59D76200>) completed
2026-03-03 17:19:51,574 - aiosqlite - DEBUG - executing functools.partial(<built-in method execute of sqlite3.Cursor object at 0x000001FD5A02AF40>, 'SELECT users.id, users.email, users.name, users.role, users.created_at, users.last_login, users.hashed_password \nFROM users \nWHERE users.email = ?', ('admin@gmail.com',))
2026-03-03 17:19:51,574 - aiosqlite - DEBUG - returning exception no such column: users.hashed_password
2026-03-03 17:19:51,574 - core.database - ERROR - Database session error: (sqlite3.OperationalError) no such column: users.hashed_password
[SQL: SELECT users.id, users.email, users.name, users.role, users.created_at, users.last_login, users.hashed_password 
FROM users 
WHERE users.email = ?]
[parameters: ('admin@gmail.com',)]
(Background on this error at: https://sqlalche.me/e/20/e3q8)
Traceback (most recent call last):
  File "D:\ASM1\.venv\Lib\site-packages\sqlalchemy\engine\base.py", line 1967, in _exec_single_context
    self.dialect.do_execute(
  File "D:\ASM1\.venv\Lib\site-packages\sqlalchemy\engine\default.py", line 941, in do_execute
    cursor.execute(statement, parameters)
  File "D:\ASM1\.venv\Lib\site-packages\sqlalchemy\dialects\sqlite\aiosqlite.py", line 147, in execute
    self._adapt_connection._handle_exception(error)
  File "D:\ASM1\.venv\Lib\site-packages\sqlalchemy\dialects\sqlite\aiosqlite.py", line 298, in _handle_exception
    raise error
  File "D:\ASM1\.venv\Lib\site-packages\sqlalchemy\dialects\sqlite\aiosqlite.py", line 129, in execute
    self.await_(_cursor.execute(operation, parameters))
  File "D:\ASM1\.venv\Lib\site-packages\sqlalchemy\util\_concurrency_py3k.py", line 132, in await_only
    return current.parent.switch(awaitable)  # type: ignore[no-any-return,attr-defined] # noqa: E501
           ^^^^^^^^^^^^^^^^^^^^^^^^^^^^^^^^
  File "D:\ASM1\.venv\Lib\site-packages\sqlalchemy\util\_concurrency_py3k.py", line 196, in greenlet_spawn
    value = await result
            ^^^^^^^^^^^^
  File "D:\ASM1\.venv\Lib\site-packages\aiosqlite\cursor.py", line 48, in execute
    await self._execute(self._cursor.execute, sql, parameters)
  File "D:\ASM1\.venv\Lib\site-packages\aiosqlite\cursor.py", line 40, in _execute
    return await self._conn._execute(fn, *args, **kwargs)
           ^^^^^^^^^^^^^^^^^^^^^^^^^^^^^^^^^^^^^^^^^^^^^^
  File "D:\ASM1\.venv\Lib\site-packages\aiosqlite\core.py", line 132, in _execute
    return await future
           ^^^^^^^^^^^^
  File "D:\ASM1\.venv\Lib\site-packages\aiosqlite\core.py", line 115, in run
    result = function()
             ^^^^^^^^^^
sqlite3.OperationalError: no such column: users.hashed_password

The above exception was the direct cause of the following exception:

Traceback (most recent call last):
  File "D:\ASM1\backend\core\database.py", line 542, in get_db
    yield session
  File "D:\ASM1\.venv\Lib\site-packages\fastapi\routing.py", line 301, in app
    raw_response = await run_endpoint_function(
                   ^^^^^^^^^^^^^^^^^^^^^^^^^^^^
  File "D:\ASM1\.venv\Lib\site-packages\fastapi\routing.py", line 212, in run_endpoint_function
    return await dependant.call(**values)
           ^^^^^^^^^^^^^^^^^^^^^^^^^^^^^^
  File "D:\ASM1\backend\routers\auth.py", line 349, in login_password
    result = await db.execute(select(User).where(User.email == clean_email))
             ^^^^^^^^^^^^^^^^^^^^^^^^^^^^^^^^^^^^^^^^^^^^^^^^^^^^^^^^^^^^^^^
  File "D:\ASM1\.venv\Lib\site-packages\sqlalchemy\ext\asyncio\session.py", line 461, in execute
    result = await greenlet_spawn(
             ^^^^^^^^^^^^^^^^^^^^^
  File "D:\ASM1\.venv\Lib\site-packages\sqlalchemy\util\_concurrency_py3k.py", line 201, in greenlet_spawn
    result = context.throw(*sys.exc_info())
             ^^^^^^^^^^^^^^^^^^^^^^^^^^^^^^
  File "D:\ASM1\.venv\Lib\site-packages\sqlalchemy\orm\session.py", line 2362, in execute
    return self._execute_internal(
           ^^^^^^^^^^^^^^^^^^^^^^^
  File "D:\ASM1\.venv\Lib\site-packages\sqlalchemy\orm\session.py", line 2247, in _execute_internal
    result: Result[Any] = compile_state_cls.orm_execute_statement(
                          ^^^^^^^^^^^^^^^^^^^^^^^^^^^^^^^^^^^^^^^^
  File "D:\ASM1\.venv\Lib\site-packages\sqlalchemy\orm\context.py", line 305, in orm_execute_statement
    result = conn.execute(
             ^^^^^^^^^^^^^
  File "D:\ASM1\.venv\Lib\site-packages\sqlalchemy\engine\base.py", line 1418, in execute
    return meth(
           ^^^^^
  File "D:\ASM1\.venv\Lib\site-packages\sqlalchemy\sql\elements.py", line 515, in _execute_on_connection
    return connection._execute_clauseelement(
           ^^^^^^^^^^^^^^^^^^^^^^^^^^^^^^^^^^
  File "D:\ASM1\.venv\Lib\site-packages\sqlalchemy\engine\base.py", line 1640, in _execute_clauseelement
    ret = self._execute_context(
          ^^^^^^^^^^^^^^^^^^^^^^
  File "D:\ASM1\.venv\Lib\site-packages\sqlalchemy\engine\base.py", line 1846, in _execute_context
    return self._exec_single_context(
           ^^^^^^^^^^^^^^^^^^^^^^^^^^
  File "D:\ASM1\.venv\Lib\site-packages\sqlalchemy\engine\base.py", line 1986, in _exec_single_context
    self._handle_dbapi_exception(
  File "D:\ASM1\.venv\Lib\site-packages\sqlalchemy\engine\base.py", line 2355, in _handle_dbapi_exception
    raise sqlalchemy_exception.with_traceback(exc_info[2]) from e
  File "D:\ASM1\.venv\Lib\site-packages\sqlalchemy\engine\base.py", line 1967, in _exec_single_context
    self.dialect.do_execute(
  File "D:\ASM1\.venv\Lib\site-packages\sqlalchemy\engine\default.py", line 941, in do_execute
    cursor.execute(statement, parameters)
  File "D:\ASM1\.venv\Lib\site-packages\sqlalchemy\dialects\sqlite\aiosqlite.py", line 147, in execute
    self._adapt_connection._handle_exception(error)
  File "D:\ASM1\.venv\Lib\site-packages\sqlalchemy\dialects\sqlite\aiosqlite.py", line 298, in _handle_exception
    raise error
  File "D:\ASM1\.venv\Lib\site-packages\sqlalchemy\dialects\sqlite\aiosqlite.py", line 129, in execute
    self.await_(_cursor.execute(operation, parameters))
  File "D:\ASM1\.venv\Lib\site-packages\sqlalchemy\util\_concurrency_py3k.py", line 132, in await_only
    return current.parent.switch(awaitable)  # type: ignore[no-any-return,attr-defined] # noqa: E501
           ^^^^^^^^^^^^^^^^^^^^^^^^^^^^^^^^
  File "D:\ASM1\.venv\Lib\site-packages\sqlalchemy\util\_concurrency_py3k.py", line 196, in greenlet_spawn
    value = await result
            ^^^^^^^^^^^^
  File "D:\ASM1\.venv\Lib\site-packages\aiosqlite\cursor.py", line 48, in execute
    await self._execute(self._cursor.execute, sql, parameters)
  File "D:\ASM1\.venv\Lib\site-packages\aiosqlite\cursor.py", line 40, in _execute
    return await self._conn._execute(fn, *args, **kwargs)
           ^^^^^^^^^^^^^^^^^^^^^^^^^^^^^^^^^^^^^^^^^^^^^^
  File "D:\ASM1\.venv\Lib\site-packages\aiosqlite\core.py", line 132, in _execute
    return await future
           ^^^^^^^^^^^^
  File "D:\ASM1\.venv\Lib\site-packages\aiosqlite\core.py", line 115, in run
    result = function()
             ^^^^^^^^^^
sqlalchemy.exc.OperationalError: (sqlite3.OperationalError) no such column: users.hashed_password
[SQL: SELECT users.id, users.email, users.name, users.role, users.created_at, users.last_login, users.hashed_password 
FROM users 
WHERE users.email = ?]
[parameters: ('admin@gmail.com',)]
(Background on this error at: https://sqlalche.me/e/20/e3q8)
2026-03-03 17:19:51,585 - core.database - DEBUG - [DB_OP] Database session cleanup after 0.0197s
2026-03-03 17:19:51,585 - aiosqlite - DEBUG - executing functools.partial(<built-in method rollback of sqlite3.Connection object at 0x000001FD59D76200>)
2026-03-03 17:19:51,585 - aiosqlite - DEBUG - operation functools.partial(<built-in method rollback of sqlite3.Connection object at 0x000001FD59D76200>) completed
2026-03-03 17:19:51,585 - aiosqlite - DEBUG - executing functools.partial(<built-in method rollback of sqlite3.Connection object at 0x000001FD59D76200>)
2026-03-03 17:19:51,585 - aiosqlite - DEBUG - operation functools.partial(<built-in method rollback of sqlite3.Connection object at 0x000001FD59D76200>) completed
2026-03-03 17:19:51,593 - aiosqlite - DEBUG - executing functools.partial(<built-in method close of sqlite3.Connection object at 0x000001FD59D76200>)
2026-03-03 17:19:51,594 - aiosqlite - DEBUG - operation functools.partial(<built-in method close of sqlite3.Connection object at 0x000001FD59D76200>) completed
2026-03-03 17:19:51,595 - core.database - ERROR - Failed to create database session: (sqlite3.OperationalError) no such column: users.hashed_password
[SQL: SELECT users.id, users.email, users.name, users.role, users.created_at, users.last_login, users.hashed_password 
FROM users 
WHERE users.email = ?]
[parameters: ('admin@gmail.com',)]
(Background on this error at: https://sqlalche.me/e/20/e3q8)
Traceback (most recent call last):
  File "D:\ASM1\.venv\Lib\site-packages\sqlalchemy\engine\base.py", line 1967, in _exec_single_context
    self.dialect.do_execute(
  File "D:\ASM1\.venv\Lib\site-packages\sqlalchemy\engine\default.py", line 941, in do_execute
    cursor.execute(statement, parameters)
  File "D:\ASM1\.venv\Lib\site-packages\sqlalchemy\dialects\sqlite\aiosqlite.py", line 147, in execute
    self._adapt_connection._handle_exception(error)
  File "D:\ASM1\.venv\Lib\site-packages\sqlalchemy\dialects\sqlite\aiosqlite.py", line 298, in _handle_exception
    raise error
  File "D:\ASM1\.venv\Lib\site-packages\sqlalchemy\dialects\sqlite\aiosqlite.py", line 129, in execute
    self.await_(_cursor.execute(operation, parameters))
  File "D:\ASM1\.venv\Lib\site-packages\sqlalchemy\util\_concurrency_py3k.py", line 132, in await_only
    return current.parent.switch(awaitable)  # type: ignore[no-any-return,attr-defined] # noqa: E501
           ^^^^^^^^^^^^^^^^^^^^^^^^^^^^^^^^
  File "D:\ASM1\.venv\Lib\site-packages\sqlalchemy\util\_concurrency_py3k.py", line 196, in greenlet_spawn
    value = await result
            ^^^^^^^^^^^^
  File "D:\ASM1\.venv\Lib\site-packages\aiosqlite\cursor.py", line 48, in execute
    await self._execute(self._cursor.execute, sql, parameters)
  File "D:\ASM1\.venv\Lib\site-packages\aiosqlite\cursor.py", line 40, in _execute
    return await self._conn._execute(fn, *args, **kwargs)
           ^^^^^^^^^^^^^^^^^^^^^^^^^^^^^^^^^^^^^^^^^^^^^^
  File "D:\ASM1\.venv\Lib\site-packages\aiosqlite\core.py", line 132, in _execute
    return await future
           ^^^^^^^^^^^^
  File "D:\ASM1\.venv\Lib\site-packages\aiosqlite\core.py", line 115, in run
    result = function()
             ^^^^^^^^^^
sqlite3.OperationalError: no such column: users.hashed_password

The above exception was the direct cause of the following exception:

Traceback (most recent call last):
  File "D:\ASM1\backend\core\database.py", line 542, in get_db
    yield session
  File "D:\ASM1\.venv\Lib\site-packages\fastapi\routing.py", line 301, in app
    raw_response = await run_endpoint_function(
                   ^^^^^^^^^^^^^^^^^^^^^^^^^^^^
  File "D:\ASM1\.venv\Lib\site-packages\fastapi\routing.py", line 212, in run_endpoint_function
    return await dependant.call(**values)
           ^^^^^^^^^^^^^^^^^^^^^^^^^^^^^^
  File "D:\ASM1\backend\routers\auth.py", line 349, in login_password
    result = await db.execute(select(User).where(User.email == clean_email))
             ^^^^^^^^^^^^^^^^^^^^^^^^^^^^^^^^^^^^^^^^^^^^^^^^^^^^^^^^^^^^^^^
  File "D:\ASM1\.venv\Lib\site-packages\sqlalchemy\ext\asyncio\session.py", line 461, in execute
    result = await greenlet_spawn(
             ^^^^^^^^^^^^^^^^^^^^^
  File "D:\ASM1\.venv\Lib\site-packages\sqlalchemy\util\_concurrency_py3k.py", line 201, in greenlet_spawn
    result = context.throw(*sys.exc_info())
             ^^^^^^^^^^^^^^^^^^^^^^^^^^^^^^
  File "D:\ASM1\.venv\Lib\site-packages\sqlalchemy\orm\session.py", line 2362, in execute
    return self._execute_internal(
           ^^^^^^^^^^^^^^^^^^^^^^^
  File "D:\ASM1\.venv\Lib\site-packages\sqlalchemy\orm\session.py", line 2247, in _execute_internal
    result: Result[Any] = compile_state_cls.orm_execute_statement(
                          ^^^^^^^^^^^^^^^^^^^^^^^^^^^^^^^^^^^^^^^^
  File "D:\ASM1\.venv\Lib\site-packages\sqlalchemy\orm\context.py", line 305, in orm_execute_statement
    result = conn.execute(
             ^^^^^^^^^^^^^
  File "D:\ASM1\.venv\Lib\site-packages\sqlalchemy\engine\base.py", line 1418, in execute
    return meth(
           ^^^^^
  File "D:\ASM1\.venv\Lib\site-packages\sqlalchemy\sql\elements.py", line 515, in _execute_on_connection
    return connection._execute_clauseelement(
           ^^^^^^^^^^^^^^^^^^^^^^^^^^^^^^^^^^
  File "D:\ASM1\.venv\Lib\site-packages\sqlalchemy\engine\base.py", line 1640, in _execute_clauseelement
    ret = self._execute_context(
          ^^^^^^^^^^^^^^^^^^^^^^
  File "D:\ASM1\.venv\Lib\site-packages\sqlalchemy\engine\base.py", line 1846, in _execute_context
    return self._exec_single_context(
           ^^^^^^^^^^^^^^^^^^^^^^^^^^
  File "D:\ASM1\.venv\Lib\site-packages\sqlalchemy\engine\base.py", line 1986, in _exec_single_context
    self._handle_dbapi_exception(
  File "D:\ASM1\.venv\Lib\site-packages\sqlalchemy\engine\base.py", line 2355, in _handle_dbapi_exception
    raise sqlalchemy_exception.with_traceback(exc_info[2]) from e
  File "D:\ASM1\.venv\Lib\site-packages\sqlalchemy\engine\base.py", line 1967, in _exec_single_context
    self.dialect.do_execute(
  File "D:\ASM1\.venv\Lib\site-packages\sqlalchemy\engine\default.py", line 941, in do_execute
    cursor.execute(statement, parameters)
  File "D:\ASM1\.venv\Lib\site-packages\sqlalchemy\dialects\sqlite\aiosqlite.py", line 147, in execute
    self._adapt_connection._handle_exception(error)
  File "D:\ASM1\.venv\Lib\site-packages\sqlalchemy\dialects\sqlite\aiosqlite.py", line 298, in _handle_exception
    raise error
  File "D:\ASM1\.venv\Lib\site-packages\sqlalchemy\dialects\sqlite\aiosqlite.py", line 129, in execute
    self.await_(_cursor.execute(operation, parameters))
  File "D:\ASM1\.venv\Lib\site-packages\sqlalchemy\util\_concurrency_py3k.py", line 132, in await_only
    return current.parent.switch(awaitable)  # type: ignore[no-any-return,attr-defined] # noqa: E501
           ^^^^^^^^^^^^^^^^^^^^^^^^^^^^^^^^
  File "D:\ASM1\.venv\Lib\site-packages\sqlalchemy\util\_concurrency_py3k.py", line 196, in greenlet_spawn
    value = await result
            ^^^^^^^^^^^^
  File "D:\ASM1\.venv\Lib\site-packages\aiosqlite\cursor.py", line 48, in execute
    await self._execute(self._cursor.execute, sql, parameters)
  File "D:\ASM1\.venv\Lib\site-packages\aiosqlite\cursor.py", line 40, in _execute
    return await self._conn._execute(fn, *args, **kwargs)
           ^^^^^^^^^^^^^^^^^^^^^^^^^^^^^^^^^^^^^^^^^^^^^^
  File "D:\ASM1\.venv\Lib\site-packages\aiosqlite\core.py", line 132, in _execute
    return await future
           ^^^^^^^^^^^^
  File "D:\ASM1\.venv\Lib\site-packages\aiosqlite\core.py", line 115, in run
    result = function()
             ^^^^^^^^^^
sqlalchemy.exc.OperationalError: (sqlite3.OperationalError) no such column: users.hashed_password
[SQL: SELECT users.id, users.email, users.name, users.role, users.created_at, users.last_login, users.hashed_password 
FROM users 
WHERE users.email = ?]
[parameters: ('admin@gmail.com',)]
(Background on this error at: https://sqlalche.me/e/20/e3q8)
2026-03-03 17:19:51,811 - core.database - DEBUG - [DB_OP] Starting get_db session creation
2026-03-03 17:19:51,811 - core.database - DEBUG - [DB_OP] Database session created successfully in 0.0000s
2026-03-03 17:19:51,811 - aiosqlite - DEBUG - executing <function connect.<locals>.connector at 0x000001FD59FE1A80>
2026-03-03 17:19:51,814 - aiosqlite - DEBUG - operation <function connect.<locals>.connector at 0x000001FD59FE1A80> completed
2026-03-03 17:19:51,814 - aiosqlite - DEBUG - executing functools.partial(<built-in method create_function of sqlite3.Connection object at 0x000001FD59CE17B0>, 'regexp', 2, <function SQLiteDialect_pysqlite.on_connect.<locals>.regexp at 0x000001FD59CDBF60>, deterministic=True)
2026-03-03 17:19:51,814 - aiosqlite - DEBUG - operation functools.partial(<built-in method create_function of sqlite3.Connection object at 0x000001FD59CE17B0>, 'regexp', 2, <function SQLiteDialect_pysqlite.on_connect.<locals>.regexp at 0x000001FD59CDBF60>, deterministic=True) completed
2026-03-03 17:19:51,814 - aiosqlite - DEBUG - executing functools.partial(<built-in method create_function of sqlite3.Connection object at 0x000001FD59CE17B0>, 'floor', 1, <built-in function floor>, deterministic=True)
2026-03-03 17:19:51,814 - aiosqlite - DEBUG - operation functools.partial(<built-in method create_function of sqlite3.Connection object at 0x000001FD59CE17B0>, 'floor', 1, <built-in function floor>, deterministic=True) completed
2026-03-03 17:19:51,814 - aiosqlite - DEBUG - executing functools.partial(<built-in method cursor of sqlite3.Connection object at 0x000001FD59CE17B0>)
2026-03-03 17:19:51,814 - aiosqlite - DEBUG - operation functools.partial(<built-in method cursor of sqlite3.Connection object at 0x000001FD59CE17B0>) completed
2026-03-03 17:19:51,814 - aiosqlite - DEBUG - executing functools.partial(<built-in method execute of sqlite3.Cursor object at 0x000001FD5A028640>, 'SELECT users.id, users.email, users.name, users.role, users.created_at, users.last_login, users.hashed_password \nFROM users \nWHERE users.email = ?', ('admin@gmail.com',))
2026-03-03 17:19:51,814 - aiosqlite - DEBUG - returning exception no such column: users.hashed_password
2026-03-03 17:19:51,814 - core.database - ERROR - Database session error: (sqlite3.OperationalError) no such column: users.hashed_password
[SQL: SELECT users.id, users.email, users.name, users.role, users.created_at, users.last_login, users.hashed_password 
FROM users 
WHERE users.email = ?]
[parameters: ('admin@gmail.com',)]
(Background on this error at: https://sqlalche.me/e/20/e3q8)
Traceback (most recent call last):
  File "D:\ASM1\.venv\Lib\site-packages\sqlalchemy\engine\base.py", line 1967, in _exec_single_context
    self.dialect.do_execute(
  File "D:\ASM1\.venv\Lib\site-packages\sqlalchemy\engine\default.py", line 941, in do_execute
    cursor.execute(statement, parameters)
  File "D:\ASM1\.venv\Lib\site-packages\sqlalchemy\dialects\sqlite\aiosqlite.py", line 147, in execute
    self._adapt_connection._handle_exception(error)
  File "D:\ASM1\.venv\Lib\site-packages\sqlalchemy\dialects\sqlite\aiosqlite.py", line 298, in _handle_exception
    raise error
  File "D:\ASM1\.venv\Lib\site-packages\sqlalchemy\dialects\sqlite\aiosqlite.py", line 129, in execute
    self.await_(_cursor.execute(operation, parameters))
  File "D:\ASM1\.venv\Lib\site-packages\sqlalchemy\util\_concurrency_py3k.py", line 132, in await_only
    return current.parent.switch(awaitable)  # type: ignore[no-any-return,attr-defined] # noqa: E501
           ^^^^^^^^^^^^^^^^^^^^^^^^^^^^^^^^
  File "D:\ASM1\.venv\Lib\site-packages\sqlalchemy\util\_concurrency_py3k.py", line 196, in greenlet_spawn
    value = await result
            ^^^^^^^^^^^^
  File "D:\ASM1\.venv\Lib\site-packages\aiosqlite\cursor.py", line 48, in execute
    await self._execute(self._cursor.execute, sql, parameters)
  File "D:\ASM1\.venv\Lib\site-packages\aiosqlite\cursor.py", line 40, in _execute
    return await self._conn._execute(fn, *args, **kwargs)
           ^^^^^^^^^^^^^^^^^^^^^^^^^^^^^^^^^^^^^^^^^^^^^^
  File "D:\ASM1\.venv\Lib\site-packages\aiosqlite\core.py", line 132, in _execute
    return await future
           ^^^^^^^^^^^^
  File "D:\ASM1\.venv\Lib\site-packages\aiosqlite\core.py", line 115, in run
    result = function()
             ^^^^^^^^^^
sqlite3.OperationalError: no such column: users.hashed_password

The above exception was the direct cause of the following exception:

Traceback (most recent call last):
  File "D:\ASM1\backend\core\database.py", line 542, in get_db
    yield session
  File "D:\ASM1\.venv\Lib\site-packages\fastapi\routing.py", line 301, in app
    raw_response = await run_endpoint_function(
                   ^^^^^^^^^^^^^^^^^^^^^^^^^^^^
  File "D:\ASM1\.venv\Lib\site-packages\fastapi\routing.py", line 212, in run_endpoint_function
    return await dependant.call(**values)
           ^^^^^^^^^^^^^^^^^^^^^^^^^^^^^^
  File "D:\ASM1\backend\routers\auth.py", line 349, in login_password
    result = await db.execute(select(User).where(User.email == clean_email))
             ^^^^^^^^^^^^^^^^^^^^^^^^^^^^^^^^^^^^^^^^^^^^^^^^^^^^^^^^^^^^^^^
  File "D:\ASM1\.venv\Lib\site-packages\sqlalchemy\ext\asyncio\session.py", line 461, in execute
    result = await greenlet_spawn(
             ^^^^^^^^^^^^^^^^^^^^^
  File "D:\ASM1\.venv\Lib\site-packages\sqlalchemy\util\_concurrency_py3k.py", line 201, in greenlet_spawn
    result = context.throw(*sys.exc_info())
             ^^^^^^^^^^^^^^^^^^^^^^^^^^^^^^
  File "D:\ASM1\.venv\Lib\site-packages\sqlalchemy\orm\session.py", line 2362, in execute
    return self._execute_internal(
           ^^^^^^^^^^^^^^^^^^^^^^^
  File "D:\ASM1\.venv\Lib\site-packages\sqlalchemy\orm\session.py", line 2247, in _execute_internal
    result: Result[Any] = compile_state_cls.orm_execute_statement(
                          ^^^^^^^^^^^^^^^^^^^^^^^^^^^^^^^^^^^^^^^^
  File "D:\ASM1\.venv\Lib\site-packages\sqlalchemy\orm\context.py", line 305, in orm_execute_statement
    result = conn.execute(
             ^^^^^^^^^^^^^
  File "D:\ASM1\.venv\Lib\site-packages\sqlalchemy\engine\base.py", line 1418, in execute
    return meth(
           ^^^^^
  File "D:\ASM1\.venv\Lib\site-packages\sqlalchemy\sql\elements.py", line 515, in _execute_on_connection
    return connection._execute_clauseelement(
           ^^^^^^^^^^^^^^^^^^^^^^^^^^^^^^^^^^
  File "D:\ASM1\.venv\Lib\site-packages\sqlalchemy\engine\base.py", line 1640, in _execute_clauseelement
    ret = self._execute_context(
          ^^^^^^^^^^^^^^^^^^^^^^
  File "D:\ASM1\.venv\Lib\site-packages\sqlalchemy\engine\base.py", line 1846, in _execute_context
    return self._exec_single_context(
           ^^^^^^^^^^^^^^^^^^^^^^^^^^
  File "D:\ASM1\.venv\Lib\site-packages\sqlalchemy\engine\base.py", line 1986, in _exec_single_context
    self._handle_dbapi_exception(
  File "D:\ASM1\.venv\Lib\site-packages\sqlalchemy\engine\base.py", line 2355, in _handle_dbapi_exception
    raise sqlalchemy_exception.with_traceback(exc_info[2]) from e
  File "D:\ASM1\.venv\Lib\site-packages\sqlalchemy\engine\base.py", line 1967, in _exec_single_context
    self.dialect.do_execute(
  File "D:\ASM1\.venv\Lib\site-packages\sqlalchemy\engine\default.py", line 941, in do_execute
    cursor.execute(statement, parameters)
  File "D:\ASM1\.venv\Lib\site-packages\sqlalchemy\dialects\sqlite\aiosqlite.py", line 147, in execute
    self._adapt_connection._handle_exception(error)
  File "D:\ASM1\.venv\Lib\site-packages\sqlalchemy\dialects\sqlite\aiosqlite.py", line 298, in _handle_exception
    raise error
  File "D:\ASM1\.venv\Lib\site-packages\sqlalchemy\dialects\sqlite\aiosqlite.py", line 129, in execute
    self.await_(_cursor.execute(operation, parameters))
  File "D:\ASM1\.venv\Lib\site-packages\sqlalchemy\util\_concurrency_py3k.py", line 132, in await_only
    return current.parent.switch(awaitable)  # type: ignore[no-any-return,attr-defined] # noqa: E501
           ^^^^^^^^^^^^^^^^^^^^^^^^^^^^^^^^
  File "D:\ASM1\.venv\Lib\site-packages\sqlalchemy\util\_concurrency_py3k.py", line 196, in greenlet_spawn
    value = await result
            ^^^^^^^^^^^^
  File "D:\ASM1\.venv\Lib\site-packages\aiosqlite\cursor.py", line 48, in execute
    await self._execute(self._cursor.execute, sql, parameters)
  File "D:\ASM1\.venv\Lib\site-packages\aiosqlite\cursor.py", line 40, in _execute
    return await self._conn._execute(fn, *args, **kwargs)
           ^^^^^^^^^^^^^^^^^^^^^^^^^^^^^^^^^^^^^^^^^^^^^^
  File "D:\ASM1\.venv\Lib\site-packages\aiosqlite\core.py", line 132, in _execute
    return await future
           ^^^^^^^^^^^^
  File "D:\ASM1\.venv\Lib\site-packages\aiosqlite\core.py", line 115, in run
    result = function()
             ^^^^^^^^^^
sqlalchemy.exc.OperationalError: (sqlite3.OperationalError) no such column: users.hashed_password
[SQL: SELECT users.id, users.email, users.name, users.role, users.created_at, users.last_login, users.hashed_password 
FROM users 
WHERE users.email = ?]
[parameters: ('admin@gmail.com',)]
(Background on this error at: https://sqlalche.me/e/20/e3q8)
2026-03-03 17:19:51,824 - core.database - DEBUG - [DB_OP] Database session cleanup after 0.0126s
2026-03-03 17:19:51,824 - aiosqlite - DEBUG - executing functools.partial(<built-in method rollback of sqlite3.Connection object at 0x000001FD59CE17B0>)
2026-03-03 17:19:51,824 - aiosqlite - DEBUG - operation functools.partial(<built-in method rollback of sqlite3.Connection object at 0x000001FD59CE17B0>) completed
2026-03-03 17:19:51,824 - aiosqlite - DEBUG - executing functools.partial(<built-in method rollback of sqlite3.Connection object at 0x000001FD59CE17B0>)
2026-03-03 17:19:51,832 - aiosqlite - DEBUG - operation functools.partial(<built-in method rollback of sqlite3.Connection object at 0x000001FD59CE17B0>) completed
2026-03-03 17:19:51,832 - aiosqlite - DEBUG - executing functools.partial(<built-in method close of sqlite3.Connection object at 0x000001FD59CE17B0>)
2026-03-03 17:19:51,832 - aiosqlite - DEBUG - operation functools.partial(<built-in method close of sqlite3.Connection object at 0x000001FD59CE17B0>) completed
2026-03-03 17:19:51,832 - core.database - ERROR - Failed to create database session: (sqlite3.OperationalError) no such column: users.hashed_password
[SQL: SELECT users.id, users.email, users.name, users.role, users.created_at, users.last_login, users.hashed_password 
FROM users 
WHERE users.email = ?]
[parameters: ('admin@gmail.com',)]
(Background on this error at: https://sqlalche.me/e/20/e3q8)
Traceback (most recent call last):
  File "D:\ASM1\.venv\Lib\site-packages\sqlalchemy\engine\base.py", line 1967, in _exec_single_context
    self.dialect.do_execute(
  File "D:\ASM1\.venv\Lib\site-packages\sqlalchemy\engine\default.py", line 941, in do_execute
    cursor.execute(statement, parameters)
  File "D:\ASM1\.venv\Lib\site-packages\sqlalchemy\dialects\sqlite\aiosqlite.py", line 147, in execute
    self._adapt_connection._handle_exception(error)
  File "D:\ASM1\.venv\Lib\site-packages\sqlalchemy\dialects\sqlite\aiosqlite.py", line 298, in _handle_exception
    raise error
  File "D:\ASM1\.venv\Lib\site-packages\sqlalchemy\dialects\sqlite\aiosqlite.py", line 129, in execute
    self.await_(_cursor.execute(operation, parameters))
  File "D:\ASM1\.venv\Lib\site-packages\sqlalchemy\util\_concurrency_py3k.py", line 132, in await_only
    return current.parent.switch(awaitable)  # type: ignore[no-any-return,attr-defined] # noqa: E501
           ^^^^^^^^^^^^^^^^^^^^^^^^^^^^^^^^
  File "D:\ASM1\.venv\Lib\site-packages\sqlalchemy\util\_concurrency_py3k.py", line 196, in greenlet_spawn
    value = await result
            ^^^^^^^^^^^^
  File "D:\ASM1\.venv\Lib\site-packages\aiosqlite\cursor.py", line 48, in execute
    await self._execute(self._cursor.execute, sql, parameters)
  File "D:\ASM1\.venv\Lib\site-packages\aiosqlite\cursor.py", line 40, in _execute
    return await self._conn._execute(fn, *args, **kwargs)
           ^^^^^^^^^^^^^^^^^^^^^^^^^^^^^^^^^^^^^^^^^^^^^^
  File "D:\ASM1\.venv\Lib\site-packages\aiosqlite\core.py", line 132, in _execute
    return await future
           ^^^^^^^^^^^^
  File "D:\ASM1\.venv\Lib\site-packages\aiosqlite\core.py", line 115, in run
    result = function()
             ^^^^^^^^^^
sqlite3.OperationalError: no such column: users.hashed_password

The above exception was the direct cause of the following exception:

Traceback (most recent call last):
  File "D:\ASM1\backend\core\database.py", line 542, in get_db
    yield session
  File "D:\ASM1\.venv\Lib\site-packages\fastapi\routing.py", line 301, in app
    raw_response = await run_endpoint_function(
                   ^^^^^^^^^^^^^^^^^^^^^^^^^^^^
  File "D:\ASM1\.venv\Lib\site-packages\fastapi\routing.py", line 212, in run_endpoint_function
    return await dependant.call(**values)
           ^^^^^^^^^^^^^^^^^^^^^^^^^^^^^^
  File "D:\ASM1\backend\routers\auth.py", line 349, in login_password
    result = await db.execute(select(User).where(User.email == clean_email))
             ^^^^^^^^^^^^^^^^^^^^^^^^^^^^^^^^^^^^^^^^^^^^^^^^^^^^^^^^^^^^^^^
  File "D:\ASM1\.venv\Lib\site-packages\sqlalchemy\ext\asyncio\session.py", line 461, in execute
    result = await greenlet_spawn(
             ^^^^^^^^^^^^^^^^^^^^^
  File "D:\ASM1\.venv\Lib\site-packages\sqlalchemy\util\_concurrency_py3k.py", line 201, in greenlet_spawn
    result = context.throw(*sys.exc_info())
             ^^^^^^^^^^^^^^^^^^^^^^^^^^^^^^
  File "D:\ASM1\.venv\Lib\site-packages\sqlalchemy\orm\session.py", line 2362, in execute
    return self._execute_internal(
           ^^^^^^^^^^^^^^^^^^^^^^^
  File "D:\ASM1\.venv\Lib\site-packages\sqlalchemy\orm\session.py", line 2247, in _execute_internal
    result: Result[Any] = compile_state_cls.orm_execute_statement(
                          ^^^^^^^^^^^^^^^^^^^^^^^^^^^^^^^^^^^^^^^^
  File "D:\ASM1\.venv\Lib\site-packages\sqlalchemy\orm\context.py", line 305, in orm_execute_statement
    result = conn.execute(
             ^^^^^^^^^^^^^
  File "D:\ASM1\.venv\Lib\site-packages\sqlalchemy\engine\base.py", line 1418, in execute
    return meth(
           ^^^^^
  File "D:\ASM1\.venv\Lib\site-packages\sqlalchemy\sql\elements.py", line 515, in _execute_on_connection
    return connection._execute_clauseelement(
           ^^^^^^^^^^^^^^^^^^^^^^^^^^^^^^^^^^
  File "D:\ASM1\.venv\Lib\site-packages\sqlalchemy\engine\base.py", line 1640, in _execute_clauseelement
    ret = self._execute_context(
          ^^^^^^^^^^^^^^^^^^^^^^
  File "D:\ASM1\.venv\Lib\site-packages\sqlalchemy\engine\base.py", line 1846, in _execute_context
    return self._exec_single_context(
           ^^^^^^^^^^^^^^^^^^^^^^^^^^
  File "D:\ASM1\.venv\Lib\site-packages\sqlalchemy\engine\base.py", line 1986, in _exec_single_context
    self._handle_dbapi_exception(
  File "D:\ASM1\.venv\Lib\site-packages\sqlalchemy\engine\base.py", line 2355, in _handle_dbapi_exception
    raise sqlalchemy_exception.with_traceback(exc_info[2]) from e
  File "D:\ASM1\.venv\Lib\site-packages\sqlalchemy\engine\base.py", line 1967, in _exec_single_context
    self.dialect.do_execute(
  File "D:\ASM1\.venv\Lib\site-packages\sqlalchemy\engine\default.py", line 941, in do_execute
    cursor.execute(statement, parameters)
  File "D:\ASM1\.venv\Lib\site-packages\sqlalchemy\dialects\sqlite\aiosqlite.py", line 147, in execute
    self._adapt_connection._handle_exception(error)
  File "D:\ASM1\.venv\Lib\site-packages\sqlalchemy\dialects\sqlite\aiosqlite.py", line 298, in _handle_exception
    raise error
  File "D:\ASM1\.venv\Lib\site-packages\sqlalchemy\dialects\sqlite\aiosqlite.py", line 129, in execute
    self.await_(_cursor.execute(operation, parameters))
  File "D:\ASM1\.venv\Lib\site-packages\sqlalchemy\util\_concurrency_py3k.py", line 132, in await_only
    return current.parent.switch(awaitable)  # type: ignore[no-any-return,attr-defined] # noqa: E501
           ^^^^^^^^^^^^^^^^^^^^^^^^^^^^^^^^
  File "D:\ASM1\.venv\Lib\site-packages\sqlalchemy\util\_concurrency_py3k.py", line 196, in greenlet_spawn
    value = await result
            ^^^^^^^^^^^^
  File "D:\ASM1\.venv\Lib\site-packages\aiosqlite\cursor.py", line 48, in execute
    await self._execute(self._cursor.execute, sql, parameters)
  File "D:\ASM1\.venv\Lib\site-packages\aiosqlite\cursor.py", line 40, in _execute
    return await self._conn._execute(fn, *args, **kwargs)
           ^^^^^^^^^^^^^^^^^^^^^^^^^^^^^^^^^^^^^^^^^^^^^^
  File "D:\ASM1\.venv\Lib\site-packages\aiosqlite\core.py", line 132, in _execute
    return await future
           ^^^^^^^^^^^^
  File "D:\ASM1\.venv\Lib\site-packages\aiosqlite\core.py", line 115, in run
    result = function()
             ^^^^^^^^^^
sqlalchemy.exc.OperationalError: (sqlite3.OperationalError) no such column: users.hashed_password
[SQL: SELECT users.id, users.email, users.name, users.role, users.created_at, users.last_login, users.hashed_password 
FROM users 
WHERE users.email = ?]
[parameters: ('admin@gmail.com',)]
(Background on this error at: https://sqlalche.me/e/20/e3q8)
2026-03-03 17:19:51,994 - core.database - DEBUG - [DB_OP] Starting get_db session creation
2026-03-03 17:19:51,994 - core.database - DEBUG - [DB_OP] Database session created successfully in 0.0000s
2026-03-03 17:19:51,994 - aiosqlite - DEBUG - executing <function connect.<locals>.connector at 0x000001FD59FE19E0>
2026-03-03 17:19:51,994 - aiosqlite - DEBUG - operation <function connect.<locals>.connector at 0x000001FD59FE19E0> completed
2026-03-03 17:19:51,994 - aiosqlite - DEBUG - executing functools.partial(<built-in method create_function of sqlite3.Connection object at 0x000001FD59D76890>, 'regexp', 2, <function SQLiteDialect_pysqlite.on_connect.<locals>.regexp at 0x000001FD59CDBF60>, deterministic=True)
2026-03-03 17:19:51,994 - aiosqlite - DEBUG - operation functools.partial(<built-in method create_function of sqlite3.Connection object at 0x000001FD59D76890>, 'regexp', 2, <function SQLiteDialect_pysqlite.on_connect.<locals>.regexp at 0x000001FD59CDBF60>, deterministic=True) completed
2026-03-03 17:19:51,994 - aiosqlite - DEBUG - executing functools.partial(<built-in method create_function of sqlite3.Connection object at 0x000001FD59D76890>, 'floor', 1, <built-in function floor>, deterministic=True)
2026-03-03 17:19:51,994 - aiosqlite - DEBUG - operation functools.partial(<built-in method create_function of sqlite3.Connection object at 0x000001FD59D76890>, 'floor', 1, <built-in function floor>, deterministic=True) completed
2026-03-03 17:19:51,994 - aiosqlite - DEBUG - executing functools.partial(<built-in method cursor of sqlite3.Connection object at 0x000001FD59D76890>)
2026-03-03 17:19:51,994 - aiosqlite - DEBUG - operation functools.partial(<built-in method cursor of sqlite3.Connection object at 0x000001FD59D76890>) completed
2026-03-03 17:19:51,994 - aiosqlite - DEBUG - executing functools.partial(<built-in method execute of sqlite3.Cursor object at 0x000001FD5A029F40>, 'SELECT users.id, users.email, users.name, users.role, users.created_at, users.last_login, users.hashed_password \nFROM users \nWHERE users.email = ?', ('admin@gmail.com',))
2026-03-03 17:19:52,004 - aiosqlite - DEBUG - returning exception no such column: users.hashed_password
2026-03-03 17:19:52,004 - core.database - ERROR - Database session error: (sqlite3.OperationalError) no such column: users.hashed_password
[SQL: SELECT users.id, users.email, users.name, users.role, users.created_at, users.last_login, users.hashed_password 
FROM users 
WHERE users.email = ?]
[parameters: ('admin@gmail.com',)]
(Background on this error at: https://sqlalche.me/e/20/e3q8)
Traceback (most recent call last):
  File "D:\ASM1\.venv\Lib\site-packages\sqlalchemy\engine\base.py", line 1967, in _exec_single_context
    self.dialect.do_execute(
  File "D:\ASM1\.venv\Lib\site-packages\sqlalchemy\engine\default.py", line 941, in do_execute
    cursor.execute(statement, parameters)
  File "D:\ASM1\.venv\Lib\site-packages\sqlalchemy\dialects\sqlite\aiosqlite.py", line 147, in execute
    self._adapt_connection._handle_exception(error)
  File "D:\ASM1\.venv\Lib\site-packages\sqlalchemy\dialects\sqlite\aiosqlite.py", line 298, in _handle_exception
    raise error
  File "D:\ASM1\.venv\Lib\site-packages\sqlalchemy\dialects\sqlite\aiosqlite.py", line 129, in execute
    self.await_(_cursor.execute(operation, parameters))
  File "D:\ASM1\.venv\Lib\site-packages\sqlalchemy\util\_concurrency_py3k.py", line 132, in await_only
    return current.parent.switch(awaitable)  # type: ignore[no-any-return,attr-defined] # noqa: E501
           ^^^^^^^^^^^^^^^^^^^^^^^^^^^^^^^^
  File "D:\ASM1\.venv\Lib\site-packages\sqlalchemy\util\_concurrency_py3k.py", line 196, in greenlet_spawn
    value = await result
            ^^^^^^^^^^^^
  File "D:\ASM1\.venv\Lib\site-packages\aiosqlite\cursor.py", line 48, in execute
    await self._execute(self._cursor.execute, sql, parameters)
  File "D:\ASM1\.venv\Lib\site-packages\aiosqlite\cursor.py", line 40, in _execute
    return await self._conn._execute(fn, *args, **kwargs)
           ^^^^^^^^^^^^^^^^^^^^^^^^^^^^^^^^^^^^^^^^^^^^^^
  File "D:\ASM1\.venv\Lib\site-packages\aiosqlite\core.py", line 132, in _execute
    return await future
           ^^^^^^^^^^^^
  File "D:\ASM1\.venv\Lib\site-packages\aiosqlite\core.py", line 115, in run
    result = function()
             ^^^^^^^^^^
sqlite3.OperationalError: no such column: users.hashed_password

The above exception was the direct cause of the following exception:

Traceback (most recent call last):
  File "D:\ASM1\backend\core\database.py", line 542, in get_db
    yield session
  File "D:\ASM1\.venv\Lib\site-packages\fastapi\routing.py", line 301, in app
    raw_response = await run_endpoint_function(
                   ^^^^^^^^^^^^^^^^^^^^^^^^^^^^
  File "D:\ASM1\.venv\Lib\site-packages\fastapi\routing.py", line 212, in run_endpoint_function
    return await dependant.call(**values)
           ^^^^^^^^^^^^^^^^^^^^^^^^^^^^^^
  File "D:\ASM1\backend\routers\auth.py", line 349, in login_password
    result = await db.execute(select(User).where(User.email == clean_email))
             ^^^^^^^^^^^^^^^^^^^^^^^^^^^^^^^^^^^^^^^^^^^^^^^^^^^^^^^^^^^^^^^
  File "D:\ASM1\.venv\Lib\site-packages\sqlalchemy\ext\asyncio\session.py", line 461, in execute
    result = await greenlet_spawn(
             ^^^^^^^^^^^^^^^^^^^^^
  File "D:\ASM1\.venv\Lib\site-packages\sqlalchemy\util\_concurrency_py3k.py", line 201, in greenlet_spawn
    result = context.throw(*sys.exc_info())
             ^^^^^^^^^^^^^^^^^^^^^^^^^^^^^^
  File "D:\ASM1\.venv\Lib\site-packages\sqlalchemy\orm\session.py", line 2362, in execute
    return self._execute_internal(
           ^^^^^^^^^^^^^^^^^^^^^^^
  File "D:\ASM1\.venv\Lib\site-packages\sqlalchemy\orm\session.py", line 2247, in _execute_internal
    result: Result[Any] = compile_state_cls.orm_execute_statement(
                          ^^^^^^^^^^^^^^^^^^^^^^^^^^^^^^^^^^^^^^^^
  File "D:\ASM1\.venv\Lib\site-packages\sqlalchemy\orm\context.py", line 305, in orm_execute_statement
    result = conn.execute(
             ^^^^^^^^^^^^^
  File "D:\ASM1\.venv\Lib\site-packages\sqlalchemy\engine\base.py", line 1418, in execute
    return meth(
           ^^^^^
  File "D:\ASM1\.venv\Lib\site-packages\sqlalchemy\sql\elements.py", line 515, in _execute_on_connection
    return connection._execute_clauseelement(
           ^^^^^^^^^^^^^^^^^^^^^^^^^^^^^^^^^^
  File "D:\ASM1\.venv\Lib\site-packages\sqlalchemy\engine\base.py", line 1640, in _execute_clauseelement
    ret = self._execute_context(
          ^^^^^^^^^^^^^^^^^^^^^^
  File "D:\ASM1\.venv\Lib\site-packages\sqlalchemy\engine\base.py", line 1846, in _execute_context
    return self._exec_single_context(
           ^^^^^^^^^^^^^^^^^^^^^^^^^^
  File "D:\ASM1\.venv\Lib\site-packages\sqlalchemy\engine\base.py", line 1986, in _exec_single_context
    self._handle_dbapi_exception(
  File "D:\ASM1\.venv\Lib\site-packages\sqlalchemy\engine\base.py", line 2355, in _handle_dbapi_exception
    raise sqlalchemy_exception.with_traceback(exc_info[2]) from e
  File "D:\ASM1\.venv\Lib\site-packages\sqlalchemy\engine\base.py", line 1967, in _exec_single_context
    self.dialect.do_execute(
  File "D:\ASM1\.venv\Lib\site-packages\sqlalchemy\engine\default.py", line 941, in do_execute
    cursor.execute(statement, parameters)
  File "D:\ASM1\.venv\Lib\site-packages\sqlalchemy\dialects\sqlite\aiosqlite.py", line 147, in execute
    self._adapt_connection._handle_exception(error)
  File "D:\ASM1\.venv\Lib\site-packages\sqlalchemy\dialects\sqlite\aiosqlite.py", line 298, in _handle_exception
    raise error
  File "D:\ASM1\.venv\Lib\site-packages\sqlalchemy\dialects\sqlite\aiosqlite.py", line 129, in execute
    self.await_(_cursor.execute(operation, parameters))
  File "D:\ASM1\.venv\Lib\site-packages\sqlalchemy\util\_concurrency_py3k.py", line 132, in await_only
    return current.parent.switch(awaitable)  # type: ignore[no-any-return,attr-defined] # noqa: E501
           ^^^^^^^^^^^^^^^^^^^^^^^^^^^^^^^^
  File "D:\ASM1\.venv\Lib\site-packages\sqlalchemy\util\_concurrency_py3k.py", line 196, in greenlet_spawn
    value = await result
            ^^^^^^^^^^^^
  File "D:\ASM1\.venv\Lib\site-packages\aiosqlite\cursor.py", line 48, in execute
    await self._execute(self._cursor.execute, sql, parameters)
  File "D:\ASM1\.venv\Lib\site-packages\aiosqlite\cursor.py", line 40, in _execute
    return await self._conn._execute(fn, *args, **kwargs)
           ^^^^^^^^^^^^^^^^^^^^^^^^^^^^^^^^^^^^^^^^^^^^^^
  File "D:\ASM1\.venv\Lib\site-packages\aiosqlite\core.py", line 132, in _execute
    return await future
           ^^^^^^^^^^^^
  File "D:\ASM1\.venv\Lib\site-packages\aiosqlite\core.py", line 115, in run
    result = function()
             ^^^^^^^^^^
sqlalchemy.exc.OperationalError: (sqlite3.OperationalError) no such column: users.hashed_password
[SQL: SELECT users.id, users.email, users.name, users.role, users.created_at, users.last_login, users.hashed_password 
FROM users 
WHERE users.email = ?]
[parameters: ('admin@gmail.com',)]
(Background on this error at: https://sqlalche.me/e/20/e3q8)
2026-03-03 17:19:52,015 - core.database - DEBUG - [DB_OP] Database session cleanup after 0.0201s
2026-03-03 17:19:52,015 - aiosqlite - DEBUG - executing functools.partial(<built-in method rollback of sqlite3.Connection object at 0x000001FD59D76890>)
2026-03-03 17:19:52,015 - aiosqlite - DEBUG - operation functools.partial(<built-in method rollback of sqlite3.Connection object at 0x000001FD59D76890>) completed
2026-03-03 17:19:52,015 - aiosqlite - DEBUG - executing functools.partial(<built-in method rollback of sqlite3.Connection object at 0x000001FD59D76890>)
2026-03-03 17:19:52,015 - aiosqlite - DEBUG - operation functools.partial(<built-in method rollback of sqlite3.Connection object at 0x000001FD59D76890>) completed
2026-03-03 17:19:52,015 - aiosqlite - DEBUG - executing functools.partial(<built-in method close of sqlite3.Connection object at 0x000001FD59D76890>)
2026-03-03 17:19:52,015 - aiosqlite - DEBUG - operation functools.partial(<built-in method close of sqlite3.Connection object at 0x000001FD59D76890>) completed
2026-03-03 17:19:52,015 - core.database - ERROR - Failed to create database session: (sqlite3.OperationalError) no such column: users.hashed_password
[SQL: SELECT users.id, users.email, users.name, users.role, users.created_at, users.last_login, users.hashed_password 
FROM users 
WHERE users.email = ?]
[parameters: ('admin@gmail.com',)]
(Background on this error at: https://sqlalche.me/e/20/e3q8)
Traceback (most recent call last):
  File "D:\ASM1\.venv\Lib\site-packages\sqlalchemy\engine\base.py", line 1967, in _exec_single_context
    self.dialect.do_execute(
  File "D:\ASM1\.venv\Lib\site-packages\sqlalchemy\engine\default.py", line 941, in do_execute
    cursor.execute(statement, parameters)
  File "D:\ASM1\.venv\Lib\site-packages\sqlalchemy\dialects\sqlite\aiosqlite.py", line 147, in execute
    self._adapt_connection._handle_exception(error)
  File "D:\ASM1\.venv\Lib\site-packages\sqlalchemy\dialects\sqlite\aiosqlite.py", line 298, in _handle_exception
    raise error
  File "D:\ASM1\.venv\Lib\site-packages\sqlalchemy\dialects\sqlite\aiosqlite.py", line 129, in execute
    self.await_(_cursor.execute(operation, parameters))
  File "D:\ASM1\.venv\Lib\site-packages\sqlalchemy\util\_concurrency_py3k.py", line 132, in await_only
    return current.parent.switch(awaitable)  # type: ignore[no-any-return,attr-defined] # noqa: E501
           ^^^^^^^^^^^^^^^^^^^^^^^^^^^^^^^^
  File "D:\ASM1\.venv\Lib\site-packages\sqlalchemy\util\_concurrency_py3k.py", line 196, in greenlet_spawn
    value = await result
            ^^^^^^^^^^^^
  File "D:\ASM1\.venv\Lib\site-packages\aiosqlite\cursor.py", line 48, in execute
    await self._execute(self._cursor.execute, sql, parameters)
  File "D:\ASM1\.venv\Lib\site-packages\aiosqlite\cursor.py", line 40, in _execute
    return await self._conn._execute(fn, *args, **kwargs)
           ^^^^^^^^^^^^^^^^^^^^^^^^^^^^^^^^^^^^^^^^^^^^^^
  File "D:\ASM1\.venv\Lib\site-packages\aiosqlite\core.py", line 132, in _execute
    return await future
           ^^^^^^^^^^^^
  File "D:\ASM1\.venv\Lib\site-packages\aiosqlite\core.py", line 115, in run
    result = function()
             ^^^^^^^^^^
sqlite3.OperationalError: no such column: users.hashed_password

The above exception was the direct cause of the following exception:

Traceback (most recent call last):
  File "D:\ASM1\backend\core\database.py", line 542, in get_db
    yield session
  File "D:\ASM1\.venv\Lib\site-packages\fastapi\routing.py", line 301, in app
    raw_response = await run_endpoint_function(
                   ^^^^^^^^^^^^^^^^^^^^^^^^^^^^
  File "D:\ASM1\.venv\Lib\site-packages\fastapi\routing.py", line 212, in run_endpoint_function
    return await dependant.call(**values)
           ^^^^^^^^^^^^^^^^^^^^^^^^^^^^^^
  File "D:\ASM1\backend\routers\auth.py", line 349, in login_password
    result = await db.execute(select(User).where(User.email == clean_email))
             ^^^^^^^^^^^^^^^^^^^^^^^^^^^^^^^^^^^^^^^^^^^^^^^^^^^^^^^^^^^^^^^
  File "D:\ASM1\.venv\Lib\site-packages\sqlalchemy\ext\asyncio\session.py", line 461, in execute
    result = await greenlet_spawn(
             ^^^^^^^^^^^^^^^^^^^^^
  File "D:\ASM1\.venv\Lib\site-packages\sqlalchemy\util\_concurrency_py3k.py", line 201, in greenlet_spawn
    result = context.throw(*sys.exc_info())
             ^^^^^^^^^^^^^^^^^^^^^^^^^^^^^^
  File "D:\ASM1\.venv\Lib\site-packages\sqlalchemy\orm\session.py", line 2362, in execute
    return self._execute_internal(
           ^^^^^^^^^^^^^^^^^^^^^^^
  File "D:\ASM1\.venv\Lib\site-packages\sqlalchemy\orm\session.py", line 2247, in _execute_internal
    result: Result[Any] = compile_state_cls.orm_execute_statement(
                          ^^^^^^^^^^^^^^^^^^^^^^^^^^^^^^^^^^^^^^^^
  File "D:\ASM1\.venv\Lib\site-packages\sqlalchemy\orm\context.py", line 305, in orm_execute_statement
    result = conn.execute(
             ^^^^^^^^^^^^^
  File "D:\ASM1\.venv\Lib\site-packages\sqlalchemy\engine\base.py", line 1418, in execute
    return meth(
           ^^^^^
  File "D:\ASM1\.venv\Lib\site-packages\sqlalchemy\sql\elements.py", line 515, in _execute_on_connection
    return connection._execute_clauseelement(
           ^^^^^^^^^^^^^^^^^^^^^^^^^^^^^^^^^^
  File "D:\ASM1\.venv\Lib\site-packages\sqlalchemy\engine\base.py", line 1640, in _execute_clauseelement
    ret = self._execute_context(
          ^^^^^^^^^^^^^^^^^^^^^^
  File "D:\ASM1\.venv\Lib\site-packages\sqlalchemy\engine\base.py", line 1846, in _execute_context
    return self._exec_single_context(
           ^^^^^^^^^^^^^^^^^^^^^^^^^^
  File "D:\ASM1\.venv\Lib\site-packages\sqlalchemy\engine\base.py", line 1986, in _exec_single_context
    self._handle_dbapi_exception(
  File "D:\ASM1\.venv\Lib\site-packages\sqlalchemy\engine\base.py", line 2355, in _handle_dbapi_exception
    raise sqlalchemy_exception.with_traceback(exc_info[2]) from e
  File "D:\ASM1\.venv\Lib\site-packages\sqlalchemy\engine\base.py", line 1967, in _exec_single_context
    self.dialect.do_execute(
  File "D:\ASM1\.venv\Lib\site-packages\sqlalchemy\engine\default.py", line 941, in do_execute
    cursor.execute(statement, parameters)
  File "D:\ASM1\.venv\Lib\site-packages\sqlalchemy\dialects\sqlite\aiosqlite.py", line 147, in execute
    self._adapt_connection._handle_exception(error)
  File "D:\ASM1\.venv\Lib\site-packages\sqlalchemy\dialects\sqlite\aiosqlite.py", line 298, in _handle_exception
    raise error
  File "D:\ASM1\.venv\Lib\site-packages\sqlalchemy\dialects\sqlite\aiosqlite.py", line 129, in execute
    self.await_(_cursor.execute(operation, parameters))
  File "D:\ASM1\.venv\Lib\site-packages\sqlalchemy\util\_concurrency_py3k.py", line 132, in await_only
    return current.parent.switch(awaitable)  # type: ignore[no-any-return,attr-defined] # noqa: E501
           ^^^^^^^^^^^^^^^^^^^^^^^^^^^^^^^^
  File "D:\ASM1\.venv\Lib\site-packages\sqlalchemy\util\_concurrency_py3k.py", line 196, in greenlet_spawn
    value = await result
            ^^^^^^^^^^^^
  File "D:\ASM1\.venv\Lib\site-packages\aiosqlite\cursor.py", line 48, in execute
    await self._execute(self._cursor.execute, sql, parameters)
  File "D:\ASM1\.venv\Lib\site-packages\aiosqlite\cursor.py", line 40, in _execute
    return await self._conn._execute(fn, *args, **kwargs)
           ^^^^^^^^^^^^^^^^^^^^^^^^^^^^^^^^^^^^^^^^^^^^^^
  File "D:\ASM1\.venv\Lib\site-packages\aiosqlite\core.py", line 132, in _execute
    return await future
           ^^^^^^^^^^^^
  File "D:\ASM1\.venv\Lib\site-packages\aiosqlite\core.py", line 115, in run
    result = function()
             ^^^^^^^^^^
sqlalchemy.exc.OperationalError: (sqlite3.OperationalError) no such column: users.hashed_password
[SQL: SELECT users.id, users.email, users.name, users.role, users.created_at, users.last_login, users.hashed_password 
FROM users 
WHERE users.email = ?]
[parameters: ('admin@gmail.com',)]
(Background on this error at: https://sqlalche.me/e/20/e3q8)
2026-03-03 17:19:52,185 - core.database - DEBUG - [DB_OP] Starting get_db session creation
2026-03-03 17:19:52,185 - core.database - DEBUG - [DB_OP] Database session created successfully in 0.0000s
2026-03-03 17:19:52,185 - aiosqlite - DEBUG - executing <function connect.<locals>.connector at 0x000001FD5A02C400>
2026-03-03 17:19:52,185 - aiosqlite - DEBUG - operation <function connect.<locals>.connector at 0x000001FD5A02C400> completed
2026-03-03 17:19:52,185 - aiosqlite - DEBUG - executing functools.partial(<built-in method create_function of sqlite3.Connection object at 0x000001FD59D75990>, 'regexp', 2, <function SQLiteDialect_pysqlite.on_connect.<locals>.regexp at 0x000001FD59CDBF60>, deterministic=True)
2026-03-03 17:19:52,185 - aiosqlite - DEBUG - operation functools.partial(<built-in method create_function of sqlite3.Connection object at 0x000001FD59D75990>, 'regexp', 2, <function SQLiteDialect_pysqlite.on_connect.<locals>.regexp at 0x000001FD59CDBF60>, deterministic=True) completed
2026-03-03 17:19:52,185 - aiosqlite - DEBUG - executing functools.partial(<built-in method create_function of sqlite3.Connection object at 0x000001FD59D75990>, 'floor', 1, <built-in function floor>, deterministic=True)
2026-03-03 17:19:52,185 - aiosqlite - DEBUG - operation functools.partial(<built-in method create_function of sqlite3.Connection object at 0x000001FD59D75990>, 'floor', 1, <built-in function floor>, deterministic=True) completed
2026-03-03 17:19:52,194 - aiosqlite - DEBUG - executing functools.partial(<built-in method cursor of sqlite3.Connection object at 0x000001FD59D75990>)
2026-03-03 17:19:52,194 - aiosqlite - DEBUG - operation functools.partial(<built-in method cursor of sqlite3.Connection object at 0x000001FD59D75990>) completed
2026-03-03 17:19:52,194 - aiosqlite - DEBUG - executing functools.partial(<built-in method execute of sqlite3.Cursor object at 0x000001FD59C8F840>, 'SELECT users.id, users.email, users.name, users.role, users.created_at, users.last_login, users.hashed_password \nFROM users \nWHERE users.email = ?', ('admin@gmail.com',))
2026-03-03 17:19:52,194 - aiosqlite - DEBUG - returning exception no such column: users.hashed_password
2026-03-03 17:19:52,194 - core.database - ERROR - Database session error: (sqlite3.OperationalError) no such column: users.hashed_password
[SQL: SELECT users.id, users.email, users.name, users.role, users.created_at, users.last_login, users.hashed_password 
FROM users 
WHERE users.email = ?]
[parameters: ('admin@gmail.com',)]
(Background on this error at: https://sqlalche.me/e/20/e3q8)
Traceback (most recent call last):
  File "D:\ASM1\.venv\Lib\site-packages\sqlalchemy\engine\base.py", line 1967, in _exec_single_context
    self.dialect.do_execute(
  File "D:\ASM1\.venv\Lib\site-packages\sqlalchemy\engine\default.py", line 941, in do_execute
    cursor.execute(statement, parameters)
  File "D:\ASM1\.venv\Lib\site-packages\sqlalchemy\dialects\sqlite\aiosqlite.py", line 147, in execute
    self._adapt_connection._handle_exception(error)
  File "D:\ASM1\.venv\Lib\site-packages\sqlalchemy\dialects\sqlite\aiosqlite.py", line 298, in _handle_exception
    raise error
  File "D:\ASM1\.venv\Lib\site-packages\sqlalchemy\dialects\sqlite\aiosqlite.py", line 129, in execute
    self.await_(_cursor.execute(operation, parameters))
  File "D:\ASM1\.venv\Lib\site-packages\sqlalchemy\util\_concurrency_py3k.py", line 132, in await_only
    return current.parent.switch(awaitable)  # type: ignore[no-any-return,attr-defined] # noqa: E501
           ^^^^^^^^^^^^^^^^^^^^^^^^^^^^^^^^
  File "D:\ASM1\.venv\Lib\site-packages\sqlalchemy\util\_concurrency_py3k.py", line 196, in greenlet_spawn
    value = await result
            ^^^^^^^^^^^^
  File "D:\ASM1\.venv\Lib\site-packages\aiosqlite\cursor.py", line 48, in execute
    await self._execute(self._cursor.execute, sql, parameters)
  File "D:\ASM1\.venv\Lib\site-packages\aiosqlite\cursor.py", line 40, in _execute
    return await self._conn._execute(fn, *args, **kwargs)
           ^^^^^^^^^^^^^^^^^^^^^^^^^^^^^^^^^^^^^^^^^^^^^^
  File "D:\ASM1\.venv\Lib\site-packages\aiosqlite\core.py", line 132, in _execute
    return await future
           ^^^^^^^^^^^^
  File "D:\ASM1\.venv\Lib\site-packages\aiosqlite\core.py", line 115, in run
    result = function()
             ^^^^^^^^^^
sqlite3.OperationalError: no such column: users.hashed_password

The above exception was the direct cause of the following exception:

Traceback (most recent call last):
  File "D:\ASM1\backend\core\database.py", line 542, in get_db
    yield session
  File "D:\ASM1\.venv\Lib\site-packages\fastapi\routing.py", line 301, in app
    raw_response = await run_endpoint_function(
                   ^^^^^^^^^^^^^^^^^^^^^^^^^^^^
  File "D:\ASM1\.venv\Lib\site-packages\fastapi\routing.py", line 212, in run_endpoint_function
    return await dependant.call(**values)
           ^^^^^^^^^^^^^^^^^^^^^^^^^^^^^^
  File "D:\ASM1\backend\routers\auth.py", line 349, in login_password
    result = await db.execute(select(User).where(User.email == clean_email))
             ^^^^^^^^^^^^^^^^^^^^^^^^^^^^^^^^^^^^^^^^^^^^^^^^^^^^^^^^^^^^^^^
  File "D:\ASM1\.venv\Lib\site-packages\sqlalchemy\ext\asyncio\session.py", line 461, in execute
    result = await greenlet_spawn(
             ^^^^^^^^^^^^^^^^^^^^^
  File "D:\ASM1\.venv\Lib\site-packages\sqlalchemy\util\_concurrency_py3k.py", line 201, in greenlet_spawn
    result = context.throw(*sys.exc_info())
             ^^^^^^^^^^^^^^^^^^^^^^^^^^^^^^
  File "D:\ASM1\.venv\Lib\site-packages\sqlalchemy\orm\session.py", line 2362, in execute
    return self._execute_internal(
           ^^^^^^^^^^^^^^^^^^^^^^^
  File "D:\ASM1\.venv\Lib\site-packages\sqlalchemy\orm\session.py", line 2247, in _execute_internal
    result: Result[Any] = compile_state_cls.orm_execute_statement(
                          ^^^^^^^^^^^^^^^^^^^^^^^^^^^^^^^^^^^^^^^^
  File "D:\ASM1\.venv\Lib\site-packages\sqlalchemy\orm\context.py", line 305, in orm_execute_statement
    result = conn.execute(
             ^^^^^^^^^^^^^
  File "D:\ASM1\.venv\Lib\site-packages\sqlalchemy\engine\base.py", line 1418, in execute
    return meth(
           ^^^^^
  File "D:\ASM1\.venv\Lib\site-packages\sqlalchemy\sql\elements.py", line 515, in _execute_on_connection
    return connection._execute_clauseelement(
           ^^^^^^^^^^^^^^^^^^^^^^^^^^^^^^^^^^
  File "D:\ASM1\.venv\Lib\site-packages\sqlalchemy\engine\base.py", line 1640, in _execute_clauseelement
    ret = self._execute_context(
          ^^^^^^^^^^^^^^^^^^^^^^
  File "D:\ASM1\.venv\Lib\site-packages\sqlalchemy\engine\base.py", line 1846, in _execute_context
    return self._exec_single_context(
           ^^^^^^^^^^^^^^^^^^^^^^^^^^
  File "D:\ASM1\.venv\Lib\site-packages\sqlalchemy\engine\base.py", line 1986, in _exec_single_context
    self._handle_dbapi_exception(
  File "D:\ASM1\.venv\Lib\site-packages\sqlalchemy\engine\base.py", line 2355, in _handle_dbapi_exception
    raise sqlalchemy_exception.with_traceback(exc_info[2]) from e
  File "D:\ASM1\.venv\Lib\site-packages\sqlalchemy\engine\base.py", line 1967, in _exec_single_context
    self.dialect.do_execute(
  File "D:\ASM1\.venv\Lib\site-packages\sqlalchemy\engine\default.py", line 941, in do_execute
    cursor.execute(statement, parameters)
  File "D:\ASM1\.venv\Lib\site-packages\sqlalchemy\dialects\sqlite\aiosqlite.py", line 147, in execute
    self._adapt_connection._handle_exception(error)
  File "D:\ASM1\.venv\Lib\site-packages\sqlalchemy\dialects\sqlite\aiosqlite.py", line 298, in _handle_exception
    raise error
  File "D:\ASM1\.venv\Lib\site-packages\sqlalchemy\dialects\sqlite\aiosqlite.py", line 129, in execute
    self.await_(_cursor.execute(operation, parameters))
  File "D:\ASM1\.venv\Lib\site-packages\sqlalchemy\util\_concurrency_py3k.py", line 132, in await_only
    return current.parent.switch(awaitable)  # type: ignore[no-any-return,attr-defined] # noqa: E501
           ^^^^^^^^^^^^^^^^^^^^^^^^^^^^^^^^
  File "D:\ASM1\.venv\Lib\site-packages\sqlalchemy\util\_concurrency_py3k.py", line 196, in greenlet_spawn
    value = await result
            ^^^^^^^^^^^^
  File "D:\ASM1\.venv\Lib\site-packages\aiosqlite\cursor.py", line 48, in execute
    await self._execute(self._cursor.execute, sql, parameters)
  File "D:\ASM1\.venv\Lib\site-packages\aiosqlite\cursor.py", line 40, in _execute
    return await self._conn._execute(fn, *args, **kwargs)
           ^^^^^^^^^^^^^^^^^^^^^^^^^^^^^^^^^^^^^^^^^^^^^^
  File "D:\ASM1\.venv\Lib\site-packages\aiosqlite\core.py", line 132, in _execute
    return await future
           ^^^^^^^^^^^^
  File "D:\ASM1\.venv\Lib\site-packages\aiosqlite\core.py", line 115, in run
    result = function()
             ^^^^^^^^^^
sqlalchemy.exc.OperationalError: (sqlite3.OperationalError) no such column: users.hashed_password
[SQL: SELECT users.id, users.email, users.name, users.role, users.created_at, users.last_login, users.hashed_password 
FROM users 
WHERE users.email = ?]
[parameters: ('admin@gmail.com',)]
(Background on this error at: https://sqlalche.me/e/20/e3q8)
2026-03-03 17:19:52,202 - core.database - DEBUG - [DB_OP] Database session cleanup after 0.0172s
2026-03-03 17:19:52,202 - aiosqlite - DEBUG - executing functools.partial(<built-in method rollback of sqlite3.Connection object at 0x000001FD59D75990>)
2026-03-03 17:19:52,202 - aiosqlite - DEBUG - operation functools.partial(<built-in method rollback of sqlite3.Connection object at 0x000001FD59D75990>) completed
2026-03-03 17:19:52,202 - aiosqlite - DEBUG - executing functools.partial(<built-in method rollback of sqlite3.Connection object at 0x000001FD59D75990>)
2026-03-03 17:19:52,202 - aiosqlite - DEBUG - operation functools.partial(<built-in method rollback of sqlite3.Connection object at 0x000001FD59D75990>) completed
2026-03-03 17:19:52,202 - aiosqlite - DEBUG - executing functools.partial(<built-in method close of sqlite3.Connection object at 0x000001FD59D75990>)
2026-03-03 17:19:52,210 - aiosqlite - DEBUG - operation functools.partial(<built-in method close of sqlite3.Connection object at 0x000001FD59D75990>) completed
2026-03-03 17:19:52,210 - core.database - ERROR - Failed to create database session: (sqlite3.OperationalError) no such column: users.hashed_password
[SQL: SELECT users.id, users.email, users.name, users.role, users.created_at, users.last_login, users.hashed_password 
FROM users 
WHERE users.email = ?]
[parameters: ('admin@gmail.com',)]
(Background on this error at: https://sqlalche.me/e/20/e3q8)
Traceback (most recent call last):
  File "D:\ASM1\.venv\Lib\site-packages\sqlalchemy\engine\base.py", line 1967, in _exec_single_context
    self.dialect.do_execute(
  File "D:\ASM1\.venv\Lib\site-packages\sqlalchemy\engine\default.py", line 941, in do_execute
    cursor.execute(statement, parameters)
  File "D:\ASM1\.venv\Lib\site-packages\sqlalchemy\dialects\sqlite\aiosqlite.py", line 147, in execute
    self._adapt_connection._handle_exception(error)
  File "D:\ASM1\.venv\Lib\site-packages\sqlalchemy\dialects\sqlite\aiosqlite.py", line 298, in _handle_exception
    raise error
  File "D:\ASM1\.venv\Lib\site-packages\sqlalchemy\dialects\sqlite\aiosqlite.py", line 129, in execute
    self.await_(_cursor.execute(operation, parameters))
  File "D:\ASM1\.venv\Lib\site-packages\sqlalchemy\util\_concurrency_py3k.py", line 132, in await_only
    return current.parent.switch(awaitable)  # type: ignore[no-any-return,attr-defined] # noqa: E501
           ^^^^^^^^^^^^^^^^^^^^^^^^^^^^^^^^
  File "D:\ASM1\.venv\Lib\site-packages\sqlalchemy\util\_concurrency_py3k.py", line 196, in greenlet_spawn
    value = await result
            ^^^^^^^^^^^^
  File "D:\ASM1\.venv\Lib\site-packages\aiosqlite\cursor.py", line 48, in execute
    await self._execute(self._cursor.execute, sql, parameters)
  File "D:\ASM1\.venv\Lib\site-packages\aiosqlite\cursor.py", line 40, in _execute
    return await self._conn._execute(fn, *args, **kwargs)
           ^^^^^^^^^^^^^^^^^^^^^^^^^^^^^^^^^^^^^^^^^^^^^^
  File "D:\ASM1\.venv\Lib\site-packages\aiosqlite\core.py", line 132, in _execute
    return await future
           ^^^^^^^^^^^^
  File "D:\ASM1\.venv\Lib\site-packages\aiosqlite\core.py", line 115, in run
    result = function()
             ^^^^^^^^^^
sqlite3.OperationalError: no such column: users.hashed_password

The above exception was the direct cause of the following exception:

Traceback (most recent call last):
  File "D:\ASM1\backend\core\database.py", line 542, in get_db
    yield session
  File "D:\ASM1\.venv\Lib\site-packages\fastapi\routing.py", line 301, in app
    raw_response = await run_endpoint_function(
                   ^^^^^^^^^^^^^^^^^^^^^^^^^^^^
  File "D:\ASM1\.venv\Lib\site-packages\fastapi\routing.py", line 212, in run_endpoint_function
    return await dependant.call(**values)
           ^^^^^^^^^^^^^^^^^^^^^^^^^^^^^^
  File "D:\ASM1\backend\routers\auth.py", line 349, in login_password
    result = await db.execute(select(User).where(User.email == clean_email))
             ^^^^^^^^^^^^^^^^^^^^^^^^^^^^^^^^^^^^^^^^^^^^^^^^^^^^^^^^^^^^^^^
  File "D:\ASM1\.venv\Lib\site-packages\sqlalchemy\ext\asyncio\session.py", line 461, in execute
    result = await greenlet_spawn(
             ^^^^^^^^^^^^^^^^^^^^^
  File "D:\ASM1\.venv\Lib\site-packages\sqlalchemy\util\_concurrency_py3k.py", line 201, in greenlet_spawn
    result = context.throw(*sys.exc_info())
             ^^^^^^^^^^^^^^^^^^^^^^^^^^^^^^
  File "D:\ASM1\.venv\Lib\site-packages\sqlalchemy\orm\session.py", line 2362, in execute
    return self._execute_internal(
           ^^^^^^^^^^^^^^^^^^^^^^^
  File "D:\ASM1\.venv\Lib\site-packages\sqlalchemy\orm\session.py", line 2247, in _execute_internal
    result: Result[Any] = compile_state_cls.orm_execute_statement(
                          ^^^^^^^^^^^^^^^^^^^^^^^^^^^^^^^^^^^^^^^^
  File "D:\ASM1\.venv\Lib\site-packages\sqlalchemy\orm\context.py", line 305, in orm_execute_statement
    result = conn.execute(
             ^^^^^^^^^^^^^
  File "D:\ASM1\.venv\Lib\site-packages\sqlalchemy\engine\base.py", line 1418, in execute
    return meth(
           ^^^^^
  File "D:\ASM1\.venv\Lib\site-packages\sqlalchemy\sql\elements.py", line 515, in _execute_on_connection
    return connection._execute_clauseelement(
           ^^^^^^^^^^^^^^^^^^^^^^^^^^^^^^^^^^
  File "D:\ASM1\.venv\Lib\site-packages\sqlalchemy\engine\base.py", line 1640, in _execute_clauseelement
    ret = self._execute_context(
          ^^^^^^^^^^^^^^^^^^^^^^
  File "D:\ASM1\.venv\Lib\site-packages\sqlalchemy\engine\base.py", line 1846, in _execute_context
    return self._exec_single_context(
           ^^^^^^^^^^^^^^^^^^^^^^^^^^
  File "D:\ASM1\.venv\Lib\site-packages\sqlalchemy\engine\base.py", line 1986, in _exec_single_context
    self._handle_dbapi_exception(
  File "D:\ASM1\.venv\Lib\site-packages\sqlalchemy\engine\base.py", line 2355, in _handle_dbapi_exception
    raise sqlalchemy_exception.with_traceback(exc_info[2]) from e
  File "D:\ASM1\.venv\Lib\site-packages\sqlalchemy\engine\base.py", line 1967, in _exec_single_context
    self.dialect.do_execute(
  File "D:\ASM1\.venv\Lib\site-packages\sqlalchemy\engine\default.py", line 941, in do_execute
    cursor.execute(statement, parameters)
  File "D:\ASM1\.venv\Lib\site-packages\sqlalchemy\dialects\sqlite\aiosqlite.py", line 147, in execute
    self._adapt_connection._handle_exception(error)
  File "D:\ASM1\.venv\Lib\site-packages\sqlalchemy\dialects\sqlite\aiosqlite.py", line 298, in _handle_exception
    raise error
  File "D:\ASM1\.venv\Lib\site-packages\sqlalchemy\dialects\sqlite\aiosqlite.py", line 129, in execute
    self.await_(_cursor.execute(operation, parameters))
  File "D:\ASM1\.venv\Lib\site-packages\sqlalchemy\util\_concurrency_py3k.py", line 132, in await_only
    return current.parent.switch(awaitable)  # type: ignore[no-any-return,attr-defined] # noqa: E501
           ^^^^^^^^^^^^^^^^^^^^^^^^^^^^^^^^
  File "D:\ASM1\.venv\Lib\site-packages\sqlalchemy\util\_concurrency_py3k.py", line 196, in greenlet_spawn
    value = await result
            ^^^^^^^^^^^^
  File "D:\ASM1\.venv\Lib\site-packages\aiosqlite\cursor.py", line 48, in execute
    await self._execute(self._cursor.execute, sql, parameters)
  File "D:\ASM1\.venv\Lib\site-packages\aiosqlite\cursor.py", line 40, in _execute
    return await self._conn._execute(fn, *args, **kwargs)
           ^^^^^^^^^^^^^^^^^^^^^^^^^^^^^^^^^^^^^^^^^^^^^^
  File "D:\ASM1\.venv\Lib\site-packages\aiosqlite\core.py", line 132, in _execute
    return await future
           ^^^^^^^^^^^^
  File "D:\ASM1\.venv\Lib\site-packages\aiosqlite\core.py", line 115, in run
    result = function()
             ^^^^^^^^^^
sqlalchemy.exc.OperationalError: (sqlite3.OperationalError) no such column: users.hashed_password
[SQL: SELECT users.id, users.email, users.name, users.role, users.created_at, users.last_login, users.hashed_password 
FROM users 
WHERE users.email = ?]
[parameters: ('admin@gmail.com',)]
(Background on this error at: https://sqlalche.me/e/20/e3q8)
2026-03-03 17:20:54,634 - core.database - DEBUG - [DB_OP] Starting get_db session creation
2026-03-03 17:20:54,634 - core.database - DEBUG - [DB_OP] Database session created successfully in 0.0000s
2026-03-03 17:20:54,634 - aiosqlite - DEBUG - executing <function connect.<locals>.connector at 0x000001FD5A079120>
2026-03-03 17:20:54,634 - aiosqlite - DEBUG - operation <function connect.<locals>.connector at 0x000001FD5A079120> completed
2026-03-03 17:20:54,634 - aiosqlite - DEBUG - executing functools.partial(<built-in method create_function of sqlite3.Connection object at 0x000001FD59D754E0>, 'regexp', 2, <function SQLiteDialect_pysqlite.on_connect.<locals>.regexp at 0x000001FD59CDBF60>, deterministic=True)
2026-03-03 17:20:54,642 - aiosqlite - DEBUG - operation functools.partial(<built-in method create_function of sqlite3.Connection object at 0x000001FD59D754E0>, 'regexp', 2, <function SQLiteDialect_pysqlite.on_connect.<locals>.regexp at 0x000001FD59CDBF60>, deterministic=True) completed
2026-03-03 17:20:54,642 - aiosqlite - DEBUG - executing functools.partial(<built-in method create_function of sqlite3.Connection object at 0x000001FD59D754E0>, 'floor', 1, <built-in function floor>, deterministic=True)
2026-03-03 17:20:54,642 - aiosqlite - DEBUG - operation functools.partial(<built-in method create_function of sqlite3.Connection object at 0x000001FD59D754E0>, 'floor', 1, <built-in function floor>, deterministic=True) completed
2026-03-03 17:20:54,642 - aiosqlite - DEBUG - executing functools.partial(<built-in method cursor of sqlite3.Connection object at 0x000001FD59D754E0>)
2026-03-03 17:20:54,642 - aiosqlite - DEBUG - operation functools.partial(<built-in method cursor of sqlite3.Connection object at 0x000001FD59D754E0>) completed
2026-03-03 17:20:54,642 - aiosqlite - DEBUG - executing functools.partial(<built-in method execute of sqlite3.Cursor object at 0x000001FD5A07D240>, 'SELECT users.id, users.email, users.name, users.role, users.created_at, users.last_login, users.hashed_password \nFROM users \nWHERE users.email = ?', ('admin@gmail.com',))
2026-03-03 17:20:54,642 - aiosqlite - DEBUG - returning exception no such column: users.hashed_password
2026-03-03 17:20:54,642 - core.database - ERROR - Database session error: (sqlite3.OperationalError) no such column: users.hashed_password
[SQL: SELECT users.id, users.email, users.name, users.role, users.created_at, users.last_login, users.hashed_password 
FROM users 
WHERE users.email = ?]
[parameters: ('admin@gmail.com',)]
(Background on this error at: https://sqlalche.me/e/20/e3q8)
Traceback (most recent call last):
  File "D:\ASM1\.venv\Lib\site-packages\sqlalchemy\engine\base.py", line 1967, in _exec_single_context
    self.dialect.do_execute(
  File "D:\ASM1\.venv\Lib\site-packages\sqlalchemy\engine\default.py", line 941, in do_execute
    cursor.execute(statement, parameters)
  File "D:\ASM1\.venv\Lib\site-packages\sqlalchemy\dialects\sqlite\aiosqlite.py", line 147, in execute
    self._adapt_connection._handle_exception(error)
  File "D:\ASM1\.venv\Lib\site-packages\sqlalchemy\dialects\sqlite\aiosqlite.py", line 298, in _handle_exception
    raise error
  File "D:\ASM1\.venv\Lib\site-packages\sqlalchemy\dialects\sqlite\aiosqlite.py", line 129, in execute
    self.await_(_cursor.execute(operation, parameters))
  File "D:\ASM1\.venv\Lib\site-packages\sqlalchemy\util\_concurrency_py3k.py", line 132, in await_only
    return current.parent.switch(awaitable)  # type: ignore[no-any-return,attr-defined] # noqa: E501
           ^^^^^^^^^^^^^^^^^^^^^^^^^^^^^^^^
  File "D:\ASM1\.venv\Lib\site-packages\sqlalchemy\util\_concurrency_py3k.py", line 196, in greenlet_spawn
    value = await result
            ^^^^^^^^^^^^
  File "D:\ASM1\.venv\Lib\site-packages\aiosqlite\cursor.py", line 48, in execute
    await self._execute(self._cursor.execute, sql, parameters)
  File "D:\ASM1\.venv\Lib\site-packages\aiosqlite\cursor.py", line 40, in _execute
    return await self._conn._execute(fn, *args, **kwargs)
           ^^^^^^^^^^^^^^^^^^^^^^^^^^^^^^^^^^^^^^^^^^^^^^
  File "D:\ASM1\.venv\Lib\site-packages\aiosqlite\core.py", line 132, in _execute
    return await future
           ^^^^^^^^^^^^
  File "D:\ASM1\.venv\Lib\site-packages\aiosqlite\core.py", line 115, in run
    result = function()
             ^^^^^^^^^^
sqlite3.OperationalError: no such column: users.hashed_password

The above exception was the direct cause of the following exception:

Traceback (most recent call last):
  File "D:\ASM1\backend\core\database.py", line 542, in get_db
    yield session
  File "D:\ASM1\.venv\Lib\site-packages\fastapi\routing.py", line 301, in app
    raw_response = await run_endpoint_function(
                   ^^^^^^^^^^^^^^^^^^^^^^^^^^^^
  File "D:\ASM1\.venv\Lib\site-packages\fastapi\routing.py", line 212, in run_endpoint_function
    return await dependant.call(**values)
           ^^^^^^^^^^^^^^^^^^^^^^^^^^^^^^
  File "D:\ASM1\backend\routers\auth.py", line 349, in login_password
    result = await db.execute(select(User).where(User.email == clean_email))
             ^^^^^^^^^^^^^^^^^^^^^^^^^^^^^^^^^^^^^^^^^^^^^^^^^^^^^^^^^^^^^^^
  File "D:\ASM1\.venv\Lib\site-packages\sqlalchemy\ext\asyncio\session.py", line 461, in execute
    result = await greenlet_spawn(
             ^^^^^^^^^^^^^^^^^^^^^
  File "D:\ASM1\.venv\Lib\site-packages\sqlalchemy\util\_concurrency_py3k.py", line 201, in greenlet_spawn
    result = context.throw(*sys.exc_info())
             ^^^^^^^^^^^^^^^^^^^^^^^^^^^^^^
  File "D:\ASM1\.venv\Lib\site-packages\sqlalchemy\orm\session.py", line 2362, in execute
    return self._execute_internal(
           ^^^^^^^^^^^^^^^^^^^^^^^
  File "D:\ASM1\.venv\Lib\site-packages\sqlalchemy\orm\session.py", line 2247, in _execute_internal
    result: Result[Any] = compile_state_cls.orm_execute_statement(
                          ^^^^^^^^^^^^^^^^^^^^^^^^^^^^^^^^^^^^^^^^
  File "D:\ASM1\.venv\Lib\site-packages\sqlalchemy\orm\context.py", line 305, in orm_execute_statement
    result = conn.execute(
             ^^^^^^^^^^^^^
  File "D:\ASM1\.venv\Lib\site-packages\sqlalchemy\engine\base.py", line 1418, in execute
    return meth(
           ^^^^^
  File "D:\ASM1\.venv\Lib\site-packages\sqlalchemy\sql\elements.py", line 515, in _execute_on_connection
    return connection._execute_clauseelement(
           ^^^^^^^^^^^^^^^^^^^^^^^^^^^^^^^^^^
  File "D:\ASM1\.venv\Lib\site-packages\sqlalchemy\engine\base.py", line 1640, in _execute_clauseelement
    ret = self._execute_context(
          ^^^^^^^^^^^^^^^^^^^^^^
  File "D:\ASM1\.venv\Lib\site-packages\sqlalchemy\engine\base.py", line 1846, in _execute_context
    return self._exec_single_context(
           ^^^^^^^^^^^^^^^^^^^^^^^^^^
  File "D:\ASM1\.venv\Lib\site-packages\sqlalchemy\engine\base.py", line 1986, in _exec_single_context
    self._handle_dbapi_exception(
  File "D:\ASM1\.venv\Lib\site-packages\sqlalchemy\engine\base.py", line 2355, in _handle_dbapi_exception
    raise sqlalchemy_exception.with_traceback(exc_info[2]) from e
  File "D:\ASM1\.venv\Lib\site-packages\sqlalchemy\engine\base.py", line 1967, in _exec_single_context
    self.dialect.do_execute(
  File "D:\ASM1\.venv\Lib\site-packages\sqlalchemy\engine\default.py", line 941, in do_execute
    cursor.execute(statement, parameters)
  File "D:\ASM1\.venv\Lib\site-packages\sqlalchemy\dialects\sqlite\aiosqlite.py", line 147, in execute
    self._adapt_connection._handle_exception(error)
  File "D:\ASM1\.venv\Lib\site-packages\sqlalchemy\dialects\sqlite\aiosqlite.py", line 298, in _handle_exception
    raise error
  File "D:\ASM1\.venv\Lib\site-packages\sqlalchemy\dialects\sqlite\aiosqlite.py", line 129, in execute
    self.await_(_cursor.execute(operation, parameters))
  File "D:\ASM1\.venv\Lib\site-packages\sqlalchemy\util\_concurrency_py3k.py", line 132, in await_only
    return current.parent.switch(awaitable)  # type: ignore[no-any-return,attr-defined] # noqa: E501
           ^^^^^^^^^^^^^^^^^^^^^^^^^^^^^^^^
  File "D:\ASM1\.venv\Lib\site-packages\sqlalchemy\util\_concurrency_py3k.py", line 196, in greenlet_spawn
    value = await result
            ^^^^^^^^^^^^
  File "D:\ASM1\.venv\Lib\site-packages\aiosqlite\cursor.py", line 48, in execute
    await self._execute(self._cursor.execute, sql, parameters)
  File "D:\ASM1\.venv\Lib\site-packages\aiosqlite\cursor.py", line 40, in _execute
    return await self._conn._execute(fn, *args, **kwargs)
           ^^^^^^^^^^^^^^^^^^^^^^^^^^^^^^^^^^^^^^^^^^^^^^
  File "D:\ASM1\.venv\Lib\site-packages\aiosqlite\core.py", line 132, in _execute
    return await future
           ^^^^^^^^^^^^
  File "D:\ASM1\.venv\Lib\site-packages\aiosqlite\core.py", line 115, in run
    result = function()
             ^^^^^^^^^^
sqlalchemy.exc.OperationalError: (sqlite3.OperationalError) no such column: users.hashed_password
[SQL: SELECT users.id, users.email, users.name, users.role, users.created_at, users.last_login, users.hashed_password 
FROM users 
WHERE users.email = ?]
[parameters: ('admin@gmail.com',)]
(Background on this error at: https://sqlalche.me/e/20/e3q8)
2026-03-03 17:20:54,658 - core.database - DEBUG - [DB_OP] Database session cleanup after 0.0240s
2026-03-03 17:20:54,658 - aiosqlite - DEBUG - executing functools.partial(<built-in method rollback of sqlite3.Connection object at 0x000001FD59D754E0>)
2026-03-03 17:20:54,658 - aiosqlite - DEBUG - operation functools.partial(<built-in method rollback of sqlite3.Connection object at 0x000001FD59D754E0>) completed
2026-03-03 17:20:54,658 - aiosqlite - DEBUG - executing functools.partial(<built-in method rollback of sqlite3.Connection object at 0x000001FD59D754E0>)
2026-03-03 17:20:54,658 - aiosqlite - DEBUG - operation functools.partial(<built-in method rollback of sqlite3.Connection object at 0x000001FD59D754E0>) completed
2026-03-03 17:20:54,658 - aiosqlite - DEBUG - executing functools.partial(<built-in method close of sqlite3.Connection object at 0x000001FD59D754E0>)
2026-03-03 17:20:54,658 - aiosqlite - DEBUG - operation functools.partial(<built-in method close of sqlite3.Connection object at 0x000001FD59D754E0>) completed
2026-03-03 17:20:54,658 - core.database - ERROR - Failed to create database session: (sqlite3.OperationalError) no such column: users.hashed_password
[SQL: SELECT users.id, users.email, users.name, users.role, users.created_at, users.last_login, users.hashed_password 
FROM users 
WHERE users.email = ?]
[parameters: ('admin@gmail.com',)]
(Background on this error at: https://sqlalche.me/e/20/e3q8)
Traceback (most recent call last):
  File "D:\ASM1\.venv\Lib\site-packages\sqlalchemy\engine\base.py", line 1967, in _exec_single_context
    self.dialect.do_execute(
  File "D:\ASM1\.venv\Lib\site-packages\sqlalchemy\engine\default.py", line 941, in do_execute
    cursor.execute(statement, parameters)
  File "D:\ASM1\.venv\Lib\site-packages\sqlalchemy\dialects\sqlite\aiosqlite.py", line 147, in execute
    self._adapt_connection._handle_exception(error)
  File "D:\ASM1\.venv\Lib\site-packages\sqlalchemy\dialects\sqlite\aiosqlite.py", line 298, in _handle_exception
    raise error
  File "D:\ASM1\.venv\Lib\site-packages\sqlalchemy\dialects\sqlite\aiosqlite.py", line 129, in execute
    self.await_(_cursor.execute(operation, parameters))
  File "D:\ASM1\.venv\Lib\site-packages\sqlalchemy\util\_concurrency_py3k.py", line 132, in await_only
    return current.parent.switch(awaitable)  # type: ignore[no-any-return,attr-defined] # noqa: E501
           ^^^^^^^^^^^^^^^^^^^^^^^^^^^^^^^^
  File "D:\ASM1\.venv\Lib\site-packages\sqlalchemy\util\_concurrency_py3k.py", line 196, in greenlet_spawn
    value = await result
            ^^^^^^^^^^^^
  File "D:\ASM1\.venv\Lib\site-packages\aiosqlite\cursor.py", line 48, in execute
    await self._execute(self._cursor.execute, sql, parameters)
  File "D:\ASM1\.venv\Lib\site-packages\aiosqlite\cursor.py", line 40, in _execute
    return await self._conn._execute(fn, *args, **kwargs)
           ^^^^^^^^^^^^^^^^^^^^^^^^^^^^^^^^^^^^^^^^^^^^^^
  File "D:\ASM1\.venv\Lib\site-packages\aiosqlite\core.py", line 132, in _execute
    return await future
           ^^^^^^^^^^^^
  File "D:\ASM1\.venv\Lib\site-packages\aiosqlite\core.py", line 115, in run
    result = function()
             ^^^^^^^^^^
sqlite3.OperationalError: no such column: users.hashed_password

The above exception was the direct cause of the following exception:

Traceback (most recent call last):
  File "D:\ASM1\backend\core\database.py", line 542, in get_db
    yield session
  File "D:\ASM1\.venv\Lib\site-packages\fastapi\routing.py", line 301, in app
    raw_response = await run_endpoint_function(
                   ^^^^^^^^^^^^^^^^^^^^^^^^^^^^
  File "D:\ASM1\.venv\Lib\site-packages\fastapi\routing.py", line 212, in run_endpoint_function
    return await dependant.call(**values)
           ^^^^^^^^^^^^^^^^^^^^^^^^^^^^^^
  File "D:\ASM1\backend\routers\auth.py", line 349, in login_password
    result = await db.execute(select(User).where(User.email == clean_email))
             ^^^^^^^^^^^^^^^^^^^^^^^^^^^^^^^^^^^^^^^^^^^^^^^^^^^^^^^^^^^^^^^
  File "D:\ASM1\.venv\Lib\site-packages\sqlalchemy\ext\asyncio\session.py", line 461, in execute
    result = await greenlet_spawn(
             ^^^^^^^^^^^^^^^^^^^^^
  File "D:\ASM1\.venv\Lib\site-packages\sqlalchemy\util\_concurrency_py3k.py", line 201, in greenlet_spawn
    result = context.throw(*sys.exc_info())
             ^^^^^^^^^^^^^^^^^^^^^^^^^^^^^^
  File "D:\ASM1\.venv\Lib\site-packages\sqlalchemy\orm\session.py", line 2362, in execute
    return self._execute_internal(
           ^^^^^^^^^^^^^^^^^^^^^^^
  File "D:\ASM1\.venv\Lib\site-packages\sqlalchemy\orm\session.py", line 2247, in _execute_internal
    result: Result[Any] = compile_state_cls.orm_execute_statement(
                          ^^^^^^^^^^^^^^^^^^^^^^^^^^^^^^^^^^^^^^^^
  File "D:\ASM1\.venv\Lib\site-packages\sqlalchemy\orm\context.py", line 305, in orm_execute_statement
    result = conn.execute(
             ^^^^^^^^^^^^^
  File "D:\ASM1\.venv\Lib\site-packages\sqlalchemy\engine\base.py", line 1418, in execute
    return meth(
           ^^^^^
  File "D:\ASM1\.venv\Lib\site-packages\sqlalchemy\sql\elements.py", line 515, in _execute_on_connection
    return connection._execute_clauseelement(
           ^^^^^^^^^^^^^^^^^^^^^^^^^^^^^^^^^^
  File "D:\ASM1\.venv\Lib\site-packages\sqlalchemy\engine\base.py", line 1640, in _execute_clauseelement
    ret = self._execute_context(
          ^^^^^^^^^^^^^^^^^^^^^^
  File "D:\ASM1\.venv\Lib\site-packages\sqlalchemy\engine\base.py", line 1846, in _execute_context
    return self._exec_single_context(
           ^^^^^^^^^^^^^^^^^^^^^^^^^^
  File "D:\ASM1\.venv\Lib\site-packages\sqlalchemy\engine\base.py", line 1986, in _exec_single_context
    self._handle_dbapi_exception(
  File "D:\ASM1\.venv\Lib\site-packages\sqlalchemy\engine\base.py", line 2355, in _handle_dbapi_exception
    raise sqlalchemy_exception.with_traceback(exc_info[2]) from e
  File "D:\ASM1\.venv\Lib\site-packages\sqlalchemy\engine\base.py", line 1967, in _exec_single_context
    self.dialect.do_execute(
  File "D:\ASM1\.venv\Lib\site-packages\sqlalchemy\engine\default.py", line 941, in do_execute
    cursor.execute(statement, parameters)
  File "D:\ASM1\.venv\Lib\site-packages\sqlalchemy\dialects\sqlite\aiosqlite.py", line 147, in execute
    self._adapt_connection._handle_exception(error)
  File "D:\ASM1\.venv\Lib\site-packages\sqlalchemy\dialects\sqlite\aiosqlite.py", line 298, in _handle_exception
    raise error
  File "D:\ASM1\.venv\Lib\site-packages\sqlalchemy\dialects\sqlite\aiosqlite.py", line 129, in execute
    self.await_(_cursor.execute(operation, parameters))
  File "D:\ASM1\.venv\Lib\site-packages\sqlalchemy\util\_concurrency_py3k.py", line 132, in await_only
    return current.parent.switch(awaitable)  # type: ignore[no-any-return,attr-defined] # noqa: E501
           ^^^^^^^^^^^^^^^^^^^^^^^^^^^^^^^^
  File "D:\ASM1\.venv\Lib\site-packages\sqlalchemy\util\_concurrency_py3k.py", line 196, in greenlet_spawn
    value = await result
            ^^^^^^^^^^^^
  File "D:\ASM1\.venv\Lib\site-packages\aiosqlite\cursor.py", line 48, in execute
    await self._execute(self._cursor.execute, sql, parameters)
  File "D:\ASM1\.venv\Lib\site-packages\aiosqlite\cursor.py", line 40, in _execute
    return await self._conn._execute(fn, *args, **kwargs)
           ^^^^^^^^^^^^^^^^^^^^^^^^^^^^^^^^^^^^^^^^^^^^^^
  File "D:\ASM1\.venv\Lib\site-packages\aiosqlite\core.py", line 132, in _execute
    return await future
           ^^^^^^^^^^^^
  File "D:\ASM1\.venv\Lib\site-packages\aiosqlite\core.py", line 115, in run
    result = function()
             ^^^^^^^^^^
sqlalchemy.exc.OperationalError: (sqlite3.OperationalError) no such column: users.hashed_password
[SQL: SELECT users.id, users.email, users.name, users.role, users.created_at, users.last_login, users.hashed_password 
FROM users 
WHERE users.email = ?]
[parameters: ('admin@gmail.com',)]
(Background on this error at: https://sqlalche.me/e/20/e3q8)
