2026-03-03 09:02:11,695 - main - INFO - === Logging system initialized ===
2026-03-03 09:02:11,695 - main - INFO - Log file: logs/app_20260303_090211.log
2026-03-03 09:02:11,695 - main - INFO - Log level: INFO
2026-03-03 09:02:11,695 - main - INFO - Timestamp: 20260303_090211
2026-03-03 09:02:12,460 - main - INFO - Included router: routers.aihub.router
2026-03-03 09:02:12,475 - main - INFO - Included router: routers.auth.router
2026-03-03 09:02:12,475 - main - INFO - Included router: routers.health.router
2026-03-03 09:02:12,540 - main - INFO - Included router: routers.products.router
2026-03-03 09:02:12,540 - main - WARNING - Failed to import module 'routers.settings': cannot import name 'get_admin_user' from 'dependencies.auth' (D:\ASM1\backend\dependencies\auth.py)
2026-03-03 09:02:12,545 - main - WARNING - Failed to import module 'routers.storage': cannot import name 'get_admin_user' from 'dependencies.auth' (D:\ASM1\backend\dependencies\auth.py)
2026-03-03 09:02:12,554 - main - INFO - Included router: routers.user.router
2026-03-03 09:02:12,554 - main - INFO - === Application startup initiated ===
2026-03-03 09:02:12,554 - services.database - DEBUG - [DB_OP] Starting database initialization
2026-03-03 09:02:12,554 - services.database - INFO - 🔧 Starting database initialization...
2026-03-03 09:02:12,554 - core.database - INFO - Starting database initialization...
2026-03-03 09:02:12,554 - core.database - INFO - Normalizing database URL for async compatibility...
2026-03-03 09:02:12,554 - core.database - DEBUG - Database exists:./test.db
2026-03-03 09:02:12,554 - core.database - WARNING - Adjusted database URL driver for async compatibility
2026-03-03 09:02:12,554 - core.database - INFO - Creating async database engine...
2026-03-03 09:02:12,554 - core.database - INFO - Using NullPool for sqlite+aiosqlite environment
2026-03-03 09:02:12,614 - core.database - INFO - Database engine created successfully
2026-03-03 09:02:12,614 - core.database - INFO - Creating async session maker...
2026-03-03 09:02:12,614 - core.database - INFO - Async session maker created successfully
2026-03-03 09:02:12,614 - core.database - INFO - Database connection initialized successfully
2026-03-03 09:02:12,614 - services.database - INFO - 🔧 Database connection initialized, now creating tables if tables not exist...
2026-03-03 09:02:12,614 - core.database - DEBUG - [DB_OP] Starting create_tables
2026-03-03 09:02:12,619 - core.database - INFO - 🔧 Starting table creation...
2026-03-03 09:02:12,619 - aiosqlite - DEBUG - executing <function connect.<locals>.connector at 0x00000246854C9C60>
2026-03-03 09:02:12,626 - aiosqlite - DEBUG - operation <function connect.<locals>.connector at 0x00000246854C9C60> completed
2026-03-03 09:02:12,626 - aiosqlite - DEBUG - executing functools.partial(<built-in method create_function of sqlite3.Connection object at 0x000002468548EE30>, 'regexp', 2, <function SQLiteDialect_pysqlite.on_connect.<locals>.regexp at 0x00000246854C8FE0>, deterministic=True)
2026-03-03 09:02:12,626 - aiosqlite - DEBUG - operation functools.partial(<built-in method create_function of sqlite3.Connection object at 0x000002468548EE30>, 'regexp', 2, <function SQLiteDialect_pysqlite.on_connect.<locals>.regexp at 0x00000246854C8FE0>, deterministic=True) completed
2026-03-03 09:02:12,626 - aiosqlite - DEBUG - executing functools.partial(<built-in method create_function of sqlite3.Connection object at 0x000002468548EE30>, 'floor', 1, <built-in function floor>, deterministic=True)
2026-03-03 09:02:12,626 - aiosqlite - DEBUG - operation functools.partial(<built-in method create_function of sqlite3.Connection object at 0x000002468548EE30>, 'floor', 1, <built-in function floor>, deterministic=True) completed
2026-03-03 09:02:12,626 - aiosqlite - DEBUG - executing functools.partial(<built-in method cursor of sqlite3.Connection object at 0x000002468548EE30>)
2026-03-03 09:02:12,626 - aiosqlite - DEBUG - operation functools.partial(<built-in method cursor of sqlite3.Connection object at 0x000002468548EE30>) completed
2026-03-03 09:02:12,626 - aiosqlite - DEBUG - executing functools.partial(<built-in method execute of sqlite3.Cursor object at 0x000002468546BA40>, 'PRAGMA read_uncommitted', [])
2026-03-03 09:02:12,626 - aiosqlite - DEBUG - operation functools.partial(<built-in method execute of sqlite3.Cursor object at 0x000002468546BA40>, 'PRAGMA read_uncommitted', []) completed
2026-03-03 09:02:12,634 - aiosqlite - DEBUG - executing functools.partial(<built-in method fetchall of sqlite3.Cursor object at 0x000002468546BA40>)
2026-03-03 09:02:12,634 - aiosqlite - DEBUG - operation functools.partial(<built-in method fetchall of sqlite3.Cursor object at 0x000002468546BA40>) completed
2026-03-03 09:02:12,634 - aiosqlite - DEBUG - executing functools.partial(<built-in method close of sqlite3.Cursor object at 0x000002468546BA40>)
2026-03-03 09:02:12,634 - aiosqlite - DEBUG - operation functools.partial(<built-in method close of sqlite3.Cursor object at 0x000002468546BA40>) completed
2026-03-03 09:02:12,634 - aiosqlite - DEBUG - executing functools.partial(<built-in method rollback of sqlite3.Connection object at 0x000002468548EE30>)
2026-03-03 09:02:12,634 - aiosqlite - DEBUG - operation functools.partial(<built-in method rollback of sqlite3.Connection object at 0x000002468548EE30>) completed
2026-03-03 09:02:12,634 - aiosqlite - DEBUG - executing functools.partial(<built-in method cursor of sqlite3.Connection object at 0x000002468548EE30>)
2026-03-03 09:02:12,634 - aiosqlite - DEBUG - operation functools.partial(<built-in method cursor of sqlite3.Connection object at 0x000002468548EE30>) completed
2026-03-03 09:02:12,634 - aiosqlite - DEBUG - executing functools.partial(<built-in method execute of sqlite3.Cursor object at 0x000002468546BB40>, 'PRAGMA main.table_info("users")', ())
2026-03-03 09:02:12,634 - aiosqlite - DEBUG - operation functools.partial(<built-in method execute of sqlite3.Cursor object at 0x000002468546BB40>, 'PRAGMA main.table_info("users")', ()) completed
2026-03-03 09:02:12,645 - aiosqlite - DEBUG - executing functools.partial(<built-in method fetchall of sqlite3.Cursor object at 0x000002468546BB40>)
2026-03-03 09:02:12,645 - aiosqlite - DEBUG - operation functools.partial(<built-in method fetchall of sqlite3.Cursor object at 0x000002468546BB40>) completed
2026-03-03 09:02:12,645 - aiosqlite - DEBUG - executing functools.partial(<built-in method close of sqlite3.Cursor object at 0x000002468546BB40>)
2026-03-03 09:02:12,645 - aiosqlite - DEBUG - operation functools.partial(<built-in method close of sqlite3.Cursor object at 0x000002468546BB40>) completed
2026-03-03 09:02:12,645 - aiosqlite - DEBUG - executing functools.partial(<built-in method cursor of sqlite3.Connection object at 0x000002468548EE30>)
2026-03-03 09:02:12,645 - aiosqlite - DEBUG - operation functools.partial(<built-in method cursor of sqlite3.Connection object at 0x000002468548EE30>) completed
2026-03-03 09:02:12,645 - aiosqlite - DEBUG - executing functools.partial(<built-in method execute of sqlite3.Cursor object at 0x000002468546BB40>, 'PRAGMA main.table_info("oidc_states")', ())
2026-03-03 09:02:12,645 - aiosqlite - DEBUG - operation functools.partial(<built-in method execute of sqlite3.Cursor object at 0x000002468546BB40>, 'PRAGMA main.table_info("oidc_states")', ()) completed
2026-03-03 09:02:12,645 - aiosqlite - DEBUG - executing functools.partial(<built-in method fetchall of sqlite3.Cursor object at 0x000002468546BB40>)
2026-03-03 09:02:12,645 - aiosqlite - DEBUG - operation functools.partial(<built-in method fetchall of sqlite3.Cursor object at 0x000002468546BB40>) completed
2026-03-03 09:02:12,645 - aiosqlite - DEBUG - executing functools.partial(<built-in method close of sqlite3.Cursor object at 0x000002468546BB40>)
2026-03-03 09:02:12,645 - aiosqlite - DEBUG - operation functools.partial(<built-in method close of sqlite3.Cursor object at 0x000002468546BB40>) completed
2026-03-03 09:02:12,645 - aiosqlite - DEBUG - executing functools.partial(<built-in method cursor of sqlite3.Connection object at 0x000002468548EE30>)
2026-03-03 09:02:12,645 - aiosqlite - DEBUG - operation functools.partial(<built-in method cursor of sqlite3.Connection object at 0x000002468548EE30>) completed
2026-03-03 09:02:12,645 - aiosqlite - DEBUG - executing functools.partial(<built-in method execute of sqlite3.Cursor object at 0x000002468546BB40>, 'PRAGMA main.table_info("products")', ())
2026-03-03 09:02:12,655 - aiosqlite - DEBUG - operation functools.partial(<built-in method execute of sqlite3.Cursor object at 0x000002468546BB40>, 'PRAGMA main.table_info("products")', ()) completed
2026-03-03 09:02:12,655 - aiosqlite - DEBUG - executing functools.partial(<built-in method fetchall of sqlite3.Cursor object at 0x000002468546BB40>)
2026-03-03 09:02:12,655 - aiosqlite - DEBUG - operation functools.partial(<built-in method fetchall of sqlite3.Cursor object at 0x000002468546BB40>) completed
2026-03-03 09:02:12,655 - aiosqlite - DEBUG - executing functools.partial(<built-in method close of sqlite3.Cursor object at 0x000002468546BB40>)
2026-03-03 09:02:12,655 - aiosqlite - DEBUG - operation functools.partial(<built-in method close of sqlite3.Cursor object at 0x000002468546BB40>) completed
2026-03-03 09:02:12,655 - core.database - INFO - Tables initialized successfully
2026-03-03 09:02:12,655 - core.database - DEBUG - [DB_OP] Create tables completed in 0.0407s
2026-03-03 09:02:12,655 - aiosqlite - DEBUG - executing functools.partial(<built-in method commit of sqlite3.Connection object at 0x000002468548EE30>)
2026-03-03 09:02:12,655 - aiosqlite - DEBUG - operation functools.partial(<built-in method commit of sqlite3.Connection object at 0x000002468548EE30>) completed
2026-03-03 09:02:12,655 - aiosqlite - DEBUG - executing functools.partial(<built-in method rollback of sqlite3.Connection object at 0x000002468548EE30>)
2026-03-03 09:02:12,655 - aiosqlite - DEBUG - operation functools.partial(<built-in method rollback of sqlite3.Connection object at 0x000002468548EE30>) completed
2026-03-03 09:02:12,655 - aiosqlite - DEBUG - executing functools.partial(<built-in method close of sqlite3.Connection object at 0x000002468548EE30>)
2026-03-03 09:02:12,655 - aiosqlite - DEBUG - operation functools.partial(<built-in method close of sqlite3.Connection object at 0x000002468548EE30>) completed
2026-03-03 09:02:12,655 - services.database - INFO - 🔧 Table creation completed
2026-03-03 09:02:12,655 - services.database - INFO - Database initialized successfully
2026-03-03 09:02:12,655 - services.database - DEBUG - [DB_OP] Database initialization completed in 0.1001s
2026-03-03 09:02:12,655 - services.mock_data - INFO - Processing mock data file products.json for table products
2026-03-03 09:02:12,655 - aiosqlite - DEBUG - executing <function connect.<locals>.connector at 0x00000246854CADE0>
2026-03-03 09:02:12,665 - aiosqlite - DEBUG - operation <function connect.<locals>.connector at 0x00000246854CADE0> completed
2026-03-03 09:02:12,665 - aiosqlite - DEBUG - executing functools.partial(<built-in method create_function of sqlite3.Connection object at 0x00000246854D9210>, 'regexp', 2, <function SQLiteDialect_pysqlite.on_connect.<locals>.regexp at 0x00000246854C8FE0>, deterministic=True)
2026-03-03 09:02:12,665 - aiosqlite - DEBUG - operation functools.partial(<built-in method create_function of sqlite3.Connection object at 0x00000246854D9210>, 'regexp', 2, <function SQLiteDialect_pysqlite.on_connect.<locals>.regexp at 0x00000246854C8FE0>, deterministic=True) completed
2026-03-03 09:02:12,665 - aiosqlite - DEBUG - executing functools.partial(<built-in method create_function of sqlite3.Connection object at 0x00000246854D9210>, 'floor', 1, <built-in function floor>, deterministic=True)
2026-03-03 09:02:12,665 - aiosqlite - DEBUG - operation functools.partial(<built-in method create_function of sqlite3.Connection object at 0x00000246854D9210>, 'floor', 1, <built-in function floor>, deterministic=True) completed
2026-03-03 09:02:12,665 - aiosqlite - DEBUG - executing functools.partial(<built-in method cursor of sqlite3.Connection object at 0x00000246854D9210>)
2026-03-03 09:02:12,665 - aiosqlite - DEBUG - operation functools.partial(<built-in method cursor of sqlite3.Connection object at 0x00000246854D9210>) completed
2026-03-03 09:02:12,665 - aiosqlite - DEBUG - executing functools.partial(<built-in method execute of sqlite3.Cursor object at 0x00000246854DC3C0>, 'PRAGMA main.table_xinfo("products")', ())
2026-03-03 09:02:12,665 - aiosqlite - DEBUG - operation functools.partial(<built-in method execute of sqlite3.Cursor object at 0x00000246854DC3C0>, 'PRAGMA main.table_xinfo("products")', ()) completed
2026-03-03 09:02:12,665 - aiosqlite - DEBUG - executing functools.partial(<built-in method fetchall of sqlite3.Cursor object at 0x00000246854DC3C0>)
2026-03-03 09:02:12,665 - aiosqlite - DEBUG - operation functools.partial(<built-in method fetchall of sqlite3.Cursor object at 0x00000246854DC3C0>) completed
2026-03-03 09:02:12,665 - aiosqlite - DEBUG - executing functools.partial(<built-in method close of sqlite3.Cursor object at 0x00000246854DC3C0>)
2026-03-03 09:02:12,665 - aiosqlite - DEBUG - operation functools.partial(<built-in method close of sqlite3.Cursor object at 0x00000246854DC3C0>) completed
2026-03-03 09:02:12,665 - aiosqlite - DEBUG - executing functools.partial(<built-in method cursor of sqlite3.Connection object at 0x00000246854D9210>)
2026-03-03 09:02:12,665 - aiosqlite - DEBUG - operation functools.partial(<built-in method cursor of sqlite3.Connection object at 0x00000246854D9210>) completed
2026-03-03 09:02:12,674 - aiosqlite - DEBUG - executing functools.partial(<built-in method execute of sqlite3.Cursor object at 0x00000246854DC3C0>, "SELECT sql FROM  (SELECT * FROM sqlite_master UNION ALL   SELECT * FROM sqlite_temp_master) WHERE name = ? AND type in ('table', 'view')", ('products',))
2026-03-03 09:02:12,674 - aiosqlite - DEBUG - operation functools.partial(<built-in method execute of sqlite3.Cursor object at 0x00000246854DC3C0>, "SELECT sql FROM  (SELECT * FROM sqlite_master UNION ALL   SELECT * FROM sqlite_temp_master) WHERE name = ? AND type in ('table', 'view')", ('products',)) completed
2026-03-03 09:02:12,674 - aiosqlite - DEBUG - executing functools.partial(<built-in method fetchall of sqlite3.Cursor object at 0x00000246854DC3C0>)
2026-03-03 09:02:12,674 - aiosqlite - DEBUG - operation functools.partial(<built-in method fetchall of sqlite3.Cursor object at 0x00000246854DC3C0>) completed
2026-03-03 09:02:12,674 - aiosqlite - DEBUG - executing functools.partial(<built-in method close of sqlite3.Cursor object at 0x00000246854DC3C0>)
2026-03-03 09:02:12,677 - aiosqlite - DEBUG - operation functools.partial(<built-in method close of sqlite3.Cursor object at 0x00000246854DC3C0>) completed
2026-03-03 09:02:12,677 - aiosqlite - DEBUG - executing functools.partial(<built-in method cursor of sqlite3.Connection object at 0x00000246854D9210>)
2026-03-03 09:02:12,677 - aiosqlite - DEBUG - operation functools.partial(<built-in method cursor of sqlite3.Connection object at 0x00000246854D9210>) completed
2026-03-03 09:02:12,677 - aiosqlite - DEBUG - executing functools.partial(<built-in method execute of sqlite3.Cursor object at 0x00000246854DC3C0>, 'PRAGMA main.foreign_key_list("products")', ())
2026-03-03 09:02:12,677 - aiosqlite - DEBUG - operation functools.partial(<built-in method execute of sqlite3.Cursor object at 0x00000246854DC3C0>, 'PRAGMA main.foreign_key_list("products")', ()) completed
2026-03-03 09:02:12,677 - aiosqlite - DEBUG - executing functools.partial(<built-in method fetchall of sqlite3.Cursor object at 0x00000246854DC3C0>)
2026-03-03 09:02:12,677 - aiosqlite - DEBUG - operation functools.partial(<built-in method fetchall of sqlite3.Cursor object at 0x00000246854DC3C0>) completed
2026-03-03 09:02:12,677 - aiosqlite - DEBUG - executing functools.partial(<built-in method close of sqlite3.Cursor object at 0x00000246854DC3C0>)
2026-03-03 09:02:12,677 - aiosqlite - DEBUG - operation functools.partial(<built-in method close of sqlite3.Cursor object at 0x00000246854DC3C0>) completed
2026-03-03 09:02:12,677 - aiosqlite - DEBUG - executing functools.partial(<built-in method cursor of sqlite3.Connection object at 0x00000246854D9210>)
2026-03-03 09:02:12,677 - aiosqlite - DEBUG - operation functools.partial(<built-in method cursor of sqlite3.Connection object at 0x00000246854D9210>) completed
2026-03-03 09:02:12,677 - aiosqlite - DEBUG - executing functools.partial(<built-in method execute of sqlite3.Cursor object at 0x00000246854DC3C0>, 'PRAGMA temp.foreign_key_list("products")', ())
2026-03-03 09:02:12,677 - aiosqlite - DEBUG - operation functools.partial(<built-in method execute of sqlite3.Cursor object at 0x00000246854DC3C0>, 'PRAGMA temp.foreign_key_list("products")', ()) completed
2026-03-03 09:02:12,677 - aiosqlite - DEBUG - executing functools.partial(<built-in method fetchall of sqlite3.Cursor object at 0x00000246854DC3C0>)
2026-03-03 09:02:12,677 - aiosqlite - DEBUG - operation functools.partial(<built-in method fetchall of sqlite3.Cursor object at 0x00000246854DC3C0>) completed
2026-03-03 09:02:12,685 - aiosqlite - DEBUG - executing functools.partial(<built-in method close of sqlite3.Cursor object at 0x00000246854DC3C0>)
2026-03-03 09:02:12,685 - aiosqlite - DEBUG - operation functools.partial(<built-in method close of sqlite3.Cursor object at 0x00000246854DC3C0>) completed
2026-03-03 09:02:12,685 - aiosqlite - DEBUG - executing functools.partial(<built-in method cursor of sqlite3.Connection object at 0x00000246854D9210>)
2026-03-03 09:02:12,685 - aiosqlite - DEBUG - operation functools.partial(<built-in method cursor of sqlite3.Connection object at 0x00000246854D9210>) completed
2026-03-03 09:02:12,685 - aiosqlite - DEBUG - executing functools.partial(<built-in method execute of sqlite3.Cursor object at 0x00000246854DC3C0>, "SELECT sql FROM  (SELECT * FROM sqlite_master UNION ALL   SELECT * FROM sqlite_temp_master) WHERE name = ? AND type in ('table', 'view')", ('products',))
2026-03-03 09:02:12,685 - aiosqlite - DEBUG - operation functools.partial(<built-in method execute of sqlite3.Cursor object at 0x00000246854DC3C0>, "SELECT sql FROM  (SELECT * FROM sqlite_master UNION ALL   SELECT * FROM sqlite_temp_master) WHERE name = ? AND type in ('table', 'view')", ('products',)) completed
2026-03-03 09:02:12,685 - aiosqlite - DEBUG - executing functools.partial(<built-in method fetchall of sqlite3.Cursor object at 0x00000246854DC3C0>)
2026-03-03 09:02:12,685 - aiosqlite - DEBUG - operation functools.partial(<built-in method fetchall of sqlite3.Cursor object at 0x00000246854DC3C0>) completed
2026-03-03 09:02:12,685 - aiosqlite - DEBUG - executing functools.partial(<built-in method close of sqlite3.Cursor object at 0x00000246854DC3C0>)
2026-03-03 09:02:12,685 - aiosqlite - DEBUG - operation functools.partial(<built-in method close of sqlite3.Cursor object at 0x00000246854DC3C0>) completed
2026-03-03 09:02:12,685 - aiosqlite - DEBUG - executing functools.partial(<built-in method cursor of sqlite3.Connection object at 0x00000246854D9210>)
2026-03-03 09:02:12,685 - aiosqlite - DEBUG - operation functools.partial(<built-in method cursor of sqlite3.Connection object at 0x00000246854D9210>) completed
2026-03-03 09:02:12,685 - aiosqlite - DEBUG - executing functools.partial(<built-in method execute of sqlite3.Cursor object at 0x00000246854DC3C0>, 'PRAGMA main.index_list("products")', ())
2026-03-03 09:02:12,685 - aiosqlite - DEBUG - operation functools.partial(<built-in method execute of sqlite3.Cursor object at 0x00000246854DC3C0>, 'PRAGMA main.index_list("products")', ()) completed
2026-03-03 09:02:12,694 - aiosqlite - DEBUG - executing functools.partial(<built-in method fetchall of sqlite3.Cursor object at 0x00000246854DC3C0>)
2026-03-03 09:02:12,694 - aiosqlite - DEBUG - operation functools.partial(<built-in method fetchall of sqlite3.Cursor object at 0x00000246854DC3C0>) completed
2026-03-03 09:02:12,694 - aiosqlite - DEBUG - executing functools.partial(<built-in method close of sqlite3.Cursor object at 0x00000246854DC3C0>)
2026-03-03 09:02:12,694 - aiosqlite - DEBUG - operation functools.partial(<built-in method close of sqlite3.Cursor object at 0x00000246854DC3C0>) completed
2026-03-03 09:02:12,694 - aiosqlite - DEBUG - executing functools.partial(<built-in method cursor of sqlite3.Connection object at 0x00000246854D9210>)
2026-03-03 09:02:12,694 - aiosqlite - DEBUG - operation functools.partial(<built-in method cursor of sqlite3.Connection object at 0x00000246854D9210>) completed
2026-03-03 09:02:12,694 - aiosqlite - DEBUG - executing functools.partial(<built-in method execute of sqlite3.Cursor object at 0x00000246854DC3C0>, 'PRAGMA main.index_info("ix_products_id")', ())
2026-03-03 09:02:12,694 - aiosqlite - DEBUG - operation functools.partial(<built-in method execute of sqlite3.Cursor object at 0x00000246854DC3C0>, 'PRAGMA main.index_info("ix_products_id")', ()) completed
2026-03-03 09:02:12,694 - aiosqlite - DEBUG - executing functools.partial(<built-in method fetchall of sqlite3.Cursor object at 0x00000246854DC3C0>)
2026-03-03 09:02:12,694 - aiosqlite - DEBUG - operation functools.partial(<built-in method fetchall of sqlite3.Cursor object at 0x00000246854DC3C0>) completed
2026-03-03 09:02:12,694 - aiosqlite - DEBUG - executing functools.partial(<built-in method close of sqlite3.Cursor object at 0x00000246854DC3C0>)
2026-03-03 09:02:12,694 - aiosqlite - DEBUG - operation functools.partial(<built-in method close of sqlite3.Cursor object at 0x00000246854DC3C0>) completed
2026-03-03 09:02:12,694 - aiosqlite - DEBUG - executing functools.partial(<built-in method cursor of sqlite3.Connection object at 0x00000246854D9210>)
2026-03-03 09:02:12,702 - aiosqlite - DEBUG - operation functools.partial(<built-in method cursor of sqlite3.Connection object at 0x00000246854D9210>) completed
2026-03-03 09:02:12,702 - aiosqlite - DEBUG - executing functools.partial(<built-in method execute of sqlite3.Cursor object at 0x00000246854DC3C0>, 'PRAGMA main.index_list("products")', ())
2026-03-03 09:02:12,702 - aiosqlite - DEBUG - operation functools.partial(<built-in method execute of sqlite3.Cursor object at 0x00000246854DC3C0>, 'PRAGMA main.index_list("products")', ()) completed
2026-03-03 09:02:12,702 - aiosqlite - DEBUG - executing functools.partial(<built-in method fetchall of sqlite3.Cursor object at 0x00000246854DC3C0>)
2026-03-03 09:02:12,702 - aiosqlite - DEBUG - operation functools.partial(<built-in method fetchall of sqlite3.Cursor object at 0x00000246854DC3C0>) completed
2026-03-03 09:02:12,702 - aiosqlite - DEBUG - executing functools.partial(<built-in method close of sqlite3.Cursor object at 0x00000246854DC3C0>)
2026-03-03 09:02:12,702 - aiosqlite - DEBUG - operation functools.partial(<built-in method close of sqlite3.Cursor object at 0x00000246854DC3C0>) completed
2026-03-03 09:02:12,702 - aiosqlite - DEBUG - executing functools.partial(<built-in method cursor of sqlite3.Connection object at 0x00000246854D9210>)
2026-03-03 09:02:12,702 - aiosqlite - DEBUG - operation functools.partial(<built-in method cursor of sqlite3.Connection object at 0x00000246854D9210>) completed
2026-03-03 09:02:12,702 - aiosqlite - DEBUG - executing functools.partial(<built-in method execute of sqlite3.Cursor object at 0x00000246854DC3C0>, 'PRAGMA main.index_info("ix_products_id")', ())
2026-03-03 09:02:12,702 - aiosqlite - DEBUG - operation functools.partial(<built-in method execute of sqlite3.Cursor object at 0x00000246854DC3C0>, 'PRAGMA main.index_info("ix_products_id")', ()) completed
2026-03-03 09:02:12,702 - aiosqlite - DEBUG - executing functools.partial(<built-in method fetchall of sqlite3.Cursor object at 0x00000246854DC3C0>)
2026-03-03 09:02:12,702 - aiosqlite - DEBUG - operation functools.partial(<built-in method fetchall of sqlite3.Cursor object at 0x00000246854DC3C0>) completed
2026-03-03 09:02:12,702 - aiosqlite - DEBUG - executing functools.partial(<built-in method close of sqlite3.Cursor object at 0x00000246854DC3C0>)
2026-03-03 09:02:12,702 - aiosqlite - DEBUG - operation functools.partial(<built-in method close of sqlite3.Cursor object at 0x00000246854DC3C0>) completed
2026-03-03 09:02:12,710 - aiosqlite - DEBUG - executing functools.partial(<built-in method cursor of sqlite3.Connection object at 0x00000246854D9210>)
2026-03-03 09:02:12,710 - aiosqlite - DEBUG - operation functools.partial(<built-in method cursor of sqlite3.Connection object at 0x00000246854D9210>) completed
2026-03-03 09:02:12,710 - aiosqlite - DEBUG - executing functools.partial(<built-in method execute of sqlite3.Cursor object at 0x00000246854DC3C0>, "SELECT sql FROM  (SELECT * FROM sqlite_master UNION ALL   SELECT * FROM sqlite_temp_master) WHERE name = ? AND type in ('table', 'view')", ('products',))
2026-03-03 09:02:12,710 - aiosqlite - DEBUG - operation functools.partial(<built-in method execute of sqlite3.Cursor object at 0x00000246854DC3C0>, "SELECT sql FROM  (SELECT * FROM sqlite_master UNION ALL   SELECT * FROM sqlite_temp_master) WHERE name = ? AND type in ('table', 'view')", ('products',)) completed
2026-03-03 09:02:12,710 - aiosqlite - DEBUG - executing functools.partial(<built-in method fetchall of sqlite3.Cursor object at 0x00000246854DC3C0>)
2026-03-03 09:02:12,710 - aiosqlite - DEBUG - operation functools.partial(<built-in method fetchall of sqlite3.Cursor object at 0x00000246854DC3C0>) completed
2026-03-03 09:02:12,710 - aiosqlite - DEBUG - executing functools.partial(<built-in method close of sqlite3.Cursor object at 0x00000246854DC3C0>)
2026-03-03 09:02:12,710 - aiosqlite - DEBUG - operation functools.partial(<built-in method close of sqlite3.Cursor object at 0x00000246854DC3C0>) completed
2026-03-03 09:02:12,719 - aiosqlite - DEBUG - executing functools.partial(<built-in method cursor of sqlite3.Connection object at 0x00000246854D9210>)
2026-03-03 09:02:12,719 - aiosqlite - DEBUG - operation functools.partial(<built-in method cursor of sqlite3.Connection object at 0x00000246854D9210>) completed
2026-03-03 09:02:12,719 - aiosqlite - DEBUG - executing functools.partial(<built-in method execute of sqlite3.Cursor object at 0x0000024685446B40>, 'SELECT count(*) AS count_1 \nFROM products', ())
2026-03-03 09:02:12,719 - aiosqlite - DEBUG - operation functools.partial(<built-in method execute of sqlite3.Cursor object at 0x0000024685446B40>, 'SELECT count(*) AS count_1 \nFROM products', ()) completed
2026-03-03 09:02:12,719 - aiosqlite - DEBUG - executing functools.partial(<built-in method fetchall of sqlite3.Cursor object at 0x0000024685446B40>)
2026-03-03 09:02:12,719 - aiosqlite - DEBUG - operation functools.partial(<built-in method fetchall of sqlite3.Cursor object at 0x0000024685446B40>) completed
2026-03-03 09:02:12,719 - aiosqlite - DEBUG - executing functools.partial(<built-in method close of sqlite3.Cursor object at 0x0000024685446B40>)
2026-03-03 09:02:12,719 - aiosqlite - DEBUG - operation functools.partial(<built-in method close of sqlite3.Cursor object at 0x0000024685446B40>) completed
2026-03-03 09:02:12,719 - services.mock_data - INFO - Table products already has 14 rows; skipping mock insert
2026-03-03 09:02:12,719 - aiosqlite - DEBUG - executing functools.partial(<built-in method commit of sqlite3.Connection object at 0x00000246854D9210>)
2026-03-03 09:02:12,719 - aiosqlite - DEBUG - operation functools.partial(<built-in method commit of sqlite3.Connection object at 0x00000246854D9210>) completed
2026-03-03 09:02:12,725 - aiosqlite - DEBUG - executing functools.partial(<built-in method rollback of sqlite3.Connection object at 0x00000246854D9210>)
2026-03-03 09:02:12,725 - aiosqlite - DEBUG - operation functools.partial(<built-in method rollback of sqlite3.Connection object at 0x00000246854D9210>) completed
2026-03-03 09:02:12,725 - aiosqlite - DEBUG - executing functools.partial(<built-in method close of sqlite3.Connection object at 0x00000246854D9210>)
2026-03-03 09:02:12,725 - aiosqlite - DEBUG - operation functools.partial(<built-in method close of sqlite3.Connection object at 0x00000246854D9210>) completed
2026-03-03 09:02:12,725 - services.database - DEBUG - [DB_OP] Starting database initialization
2026-03-03 09:02:12,727 - services.database - INFO - 🔧 Starting database initialization...
2026-03-03 09:02:12,727 - core.database - INFO - Starting database initialization...
2026-03-03 09:02:12,727 - core.database - INFO - Database already initialized
2026-03-03 09:02:12,727 - services.database - INFO - 🔧 Database connection initialized, now creating tables if tables not exist...
2026-03-03 09:02:12,727 - core.database - DEBUG - [DB_OP] Starting create_tables
2026-03-03 09:02:12,727 - core.database - INFO - Tables already initialized
2026-03-03 09:02:12,727 - services.database - INFO - 🔧 Table creation completed
2026-03-03 09:02:12,727 - services.database - INFO - Database initialized successfully
2026-03-03 09:02:12,727 - services.database - DEBUG - [DB_OP] Database initialization completed in 0.0025s
2026-03-03 09:02:12,727 - services.auth - WARNING - Admin user ID or email not configured, skipping admin initialization
2026-03-03 09:02:12,727 - main - INFO - === Application startup completed successfully ===
2026-03-03 09:02:44,860 - core.database - DEBUG - [DB_OP] Starting get_db session creation
2026-03-03 09:02:44,860 - core.database - DEBUG - [DB_OP] Database session created successfully in 0.0000s
2026-03-03 09:02:44,860 - routers.products - DEBUG - Querying productss: query=None, sort=None, skip=0, limit=1000, fields=None
2026-03-03 09:02:44,860 - aiosqlite - DEBUG - executing <function connect.<locals>.connector at 0x0000024685521300>
2026-03-03 09:02:44,865 - aiosqlite - DEBUG - operation <function connect.<locals>.connector at 0x0000024685521300> completed
2026-03-03 09:02:44,865 - aiosqlite - DEBUG - executing functools.partial(<built-in method create_function of sqlite3.Connection object at 0x0000024685534B80>, 'regexp', 2, <function SQLiteDialect_pysqlite.on_connect.<locals>.regexp at 0x00000246854C8FE0>, deterministic=True)
2026-03-03 09:02:44,865 - aiosqlite - DEBUG - operation functools.partial(<built-in method create_function of sqlite3.Connection object at 0x0000024685534B80>, 'regexp', 2, <function SQLiteDialect_pysqlite.on_connect.<locals>.regexp at 0x00000246854C8FE0>, deterministic=True) completed
2026-03-03 09:02:44,865 - aiosqlite - DEBUG - executing functools.partial(<built-in method create_function of sqlite3.Connection object at 0x0000024685534B80>, 'floor', 1, <built-in function floor>, deterministic=True)
2026-03-03 09:02:44,865 - aiosqlite - DEBUG - operation functools.partial(<built-in method create_function of sqlite3.Connection object at 0x0000024685534B80>, 'floor', 1, <built-in function floor>, deterministic=True) completed
2026-03-03 09:02:44,865 - aiosqlite - DEBUG - executing functools.partial(<built-in method cursor of sqlite3.Connection object at 0x0000024685534B80>)
2026-03-03 09:02:44,865 - aiosqlite - DEBUG - operation functools.partial(<built-in method cursor of sqlite3.Connection object at 0x0000024685534B80>) completed
2026-03-03 09:02:44,865 - aiosqlite - DEBUG - executing functools.partial(<built-in method execute of sqlite3.Cursor object at 0x00000246854DF7C0>, 'SELECT count(products.id) AS count_1 \nFROM products', ())
2026-03-03 09:02:44,865 - aiosqlite - DEBUG - operation functools.partial(<built-in method execute of sqlite3.Cursor object at 0x00000246854DF7C0>, 'SELECT count(products.id) AS count_1 \nFROM products', ()) completed
2026-03-03 09:02:44,874 - aiosqlite - DEBUG - executing functools.partial(<built-in method fetchall of sqlite3.Cursor object at 0x00000246854DF7C0>)
2026-03-03 09:02:44,874 - aiosqlite - DEBUG - operation functools.partial(<built-in method fetchall of sqlite3.Cursor object at 0x00000246854DF7C0>) completed
2026-03-03 09:02:44,874 - aiosqlite - DEBUG - executing functools.partial(<built-in method close of sqlite3.Cursor object at 0x00000246854DF7C0>)
2026-03-03 09:02:44,874 - aiosqlite - DEBUG - operation functools.partial(<built-in method close of sqlite3.Cursor object at 0x00000246854DF7C0>) completed
2026-03-03 09:02:44,874 - aiosqlite - DEBUG - executing functools.partial(<built-in method cursor of sqlite3.Connection object at 0x0000024685534B80>)
2026-03-03 09:02:44,874 - aiosqlite - DEBUG - operation functools.partial(<built-in method cursor of sqlite3.Connection object at 0x0000024685534B80>) completed
2026-03-03 09:02:44,874 - aiosqlite - DEBUG - executing functools.partial(<built-in method execute of sqlite3.Cursor object at 0x00000246854DF7C0>, 'SELECT products.id, products.name, products.description, products.price, products.image, products.category, products.size, products.color, products.stock, products.created_at \nFROM products ORDER BY products.id DESC\n LIMIT ? OFFSET ?', (1000, 0))
2026-03-03 09:02:44,874 - aiosqlite - DEBUG - operation functools.partial(<built-in method execute of sqlite3.Cursor object at 0x00000246854DF7C0>, 'SELECT products.id, products.name, products.description, products.price, products.image, products.category, products.size, products.color, products.stock, products.created_at \nFROM products ORDER BY products.id DESC\n LIMIT ? OFFSET ?', (1000, 0)) completed
2026-03-03 09:02:44,882 - aiosqlite - DEBUG - executing functools.partial(<built-in method fetchall of sqlite3.Cursor object at 0x00000246854DF7C0>)
2026-03-03 09:02:44,882 - aiosqlite - DEBUG - operation functools.partial(<built-in method fetchall of sqlite3.Cursor object at 0x00000246854DF7C0>) completed
2026-03-03 09:02:44,882 - aiosqlite - DEBUG - executing functools.partial(<built-in method close of sqlite3.Cursor object at 0x00000246854DF7C0>)
2026-03-03 09:02:44,882 - aiosqlite - DEBUG - operation functools.partial(<built-in method close of sqlite3.Cursor object at 0x00000246854DF7C0>) completed
2026-03-03 09:02:44,882 - routers.products - DEBUG - Found 14 productss
2026-03-03 09:02:44,882 - core.database - DEBUG - [DB_OP] Database session cleanup after 0.0220s
2026-03-03 09:02:44,882 - aiosqlite - DEBUG - executing functools.partial(<built-in method rollback of sqlite3.Connection object at 0x0000024685534B80>)
2026-03-03 09:02:44,882 - aiosqlite - DEBUG - operation functools.partial(<built-in method rollback of sqlite3.Connection object at 0x0000024685534B80>) completed
2026-03-03 09:02:44,882 - aiosqlite - DEBUG - executing functools.partial(<built-in method rollback of sqlite3.Connection object at 0x0000024685534B80>)
2026-03-03 09:02:44,882 - aiosqlite - DEBUG - operation functools.partial(<built-in method rollback of sqlite3.Connection object at 0x0000024685534B80>) completed
2026-03-03 09:02:44,882 - aiosqlite - DEBUG - executing functools.partial(<built-in method close of sqlite3.Connection object at 0x0000024685534B80>)
2026-03-03 09:02:44,882 - aiosqlite - DEBUG - operation functools.partial(<built-in method close of sqlite3.Connection object at 0x0000024685534B80>) completed
2026-03-03 09:02:55,915 - core.database - DEBUG - [DB_OP] Starting get_db session creation
2026-03-03 09:02:55,915 - core.database - DEBUG - [DB_OP] Database session created successfully in 0.0000s
2026-03-03 09:02:55,915 - routers.products - DEBUG - Querying productss: query=None, sort=None, skip=0, limit=1000, fields=None
2026-03-03 09:02:55,915 - aiosqlite - DEBUG - executing <function connect.<locals>.connector at 0x00000246855211C0>
2026-03-03 09:02:55,915 - aiosqlite - DEBUG - operation <function connect.<locals>.connector at 0x00000246855211C0> completed
2026-03-03 09:02:55,924 - aiosqlite - DEBUG - executing functools.partial(<built-in method create_function of sqlite3.Connection object at 0x0000024685534C70>, 'regexp', 2, <function SQLiteDialect_pysqlite.on_connect.<locals>.regexp at 0x00000246854C8FE0>, deterministic=True)
2026-03-03 09:02:55,924 - aiosqlite - DEBUG - operation functools.partial(<built-in method create_function of sqlite3.Connection object at 0x0000024685534C70>, 'regexp', 2, <function SQLiteDialect_pysqlite.on_connect.<locals>.regexp at 0x00000246854C8FE0>, deterministic=True) completed
2026-03-03 09:02:55,924 - aiosqlite - DEBUG - executing functools.partial(<built-in method create_function of sqlite3.Connection object at 0x0000024685534C70>, 'floor', 1, <built-in function floor>, deterministic=True)
2026-03-03 09:02:55,924 - aiosqlite - DEBUG - operation functools.partial(<built-in method create_function of sqlite3.Connection object at 0x0000024685534C70>, 'floor', 1, <built-in function floor>, deterministic=True) completed
2026-03-03 09:02:55,924 - aiosqlite - DEBUG - executing functools.partial(<built-in method cursor of sqlite3.Connection object at 0x0000024685534C70>)
2026-03-03 09:02:55,924 - aiosqlite - DEBUG - operation functools.partial(<built-in method cursor of sqlite3.Connection object at 0x0000024685534C70>) completed
2026-03-03 09:02:55,924 - aiosqlite - DEBUG - executing functools.partial(<built-in method execute of sqlite3.Cursor object at 0x00000246854DF8C0>, 'SELECT count(products.id) AS count_1 \nFROM products', ())
2026-03-03 09:02:55,930 - aiosqlite - DEBUG - operation functools.partial(<built-in method execute of sqlite3.Cursor object at 0x00000246854DF8C0>, 'SELECT count(products.id) AS count_1 \nFROM products', ()) completed
2026-03-03 09:02:55,930 - aiosqlite - DEBUG - executing functools.partial(<built-in method fetchall of sqlite3.Cursor object at 0x00000246854DF8C0>)
2026-03-03 09:02:55,930 - aiosqlite - DEBUG - operation functools.partial(<built-in method fetchall of sqlite3.Cursor object at 0x00000246854DF8C0>) completed
2026-03-03 09:02:55,930 - aiosqlite - DEBUG - executing functools.partial(<built-in method close of sqlite3.Cursor object at 0x00000246854DF8C0>)
2026-03-03 09:02:55,930 - aiosqlite - DEBUG - operation functools.partial(<built-in method close of sqlite3.Cursor object at 0x00000246854DF8C0>) completed
2026-03-03 09:02:55,935 - aiosqlite - DEBUG - executing functools.partial(<built-in method cursor of sqlite3.Connection object at 0x0000024685534C70>)
2026-03-03 09:02:55,935 - aiosqlite - DEBUG - operation functools.partial(<built-in method cursor of sqlite3.Connection object at 0x0000024685534C70>) completed
2026-03-03 09:02:55,935 - aiosqlite - DEBUG - executing functools.partial(<built-in method execute of sqlite3.Cursor object at 0x00000246854DF8C0>, 'SELECT products.id, products.name, products.description, products.price, products.image, products.category, products.size, products.color, products.stock, products.created_at \nFROM products ORDER BY products.id DESC\n LIMIT ? OFFSET ?', (1000, 0))
2026-03-03 09:02:55,935 - aiosqlite - DEBUG - operation functools.partial(<built-in method execute of sqlite3.Cursor object at 0x00000246854DF8C0>, 'SELECT products.id, products.name, products.description, products.price, products.image, products.category, products.size, products.color, products.stock, products.created_at \nFROM products ORDER BY products.id DESC\n LIMIT ? OFFSET ?', (1000, 0)) completed
2026-03-03 09:02:55,935 - aiosqlite - DEBUG - executing functools.partial(<built-in method fetchall of sqlite3.Cursor object at 0x00000246854DF8C0>)
2026-03-03 09:02:55,935 - aiosqlite - DEBUG - operation functools.partial(<built-in method fetchall of sqlite3.Cursor object at 0x00000246854DF8C0>) completed
2026-03-03 09:02:55,935 - aiosqlite - DEBUG - executing functools.partial(<built-in method close of sqlite3.Cursor object at 0x00000246854DF8C0>)
2026-03-03 09:02:55,935 - aiosqlite - DEBUG - operation functools.partial(<built-in method close of sqlite3.Cursor object at 0x00000246854DF8C0>) completed
2026-03-03 09:02:55,935 - routers.products - DEBUG - Found 14 productss
2026-03-03 09:02:55,944 - core.database - DEBUG - [DB_OP] Database session cleanup after 0.0295s
2026-03-03 09:02:55,944 - aiosqlite - DEBUG - executing functools.partial(<built-in method rollback of sqlite3.Connection object at 0x0000024685534C70>)
2026-03-03 09:02:55,944 - aiosqlite - DEBUG - operation functools.partial(<built-in method rollback of sqlite3.Connection object at 0x0000024685534C70>) completed
2026-03-03 09:02:55,944 - aiosqlite - DEBUG - executing functools.partial(<built-in method rollback of sqlite3.Connection object at 0x0000024685534C70>)
2026-03-03 09:02:55,944 - aiosqlite - DEBUG - operation functools.partial(<built-in method rollback of sqlite3.Connection object at 0x0000024685534C70>) completed
2026-03-03 09:02:55,944 - aiosqlite - DEBUG - executing functools.partial(<built-in method close of sqlite3.Connection object at 0x0000024685534C70>)
2026-03-03 09:02:55,944 - aiosqlite - DEBUG - operation functools.partial(<built-in method close of sqlite3.Connection object at 0x0000024685534C70>) completed
2026-03-03 09:08:46,925 - core.database - DEBUG - [DB_OP] Starting get_db session creation
2026-03-03 09:08:46,925 - core.database - DEBUG - [DB_OP] Database session created successfully in 0.0000s
2026-03-03 09:08:46,925 - routers.products - DEBUG - Querying productss: query=None, sort=None, skip=0, limit=1000, fields=None
2026-03-03 09:08:46,925 - aiosqlite - DEBUG - executing <function connect.<locals>.connector at 0x00000246854CBB00>
2026-03-03 09:08:46,925 - aiosqlite - DEBUG - operation <function connect.<locals>.connector at 0x00000246854CBB00> completed
2026-03-03 09:08:46,925 - aiosqlite - DEBUG - executing functools.partial(<built-in method create_function of sqlite3.Connection object at 0x0000024685534A90>, 'regexp', 2, <function SQLiteDialect_pysqlite.on_connect.<locals>.regexp at 0x00000246854C8FE0>, deterministic=True)
2026-03-03 09:08:46,925 - aiosqlite - DEBUG - operation functools.partial(<built-in method create_function of sqlite3.Connection object at 0x0000024685534A90>, 'regexp', 2, <function SQLiteDialect_pysqlite.on_connect.<locals>.regexp at 0x00000246854C8FE0>, deterministic=True) completed
2026-03-03 09:08:46,925 - aiosqlite - DEBUG - executing functools.partial(<built-in method create_function of sqlite3.Connection object at 0x0000024685534A90>, 'floor', 1, <built-in function floor>, deterministic=True)
2026-03-03 09:08:46,925 - aiosqlite - DEBUG - operation functools.partial(<built-in method create_function of sqlite3.Connection object at 0x0000024685534A90>, 'floor', 1, <built-in function floor>, deterministic=True) completed
2026-03-03 09:08:46,925 - aiosqlite - DEBUG - executing functools.partial(<built-in method cursor of sqlite3.Connection object at 0x0000024685534A90>)
2026-03-03 09:08:46,934 - aiosqlite - DEBUG - operation functools.partial(<built-in method cursor of sqlite3.Connection object at 0x0000024685534A90>) completed
2026-03-03 09:08:46,935 - aiosqlite - DEBUG - executing functools.partial(<built-in method execute of sqlite3.Cursor object at 0x0000024685548840>, 'SELECT count(products.id) AS count_1 \nFROM products', ())
2026-03-03 09:08:46,935 - aiosqlite - DEBUG - operation functools.partial(<built-in method execute of sqlite3.Cursor object at 0x0000024685548840>, 'SELECT count(products.id) AS count_1 \nFROM products', ()) completed
2026-03-03 09:08:46,935 - aiosqlite - DEBUG - executing functools.partial(<built-in method fetchall of sqlite3.Cursor object at 0x0000024685548840>)
2026-03-03 09:08:46,935 - aiosqlite - DEBUG - operation functools.partial(<built-in method fetchall of sqlite3.Cursor object at 0x0000024685548840>) completed
2026-03-03 09:08:46,935 - aiosqlite - DEBUG - executing functools.partial(<built-in method close of sqlite3.Cursor object at 0x0000024685548840>)
2026-03-03 09:08:46,935 - aiosqlite - DEBUG - operation functools.partial(<built-in method close of sqlite3.Cursor object at 0x0000024685548840>) completed
2026-03-03 09:08:46,935 - aiosqlite - DEBUG - executing functools.partial(<built-in method cursor of sqlite3.Connection object at 0x0000024685534A90>)
2026-03-03 09:08:46,935 - aiosqlite - DEBUG - operation functools.partial(<built-in method cursor of sqlite3.Connection object at 0x0000024685534A90>) completed
2026-03-03 09:08:46,935 - aiosqlite - DEBUG - executing functools.partial(<built-in method execute of sqlite3.Cursor object at 0x0000024685548840>, 'SELECT products.id, products.name, products.description, products.price, products.image, products.category, products.size, products.color, products.stock, products.created_at \nFROM products ORDER BY products.id DESC\n LIMIT ? OFFSET ?', (1000, 0))
2026-03-03 09:08:46,935 - aiosqlite - DEBUG - operation functools.partial(<built-in method execute of sqlite3.Cursor object at 0x0000024685548840>, 'SELECT products.id, products.name, products.description, products.price, products.image, products.category, products.size, products.color, products.stock, products.created_at \nFROM products ORDER BY products.id DESC\n LIMIT ? OFFSET ?', (1000, 0)) completed
2026-03-03 09:08:46,935 - aiosqlite - DEBUG - executing functools.partial(<built-in method fetchall of sqlite3.Cursor object at 0x0000024685548840>)
2026-03-03 09:08:46,935 - aiosqlite - DEBUG - operation functools.partial(<built-in method fetchall of sqlite3.Cursor object at 0x0000024685548840>) completed
2026-03-03 09:08:46,935 - aiosqlite - DEBUG - executing functools.partial(<built-in method close of sqlite3.Cursor object at 0x0000024685548840>)
2026-03-03 09:08:46,935 - aiosqlite - DEBUG - operation functools.partial(<built-in method close of sqlite3.Cursor object at 0x0000024685548840>) completed
2026-03-03 09:08:46,944 - routers.products - DEBUG - Found 14 productss
2026-03-03 09:08:46,944 - core.database - DEBUG - [DB_OP] Database session cleanup after 0.0195s
2026-03-03 09:08:46,944 - aiosqlite - DEBUG - executing functools.partial(<built-in method rollback of sqlite3.Connection object at 0x0000024685534A90>)
2026-03-03 09:08:46,944 - aiosqlite - DEBUG - operation functools.partial(<built-in method rollback of sqlite3.Connection object at 0x0000024685534A90>) completed
2026-03-03 09:08:46,944 - aiosqlite - DEBUG - executing functools.partial(<built-in method rollback of sqlite3.Connection object at 0x0000024685534A90>)
2026-03-03 09:08:46,944 - aiosqlite - DEBUG - operation functools.partial(<built-in method rollback of sqlite3.Connection object at 0x0000024685534A90>) completed
2026-03-03 09:08:46,944 - aiosqlite - DEBUG - executing functools.partial(<built-in method close of sqlite3.Connection object at 0x0000024685534A90>)
2026-03-03 09:08:46,944 - aiosqlite - DEBUG - operation functools.partial(<built-in method close of sqlite3.Connection object at 0x0000024685534A90>) completed
2026-03-03 09:09:19,648 - core.database - DEBUG - [DB_OP] Starting get_db session creation
2026-03-03 09:09:19,648 - core.database - DEBUG - [DB_OP] Database session created successfully in 0.0000s
2026-03-03 09:09:19,648 - routers.products - DEBUG - Querying productss: query=None, sort=None, skip=0, limit=1000, fields=None
2026-03-03 09:09:19,655 - aiosqlite - DEBUG - executing <function connect.<locals>.connector at 0x00000246854CB100>
2026-03-03 09:09:19,655 - aiosqlite - DEBUG - operation <function connect.<locals>.connector at 0x00000246854CB100> completed
2026-03-03 09:09:19,655 - aiosqlite - DEBUG - executing functools.partial(<built-in method create_function of sqlite3.Connection object at 0x0000024685535B70>, 'regexp', 2, <function SQLiteDialect_pysqlite.on_connect.<locals>.regexp at 0x00000246854C8FE0>, deterministic=True)
2026-03-03 09:09:19,655 - aiosqlite - DEBUG - operation functools.partial(<built-in method create_function of sqlite3.Connection object at 0x0000024685535B70>, 'regexp', 2, <function SQLiteDialect_pysqlite.on_connect.<locals>.regexp at 0x00000246854C8FE0>, deterministic=True) completed
2026-03-03 09:09:19,655 - aiosqlite - DEBUG - executing functools.partial(<built-in method create_function of sqlite3.Connection object at 0x0000024685535B70>, 'floor', 1, <built-in function floor>, deterministic=True)
2026-03-03 09:09:19,655 - aiosqlite - DEBUG - operation functools.partial(<built-in method create_function of sqlite3.Connection object at 0x0000024685535B70>, 'floor', 1, <built-in function floor>, deterministic=True) completed
2026-03-03 09:09:19,655 - aiosqlite - DEBUG - executing functools.partial(<built-in method cursor of sqlite3.Connection object at 0x0000024685535B70>)
2026-03-03 09:09:19,655 - aiosqlite - DEBUG - operation functools.partial(<built-in method cursor of sqlite3.Connection object at 0x0000024685535B70>) completed
2026-03-03 09:09:19,655 - aiosqlite - DEBUG - executing functools.partial(<built-in method execute of sqlite3.Cursor object at 0x000002468554AA40>, 'SELECT count(products.id) AS count_1 \nFROM products', ())
2026-03-03 09:09:19,655 - aiosqlite - DEBUG - operation functools.partial(<built-in method execute of sqlite3.Cursor object at 0x000002468554AA40>, 'SELECT count(products.id) AS count_1 \nFROM products', ()) completed
2026-03-03 09:09:19,655 - aiosqlite - DEBUG - executing functools.partial(<built-in method fetchall of sqlite3.Cursor object at 0x000002468554AA40>)
2026-03-03 09:09:19,655 - aiosqlite - DEBUG - operation functools.partial(<built-in method fetchall of sqlite3.Cursor object at 0x000002468554AA40>) completed
2026-03-03 09:09:19,655 - aiosqlite - DEBUG - executing functools.partial(<built-in method close of sqlite3.Cursor object at 0x000002468554AA40>)
2026-03-03 09:09:19,655 - aiosqlite - DEBUG - operation functools.partial(<built-in method close of sqlite3.Cursor object at 0x000002468554AA40>) completed
2026-03-03 09:09:19,665 - aiosqlite - DEBUG - executing functools.partial(<built-in method cursor of sqlite3.Connection object at 0x0000024685535B70>)
2026-03-03 09:09:19,665 - aiosqlite - DEBUG - operation functools.partial(<built-in method cursor of sqlite3.Connection object at 0x0000024685535B70>) completed
2026-03-03 09:09:19,665 - aiosqlite - DEBUG - executing functools.partial(<built-in method execute of sqlite3.Cursor object at 0x000002468554AA40>, 'SELECT products.id, products.name, products.description, products.price, products.image, products.category, products.size, products.color, products.stock, products.created_at \nFROM products ORDER BY products.id DESC\n LIMIT ? OFFSET ?', (1000, 0))
2026-03-03 09:09:19,665 - aiosqlite - DEBUG - operation functools.partial(<built-in method execute of sqlite3.Cursor object at 0x000002468554AA40>, 'SELECT products.id, products.name, products.description, products.price, products.image, products.category, products.size, products.color, products.stock, products.created_at \nFROM products ORDER BY products.id DESC\n LIMIT ? OFFSET ?', (1000, 0)) completed
2026-03-03 09:09:19,665 - aiosqlite - DEBUG - executing functools.partial(<built-in method fetchall of sqlite3.Cursor object at 0x000002468554AA40>)
2026-03-03 09:09:19,665 - aiosqlite - DEBUG - operation functools.partial(<built-in method fetchall of sqlite3.Cursor object at 0x000002468554AA40>) completed
2026-03-03 09:09:19,665 - aiosqlite - DEBUG - executing functools.partial(<built-in method close of sqlite3.Cursor object at 0x000002468554AA40>)
2026-03-03 09:09:19,665 - aiosqlite - DEBUG - operation functools.partial(<built-in method close of sqlite3.Cursor object at 0x000002468554AA40>) completed
2026-03-03 09:09:19,665 - routers.products - DEBUG - Found 14 productss
2026-03-03 09:09:19,665 - core.database - DEBUG - [DB_OP] Database session cleanup after 0.0167s
2026-03-03 09:09:19,665 - aiosqlite - DEBUG - executing functools.partial(<built-in method rollback of sqlite3.Connection object at 0x0000024685535B70>)
2026-03-03 09:09:19,665 - aiosqlite - DEBUG - operation functools.partial(<built-in method rollback of sqlite3.Connection object at 0x0000024685535B70>) completed
2026-03-03 09:09:19,665 - aiosqlite - DEBUG - executing functools.partial(<built-in method rollback of sqlite3.Connection object at 0x0000024685535B70>)
2026-03-03 09:09:19,665 - aiosqlite - DEBUG - operation functools.partial(<built-in method rollback of sqlite3.Connection object at 0x0000024685535B70>) completed
2026-03-03 09:09:19,674 - aiosqlite - DEBUG - executing functools.partial(<built-in method close of sqlite3.Connection object at 0x0000024685535B70>)
2026-03-03 09:09:19,674 - aiosqlite - DEBUG - operation functools.partial(<built-in method close of sqlite3.Connection object at 0x0000024685535B70>) completed
2026-03-03 09:09:35,832 - core.database - DEBUG - [DB_OP] Starting get_db session creation
2026-03-03 09:09:35,832 - core.database - DEBUG - [DB_OP] Database session created successfully in 0.0000s
2026-03-03 09:09:35,832 - routers.products - DEBUG - Querying productss: query=None, sort=None, skip=0, limit=1000, fields=None
2026-03-03 09:09:35,837 - aiosqlite - DEBUG - executing <function connect.<locals>.connector at 0x00000246854CBEC0>
2026-03-03 09:09:35,837 - aiosqlite - DEBUG - operation <function connect.<locals>.connector at 0x00000246854CBEC0> completed
2026-03-03 09:09:35,838 - aiosqlite - DEBUG - executing functools.partial(<built-in method create_function of sqlite3.Connection object at 0x00000246855347C0>, 'regexp', 2, <function SQLiteDialect_pysqlite.on_connect.<locals>.regexp at 0x00000246854C8FE0>, deterministic=True)
2026-03-03 09:09:35,838 - aiosqlite - DEBUG - operation functools.partial(<built-in method create_function of sqlite3.Connection object at 0x00000246855347C0>, 'regexp', 2, <function SQLiteDialect_pysqlite.on_connect.<locals>.regexp at 0x00000246854C8FE0>, deterministic=True) completed
2026-03-03 09:09:35,839 - aiosqlite - DEBUG - executing functools.partial(<built-in method create_function of sqlite3.Connection object at 0x00000246855347C0>, 'floor', 1, <built-in function floor>, deterministic=True)
2026-03-03 09:09:35,839 - aiosqlite - DEBUG - operation functools.partial(<built-in method create_function of sqlite3.Connection object at 0x00000246855347C0>, 'floor', 1, <built-in function floor>, deterministic=True) completed
2026-03-03 09:09:35,839 - aiosqlite - DEBUG - executing functools.partial(<built-in method cursor of sqlite3.Connection object at 0x00000246855347C0>)
2026-03-03 09:09:35,839 - aiosqlite - DEBUG - operation functools.partial(<built-in method cursor of sqlite3.Connection object at 0x00000246855347C0>) completed
2026-03-03 09:09:35,839 - aiosqlite - DEBUG - executing functools.partial(<built-in method execute of sqlite3.Cursor object at 0x00000246855491C0>, 'SELECT count(products.id) AS count_1 \nFROM products', ())
2026-03-03 09:09:35,839 - aiosqlite - DEBUG - operation functools.partial(<built-in method execute of sqlite3.Cursor object at 0x00000246855491C0>, 'SELECT count(products.id) AS count_1 \nFROM products', ()) completed
2026-03-03 09:09:35,839 - aiosqlite - DEBUG - executing functools.partial(<built-in method fetchall of sqlite3.Cursor object at 0x00000246855491C0>)
2026-03-03 09:09:35,844 - aiosqlite - DEBUG - operation functools.partial(<built-in method fetchall of sqlite3.Cursor object at 0x00000246855491C0>) completed
2026-03-03 09:09:35,844 - aiosqlite - DEBUG - executing functools.partial(<built-in method close of sqlite3.Cursor object at 0x00000246855491C0>)
2026-03-03 09:09:35,844 - aiosqlite - DEBUG - operation functools.partial(<built-in method close of sqlite3.Cursor object at 0x00000246855491C0>) completed
2026-03-03 09:09:35,845 - aiosqlite - DEBUG - executing functools.partial(<built-in method cursor of sqlite3.Connection object at 0x00000246855347C0>)
2026-03-03 09:09:35,845 - aiosqlite - DEBUG - operation functools.partial(<built-in method cursor of sqlite3.Connection object at 0x00000246855347C0>) completed
2026-03-03 09:09:35,845 - aiosqlite - DEBUG - executing functools.partial(<built-in method execute of sqlite3.Cursor object at 0x00000246855491C0>, 'SELECT products.id, products.name, products.description, products.price, products.image, products.category, products.size, products.color, products.stock, products.created_at \nFROM products ORDER BY products.id DESC\n LIMIT ? OFFSET ?', (1000, 0))
2026-03-03 09:09:35,845 - aiosqlite - DEBUG - operation functools.partial(<built-in method execute of sqlite3.Cursor object at 0x00000246855491C0>, 'SELECT products.id, products.name, products.description, products.price, products.image, products.category, products.size, products.color, products.stock, products.created_at \nFROM products ORDER BY products.id DESC\n LIMIT ? OFFSET ?', (1000, 0)) completed
2026-03-03 09:09:35,845 - aiosqlite - DEBUG - executing functools.partial(<built-in method fetchall of sqlite3.Cursor object at 0x00000246855491C0>)
2026-03-03 09:09:35,845 - aiosqlite - DEBUG - operation functools.partial(<built-in method fetchall of sqlite3.Cursor object at 0x00000246855491C0>) completed
2026-03-03 09:09:35,845 - aiosqlite - DEBUG - executing functools.partial(<built-in method close of sqlite3.Cursor object at 0x00000246855491C0>)
2026-03-03 09:09:35,845 - aiosqlite - DEBUG - operation functools.partial(<built-in method close of sqlite3.Cursor object at 0x00000246855491C0>) completed
2026-03-03 09:09:35,845 - routers.products - DEBUG - Found 14 productss
2026-03-03 09:09:35,845 - core.database - DEBUG - [DB_OP] Database session cleanup after 0.0125s
2026-03-03 09:09:35,845 - aiosqlite - DEBUG - executing functools.partial(<built-in method rollback of sqlite3.Connection object at 0x00000246855347C0>)
2026-03-03 09:09:35,845 - aiosqlite - DEBUG - operation functools.partial(<built-in method rollback of sqlite3.Connection object at 0x00000246855347C0>) completed
2026-03-03 09:09:35,845 - aiosqlite - DEBUG - executing functools.partial(<built-in method rollback of sqlite3.Connection object at 0x00000246855347C0>)
2026-03-03 09:09:35,845 - aiosqlite - DEBUG - operation functools.partial(<built-in method rollback of sqlite3.Connection object at 0x00000246855347C0>) completed
2026-03-03 09:09:35,845 - aiosqlite - DEBUG - executing functools.partial(<built-in method close of sqlite3.Connection object at 0x00000246855347C0>)
2026-03-03 09:09:35,854 - aiosqlite - DEBUG - operation functools.partial(<built-in method close of sqlite3.Connection object at 0x00000246855347C0>) completed
2026-03-03 09:09:41,365 - core.database - DEBUG - [DB_OP] Starting get_db session creation
2026-03-03 09:09:41,368 - core.database - DEBUG - [DB_OP] Database session created successfully in 0.0035s
2026-03-03 09:09:41,368 - routers.products - DEBUG - Querying productss: query=None, sort=None, skip=0, limit=1000, fields=None
2026-03-03 09:09:41,368 - aiosqlite - DEBUG - executing <function connect.<locals>.connector at 0x00000246854CBC40>
2026-03-03 09:09:41,368 - aiosqlite - DEBUG - operation <function connect.<locals>.connector at 0x00000246854CBC40> completed
2026-03-03 09:09:41,368 - aiosqlite - DEBUG - executing functools.partial(<built-in method create_function of sqlite3.Connection object at 0x0000024685536110>, 'regexp', 2, <function SQLiteDialect_pysqlite.on_connect.<locals>.regexp at 0x00000246854C8FE0>, deterministic=True)
2026-03-03 09:09:41,368 - aiosqlite - DEBUG - operation functools.partial(<built-in method create_function of sqlite3.Connection object at 0x0000024685536110>, 'regexp', 2, <function SQLiteDialect_pysqlite.on_connect.<locals>.regexp at 0x00000246854C8FE0>, deterministic=True) completed
2026-03-03 09:09:41,368 - aiosqlite - DEBUG - executing functools.partial(<built-in method create_function of sqlite3.Connection object at 0x0000024685536110>, 'floor', 1, <built-in function floor>, deterministic=True)
2026-03-03 09:09:41,368 - aiosqlite - DEBUG - operation functools.partial(<built-in method create_function of sqlite3.Connection object at 0x0000024685536110>, 'floor', 1, <built-in function floor>, deterministic=True) completed
2026-03-03 09:09:41,368 - aiosqlite - DEBUG - executing functools.partial(<built-in method cursor of sqlite3.Connection object at 0x0000024685536110>)
2026-03-03 09:09:41,368 - aiosqlite - DEBUG - operation functools.partial(<built-in method cursor of sqlite3.Connection object at 0x0000024685536110>) completed
2026-03-03 09:09:41,368 - aiosqlite - DEBUG - executing functools.partial(<built-in method execute of sqlite3.Cursor object at 0x0000024685548740>, 'SELECT count(products.id) AS count_1 \nFROM products', ())
2026-03-03 09:09:41,375 - aiosqlite - DEBUG - operation functools.partial(<built-in method execute of sqlite3.Cursor object at 0x0000024685548740>, 'SELECT count(products.id) AS count_1 \nFROM products', ()) completed
2026-03-03 09:09:41,375 - aiosqlite - DEBUG - executing functools.partial(<built-in method fetchall of sqlite3.Cursor object at 0x0000024685548740>)
2026-03-03 09:09:41,375 - aiosqlite - DEBUG - operation functools.partial(<built-in method fetchall of sqlite3.Cursor object at 0x0000024685548740>) completed
2026-03-03 09:09:41,375 - aiosqlite - DEBUG - executing functools.partial(<built-in method close of sqlite3.Cursor object at 0x0000024685548740>)
2026-03-03 09:09:41,375 - aiosqlite - DEBUG - operation functools.partial(<built-in method close of sqlite3.Cursor object at 0x0000024685548740>) completed
2026-03-03 09:09:41,375 - aiosqlite - DEBUG - executing functools.partial(<built-in method cursor of sqlite3.Connection object at 0x0000024685536110>)
2026-03-03 09:09:41,375 - aiosqlite - DEBUG - operation functools.partial(<built-in method cursor of sqlite3.Connection object at 0x0000024685536110>) completed
2026-03-03 09:09:41,375 - aiosqlite - DEBUG - executing functools.partial(<built-in method execute of sqlite3.Cursor object at 0x0000024685548740>, 'SELECT products.id, products.name, products.description, products.price, products.image, products.category, products.size, products.color, products.stock, products.created_at \nFROM products ORDER BY products.id DESC\n LIMIT ? OFFSET ?', (1000, 0))
2026-03-03 09:09:41,375 - aiosqlite - DEBUG - operation functools.partial(<built-in method execute of sqlite3.Cursor object at 0x0000024685548740>, 'SELECT products.id, products.name, products.description, products.price, products.image, products.category, products.size, products.color, products.stock, products.created_at \nFROM products ORDER BY products.id DESC\n LIMIT ? OFFSET ?', (1000, 0)) completed
2026-03-03 09:09:41,375 - aiosqlite - DEBUG - executing functools.partial(<built-in method fetchall of sqlite3.Cursor object at 0x0000024685548740>)
2026-03-03 09:09:41,375 - aiosqlite - DEBUG - operation functools.partial(<built-in method fetchall of sqlite3.Cursor object at 0x0000024685548740>) completed
2026-03-03 09:09:41,375 - aiosqlite - DEBUG - executing functools.partial(<built-in method close of sqlite3.Cursor object at 0x0000024685548740>)
2026-03-03 09:09:41,375 - aiosqlite - DEBUG - operation functools.partial(<built-in method close of sqlite3.Cursor object at 0x0000024685548740>) completed
2026-03-03 09:09:41,384 - routers.products - DEBUG - Found 14 productss
2026-03-03 09:09:41,384 - core.database - DEBUG - [DB_OP] Database session cleanup after 0.0191s
2026-03-03 09:09:41,384 - aiosqlite - DEBUG - executing functools.partial(<built-in method rollback of sqlite3.Connection object at 0x0000024685536110>)
2026-03-03 09:09:41,384 - aiosqlite - DEBUG - operation functools.partial(<built-in method rollback of sqlite3.Connection object at 0x0000024685536110>) completed
2026-03-03 09:09:41,384 - aiosqlite - DEBUG - executing functools.partial(<built-in method rollback of sqlite3.Connection object at 0x0000024685536110>)
2026-03-03 09:09:41,384 - aiosqlite - DEBUG - operation functools.partial(<built-in method rollback of sqlite3.Connection object at 0x0000024685536110>) completed
2026-03-03 09:09:41,384 - aiosqlite - DEBUG - executing functools.partial(<built-in method close of sqlite3.Connection object at 0x0000024685536110>)
2026-03-03 09:09:41,384 - aiosqlite - DEBUG - operation functools.partial(<built-in method close of sqlite3.Connection object at 0x0000024685536110>) completed
2026-03-03 09:09:56,405 - core.database - DEBUG - [DB_OP] Starting get_db session creation
2026-03-03 09:09:56,405 - core.database - DEBUG - [DB_OP] Database session created successfully in 0.0000s
2026-03-03 09:09:56,405 - routers.products - DEBUG - Querying productss: query=None, sort=None, skip=0, limit=1000, fields=None
2026-03-03 09:09:56,415 - aiosqlite - DEBUG - executing <function connect.<locals>.connector at 0x0000024685541BC0>
2026-03-03 09:09:56,415 - aiosqlite - DEBUG - operation <function connect.<locals>.connector at 0x0000024685541BC0> completed
2026-03-03 09:09:56,415 - aiosqlite - DEBUG - executing functools.partial(<built-in method create_function of sqlite3.Connection object at 0x0000024685536110>, 'regexp', 2, <function SQLiteDialect_pysqlite.on_connect.<locals>.regexp at 0x00000246854C8FE0>, deterministic=True)
2026-03-03 09:09:56,415 - aiosqlite - DEBUG - operation functools.partial(<built-in method create_function of sqlite3.Connection object at 0x0000024685536110>, 'regexp', 2, <function SQLiteDialect_pysqlite.on_connect.<locals>.regexp at 0x00000246854C8FE0>, deterministic=True) completed
2026-03-03 09:09:56,415 - aiosqlite - DEBUG - executing functools.partial(<built-in method create_function of sqlite3.Connection object at 0x0000024685536110>, 'floor', 1, <built-in function floor>, deterministic=True)
2026-03-03 09:09:56,415 - aiosqlite - DEBUG - operation functools.partial(<built-in method create_function of sqlite3.Connection object at 0x0000024685536110>, 'floor', 1, <built-in function floor>, deterministic=True) completed
2026-03-03 09:09:56,415 - aiosqlite - DEBUG - executing functools.partial(<built-in method cursor of sqlite3.Connection object at 0x0000024685536110>)
2026-03-03 09:09:56,415 - aiosqlite - DEBUG - operation functools.partial(<built-in method cursor of sqlite3.Connection object at 0x0000024685536110>) completed
2026-03-03 09:09:56,415 - aiosqlite - DEBUG - executing functools.partial(<built-in method execute of sqlite3.Cursor object at 0x0000024685548840>, 'SELECT count(products.id) AS count_1 \nFROM products', ())
2026-03-03 09:09:56,415 - aiosqlite - DEBUG - operation functools.partial(<built-in method execute of sqlite3.Cursor object at 0x0000024685548840>, 'SELECT count(products.id) AS count_1 \nFROM products', ()) completed
2026-03-03 09:09:56,415 - aiosqlite - DEBUG - executing functools.partial(<built-in method fetchall of sqlite3.Cursor object at 0x0000024685548840>)
2026-03-03 09:09:56,415 - aiosqlite - DEBUG - operation functools.partial(<built-in method fetchall of sqlite3.Cursor object at 0x0000024685548840>) completed
2026-03-03 09:09:56,415 - aiosqlite - DEBUG - executing functools.partial(<built-in method close of sqlite3.Cursor object at 0x0000024685548840>)
2026-03-03 09:09:56,424 - aiosqlite - DEBUG - operation functools.partial(<built-in method close of sqlite3.Cursor object at 0x0000024685548840>) completed
2026-03-03 09:09:56,424 - aiosqlite - DEBUG - executing functools.partial(<built-in method cursor of sqlite3.Connection object at 0x0000024685536110>)
2026-03-03 09:09:56,424 - aiosqlite - DEBUG - operation functools.partial(<built-in method cursor of sqlite3.Connection object at 0x0000024685536110>) completed
2026-03-03 09:09:56,424 - aiosqlite - DEBUG - executing functools.partial(<built-in method execute of sqlite3.Cursor object at 0x0000024685548840>, 'SELECT products.id, products.name, products.description, products.price, products.image, products.category, products.size, products.color, products.stock, products.created_at \nFROM products ORDER BY products.id DESC\n LIMIT ? OFFSET ?', (1000, 0))
2026-03-03 09:09:56,424 - aiosqlite - DEBUG - operation functools.partial(<built-in method execute of sqlite3.Cursor object at 0x0000024685548840>, 'SELECT products.id, products.name, products.description, products.price, products.image, products.category, products.size, products.color, products.stock, products.created_at \nFROM products ORDER BY products.id DESC\n LIMIT ? OFFSET ?', (1000, 0)) completed
2026-03-03 09:09:56,424 - aiosqlite - DEBUG - executing functools.partial(<built-in method fetchall of sqlite3.Cursor object at 0x0000024685548840>)
2026-03-03 09:09:56,424 - aiosqlite - DEBUG - operation functools.partial(<built-in method fetchall of sqlite3.Cursor object at 0x0000024685548840>) completed
2026-03-03 09:09:56,424 - aiosqlite - DEBUG - executing functools.partial(<built-in method close of sqlite3.Cursor object at 0x0000024685548840>)
2026-03-03 09:09:56,424 - aiosqlite - DEBUG - operation functools.partial(<built-in method close of sqlite3.Cursor object at 0x0000024685548840>) completed
2026-03-03 09:09:56,424 - routers.products - DEBUG - Found 14 productss
2026-03-03 09:09:56,424 - core.database - DEBUG - [DB_OP] Database session cleanup after 0.0190s
2026-03-03 09:09:56,434 - aiosqlite - DEBUG - executing functools.partial(<built-in method rollback of sqlite3.Connection object at 0x0000024685536110>)
2026-03-03 09:09:56,434 - aiosqlite - DEBUG - operation functools.partial(<built-in method rollback of sqlite3.Connection object at 0x0000024685536110>) completed
2026-03-03 09:09:56,435 - aiosqlite - DEBUG - executing functools.partial(<built-in method rollback of sqlite3.Connection object at 0x0000024685536110>)
2026-03-03 09:09:56,435 - aiosqlite - DEBUG - operation functools.partial(<built-in method rollback of sqlite3.Connection object at 0x0000024685536110>) completed
2026-03-03 09:09:56,435 - aiosqlite - DEBUG - executing functools.partial(<built-in method close of sqlite3.Connection object at 0x0000024685536110>)
2026-03-03 09:09:56,435 - aiosqlite - DEBUG - operation functools.partial(<built-in method close of sqlite3.Connection object at 0x0000024685536110>) completed
2026-03-03 09:17:54,893 - core.database - DEBUG - [DB_OP] Starting get_db session creation
2026-03-03 09:17:54,901 - core.database - DEBUG - [DB_OP] Database session created successfully in 0.0000s
2026-03-03 09:17:54,901 - routers.products - DEBUG - Querying productss: query=None, sort=None, skip=0, limit=1000, fields=None
2026-03-03 09:17:54,901 - aiosqlite - DEBUG - executing <function connect.<locals>.connector at 0x00000246854CBC40>
2026-03-03 09:17:54,901 - aiosqlite - DEBUG - operation <function connect.<locals>.connector at 0x00000246854CBC40> completed
2026-03-03 09:17:54,901 - aiosqlite - DEBUG - executing functools.partial(<built-in method create_function of sqlite3.Connection object at 0x0000024685534B80>, 'regexp', 2, <function SQLiteDialect_pysqlite.on_connect.<locals>.regexp at 0x00000246854C8FE0>, deterministic=True)
2026-03-03 09:17:54,901 - aiosqlite - DEBUG - operation functools.partial(<built-in method create_function of sqlite3.Connection object at 0x0000024685534B80>, 'regexp', 2, <function SQLiteDialect_pysqlite.on_connect.<locals>.regexp at 0x00000246854C8FE0>, deterministic=True) completed
2026-03-03 09:17:54,901 - aiosqlite - DEBUG - executing functools.partial(<built-in method create_function of sqlite3.Connection object at 0x0000024685534B80>, 'floor', 1, <built-in function floor>, deterministic=True)
2026-03-03 09:17:54,921 - aiosqlite - DEBUG - operation functools.partial(<built-in method create_function of sqlite3.Connection object at 0x0000024685534B80>, 'floor', 1, <built-in function floor>, deterministic=True) completed
2026-03-03 09:17:54,921 - aiosqlite - DEBUG - executing functools.partial(<built-in method cursor of sqlite3.Connection object at 0x0000024685534B80>)
2026-03-03 09:17:54,921 - aiosqlite - DEBUG - operation functools.partial(<built-in method cursor of sqlite3.Connection object at 0x0000024685534B80>) completed
2026-03-03 09:17:54,921 - aiosqlite - DEBUG - executing functools.partial(<built-in method execute of sqlite3.Cursor object at 0x000002468554AAC0>, 'SELECT count(products.id) AS count_1 \nFROM products', ())
2026-03-03 09:17:54,921 - aiosqlite - DEBUG - operation functools.partial(<built-in method execute of sqlite3.Cursor object at 0x000002468554AAC0>, 'SELECT count(products.id) AS count_1 \nFROM products', ()) completed
2026-03-03 09:17:54,921 - aiosqlite - DEBUG - executing functools.partial(<built-in method fetchall of sqlite3.Cursor object at 0x000002468554AAC0>)
2026-03-03 09:17:54,926 - aiosqlite - DEBUG - operation functools.partial(<built-in method fetchall of sqlite3.Cursor object at 0x000002468554AAC0>) completed
2026-03-03 09:17:54,926 - aiosqlite - DEBUG - executing functools.partial(<built-in method close of sqlite3.Cursor object at 0x000002468554AAC0>)
2026-03-03 09:17:54,926 - aiosqlite - DEBUG - operation functools.partial(<built-in method close of sqlite3.Cursor object at 0x000002468554AAC0>) completed
2026-03-03 09:17:54,926 - aiosqlite - DEBUG - executing functools.partial(<built-in method cursor of sqlite3.Connection object at 0x0000024685534B80>)
2026-03-03 09:17:54,926 - aiosqlite - DEBUG - operation functools.partial(<built-in method cursor of sqlite3.Connection object at 0x0000024685534B80>) completed
2026-03-03 09:17:54,931 - aiosqlite - DEBUG - executing functools.partial(<built-in method execute of sqlite3.Cursor object at 0x000002468554AAC0>, 'SELECT products.id, products.name, products.description, products.price, products.image, products.category, products.size, products.color, products.stock, products.created_at \nFROM products ORDER BY products.id DESC\n LIMIT ? OFFSET ?', (1000, 0))
2026-03-03 09:17:54,932 - aiosqlite - DEBUG - operation functools.partial(<built-in method execute of sqlite3.Cursor object at 0x000002468554AAC0>, 'SELECT products.id, products.name, products.description, products.price, products.image, products.category, products.size, products.color, products.stock, products.created_at \nFROM products ORDER BY products.id DESC\n LIMIT ? OFFSET ?', (1000, 0)) completed
2026-03-03 09:17:54,932 - aiosqlite - DEBUG - executing functools.partial(<built-in method fetchall of sqlite3.Cursor object at 0x000002468554AAC0>)
2026-03-03 09:17:54,932 - aiosqlite - DEBUG - operation functools.partial(<built-in method fetchall of sqlite3.Cursor object at 0x000002468554AAC0>) completed
2026-03-03 09:17:54,932 - aiosqlite - DEBUG - executing functools.partial(<built-in method close of sqlite3.Cursor object at 0x000002468554AAC0>)
2026-03-03 09:17:54,932 - aiosqlite - DEBUG - operation functools.partial(<built-in method close of sqlite3.Cursor object at 0x000002468554AAC0>) completed
2026-03-03 09:17:54,932 - routers.products - DEBUG - Found 14 productss
2026-03-03 09:17:54,932 - core.database - DEBUG - [DB_OP] Database session cleanup after 0.0390s
2026-03-03 09:17:54,932 - aiosqlite - DEBUG - executing functools.partial(<built-in method rollback of sqlite3.Connection object at 0x0000024685534B80>)
2026-03-03 09:17:54,936 - aiosqlite - DEBUG - operation functools.partial(<built-in method rollback of sqlite3.Connection object at 0x0000024685534B80>) completed
2026-03-03 09:17:54,936 - aiosqlite - DEBUG - executing functools.partial(<built-in method rollback of sqlite3.Connection object at 0x0000024685534B80>)
2026-03-03 09:17:54,936 - aiosqlite - DEBUG - operation functools.partial(<built-in method rollback of sqlite3.Connection object at 0x0000024685534B80>) completed
2026-03-03 09:17:54,936 - aiosqlite - DEBUG - executing functools.partial(<built-in method close of sqlite3.Connection object at 0x0000024685534B80>)
2026-03-03 09:17:54,936 - aiosqlite - DEBUG - operation functools.partial(<built-in method close of sqlite3.Connection object at 0x0000024685534B80>) completed
2026-03-03 09:18:38,416 - core.database - DEBUG - [DB_OP] Starting get_db session creation
2026-03-03 09:18:38,416 - core.database - DEBUG - [DB_OP] Database session created successfully in 0.0000s
2026-03-03 09:18:38,416 - routers.products - DEBUG - Querying productss: query=None, sort=None, skip=0, limit=1000, fields=None
2026-03-03 09:18:38,416 - aiosqlite - DEBUG - executing <function connect.<locals>.connector at 0x0000024685521580>
2026-03-03 09:18:38,416 - aiosqlite - DEBUG - operation <function connect.<locals>.connector at 0x0000024685521580> completed
2026-03-03 09:18:38,416 - aiosqlite - DEBUG - executing functools.partial(<built-in method create_function of sqlite3.Connection object at 0x0000024685536110>, 'regexp', 2, <function SQLiteDialect_pysqlite.on_connect.<locals>.regexp at 0x00000246854C8FE0>, deterministic=True)
2026-03-03 09:18:38,416 - aiosqlite - DEBUG - operation functools.partial(<built-in method create_function of sqlite3.Connection object at 0x0000024685536110>, 'regexp', 2, <function SQLiteDialect_pysqlite.on_connect.<locals>.regexp at 0x00000246854C8FE0>, deterministic=True) completed
2026-03-03 09:18:38,416 - aiosqlite - DEBUG - executing functools.partial(<built-in method create_function of sqlite3.Connection object at 0x0000024685536110>, 'floor', 1, <built-in function floor>, deterministic=True)
2026-03-03 09:18:38,416 - aiosqlite - DEBUG - operation functools.partial(<built-in method create_function of sqlite3.Connection object at 0x0000024685536110>, 'floor', 1, <built-in function floor>, deterministic=True) completed
2026-03-03 09:18:38,416 - aiosqlite - DEBUG - executing functools.partial(<built-in method cursor of sqlite3.Connection object at 0x0000024685536110>)
2026-03-03 09:18:38,416 - aiosqlite - DEBUG - operation functools.partial(<built-in method cursor of sqlite3.Connection object at 0x0000024685536110>) completed
2026-03-03 09:18:38,416 - aiosqlite - DEBUG - executing functools.partial(<built-in method execute of sqlite3.Cursor object at 0x000002468554AE40>, 'SELECT count(products.id) AS count_1 \nFROM products', ())
2026-03-03 09:18:38,426 - aiosqlite - DEBUG - operation functools.partial(<built-in method execute of sqlite3.Cursor object at 0x000002468554AE40>, 'SELECT count(products.id) AS count_1 \nFROM products', ()) completed
2026-03-03 09:18:38,426 - aiosqlite - DEBUG - executing functools.partial(<built-in method fetchall of sqlite3.Cursor object at 0x000002468554AE40>)
2026-03-03 09:18:38,426 - aiosqlite - DEBUG - operation functools.partial(<built-in method fetchall of sqlite3.Cursor object at 0x000002468554AE40>) completed
2026-03-03 09:18:38,426 - aiosqlite - DEBUG - executing functools.partial(<built-in method close of sqlite3.Cursor object at 0x000002468554AE40>)
2026-03-03 09:18:38,426 - aiosqlite - DEBUG - operation functools.partial(<built-in method close of sqlite3.Cursor object at 0x000002468554AE40>) completed
2026-03-03 09:18:38,426 - aiosqlite - DEBUG - executing functools.partial(<built-in method cursor of sqlite3.Connection object at 0x0000024685536110>)
2026-03-03 09:18:38,426 - aiosqlite - DEBUG - operation functools.partial(<built-in method cursor of sqlite3.Connection object at 0x0000024685536110>) completed
2026-03-03 09:18:38,426 - aiosqlite - DEBUG - executing functools.partial(<built-in method execute of sqlite3.Cursor object at 0x000002468554AE40>, 'SELECT products.id, products.name, products.description, products.price, products.image, products.category, products.size, products.color, products.stock, products.created_at \nFROM products ORDER BY products.id DESC\n LIMIT ? OFFSET ?', (1000, 0))
2026-03-03 09:18:38,426 - aiosqlite - DEBUG - operation functools.partial(<built-in method execute of sqlite3.Cursor object at 0x000002468554AE40>, 'SELECT products.id, products.name, products.description, products.price, products.image, products.category, products.size, products.color, products.stock, products.created_at \nFROM products ORDER BY products.id DESC\n LIMIT ? OFFSET ?', (1000, 0)) completed
2026-03-03 09:18:38,426 - aiosqlite - DEBUG - executing functools.partial(<built-in method fetchall of sqlite3.Cursor object at 0x000002468554AE40>)
2026-03-03 09:18:38,426 - aiosqlite - DEBUG - operation functools.partial(<built-in method fetchall of sqlite3.Cursor object at 0x000002468554AE40>) completed
2026-03-03 09:18:38,426 - aiosqlite - DEBUG - executing functools.partial(<built-in method close of sqlite3.Cursor object at 0x000002468554AE40>)
2026-03-03 09:18:38,426 - aiosqlite - DEBUG - operation functools.partial(<built-in method close of sqlite3.Cursor object at 0x000002468554AE40>) completed
2026-03-03 09:18:38,426 - routers.products - DEBUG - Found 14 productss
2026-03-03 09:18:38,426 - core.database - DEBUG - [DB_OP] Database session cleanup after 0.0101s
2026-03-03 09:18:38,435 - aiosqlite - DEBUG - executing functools.partial(<built-in method rollback of sqlite3.Connection object at 0x0000024685536110>)
2026-03-03 09:18:38,435 - aiosqlite - DEBUG - operation functools.partial(<built-in method rollback of sqlite3.Connection object at 0x0000024685536110>) completed
2026-03-03 09:18:38,435 - aiosqlite - DEBUG - executing functools.partial(<built-in method rollback of sqlite3.Connection object at 0x0000024685536110>)
2026-03-03 09:18:38,435 - aiosqlite - DEBUG - operation functools.partial(<built-in method rollback of sqlite3.Connection object at 0x0000024685536110>) completed
2026-03-03 09:18:38,435 - aiosqlite - DEBUG - executing functools.partial(<built-in method close of sqlite3.Connection object at 0x0000024685536110>)
2026-03-03 09:18:38,435 - aiosqlite - DEBUG - operation functools.partial(<built-in method close of sqlite3.Connection object at 0x0000024685536110>) completed
2026-03-03 09:34:02,939 - core.database - DEBUG - [DB_OP] Starting get_db session creation
2026-03-03 09:34:02,939 - core.database - DEBUG - [DB_OP] Database session created successfully in 0.0000s
2026-03-03 09:34:02,940 - routers.products - DEBUG - Querying productss: query=None, sort=None, skip=0, limit=1000, fields=None
2026-03-03 09:34:02,941 - aiosqlite - DEBUG - executing <function connect.<locals>.connector at 0x0000024685521260>
2026-03-03 09:34:02,941 - aiosqlite - DEBUG - operation <function connect.<locals>.connector at 0x0000024685521260> completed
2026-03-03 09:34:02,941 - aiosqlite - DEBUG - executing functools.partial(<built-in method create_function of sqlite3.Connection object at 0x0000024685534B80>, 'regexp', 2, <function SQLiteDialect_pysqlite.on_connect.<locals>.regexp at 0x00000246854C8FE0>, deterministic=True)
2026-03-03 09:34:02,941 - aiosqlite - DEBUG - operation functools.partial(<built-in method create_function of sqlite3.Connection object at 0x0000024685534B80>, 'regexp', 2, <function SQLiteDialect_pysqlite.on_connect.<locals>.regexp at 0x00000246854C8FE0>, deterministic=True) completed
2026-03-03 09:34:02,942 - aiosqlite - DEBUG - executing functools.partial(<built-in method create_function of sqlite3.Connection object at 0x0000024685534B80>, 'floor', 1, <built-in function floor>, deterministic=True)
2026-03-03 09:34:02,942 - aiosqlite - DEBUG - operation functools.partial(<built-in method create_function of sqlite3.Connection object at 0x0000024685534B80>, 'floor', 1, <built-in function floor>, deterministic=True) completed
2026-03-03 09:34:02,942 - aiosqlite - DEBUG - executing functools.partial(<built-in method cursor of sqlite3.Connection object at 0x0000024685534B80>)
2026-03-03 09:34:02,943 - aiosqlite - DEBUG - operation functools.partial(<built-in method cursor of sqlite3.Connection object at 0x0000024685534B80>) completed
2026-03-03 09:34:02,943 - aiosqlite - DEBUG - executing functools.partial(<built-in method execute of sqlite3.Cursor object at 0x00000246855496C0>, 'SELECT count(products.id) AS count_1 \nFROM products', ())
2026-03-03 09:34:02,944 - aiosqlite - DEBUG - operation functools.partial(<built-in method execute of sqlite3.Cursor object at 0x00000246855496C0>, 'SELECT count(products.id) AS count_1 \nFROM products', ()) completed
2026-03-03 09:34:02,944 - aiosqlite - DEBUG - executing functools.partial(<built-in method fetchall of sqlite3.Cursor object at 0x00000246855496C0>)
2026-03-03 09:34:02,945 - aiosqlite - DEBUG - operation functools.partial(<built-in method fetchall of sqlite3.Cursor object at 0x00000246855496C0>) completed
2026-03-03 09:34:02,945 - aiosqlite - DEBUG - executing functools.partial(<built-in method close of sqlite3.Cursor object at 0x00000246855496C0>)
2026-03-03 09:34:02,945 - aiosqlite - DEBUG - operation functools.partial(<built-in method close of sqlite3.Cursor object at 0x00000246855496C0>) completed
2026-03-03 09:34:02,946 - aiosqlite - DEBUG - executing functools.partial(<built-in method cursor of sqlite3.Connection object at 0x0000024685534B80>)
2026-03-03 09:34:02,946 - aiosqlite - DEBUG - operation functools.partial(<built-in method cursor of sqlite3.Connection object at 0x0000024685534B80>) completed
2026-03-03 09:34:02,947 - aiosqlite - DEBUG - executing functools.partial(<built-in method execute of sqlite3.Cursor object at 0x00000246855496C0>, 'SELECT products.id, products.name, products.description, products.price, products.image, products.category, products.size, products.color, products.stock, products.created_at \nFROM products ORDER BY products.id DESC\n LIMIT ? OFFSET ?', (1000, 0))
2026-03-03 09:34:02,947 - aiosqlite - DEBUG - operation functools.partial(<built-in method execute of sqlite3.Cursor object at 0x00000246855496C0>, 'SELECT products.id, products.name, products.description, products.price, products.image, products.category, products.size, products.color, products.stock, products.created_at \nFROM products ORDER BY products.id DESC\n LIMIT ? OFFSET ?', (1000, 0)) completed
2026-03-03 09:34:02,947 - aiosqlite - DEBUG - executing functools.partial(<built-in method fetchall of sqlite3.Cursor object at 0x00000246855496C0>)
2026-03-03 09:34:02,948 - aiosqlite - DEBUG - operation functools.partial(<built-in method fetchall of sqlite3.Cursor object at 0x00000246855496C0>) completed
2026-03-03 09:34:02,948 - aiosqlite - DEBUG - executing functools.partial(<built-in method close of sqlite3.Cursor object at 0x00000246855496C0>)
2026-03-03 09:34:02,948 - aiosqlite - DEBUG - operation functools.partial(<built-in method close of sqlite3.Cursor object at 0x00000246855496C0>) completed
2026-03-03 09:34:02,949 - routers.products - DEBUG - Found 14 productss
2026-03-03 09:34:02,950 - core.database - DEBUG - [DB_OP] Database session cleanup after 0.0110s
2026-03-03 09:34:02,950 - aiosqlite - DEBUG - executing functools.partial(<built-in method rollback of sqlite3.Connection object at 0x0000024685534B80>)
2026-03-03 09:34:02,950 - aiosqlite - DEBUG - operation functools.partial(<built-in method rollback of sqlite3.Connection object at 0x0000024685534B80>) completed
2026-03-03 09:34:02,951 - aiosqlite - DEBUG - executing functools.partial(<built-in method rollback of sqlite3.Connection object at 0x0000024685534B80>)
2026-03-03 09:34:02,951 - aiosqlite - DEBUG - operation functools.partial(<built-in method rollback of sqlite3.Connection object at 0x0000024685534B80>) completed
2026-03-03 09:34:02,951 - aiosqlite - DEBUG - executing functools.partial(<built-in method close of sqlite3.Connection object at 0x0000024685534B80>)
2026-03-03 09:34:02,952 - aiosqlite - DEBUG - operation functools.partial(<built-in method close of sqlite3.Connection object at 0x0000024685534B80>) completed
2026-03-03 09:41:00,392 - core.database - DEBUG - [DB_OP] Starting get_db session creation
2026-03-03 09:41:00,392 - core.database - DEBUG - [DB_OP] Database session created successfully in 0.0000s
2026-03-03 09:41:00,393 - routers.products - DEBUG - Querying productss: query=None, sort=None, skip=0, limit=1000, fields=None
2026-03-03 09:41:00,394 - aiosqlite - DEBUG - executing <function connect.<locals>.connector at 0x00000246855211C0>
2026-03-03 09:41:00,394 - aiosqlite - DEBUG - operation <function connect.<locals>.connector at 0x00000246855211C0> completed
2026-03-03 09:41:00,394 - aiosqlite - DEBUG - executing functools.partial(<built-in method create_function of sqlite3.Connection object at 0x0000024685536110>, 'regexp', 2, <function SQLiteDialect_pysqlite.on_connect.<locals>.regexp at 0x00000246854C8FE0>, deterministic=True)
2026-03-03 09:41:00,394 - aiosqlite - DEBUG - operation functools.partial(<built-in method create_function of sqlite3.Connection object at 0x0000024685536110>, 'regexp', 2, <function SQLiteDialect_pysqlite.on_connect.<locals>.regexp at 0x00000246854C8FE0>, deterministic=True) completed
2026-03-03 09:41:00,395 - aiosqlite - DEBUG - executing functools.partial(<built-in method create_function of sqlite3.Connection object at 0x0000024685536110>, 'floor', 1, <built-in function floor>, deterministic=True)
2026-03-03 09:41:00,395 - aiosqlite - DEBUG - operation functools.partial(<built-in method create_function of sqlite3.Connection object at 0x0000024685536110>, 'floor', 1, <built-in function floor>, deterministic=True) completed
2026-03-03 09:41:00,396 - aiosqlite - DEBUG - executing functools.partial(<built-in method cursor of sqlite3.Connection object at 0x0000024685536110>)
2026-03-03 09:41:00,396 - aiosqlite - DEBUG - operation functools.partial(<built-in method cursor of sqlite3.Connection object at 0x0000024685536110>) completed
2026-03-03 09:41:00,396 - aiosqlite - DEBUG - executing functools.partial(<built-in method execute of sqlite3.Cursor object at 0x00000246855497C0>, 'SELECT count(products.id) AS count_1 \nFROM products', ())
2026-03-03 09:41:00,397 - aiosqlite - DEBUG - operation functools.partial(<built-in method execute of sqlite3.Cursor object at 0x00000246855497C0>, 'SELECT count(products.id) AS count_1 \nFROM products', ()) completed
2026-03-03 09:41:00,398 - aiosqlite - DEBUG - executing functools.partial(<built-in method fetchall of sqlite3.Cursor object at 0x00000246855497C0>)
2026-03-03 09:41:00,398 - aiosqlite - DEBUG - operation functools.partial(<built-in method fetchall of sqlite3.Cursor object at 0x00000246855497C0>) completed
2026-03-03 09:41:00,398 - aiosqlite - DEBUG - executing functools.partial(<built-in method close of sqlite3.Cursor object at 0x00000246855497C0>)
2026-03-03 09:41:00,398 - aiosqlite - DEBUG - operation functools.partial(<built-in method close of sqlite3.Cursor object at 0x00000246855497C0>) completed
2026-03-03 09:41:00,399 - aiosqlite - DEBUG - executing functools.partial(<built-in method cursor of sqlite3.Connection object at 0x0000024685536110>)
2026-03-03 09:41:00,399 - aiosqlite - DEBUG - operation functools.partial(<built-in method cursor of sqlite3.Connection object at 0x0000024685536110>) completed
2026-03-03 09:41:00,400 - aiosqlite - DEBUG - executing functools.partial(<built-in method execute of sqlite3.Cursor object at 0x00000246855497C0>, 'SELECT products.id, products.name, products.description, products.price, products.image, products.category, products.size, products.color, products.stock, products.created_at \nFROM products ORDER BY products.id DESC\n LIMIT ? OFFSET ?', (1000, 0))
2026-03-03 09:41:00,400 - aiosqlite - DEBUG - operation functools.partial(<built-in method execute of sqlite3.Cursor object at 0x00000246855497C0>, 'SELECT products.id, products.name, products.description, products.price, products.image, products.category, products.size, products.color, products.stock, products.created_at \nFROM products ORDER BY products.id DESC\n LIMIT ? OFFSET ?', (1000, 0)) completed
2026-03-03 09:41:00,400 - aiosqlite - DEBUG - executing functools.partial(<built-in method fetchall of sqlite3.Cursor object at 0x00000246855497C0>)
2026-03-03 09:41:00,401 - aiosqlite - DEBUG - operation functools.partial(<built-in method fetchall of sqlite3.Cursor object at 0x00000246855497C0>) completed
2026-03-03 09:41:00,401 - aiosqlite - DEBUG - executing functools.partial(<built-in method close of sqlite3.Cursor object at 0x00000246855497C0>)
2026-03-03 09:41:00,401 - aiosqlite - DEBUG - operation functools.partial(<built-in method close of sqlite3.Cursor object at 0x00000246855497C0>) completed
2026-03-03 09:41:00,402 - routers.products - DEBUG - Found 14 productss
2026-03-03 09:41:00,402 - core.database - DEBUG - [DB_OP] Database session cleanup after 0.0100s
2026-03-03 09:41:00,403 - aiosqlite - DEBUG - executing functools.partial(<built-in method rollback of sqlite3.Connection object at 0x0000024685536110>)
2026-03-03 09:41:00,403 - aiosqlite - DEBUG - operation functools.partial(<built-in method rollback of sqlite3.Connection object at 0x0000024685536110>) completed
2026-03-03 09:41:00,404 - aiosqlite - DEBUG - executing functools.partial(<built-in method rollback of sqlite3.Connection object at 0x0000024685536110>)
2026-03-03 09:41:00,404 - aiosqlite - DEBUG - operation functools.partial(<built-in method rollback of sqlite3.Connection object at 0x0000024685536110>) completed
2026-03-03 09:41:00,404 - aiosqlite - DEBUG - executing functools.partial(<built-in method close of sqlite3.Connection object at 0x0000024685536110>)
2026-03-03 09:41:00,405 - aiosqlite - DEBUG - operation functools.partial(<built-in method close of sqlite3.Connection object at 0x0000024685536110>) completed
2026-03-03 09:41:03,318 - core.database - DEBUG - [DB_OP] Starting get_db session creation
2026-03-03 09:41:03,319 - core.database - DEBUG - [DB_OP] Database session created successfully in 0.0000s
2026-03-03 09:41:03,319 - routers.products - DEBUG - Querying productss: query=None, sort=None, skip=0, limit=1000, fields=None
2026-03-03 09:41:03,319 - aiosqlite - DEBUG - executing <function connect.<locals>.connector at 0x0000024685521580>
2026-03-03 09:41:03,320 - aiosqlite - DEBUG - operation <function connect.<locals>.connector at 0x0000024685521580> completed
2026-03-03 09:41:03,322 - aiosqlite - DEBUG - executing functools.partial(<built-in method create_function of sqlite3.Connection object at 0x0000024685534B80>, 'regexp', 2, <function SQLiteDialect_pysqlite.on_connect.<locals>.regexp at 0x00000246854C8FE0>, deterministic=True)
2026-03-03 09:41:03,322 - aiosqlite - DEBUG - operation functools.partial(<built-in method create_function of sqlite3.Connection object at 0x0000024685534B80>, 'regexp', 2, <function SQLiteDialect_pysqlite.on_connect.<locals>.regexp at 0x00000246854C8FE0>, deterministic=True) completed
2026-03-03 09:41:03,322 - aiosqlite - DEBUG - executing functools.partial(<built-in method create_function of sqlite3.Connection object at 0x0000024685534B80>, 'floor', 1, <built-in function floor>, deterministic=True)
2026-03-03 09:41:03,322 - aiosqlite - DEBUG - operation functools.partial(<built-in method create_function of sqlite3.Connection object at 0x0000024685534B80>, 'floor', 1, <built-in function floor>, deterministic=True) completed
2026-03-03 09:41:03,323 - aiosqlite - DEBUG - executing functools.partial(<built-in method cursor of sqlite3.Connection object at 0x0000024685534B80>)
2026-03-03 09:41:03,323 - aiosqlite - DEBUG - operation functools.partial(<built-in method cursor of sqlite3.Connection object at 0x0000024685534B80>) completed
2026-03-03 09:41:03,326 - aiosqlite - DEBUG - executing functools.partial(<built-in method execute of sqlite3.Cursor object at 0x0000024685548FC0>, 'SELECT count(products.id) AS count_1 \nFROM products', ())
2026-03-03 09:41:03,327 - aiosqlite - DEBUG - operation functools.partial(<built-in method execute of sqlite3.Cursor object at 0x0000024685548FC0>, 'SELECT count(products.id) AS count_1 \nFROM products', ()) completed
2026-03-03 09:41:03,328 - aiosqlite - DEBUG - executing functools.partial(<built-in method fetchall of sqlite3.Cursor object at 0x0000024685548FC0>)
2026-03-03 09:41:03,328 - aiosqlite - DEBUG - operation functools.partial(<built-in method fetchall of sqlite3.Cursor object at 0x0000024685548FC0>) completed
2026-03-03 09:41:03,329 - aiosqlite - DEBUG - executing functools.partial(<built-in method close of sqlite3.Cursor object at 0x0000024685548FC0>)
2026-03-03 09:41:03,329 - aiosqlite - DEBUG - operation functools.partial(<built-in method close of sqlite3.Cursor object at 0x0000024685548FC0>) completed
2026-03-03 09:41:03,330 - aiosqlite - DEBUG - executing functools.partial(<built-in method cursor of sqlite3.Connection object at 0x0000024685534B80>)
2026-03-03 09:41:03,330 - aiosqlite - DEBUG - operation functools.partial(<built-in method cursor of sqlite3.Connection object at 0x0000024685534B80>) completed
2026-03-03 09:41:03,330 - aiosqlite - DEBUG - executing functools.partial(<built-in method execute of sqlite3.Cursor object at 0x0000024685548FC0>, 'SELECT products.id, products.name, products.description, products.price, products.image, products.category, products.size, products.color, products.stock, products.created_at \nFROM products ORDER BY products.id DESC\n LIMIT ? OFFSET ?', (1000, 0))
2026-03-03 09:41:03,331 - aiosqlite - DEBUG - operation functools.partial(<built-in method execute of sqlite3.Cursor object at 0x0000024685548FC0>, 'SELECT products.id, products.name, products.description, products.price, products.image, products.category, products.size, products.color, products.stock, products.created_at \nFROM products ORDER BY products.id DESC\n LIMIT ? OFFSET ?', (1000, 0)) completed
2026-03-03 09:41:03,331 - aiosqlite - DEBUG - executing functools.partial(<built-in method fetchall of sqlite3.Cursor object at 0x0000024685548FC0>)
2026-03-03 09:41:03,332 - aiosqlite - DEBUG - operation functools.partial(<built-in method fetchall of sqlite3.Cursor object at 0x0000024685548FC0>) completed
2026-03-03 09:41:03,332 - aiosqlite - DEBUG - executing functools.partial(<built-in method close of sqlite3.Cursor object at 0x0000024685548FC0>)
2026-03-03 09:41:03,332 - aiosqlite - DEBUG - operation functools.partial(<built-in method close of sqlite3.Cursor object at 0x0000024685548FC0>) completed
2026-03-03 09:41:03,333 - routers.products - DEBUG - Found 14 productss
2026-03-03 09:41:03,333 - core.database - DEBUG - [DB_OP] Database session cleanup after 0.0150s
2026-03-03 09:41:03,333 - aiosqlite - DEBUG - executing functools.partial(<built-in method rollback of sqlite3.Connection object at 0x0000024685534B80>)
2026-03-03 09:41:03,334 - aiosqlite - DEBUG - operation functools.partial(<built-in method rollback of sqlite3.Connection object at 0x0000024685534B80>) completed
2026-03-03 09:41:03,335 - aiosqlite - DEBUG - executing functools.partial(<built-in method rollback of sqlite3.Connection object at 0x0000024685534B80>)
2026-03-03 09:41:03,335 - aiosqlite - DEBUG - operation functools.partial(<built-in method rollback of sqlite3.Connection object at 0x0000024685534B80>) completed
2026-03-03 09:41:03,336 - aiosqlite - DEBUG - executing functools.partial(<built-in method close of sqlite3.Connection object at 0x0000024685534B80>)
2026-03-03 09:41:03,336 - aiosqlite - DEBUG - operation functools.partial(<built-in method close of sqlite3.Connection object at 0x0000024685534B80>) completed
2026-03-03 09:43:21,118 - core.database - DEBUG - [DB_OP] Starting get_db session creation
2026-03-03 09:43:21,118 - core.database - DEBUG - [DB_OP] Database session created successfully in 0.0000s
2026-03-03 09:43:21,119 - routers.products - DEBUG - Querying productss: query=None, sort=None, skip=0, limit=1000, fields=None
2026-03-03 09:43:21,120 - aiosqlite - DEBUG - executing <function connect.<locals>.connector at 0x00000246855419E0>
2026-03-03 09:43:21,120 - aiosqlite - DEBUG - operation <function connect.<locals>.connector at 0x00000246855419E0> completed
2026-03-03 09:43:21,120 - aiosqlite - DEBUG - executing functools.partial(<built-in method create_function of sqlite3.Connection object at 0x0000024685534B80>, 'regexp', 2, <function SQLiteDialect_pysqlite.on_connect.<locals>.regexp at 0x00000246854C8FE0>, deterministic=True)
2026-03-03 09:43:21,121 - aiosqlite - DEBUG - operation functools.partial(<built-in method create_function of sqlite3.Connection object at 0x0000024685534B80>, 'regexp', 2, <function SQLiteDialect_pysqlite.on_connect.<locals>.regexp at 0x00000246854C8FE0>, deterministic=True) completed
2026-03-03 09:43:21,121 - aiosqlite - DEBUG - executing functools.partial(<built-in method create_function of sqlite3.Connection object at 0x0000024685534B80>, 'floor', 1, <built-in function floor>, deterministic=True)
2026-03-03 09:43:21,121 - aiosqlite - DEBUG - operation functools.partial(<built-in method create_function of sqlite3.Connection object at 0x0000024685534B80>, 'floor', 1, <built-in function floor>, deterministic=True) completed
2026-03-03 09:43:21,122 - aiosqlite - DEBUG - executing functools.partial(<built-in method cursor of sqlite3.Connection object at 0x0000024685534B80>)
2026-03-03 09:43:21,122 - aiosqlite - DEBUG - operation functools.partial(<built-in method cursor of sqlite3.Connection object at 0x0000024685534B80>) completed
2026-03-03 09:43:21,123 - aiosqlite - DEBUG - executing functools.partial(<built-in method execute of sqlite3.Cursor object at 0x0000024685548740>, 'SELECT count(products.id) AS count_1 \nFROM products', ())
2026-03-03 09:43:21,123 - aiosqlite - DEBUG - operation functools.partial(<built-in method execute of sqlite3.Cursor object at 0x0000024685548740>, 'SELECT count(products.id) AS count_1 \nFROM products', ()) completed
2026-03-03 09:43:21,124 - aiosqlite - DEBUG - executing functools.partial(<built-in method fetchall of sqlite3.Cursor object at 0x0000024685548740>)
2026-03-03 09:43:21,124 - aiosqlite - DEBUG - operation functools.partial(<built-in method fetchall of sqlite3.Cursor object at 0x0000024685548740>) completed
2026-03-03 09:43:21,125 - aiosqlite - DEBUG - executing functools.partial(<built-in method close of sqlite3.Cursor object at 0x0000024685548740>)
2026-03-03 09:43:21,125 - aiosqlite - DEBUG - operation functools.partial(<built-in method close of sqlite3.Cursor object at 0x0000024685548740>) completed
2026-03-03 09:43:21,126 - aiosqlite - DEBUG - executing functools.partial(<built-in method cursor of sqlite3.Connection object at 0x0000024685534B80>)
2026-03-03 09:43:21,126 - aiosqlite - DEBUG - operation functools.partial(<built-in method cursor of sqlite3.Connection object at 0x0000024685534B80>) completed
2026-03-03 09:43:21,127 - aiosqlite - DEBUG - executing functools.partial(<built-in method execute of sqlite3.Cursor object at 0x0000024685548740>, 'SELECT products.id, products.name, products.description, products.price, products.image, products.category, products.size, products.color, products.stock, products.created_at \nFROM products ORDER BY products.id DESC\n LIMIT ? OFFSET ?', (1000, 0))
2026-03-03 09:43:21,127 - aiosqlite - DEBUG - operation functools.partial(<built-in method execute of sqlite3.Cursor object at 0x0000024685548740>, 'SELECT products.id, products.name, products.description, products.price, products.image, products.category, products.size, products.color, products.stock, products.created_at \nFROM products ORDER BY products.id DESC\n LIMIT ? OFFSET ?', (1000, 0)) completed
2026-03-03 09:43:21,128 - aiosqlite - DEBUG - executing functools.partial(<built-in method fetchall of sqlite3.Cursor object at 0x0000024685548740>)
2026-03-03 09:43:21,128 - aiosqlite - DEBUG - operation functools.partial(<built-in method fetchall of sqlite3.Cursor object at 0x0000024685548740>) completed
2026-03-03 09:43:21,129 - aiosqlite - DEBUG - executing functools.partial(<built-in method close of sqlite3.Cursor object at 0x0000024685548740>)
2026-03-03 09:43:21,129 - aiosqlite - DEBUG - operation functools.partial(<built-in method close of sqlite3.Cursor object at 0x0000024685548740>) completed
2026-03-03 09:43:21,129 - routers.products - DEBUG - Found 14 productss
2026-03-03 09:43:21,130 - core.database - DEBUG - [DB_OP] Database session cleanup after 0.0120s
2026-03-03 09:43:21,130 - aiosqlite - DEBUG - executing functools.partial(<built-in method rollback of sqlite3.Connection object at 0x0000024685534B80>)
2026-03-03 09:43:21,130 - aiosqlite - DEBUG - operation functools.partial(<built-in method rollback of sqlite3.Connection object at 0x0000024685534B80>) completed
2026-03-03 09:43:21,131 - aiosqlite - DEBUG - executing functools.partial(<built-in method rollback of sqlite3.Connection object at 0x0000024685534B80>)
2026-03-03 09:43:21,131 - aiosqlite - DEBUG - operation functools.partial(<built-in method rollback of sqlite3.Connection object at 0x0000024685534B80>) completed
2026-03-03 09:43:21,131 - aiosqlite - DEBUG - executing functools.partial(<built-in method close of sqlite3.Connection object at 0x0000024685534B80>)
2026-03-03 09:43:21,132 - aiosqlite - DEBUG - operation functools.partial(<built-in method close of sqlite3.Connection object at 0x0000024685534B80>) completed
2026-03-03 09:44:50,769 - core.database - DEBUG - [DB_OP] Starting get_db session creation
2026-03-03 09:44:50,769 - core.database - DEBUG - [DB_OP] Database session created successfully in 0.0000s
2026-03-03 09:44:50,770 - routers.products - DEBUG - Querying productss: query=None, sort=None, skip=0, limit=1000, fields=None
2026-03-03 09:44:50,770 - aiosqlite - DEBUG - executing <function connect.<locals>.connector at 0x0000024685542520>
2026-03-03 09:44:50,770 - aiosqlite - DEBUG - operation <function connect.<locals>.connector at 0x0000024685542520> completed
2026-03-03 09:44:50,771 - aiosqlite - DEBUG - executing functools.partial(<built-in method create_function of sqlite3.Connection object at 0x0000024685534B80>, 'regexp', 2, <function SQLiteDialect_pysqlite.on_connect.<locals>.regexp at 0x00000246854C8FE0>, deterministic=True)
2026-03-03 09:44:50,771 - aiosqlite - DEBUG - operation functools.partial(<built-in method create_function of sqlite3.Connection object at 0x0000024685534B80>, 'regexp', 2, <function SQLiteDialect_pysqlite.on_connect.<locals>.regexp at 0x00000246854C8FE0>, deterministic=True) completed
2026-03-03 09:44:50,772 - aiosqlite - DEBUG - executing functools.partial(<built-in method create_function of sqlite3.Connection object at 0x0000024685534B80>, 'floor', 1, <built-in function floor>, deterministic=True)
2026-03-03 09:44:50,772 - aiosqlite - DEBUG - operation functools.partial(<built-in method create_function of sqlite3.Connection object at 0x0000024685534B80>, 'floor', 1, <built-in function floor>, deterministic=True) completed
2026-03-03 09:44:50,772 - aiosqlite - DEBUG - executing functools.partial(<built-in method cursor of sqlite3.Connection object at 0x0000024685534B80>)
2026-03-03 09:44:50,773 - aiosqlite - DEBUG - operation functools.partial(<built-in method cursor of sqlite3.Connection object at 0x0000024685534B80>) completed
2026-03-03 09:44:50,773 - aiosqlite - DEBUG - executing functools.partial(<built-in method execute of sqlite3.Cursor object at 0x000002468554A6C0>, 'SELECT count(products.id) AS count_1 \nFROM products', ())
2026-03-03 09:44:50,773 - aiosqlite - DEBUG - operation functools.partial(<built-in method execute of sqlite3.Cursor object at 0x000002468554A6C0>, 'SELECT count(products.id) AS count_1 \nFROM products', ()) completed
2026-03-03 09:44:50,774 - aiosqlite - DEBUG - executing functools.partial(<built-in method fetchall of sqlite3.Cursor object at 0x000002468554A6C0>)
2026-03-03 09:44:50,774 - aiosqlite - DEBUG - operation functools.partial(<built-in method fetchall of sqlite3.Cursor object at 0x000002468554A6C0>) completed
2026-03-03 09:44:50,774 - aiosqlite - DEBUG - executing functools.partial(<built-in method close of sqlite3.Cursor object at 0x000002468554A6C0>)
2026-03-03 09:44:50,775 - aiosqlite - DEBUG - operation functools.partial(<built-in method close of sqlite3.Cursor object at 0x000002468554A6C0>) completed
2026-03-03 09:44:50,776 - aiosqlite - DEBUG - executing functools.partial(<built-in method cursor of sqlite3.Connection object at 0x0000024685534B80>)
2026-03-03 09:44:50,777 - aiosqlite - DEBUG - operation functools.partial(<built-in method cursor of sqlite3.Connection object at 0x0000024685534B80>) completed
2026-03-03 09:44:50,778 - aiosqlite - DEBUG - executing functools.partial(<built-in method execute of sqlite3.Cursor object at 0x000002468554A6C0>, 'SELECT products.id, products.name, products.description, products.price, products.image, products.category, products.size, products.color, products.stock, products.created_at \nFROM products ORDER BY products.id DESC\n LIMIT ? OFFSET ?', (1000, 0))
2026-03-03 09:44:50,779 - aiosqlite - DEBUG - operation functools.partial(<built-in method execute of sqlite3.Cursor object at 0x000002468554A6C0>, 'SELECT products.id, products.name, products.description, products.price, products.image, products.category, products.size, products.color, products.stock, products.created_at \nFROM products ORDER BY products.id DESC\n LIMIT ? OFFSET ?', (1000, 0)) completed
2026-03-03 09:44:50,780 - aiosqlite - DEBUG - executing functools.partial(<built-in method fetchall of sqlite3.Cursor object at 0x000002468554A6C0>)
2026-03-03 09:44:50,780 - aiosqlite - DEBUG - operation functools.partial(<built-in method fetchall of sqlite3.Cursor object at 0x000002468554A6C0>) completed
2026-03-03 09:44:50,781 - aiosqlite - DEBUG - executing functools.partial(<built-in method close of sqlite3.Cursor object at 0x000002468554A6C0>)
2026-03-03 09:44:50,781 - aiosqlite - DEBUG - operation functools.partial(<built-in method close of sqlite3.Cursor object at 0x000002468554A6C0>) completed
2026-03-03 09:44:50,782 - routers.products - DEBUG - Found 14 productss
2026-03-03 09:44:50,782 - core.database - DEBUG - [DB_OP] Database session cleanup after 0.0130s
2026-03-03 09:44:50,783 - aiosqlite - DEBUG - executing functools.partial(<built-in method rollback of sqlite3.Connection object at 0x0000024685534B80>)
2026-03-03 09:44:50,783 - aiosqlite - DEBUG - operation functools.partial(<built-in method rollback of sqlite3.Connection object at 0x0000024685534B80>) completed
2026-03-03 09:44:50,783 - aiosqlite - DEBUG - executing functools.partial(<built-in method rollback of sqlite3.Connection object at 0x0000024685534B80>)
2026-03-03 09:44:50,783 - aiosqlite - DEBUG - operation functools.partial(<built-in method rollback of sqlite3.Connection object at 0x0000024685534B80>) completed
2026-03-03 09:44:50,784 - aiosqlite - DEBUG - executing functools.partial(<built-in method close of sqlite3.Connection object at 0x0000024685534B80>)
2026-03-03 09:44:50,784 - aiosqlite - DEBUG - operation functools.partial(<built-in method close of sqlite3.Connection object at 0x0000024685534B80>) completed
2026-03-03 09:44:58,101 - core.database - DEBUG - [DB_OP] Starting get_db session creation
2026-03-03 09:44:58,101 - core.database - DEBUG - [DB_OP] Database session created successfully in 0.0000s
2026-03-03 09:44:58,102 - routers.products - DEBUG - Querying productss: query=None, sort=None, skip=0, limit=1000, fields=None
2026-03-03 09:44:58,102 - aiosqlite - DEBUG - executing <function connect.<locals>.connector at 0x00000246855213A0>
2026-03-03 09:44:58,103 - aiosqlite - DEBUG - operation <function connect.<locals>.connector at 0x00000246855213A0> completed
2026-03-03 09:44:58,103 - aiosqlite - DEBUG - executing functools.partial(<built-in method create_function of sqlite3.Connection object at 0x0000024685534B80>, 'regexp', 2, <function SQLiteDialect_pysqlite.on_connect.<locals>.regexp at 0x00000246854C8FE0>, deterministic=True)
2026-03-03 09:44:58,103 - aiosqlite - DEBUG - operation functools.partial(<built-in method create_function of sqlite3.Connection object at 0x0000024685534B80>, 'regexp', 2, <function SQLiteDialect_pysqlite.on_connect.<locals>.regexp at 0x00000246854C8FE0>, deterministic=True) completed
2026-03-03 09:44:58,103 - aiosqlite - DEBUG - executing functools.partial(<built-in method create_function of sqlite3.Connection object at 0x0000024685534B80>, 'floor', 1, <built-in function floor>, deterministic=True)
2026-03-03 09:44:58,104 - aiosqlite - DEBUG - operation functools.partial(<built-in method create_function of sqlite3.Connection object at 0x0000024685534B80>, 'floor', 1, <built-in function floor>, deterministic=True) completed
2026-03-03 09:44:58,104 - aiosqlite - DEBUG - executing functools.partial(<built-in method cursor of sqlite3.Connection object at 0x0000024685534B80>)
2026-03-03 09:44:58,105 - aiosqlite - DEBUG - operation functools.partial(<built-in method cursor of sqlite3.Connection object at 0x0000024685534B80>) completed
2026-03-03 09:44:58,105 - aiosqlite - DEBUG - executing functools.partial(<built-in method execute of sqlite3.Cursor object at 0x0000024685548540>, 'SELECT count(products.id) AS count_1 \nFROM products', ())
2026-03-03 09:44:58,105 - aiosqlite - DEBUG - operation functools.partial(<built-in method execute of sqlite3.Cursor object at 0x0000024685548540>, 'SELECT count(products.id) AS count_1 \nFROM products', ()) completed
2026-03-03 09:44:58,106 - aiosqlite - DEBUG - executing functools.partial(<built-in method fetchall of sqlite3.Cursor object at 0x0000024685548540>)
2026-03-03 09:44:58,106 - aiosqlite - DEBUG - operation functools.partial(<built-in method fetchall of sqlite3.Cursor object at 0x0000024685548540>) completed
2026-03-03 09:44:58,106 - aiosqlite - DEBUG - executing functools.partial(<built-in method close of sqlite3.Cursor object at 0x0000024685548540>)
2026-03-03 09:44:58,107 - aiosqlite - DEBUG - operation functools.partial(<built-in method close of sqlite3.Cursor object at 0x0000024685548540>) completed
2026-03-03 09:44:58,107 - aiosqlite - DEBUG - executing functools.partial(<built-in method cursor of sqlite3.Connection object at 0x0000024685534B80>)
2026-03-03 09:44:58,108 - aiosqlite - DEBUG - operation functools.partial(<built-in method cursor of sqlite3.Connection object at 0x0000024685534B80>) completed
2026-03-03 09:44:58,108 - aiosqlite - DEBUG - executing functools.partial(<built-in method execute of sqlite3.Cursor object at 0x0000024685548540>, 'SELECT products.id, products.name, products.description, products.price, products.image, products.category, products.size, products.color, products.stock, products.created_at \nFROM products ORDER BY products.id DESC\n LIMIT ? OFFSET ?', (1000, 0))
2026-03-03 09:44:58,109 - aiosqlite - DEBUG - operation functools.partial(<built-in method execute of sqlite3.Cursor object at 0x0000024685548540>, 'SELECT products.id, products.name, products.description, products.price, products.image, products.category, products.size, products.color, products.stock, products.created_at \nFROM products ORDER BY products.id DESC\n LIMIT ? OFFSET ?', (1000, 0)) completed
2026-03-03 09:44:58,109 - aiosqlite - DEBUG - executing functools.partial(<built-in method fetchall of sqlite3.Cursor object at 0x0000024685548540>)
2026-03-03 09:44:58,109 - aiosqlite - DEBUG - operation functools.partial(<built-in method fetchall of sqlite3.Cursor object at 0x0000024685548540>) completed
2026-03-03 09:44:58,110 - aiosqlite - DEBUG - executing functools.partial(<built-in method close of sqlite3.Cursor object at 0x0000024685548540>)
2026-03-03 09:44:58,110 - aiosqlite - DEBUG - operation functools.partial(<built-in method close of sqlite3.Cursor object at 0x0000024685548540>) completed
2026-03-03 09:44:58,110 - routers.products - DEBUG - Found 14 productss
2026-03-03 09:44:58,111 - core.database - DEBUG - [DB_OP] Database session cleanup after 0.0100s
2026-03-03 09:44:58,111 - aiosqlite - DEBUG - executing functools.partial(<built-in method rollback of sqlite3.Connection object at 0x0000024685534B80>)
2026-03-03 09:44:58,112 - aiosqlite - DEBUG - operation functools.partial(<built-in method rollback of sqlite3.Connection object at 0x0000024685534B80>) completed
2026-03-03 09:44:58,112 - aiosqlite - DEBUG - executing functools.partial(<built-in method rollback of sqlite3.Connection object at 0x0000024685534B80>)
2026-03-03 09:44:58,112 - aiosqlite - DEBUG - operation functools.partial(<built-in method rollback of sqlite3.Connection object at 0x0000024685534B80>) completed
2026-03-03 09:44:58,113 - aiosqlite - DEBUG - executing functools.partial(<built-in method close of sqlite3.Connection object at 0x0000024685534B80>)
2026-03-03 09:44:58,113 - aiosqlite - DEBUG - operation functools.partial(<built-in method close of sqlite3.Connection object at 0x0000024685534B80>) completed
2026-03-03 09:45:13,337 - core.database - DEBUG - [DB_OP] Starting get_db session creation
2026-03-03 09:45:13,337 - core.database - DEBUG - [DB_OP] Database session created successfully in 0.0000s
2026-03-03 09:45:13,338 - routers.products - DEBUG - Querying productss: query=None, sort=None, skip=0, limit=1000, fields=None
2026-03-03 09:45:13,338 - aiosqlite - DEBUG - executing <function connect.<locals>.connector at 0x00000246855213A0>
2026-03-03 09:45:13,339 - aiosqlite - DEBUG - operation <function connect.<locals>.connector at 0x00000246855213A0> completed
2026-03-03 09:45:13,339 - aiosqlite - DEBUG - executing functools.partial(<built-in method create_function of sqlite3.Connection object at 0x0000024685534B80>, 'regexp', 2, <function SQLiteDialect_pysqlite.on_connect.<locals>.regexp at 0x00000246854C8FE0>, deterministic=True)
2026-03-03 09:45:13,339 - aiosqlite - DEBUG - operation functools.partial(<built-in method create_function of sqlite3.Connection object at 0x0000024685534B80>, 'regexp', 2, <function SQLiteDialect_pysqlite.on_connect.<locals>.regexp at 0x00000246854C8FE0>, deterministic=True) completed
2026-03-03 09:45:13,340 - aiosqlite - DEBUG - executing functools.partial(<built-in method create_function of sqlite3.Connection object at 0x0000024685534B80>, 'floor', 1, <built-in function floor>, deterministic=True)
2026-03-03 09:45:13,340 - aiosqlite - DEBUG - operation functools.partial(<built-in method create_function of sqlite3.Connection object at 0x0000024685534B80>, 'floor', 1, <built-in function floor>, deterministic=True) completed
2026-03-03 09:45:13,341 - aiosqlite - DEBUG - executing functools.partial(<built-in method cursor of sqlite3.Connection object at 0x0000024685534B80>)
2026-03-03 09:45:13,341 - aiosqlite - DEBUG - operation functools.partial(<built-in method cursor of sqlite3.Connection object at 0x0000024685534B80>) completed
2026-03-03 09:45:13,342 - aiosqlite - DEBUG - executing functools.partial(<built-in method execute of sqlite3.Cursor object at 0x000002468554AD40>, 'SELECT count(products.id) AS count_1 \nFROM products', ())
2026-03-03 09:45:13,342 - aiosqlite - DEBUG - operation functools.partial(<built-in method execute of sqlite3.Cursor object at 0x000002468554AD40>, 'SELECT count(products.id) AS count_1 \nFROM products', ()) completed
2026-03-03 09:45:13,343 - aiosqlite - DEBUG - executing functools.partial(<built-in method fetchall of sqlite3.Cursor object at 0x000002468554AD40>)
2026-03-03 09:45:13,343 - aiosqlite - DEBUG - operation functools.partial(<built-in method fetchall of sqlite3.Cursor object at 0x000002468554AD40>) completed
2026-03-03 09:45:13,344 - aiosqlite - DEBUG - executing functools.partial(<built-in method close of sqlite3.Cursor object at 0x000002468554AD40>)
2026-03-03 09:45:13,344 - aiosqlite - DEBUG - operation functools.partial(<built-in method close of sqlite3.Cursor object at 0x000002468554AD40>) completed
2026-03-03 09:45:13,345 - aiosqlite - DEBUG - executing functools.partial(<built-in method cursor of sqlite3.Connection object at 0x0000024685534B80>)
2026-03-03 09:45:13,346 - aiosqlite - DEBUG - operation functools.partial(<built-in method cursor of sqlite3.Connection object at 0x0000024685534B80>) completed
2026-03-03 09:45:13,346 - aiosqlite - DEBUG - executing functools.partial(<built-in method execute of sqlite3.Cursor object at 0x000002468554AD40>, 'SELECT products.id, products.name, products.description, products.price, products.image, products.category, products.size, products.color, products.stock, products.created_at \nFROM products ORDER BY products.id DESC\n LIMIT ? OFFSET ?', (1000, 0))
2026-03-03 09:45:13,347 - aiosqlite - DEBUG - operation functools.partial(<built-in method execute of sqlite3.Cursor object at 0x000002468554AD40>, 'SELECT products.id, products.name, products.description, products.price, products.image, products.category, products.size, products.color, products.stock, products.created_at \nFROM products ORDER BY products.id DESC\n LIMIT ? OFFSET ?', (1000, 0)) completed
2026-03-03 09:45:13,348 - aiosqlite - DEBUG - executing functools.partial(<built-in method fetchall of sqlite3.Cursor object at 0x000002468554AD40>)
2026-03-03 09:45:13,348 - aiosqlite - DEBUG - operation functools.partial(<built-in method fetchall of sqlite3.Cursor object at 0x000002468554AD40>) completed
2026-03-03 09:45:13,349 - aiosqlite - DEBUG - executing functools.partial(<built-in method close of sqlite3.Cursor object at 0x000002468554AD40>)
2026-03-03 09:45:13,349 - aiosqlite - DEBUG - operation functools.partial(<built-in method close of sqlite3.Cursor object at 0x000002468554AD40>) completed
2026-03-03 09:45:13,349 - routers.products - DEBUG - Found 14 productss
2026-03-03 09:45:13,350 - core.database - DEBUG - [DB_OP] Database session cleanup after 0.0130s
2026-03-03 09:45:13,350 - aiosqlite - DEBUG - executing functools.partial(<built-in method rollback of sqlite3.Connection object at 0x0000024685534B80>)
2026-03-03 09:45:13,350 - aiosqlite - DEBUG - operation functools.partial(<built-in method rollback of sqlite3.Connection object at 0x0000024685534B80>) completed
2026-03-03 09:45:13,351 - aiosqlite - DEBUG - executing functools.partial(<built-in method rollback of sqlite3.Connection object at 0x0000024685534B80>)
2026-03-03 09:45:13,351 - aiosqlite - DEBUG - operation functools.partial(<built-in method rollback of sqlite3.Connection object at 0x0000024685534B80>) completed
2026-03-03 09:45:13,351 - aiosqlite - DEBUG - executing functools.partial(<built-in method close of sqlite3.Connection object at 0x0000024685534B80>)
2026-03-03 09:45:13,352 - aiosqlite - DEBUG - operation functools.partial(<built-in method close of sqlite3.Connection object at 0x0000024685534B80>) completed
2026-03-03 09:55:07,079 - core.database - DEBUG - [DB_OP] Starting get_db session creation
2026-03-03 09:55:07,079 - core.database - DEBUG - [DB_OP] Database session created successfully in 0.0000s
2026-03-03 09:55:07,080 - routers.products - DEBUG - Querying productss: query=None, sort=None, skip=0, limit=1000, fields=None
2026-03-03 09:55:07,081 - aiosqlite - DEBUG - executing <function connect.<locals>.connector at 0x0000024685521760>
2026-03-03 09:55:07,081 - aiosqlite - DEBUG - operation <function connect.<locals>.connector at 0x0000024685521760> completed
2026-03-03 09:55:07,082 - aiosqlite - DEBUG - executing functools.partial(<built-in method create_function of sqlite3.Connection object at 0x0000024685534B80>, 'regexp', 2, <function SQLiteDialect_pysqlite.on_connect.<locals>.regexp at 0x00000246854C8FE0>, deterministic=True)
2026-03-03 09:55:07,082 - aiosqlite - DEBUG - operation functools.partial(<built-in method create_function of sqlite3.Connection object at 0x0000024685534B80>, 'regexp', 2, <function SQLiteDialect_pysqlite.on_connect.<locals>.regexp at 0x00000246854C8FE0>, deterministic=True) completed
2026-03-03 09:55:07,082 - aiosqlite - DEBUG - executing functools.partial(<built-in method create_function of sqlite3.Connection object at 0x0000024685534B80>, 'floor', 1, <built-in function floor>, deterministic=True)
2026-03-03 09:55:07,082 - aiosqlite - DEBUG - operation functools.partial(<built-in method create_function of sqlite3.Connection object at 0x0000024685534B80>, 'floor', 1, <built-in function floor>, deterministic=True) completed
2026-03-03 09:55:07,083 - aiosqlite - DEBUG - executing functools.partial(<built-in method cursor of sqlite3.Connection object at 0x0000024685534B80>)
2026-03-03 09:55:07,083 - aiosqlite - DEBUG - operation functools.partial(<built-in method cursor of sqlite3.Connection object at 0x0000024685534B80>) completed
2026-03-03 09:55:07,084 - aiosqlite - DEBUG - executing functools.partial(<built-in method execute of sqlite3.Cursor object at 0x000002468554AD40>, 'SELECT count(products.id) AS count_1 \nFROM products', ())
2026-03-03 09:55:07,085 - aiosqlite - DEBUG - operation functools.partial(<built-in method execute of sqlite3.Cursor object at 0x000002468554AD40>, 'SELECT count(products.id) AS count_1 \nFROM products', ()) completed
2026-03-03 09:55:07,086 - aiosqlite - DEBUG - executing functools.partial(<built-in method fetchall of sqlite3.Cursor object at 0x000002468554AD40>)
2026-03-03 09:55:07,086 - aiosqlite - DEBUG - operation functools.partial(<built-in method fetchall of sqlite3.Cursor object at 0x000002468554AD40>) completed
2026-03-03 09:55:07,086 - aiosqlite - DEBUG - executing functools.partial(<built-in method close of sqlite3.Cursor object at 0x000002468554AD40>)
2026-03-03 09:55:07,087 - aiosqlite - DEBUG - operation functools.partial(<built-in method close of sqlite3.Cursor object at 0x000002468554AD40>) completed
2026-03-03 09:55:07,088 - aiosqlite - DEBUG - executing functools.partial(<built-in method cursor of sqlite3.Connection object at 0x0000024685534B80>)
2026-03-03 09:55:07,088 - aiosqlite - DEBUG - operation functools.partial(<built-in method cursor of sqlite3.Connection object at 0x0000024685534B80>) completed
2026-03-03 09:55:07,088 - aiosqlite - DEBUG - executing functools.partial(<built-in method execute of sqlite3.Cursor object at 0x000002468554AD40>, 'SELECT products.id, products.name, products.description, products.price, products.image, products.category, products.size, products.color, products.stock, products.created_at \nFROM products ORDER BY products.id DESC\n LIMIT ? OFFSET ?', (1000, 0))
2026-03-03 09:55:07,089 - aiosqlite - DEBUG - operation functools.partial(<built-in method execute of sqlite3.Cursor object at 0x000002468554AD40>, 'SELECT products.id, products.name, products.description, products.price, products.image, products.category, products.size, products.color, products.stock, products.created_at \nFROM products ORDER BY products.id DESC\n LIMIT ? OFFSET ?', (1000, 0)) completed
2026-03-03 09:55:07,089 - aiosqlite - DEBUG - executing functools.partial(<built-in method fetchall of sqlite3.Cursor object at 0x000002468554AD40>)
2026-03-03 09:55:07,090 - aiosqlite - DEBUG - operation functools.partial(<built-in method fetchall of sqlite3.Cursor object at 0x000002468554AD40>) completed
2026-03-03 09:55:07,090 - aiosqlite - DEBUG - executing functools.partial(<built-in method close of sqlite3.Cursor object at 0x000002468554AD40>)
2026-03-03 09:55:07,091 - aiosqlite - DEBUG - operation functools.partial(<built-in method close of sqlite3.Cursor object at 0x000002468554AD40>) completed
2026-03-03 09:55:07,092 - routers.products - DEBUG - Found 14 productss
2026-03-03 09:55:07,092 - core.database - DEBUG - [DB_OP] Database session cleanup after 0.0135s
2026-03-03 09:55:07,093 - aiosqlite - DEBUG - executing functools.partial(<built-in method rollback of sqlite3.Connection object at 0x0000024685534B80>)
2026-03-03 09:55:07,093 - aiosqlite - DEBUG - operation functools.partial(<built-in method rollback of sqlite3.Connection object at 0x0000024685534B80>) completed
2026-03-03 09:55:07,093 - aiosqlite - DEBUG - executing functools.partial(<built-in method rollback of sqlite3.Connection object at 0x0000024685534B80>)
2026-03-03 09:55:07,093 - aiosqlite - DEBUG - operation functools.partial(<built-in method rollback of sqlite3.Connection object at 0x0000024685534B80>) completed
2026-03-03 09:55:07,094 - aiosqlite - DEBUG - executing functools.partial(<built-in method close of sqlite3.Connection object at 0x0000024685534B80>)
2026-03-03 09:55:07,094 - aiosqlite - DEBUG - operation functools.partial(<built-in method close of sqlite3.Connection object at 0x0000024685534B80>) completed
2026-03-03 09:55:14,877 - core.database - DEBUG - [DB_OP] Starting get_db session creation
2026-03-03 09:55:14,877 - core.database - DEBUG - [DB_OP] Database session created successfully in 0.0000s
2026-03-03 09:55:14,878 - routers.products - DEBUG - Querying productss: query=None, sort=None, skip=0, limit=1000, fields=None
2026-03-03 09:55:14,878 - aiosqlite - DEBUG - executing <function connect.<locals>.connector at 0x0000024685521580>
2026-03-03 09:55:14,879 - aiosqlite - DEBUG - operation <function connect.<locals>.connector at 0x0000024685521580> completed
2026-03-03 09:55:14,879 - aiosqlite - DEBUG - executing functools.partial(<built-in method create_function of sqlite3.Connection object at 0x0000024685534C70>, 'regexp', 2, <function SQLiteDialect_pysqlite.on_connect.<locals>.regexp at 0x00000246854C8FE0>, deterministic=True)
2026-03-03 09:55:14,879 - aiosqlite - DEBUG - operation functools.partial(<built-in method create_function of sqlite3.Connection object at 0x0000024685534C70>, 'regexp', 2, <function SQLiteDialect_pysqlite.on_connect.<locals>.regexp at 0x00000246854C8FE0>, deterministic=True) completed
2026-03-03 09:55:14,879 - aiosqlite - DEBUG - executing functools.partial(<built-in method create_function of sqlite3.Connection object at 0x0000024685534C70>, 'floor', 1, <built-in function floor>, deterministic=True)
2026-03-03 09:55:14,880 - aiosqlite - DEBUG - operation functools.partial(<built-in method create_function of sqlite3.Connection object at 0x0000024685534C70>, 'floor', 1, <built-in function floor>, deterministic=True) completed
2026-03-03 09:55:14,880 - aiosqlite - DEBUG - executing functools.partial(<built-in method cursor of sqlite3.Connection object at 0x0000024685534C70>)
2026-03-03 09:55:14,880 - aiosqlite - DEBUG - operation functools.partial(<built-in method cursor of sqlite3.Connection object at 0x0000024685534C70>) completed
2026-03-03 09:55:14,881 - aiosqlite - DEBUG - executing functools.partial(<built-in method execute of sqlite3.Cursor object at 0x0000024685549F40>, 'SELECT count(products.id) AS count_1 \nFROM products', ())
2026-03-03 09:55:14,881 - aiosqlite - DEBUG - operation functools.partial(<built-in method execute of sqlite3.Cursor object at 0x0000024685549F40>, 'SELECT count(products.id) AS count_1 \nFROM products', ()) completed
2026-03-03 09:55:14,882 - aiosqlite - DEBUG - executing functools.partial(<built-in method fetchall of sqlite3.Cursor object at 0x0000024685549F40>)
2026-03-03 09:55:14,882 - aiosqlite - DEBUG - operation functools.partial(<built-in method fetchall of sqlite3.Cursor object at 0x0000024685549F40>) completed
2026-03-03 09:55:14,882 - aiosqlite - DEBUG - executing functools.partial(<built-in method close of sqlite3.Cursor object at 0x0000024685549F40>)
2026-03-03 09:55:14,883 - aiosqlite - DEBUG - operation functools.partial(<built-in method close of sqlite3.Cursor object at 0x0000024685549F40>) completed
2026-03-03 09:55:14,883 - aiosqlite - DEBUG - executing functools.partial(<built-in method cursor of sqlite3.Connection object at 0x0000024685534C70>)
2026-03-03 09:55:14,884 - aiosqlite - DEBUG - operation functools.partial(<built-in method cursor of sqlite3.Connection object at 0x0000024685534C70>) completed
2026-03-03 09:55:14,884 - aiosqlite - DEBUG - executing functools.partial(<built-in method execute of sqlite3.Cursor object at 0x0000024685549F40>, 'SELECT products.id, products.name, products.description, products.price, products.image, products.category, products.size, products.color, products.stock, products.created_at \nFROM products ORDER BY products.id DESC\n LIMIT ? OFFSET ?', (1000, 0))
2026-03-03 09:55:14,885 - aiosqlite - DEBUG - operation functools.partial(<built-in method execute of sqlite3.Cursor object at 0x0000024685549F40>, 'SELECT products.id, products.name, products.description, products.price, products.image, products.category, products.size, products.color, products.stock, products.created_at \nFROM products ORDER BY products.id DESC\n LIMIT ? OFFSET ?', (1000, 0)) completed
2026-03-03 09:55:14,885 - aiosqlite - DEBUG - executing functools.partial(<built-in method fetchall of sqlite3.Cursor object at 0x0000024685549F40>)
2026-03-03 09:55:14,886 - aiosqlite - DEBUG - operation functools.partial(<built-in method fetchall of sqlite3.Cursor object at 0x0000024685549F40>) completed
2026-03-03 09:55:14,886 - aiosqlite - DEBUG - executing functools.partial(<built-in method close of sqlite3.Cursor object at 0x0000024685549F40>)
2026-03-03 09:55:14,886 - aiosqlite - DEBUG - operation functools.partial(<built-in method close of sqlite3.Cursor object at 0x0000024685549F40>) completed
2026-03-03 09:55:14,887 - routers.products - DEBUG - Found 14 productss
2026-03-03 09:55:14,887 - core.database - DEBUG - [DB_OP] Database session cleanup after 0.0100s
2026-03-03 09:55:14,887 - aiosqlite - DEBUG - executing functools.partial(<built-in method rollback of sqlite3.Connection object at 0x0000024685534C70>)
2026-03-03 09:55:14,888 - aiosqlite - DEBUG - operation functools.partial(<built-in method rollback of sqlite3.Connection object at 0x0000024685534C70>) completed
2026-03-03 09:55:14,888 - aiosqlite - DEBUG - executing functools.partial(<built-in method rollback of sqlite3.Connection object at 0x0000024685534C70>)
2026-03-03 09:55:14,888 - aiosqlite - DEBUG - operation functools.partial(<built-in method rollback of sqlite3.Connection object at 0x0000024685534C70>) completed
2026-03-03 09:55:14,889 - aiosqlite - DEBUG - executing functools.partial(<built-in method close of sqlite3.Connection object at 0x0000024685534C70>)
2026-03-03 09:55:14,889 - aiosqlite - DEBUG - operation functools.partial(<built-in method close of sqlite3.Connection object at 0x0000024685534C70>) completed
2026-03-03 09:55:28,123 - core.database - DEBUG - [DB_OP] Starting get_db session creation
2026-03-03 09:55:28,123 - core.database - DEBUG - [DB_OP] Database session created successfully in 0.0000s
2026-03-03 09:55:28,124 - routers.products - DEBUG - Querying productss: query=None, sort=None, skip=0, limit=1000, fields=None
2026-03-03 09:55:28,124 - aiosqlite - DEBUG - executing <function connect.<locals>.connector at 0x00000246854C9F80>
2026-03-03 09:55:28,125 - aiosqlite - DEBUG - operation <function connect.<locals>.connector at 0x00000246854C9F80> completed
2026-03-03 09:55:28,125 - aiosqlite - DEBUG - executing functools.partial(<built-in method create_function of sqlite3.Connection object at 0x0000024685534C70>, 'regexp', 2, <function SQLiteDialect_pysqlite.on_connect.<locals>.regexp at 0x00000246854C8FE0>, deterministic=True)
2026-03-03 09:55:28,125 - aiosqlite - DEBUG - operation functools.partial(<built-in method create_function of sqlite3.Connection object at 0x0000024685534C70>, 'regexp', 2, <function SQLiteDialect_pysqlite.on_connect.<locals>.regexp at 0x00000246854C8FE0>, deterministic=True) completed
2026-03-03 09:55:28,126 - aiosqlite - DEBUG - executing functools.partial(<built-in method create_function of sqlite3.Connection object at 0x0000024685534C70>, 'floor', 1, <built-in function floor>, deterministic=True)
2026-03-03 09:55:28,126 - aiosqlite - DEBUG - operation functools.partial(<built-in method create_function of sqlite3.Connection object at 0x0000024685534C70>, 'floor', 1, <built-in function floor>, deterministic=True) completed
2026-03-03 09:55:28,126 - aiosqlite - DEBUG - executing functools.partial(<built-in method cursor of sqlite3.Connection object at 0x0000024685534C70>)
2026-03-03 09:55:28,127 - aiosqlite - DEBUG - operation functools.partial(<built-in method cursor of sqlite3.Connection object at 0x0000024685534C70>) completed
2026-03-03 09:55:28,127 - aiosqlite - DEBUG - executing functools.partial(<built-in method execute of sqlite3.Cursor object at 0x000002468554A640>, 'SELECT count(products.id) AS count_1 \nFROM products', ())
2026-03-03 09:55:28,127 - aiosqlite - DEBUG - operation functools.partial(<built-in method execute of sqlite3.Cursor object at 0x000002468554A640>, 'SELECT count(products.id) AS count_1 \nFROM products', ()) completed
2026-03-03 09:55:28,128 - aiosqlite - DEBUG - executing functools.partial(<built-in method fetchall of sqlite3.Cursor object at 0x000002468554A640>)
2026-03-03 09:55:28,128 - aiosqlite - DEBUG - operation functools.partial(<built-in method fetchall of sqlite3.Cursor object at 0x000002468554A640>) completed
2026-03-03 09:55:28,128 - aiosqlite - DEBUG - executing functools.partial(<built-in method close of sqlite3.Cursor object at 0x000002468554A640>)
2026-03-03 09:55:28,128 - aiosqlite - DEBUG - operation functools.partial(<built-in method close of sqlite3.Cursor object at 0x000002468554A640>) completed
2026-03-03 09:55:28,129 - aiosqlite - DEBUG - executing functools.partial(<built-in method cursor of sqlite3.Connection object at 0x0000024685534C70>)
2026-03-03 09:55:28,129 - aiosqlite - DEBUG - operation functools.partial(<built-in method cursor of sqlite3.Connection object at 0x0000024685534C70>) completed
2026-03-03 09:55:28,130 - aiosqlite - DEBUG - executing functools.partial(<built-in method execute of sqlite3.Cursor object at 0x000002468554A640>, 'SELECT products.id, products.name, products.description, products.price, products.image, products.category, products.size, products.color, products.stock, products.created_at \nFROM products ORDER BY products.id DESC\n LIMIT ? OFFSET ?', (1000, 0))
2026-03-03 09:55:28,130 - aiosqlite - DEBUG - operation functools.partial(<built-in method execute of sqlite3.Cursor object at 0x000002468554A640>, 'SELECT products.id, products.name, products.description, products.price, products.image, products.category, products.size, products.color, products.stock, products.created_at \nFROM products ORDER BY products.id DESC\n LIMIT ? OFFSET ?', (1000, 0)) completed
2026-03-03 09:55:28,130 - aiosqlite - DEBUG - executing functools.partial(<built-in method fetchall of sqlite3.Cursor object at 0x000002468554A640>)
2026-03-03 09:55:28,131 - aiosqlite - DEBUG - operation functools.partial(<built-in method fetchall of sqlite3.Cursor object at 0x000002468554A640>) completed
2026-03-03 09:55:28,131 - aiosqlite - DEBUG - executing functools.partial(<built-in method close of sqlite3.Cursor object at 0x000002468554A640>)
2026-03-03 09:55:28,131 - aiosqlite - DEBUG - operation functools.partial(<built-in method close of sqlite3.Cursor object at 0x000002468554A640>) completed
2026-03-03 09:55:28,132 - routers.products - DEBUG - Found 14 productss
2026-03-03 09:55:28,132 - core.database - DEBUG - [DB_OP] Database session cleanup after 0.0090s
2026-03-03 09:55:28,132 - aiosqlite - DEBUG - executing functools.partial(<built-in method rollback of sqlite3.Connection object at 0x0000024685534C70>)
2026-03-03 09:55:28,133 - aiosqlite - DEBUG - operation functools.partial(<built-in method rollback of sqlite3.Connection object at 0x0000024685534C70>) completed
2026-03-03 09:55:28,133 - aiosqlite - DEBUG - executing functools.partial(<built-in method rollback of sqlite3.Connection object at 0x0000024685534C70>)
2026-03-03 09:55:28,133 - aiosqlite - DEBUG - operation functools.partial(<built-in method rollback of sqlite3.Connection object at 0x0000024685534C70>) completed
2026-03-03 09:55:28,133 - aiosqlite - DEBUG - executing functools.partial(<built-in method close of sqlite3.Connection object at 0x0000024685534C70>)
2026-03-03 09:55:28,134 - aiosqlite - DEBUG - operation functools.partial(<built-in method close of sqlite3.Connection object at 0x0000024685534C70>) completed
2026-03-03 09:56:54,705 - core.database - DEBUG - [DB_OP] Starting get_db session creation
2026-03-03 09:56:54,705 - core.database - DEBUG - [DB_OP] Database session created successfully in 0.0000s
2026-03-03 09:56:54,705 - routers.products - DEBUG - Querying productss: query=None, sort=None, skip=0, limit=1000, fields=None
2026-03-03 09:56:54,706 - aiosqlite - DEBUG - executing <function connect.<locals>.connector at 0x00000246854CADE0>
2026-03-03 09:56:54,706 - aiosqlite - DEBUG - operation <function connect.<locals>.connector at 0x00000246854CADE0> completed
2026-03-03 09:56:54,707 - aiosqlite - DEBUG - executing functools.partial(<built-in method create_function of sqlite3.Connection object at 0x0000024685534C70>, 'regexp', 2, <function SQLiteDialect_pysqlite.on_connect.<locals>.regexp at 0x00000246854C8FE0>, deterministic=True)
2026-03-03 09:56:54,707 - aiosqlite - DEBUG - operation functools.partial(<built-in method create_function of sqlite3.Connection object at 0x0000024685534C70>, 'regexp', 2, <function SQLiteDialect_pysqlite.on_connect.<locals>.regexp at 0x00000246854C8FE0>, deterministic=True) completed
2026-03-03 09:56:54,707 - aiosqlite - DEBUG - executing functools.partial(<built-in method create_function of sqlite3.Connection object at 0x0000024685534C70>, 'floor', 1, <built-in function floor>, deterministic=True)
2026-03-03 09:56:54,707 - aiosqlite - DEBUG - operation functools.partial(<built-in method create_function of sqlite3.Connection object at 0x0000024685534C70>, 'floor', 1, <built-in function floor>, deterministic=True) completed
2026-03-03 09:56:54,708 - aiosqlite - DEBUG - executing functools.partial(<built-in method cursor of sqlite3.Connection object at 0x0000024685534C70>)
2026-03-03 09:56:54,708 - aiosqlite - DEBUG - operation functools.partial(<built-in method cursor of sqlite3.Connection object at 0x0000024685534C70>) completed
2026-03-03 09:56:54,708 - aiosqlite - DEBUG - executing functools.partial(<built-in method execute of sqlite3.Cursor object at 0x000002468554A640>, 'SELECT count(products.id) AS count_1 \nFROM products', ())
2026-03-03 09:56:54,709 - aiosqlite - DEBUG - operation functools.partial(<built-in method execute of sqlite3.Cursor object at 0x000002468554A640>, 'SELECT count(products.id) AS count_1 \nFROM products', ()) completed
2026-03-03 09:56:54,709 - aiosqlite - DEBUG - executing functools.partial(<built-in method fetchall of sqlite3.Cursor object at 0x000002468554A640>)
2026-03-03 09:56:54,709 - aiosqlite - DEBUG - operation functools.partial(<built-in method fetchall of sqlite3.Cursor object at 0x000002468554A640>) completed
2026-03-03 09:56:54,710 - aiosqlite - DEBUG - executing functools.partial(<built-in method close of sqlite3.Cursor object at 0x000002468554A640>)
2026-03-03 09:56:54,710 - aiosqlite - DEBUG - operation functools.partial(<built-in method close of sqlite3.Cursor object at 0x000002468554A640>) completed
2026-03-03 09:56:54,711 - aiosqlite - DEBUG - executing functools.partial(<built-in method cursor of sqlite3.Connection object at 0x0000024685534C70>)
2026-03-03 09:56:54,711 - aiosqlite - DEBUG - operation functools.partial(<built-in method cursor of sqlite3.Connection object at 0x0000024685534C70>) completed
2026-03-03 09:56:54,711 - aiosqlite - DEBUG - executing functools.partial(<built-in method execute of sqlite3.Cursor object at 0x000002468554A640>, 'SELECT products.id, products.name, products.description, products.price, products.image, products.category, products.size, products.color, products.stock, products.created_at \nFROM products ORDER BY products.id DESC\n LIMIT ? OFFSET ?', (1000, 0))
2026-03-03 09:56:54,712 - aiosqlite - DEBUG - operation functools.partial(<built-in method execute of sqlite3.Cursor object at 0x000002468554A640>, 'SELECT products.id, products.name, products.description, products.price, products.image, products.category, products.size, products.color, products.stock, products.created_at \nFROM products ORDER BY products.id DESC\n LIMIT ? OFFSET ?', (1000, 0)) completed
2026-03-03 09:56:54,712 - aiosqlite - DEBUG - executing functools.partial(<built-in method fetchall of sqlite3.Cursor object at 0x000002468554A640>)
2026-03-03 09:56:54,713 - aiosqlite - DEBUG - operation functools.partial(<built-in method fetchall of sqlite3.Cursor object at 0x000002468554A640>) completed
2026-03-03 09:56:54,713 - aiosqlite - DEBUG - executing functools.partial(<built-in method close of sqlite3.Cursor object at 0x000002468554A640>)
2026-03-03 09:56:54,713 - aiosqlite - DEBUG - operation functools.partial(<built-in method close of sqlite3.Cursor object at 0x000002468554A640>) completed
2026-03-03 09:56:54,713 - routers.products - DEBUG - Found 14 productss
2026-03-03 09:56:54,714 - core.database - DEBUG - [DB_OP] Database session cleanup after 0.0091s
2026-03-03 09:56:54,714 - aiosqlite - DEBUG - executing functools.partial(<built-in method rollback of sqlite3.Connection object at 0x0000024685534C70>)
2026-03-03 09:56:54,714 - aiosqlite - DEBUG - operation functools.partial(<built-in method rollback of sqlite3.Connection object at 0x0000024685534C70>) completed
2026-03-03 09:56:54,715 - aiosqlite - DEBUG - executing functools.partial(<built-in method rollback of sqlite3.Connection object at 0x0000024685534C70>)
2026-03-03 09:56:54,715 - aiosqlite - DEBUG - operation functools.partial(<built-in method rollback of sqlite3.Connection object at 0x0000024685534C70>) completed
2026-03-03 09:56:54,715 - aiosqlite - DEBUG - executing functools.partial(<built-in method close of sqlite3.Connection object at 0x0000024685534C70>)
2026-03-03 09:56:54,715 - aiosqlite - DEBUG - operation functools.partial(<built-in method close of sqlite3.Connection object at 0x0000024685534C70>) completed
2026-03-03 09:56:55,277 - core.database - DEBUG - [DB_OP] Starting get_db session creation
2026-03-03 09:56:55,277 - core.database - DEBUG - [DB_OP] Database session created successfully in 0.0000s
2026-03-03 09:56:55,277 - routers.products - DEBUG - Querying productss: query=None, sort=None, skip=0, limit=1000, fields=None
2026-03-03 09:56:55,278 - aiosqlite - DEBUG - executing <function connect.<locals>.connector at 0x0000024685521300>
2026-03-03 09:56:55,278 - aiosqlite - DEBUG - operation <function connect.<locals>.connector at 0x0000024685521300> completed
2026-03-03 09:56:55,279 - aiosqlite - DEBUG - executing functools.partial(<built-in method create_function of sqlite3.Connection object at 0x0000024685534C70>, 'regexp', 2, <function SQLiteDialect_pysqlite.on_connect.<locals>.regexp at 0x00000246854C8FE0>, deterministic=True)
2026-03-03 09:56:55,279 - aiosqlite - DEBUG - operation functools.partial(<built-in method create_function of sqlite3.Connection object at 0x0000024685534C70>, 'regexp', 2, <function SQLiteDialect_pysqlite.on_connect.<locals>.regexp at 0x00000246854C8FE0>, deterministic=True) completed
2026-03-03 09:56:55,279 - aiosqlite - DEBUG - executing functools.partial(<built-in method create_function of sqlite3.Connection object at 0x0000024685534C70>, 'floor', 1, <built-in function floor>, deterministic=True)
2026-03-03 09:56:55,280 - aiosqlite - DEBUG - operation functools.partial(<built-in method create_function of sqlite3.Connection object at 0x0000024685534C70>, 'floor', 1, <built-in function floor>, deterministic=True) completed
2026-03-03 09:56:55,280 - aiosqlite - DEBUG - executing functools.partial(<built-in method cursor of sqlite3.Connection object at 0x0000024685534C70>)
2026-03-03 09:56:55,280 - aiosqlite - DEBUG - operation functools.partial(<built-in method cursor of sqlite3.Connection object at 0x0000024685534C70>) completed
2026-03-03 09:56:55,281 - aiosqlite - DEBUG - executing functools.partial(<built-in method execute of sqlite3.Cursor object at 0x000002468554AE40>, 'SELECT count(products.id) AS count_1 \nFROM products', ())
2026-03-03 09:56:55,281 - aiosqlite - DEBUG - operation functools.partial(<built-in method execute of sqlite3.Cursor object at 0x000002468554AE40>, 'SELECT count(products.id) AS count_1 \nFROM products', ()) completed
2026-03-03 09:56:55,281 - aiosqlite - DEBUG - executing functools.partial(<built-in method fetchall of sqlite3.Cursor object at 0x000002468554AE40>)
2026-03-03 09:56:55,281 - aiosqlite - DEBUG - operation functools.partial(<built-in method fetchall of sqlite3.Cursor object at 0x000002468554AE40>) completed
2026-03-03 09:56:55,282 - aiosqlite - DEBUG - executing functools.partial(<built-in method close of sqlite3.Cursor object at 0x000002468554AE40>)
2026-03-03 09:56:55,282 - aiosqlite - DEBUG - operation functools.partial(<built-in method close of sqlite3.Cursor object at 0x000002468554AE40>) completed
2026-03-03 09:56:55,283 - aiosqlite - DEBUG - executing functools.partial(<built-in method cursor of sqlite3.Connection object at 0x0000024685534C70>)
2026-03-03 09:56:55,283 - aiosqlite - DEBUG - operation functools.partial(<built-in method cursor of sqlite3.Connection object at 0x0000024685534C70>) completed
2026-03-03 09:56:55,283 - aiosqlite - DEBUG - executing functools.partial(<built-in method execute of sqlite3.Cursor object at 0x000002468554AE40>, 'SELECT products.id, products.name, products.description, products.price, products.image, products.category, products.size, products.color, products.stock, products.created_at \nFROM products ORDER BY products.id DESC\n LIMIT ? OFFSET ?', (1000, 0))
2026-03-03 09:56:55,284 - aiosqlite - DEBUG - operation functools.partial(<built-in method execute of sqlite3.Cursor object at 0x000002468554AE40>, 'SELECT products.id, products.name, products.description, products.price, products.image, products.category, products.size, products.color, products.stock, products.created_at \nFROM products ORDER BY products.id DESC\n LIMIT ? OFFSET ?', (1000, 0)) completed
2026-03-03 09:56:55,284 - aiosqlite - DEBUG - executing functools.partial(<built-in method fetchall of sqlite3.Cursor object at 0x000002468554AE40>)
2026-03-03 09:56:55,284 - aiosqlite - DEBUG - operation functools.partial(<built-in method fetchall of sqlite3.Cursor object at 0x000002468554AE40>) completed
2026-03-03 09:56:55,285 - aiosqlite - DEBUG - executing functools.partial(<built-in method close of sqlite3.Cursor object at 0x000002468554AE40>)
2026-03-03 09:56:55,285 - aiosqlite - DEBUG - operation functools.partial(<built-in method close of sqlite3.Cursor object at 0x000002468554AE40>) completed
2026-03-03 09:56:55,285 - routers.products - DEBUG - Found 14 productss
2026-03-03 09:56:55,286 - core.database - DEBUG - [DB_OP] Database session cleanup after 0.0090s
2026-03-03 09:56:55,286 - aiosqlite - DEBUG - executing functools.partial(<built-in method rollback of sqlite3.Connection object at 0x0000024685534C70>)
2026-03-03 09:56:55,286 - aiosqlite - DEBUG - operation functools.partial(<built-in method rollback of sqlite3.Connection object at 0x0000024685534C70>) completed
2026-03-03 09:56:55,287 - aiosqlite - DEBUG - executing functools.partial(<built-in method rollback of sqlite3.Connection object at 0x0000024685534C70>)
2026-03-03 09:56:55,287 - aiosqlite - DEBUG - operation functools.partial(<built-in method rollback of sqlite3.Connection object at 0x0000024685534C70>) completed
2026-03-03 09:56:55,287 - aiosqlite - DEBUG - executing functools.partial(<built-in method close of sqlite3.Connection object at 0x0000024685534C70>)
2026-03-03 09:56:55,288 - aiosqlite - DEBUG - operation functools.partial(<built-in method close of sqlite3.Connection object at 0x0000024685534C70>) completed
2026-03-03 09:56:55,823 - core.database - DEBUG - [DB_OP] Starting get_db session creation
2026-03-03 09:56:55,823 - core.database - DEBUG - [DB_OP] Database session created successfully in 0.0000s
2026-03-03 09:56:55,823 - routers.products - DEBUG - Querying productss: query=None, sort=None, skip=0, limit=1000, fields=None
2026-03-03 09:56:55,824 - aiosqlite - DEBUG - executing <function connect.<locals>.connector at 0x00000246854CBC40>
2026-03-03 09:56:55,824 - aiosqlite - DEBUG - operation <function connect.<locals>.connector at 0x00000246854CBC40> completed
2026-03-03 09:56:55,824 - aiosqlite - DEBUG - executing functools.partial(<built-in method create_function of sqlite3.Connection object at 0x0000024685534C70>, 'regexp', 2, <function SQLiteDialect_pysqlite.on_connect.<locals>.regexp at 0x00000246854C8FE0>, deterministic=True)
2026-03-03 09:56:55,825 - aiosqlite - DEBUG - operation functools.partial(<built-in method create_function of sqlite3.Connection object at 0x0000024685534C70>, 'regexp', 2, <function SQLiteDialect_pysqlite.on_connect.<locals>.regexp at 0x00000246854C8FE0>, deterministic=True) completed
2026-03-03 09:56:55,825 - aiosqlite - DEBUG - executing functools.partial(<built-in method create_function of sqlite3.Connection object at 0x0000024685534C70>, 'floor', 1, <built-in function floor>, deterministic=True)
2026-03-03 09:56:55,825 - aiosqlite - DEBUG - operation functools.partial(<built-in method create_function of sqlite3.Connection object at 0x0000024685534C70>, 'floor', 1, <built-in function floor>, deterministic=True) completed
2026-03-03 09:56:55,826 - aiosqlite - DEBUG - executing functools.partial(<built-in method cursor of sqlite3.Connection object at 0x0000024685534C70>)
2026-03-03 09:56:55,826 - aiosqlite - DEBUG - operation functools.partial(<built-in method cursor of sqlite3.Connection object at 0x0000024685534C70>) completed
2026-03-03 09:56:55,826 - aiosqlite - DEBUG - executing functools.partial(<built-in method execute of sqlite3.Cursor object at 0x000002468554A040>, 'SELECT count(products.id) AS count_1 \nFROM products', ())
2026-03-03 09:56:55,827 - aiosqlite - DEBUG - operation functools.partial(<built-in method execute of sqlite3.Cursor object at 0x000002468554A040>, 'SELECT count(products.id) AS count_1 \nFROM products', ()) completed
2026-03-03 09:56:55,827 - aiosqlite - DEBUG - executing functools.partial(<built-in method fetchall of sqlite3.Cursor object at 0x000002468554A040>)
2026-03-03 09:56:55,827 - aiosqlite - DEBUG - operation functools.partial(<built-in method fetchall of sqlite3.Cursor object at 0x000002468554A040>) completed
2026-03-03 09:56:55,827 - aiosqlite - DEBUG - executing functools.partial(<built-in method close of sqlite3.Cursor object at 0x000002468554A040>)
2026-03-03 09:56:55,828 - aiosqlite - DEBUG - operation functools.partial(<built-in method close of sqlite3.Cursor object at 0x000002468554A040>) completed
2026-03-03 09:56:55,828 - aiosqlite - DEBUG - executing functools.partial(<built-in method cursor of sqlite3.Connection object at 0x0000024685534C70>)
2026-03-03 09:56:55,828 - aiosqlite - DEBUG - operation functools.partial(<built-in method cursor of sqlite3.Connection object at 0x0000024685534C70>) completed
2026-03-03 09:56:55,829 - aiosqlite - DEBUG - executing functools.partial(<built-in method execute of sqlite3.Cursor object at 0x000002468554A040>, 'SELECT products.id, products.name, products.description, products.price, products.image, products.category, products.size, products.color, products.stock, products.created_at \nFROM products ORDER BY products.id DESC\n LIMIT ? OFFSET ?', (1000, 0))
2026-03-03 09:56:55,829 - aiosqlite - DEBUG - operation functools.partial(<built-in method execute of sqlite3.Cursor object at 0x000002468554A040>, 'SELECT products.id, products.name, products.description, products.price, products.image, products.category, products.size, products.color, products.stock, products.created_at \nFROM products ORDER BY products.id DESC\n LIMIT ? OFFSET ?', (1000, 0)) completed
2026-03-03 09:56:55,830 - aiosqlite - DEBUG - executing functools.partial(<built-in method fetchall of sqlite3.Cursor object at 0x000002468554A040>)
2026-03-03 09:56:55,830 - aiosqlite - DEBUG - operation functools.partial(<built-in method fetchall of sqlite3.Cursor object at 0x000002468554A040>) completed
2026-03-03 09:56:55,830 - aiosqlite - DEBUG - executing functools.partial(<built-in method close of sqlite3.Cursor object at 0x000002468554A040>)
2026-03-03 09:56:55,830 - aiosqlite - DEBUG - operation functools.partial(<built-in method close of sqlite3.Cursor object at 0x000002468554A040>) completed
2026-03-03 09:56:55,831 - routers.products - DEBUG - Found 14 productss
2026-03-03 09:56:55,831 - core.database - DEBUG - [DB_OP] Database session cleanup after 0.0080s
2026-03-03 09:56:55,832 - aiosqlite - DEBUG - executing functools.partial(<built-in method rollback of sqlite3.Connection object at 0x0000024685534C70>)
2026-03-03 09:56:55,832 - aiosqlite - DEBUG - operation functools.partial(<built-in method rollback of sqlite3.Connection object at 0x0000024685534C70>) completed
2026-03-03 09:56:55,832 - aiosqlite - DEBUG - executing functools.partial(<built-in method rollback of sqlite3.Connection object at 0x0000024685534C70>)
2026-03-03 09:56:55,832 - aiosqlite - DEBUG - operation functools.partial(<built-in method rollback of sqlite3.Connection object at 0x0000024685534C70>) completed
2026-03-03 09:56:55,833 - aiosqlite - DEBUG - executing functools.partial(<built-in method close of sqlite3.Connection object at 0x0000024685534C70>)
2026-03-03 09:56:55,833 - aiosqlite - DEBUG - operation functools.partial(<built-in method close of sqlite3.Connection object at 0x0000024685534C70>) completed
2026-03-03 09:56:57,836 - core.database - DEBUG - [DB_OP] Starting get_db session creation
2026-03-03 09:56:57,836 - core.database - DEBUG - [DB_OP] Database session created successfully in 0.0000s
2026-03-03 09:56:57,836 - routers.products - DEBUG - Querying productss: query=None, sort=None, skip=0, limit=1000, fields=None
2026-03-03 09:56:57,837 - aiosqlite - DEBUG - executing <function connect.<locals>.connector at 0x00000246854CBB00>
2026-03-03 09:56:57,837 - aiosqlite - DEBUG - operation <function connect.<locals>.connector at 0x00000246854CBB00> completed
2026-03-03 09:56:57,838 - aiosqlite - DEBUG - executing functools.partial(<built-in method create_function of sqlite3.Connection object at 0x0000024685534C70>, 'regexp', 2, <function SQLiteDialect_pysqlite.on_connect.<locals>.regexp at 0x00000246854C8FE0>, deterministic=True)
2026-03-03 09:56:57,838 - aiosqlite - DEBUG - operation functools.partial(<built-in method create_function of sqlite3.Connection object at 0x0000024685534C70>, 'regexp', 2, <function SQLiteDialect_pysqlite.on_connect.<locals>.regexp at 0x00000246854C8FE0>, deterministic=True) completed
2026-03-03 09:56:57,838 - aiosqlite - DEBUG - executing functools.partial(<built-in method create_function of sqlite3.Connection object at 0x0000024685534C70>, 'floor', 1, <built-in function floor>, deterministic=True)
2026-03-03 09:56:57,838 - aiosqlite - DEBUG - operation functools.partial(<built-in method create_function of sqlite3.Connection object at 0x0000024685534C70>, 'floor', 1, <built-in function floor>, deterministic=True) completed
2026-03-03 09:56:57,839 - aiosqlite - DEBUG - executing functools.partial(<built-in method cursor of sqlite3.Connection object at 0x0000024685534C70>)
2026-03-03 09:56:57,839 - aiosqlite - DEBUG - operation functools.partial(<built-in method cursor of sqlite3.Connection object at 0x0000024685534C70>) completed
2026-03-03 09:56:57,839 - aiosqlite - DEBUG - executing functools.partial(<built-in method execute of sqlite3.Cursor object at 0x000002468554A0C0>, 'SELECT count(products.id) AS count_1 \nFROM products', ())
2026-03-03 09:56:57,840 - aiosqlite - DEBUG - operation functools.partial(<built-in method execute of sqlite3.Cursor object at 0x000002468554A0C0>, 'SELECT count(products.id) AS count_1 \nFROM products', ()) completed
2026-03-03 09:56:57,840 - aiosqlite - DEBUG - executing functools.partial(<built-in method fetchall of sqlite3.Cursor object at 0x000002468554A0C0>)
2026-03-03 09:56:57,840 - aiosqlite - DEBUG - operation functools.partial(<built-in method fetchall of sqlite3.Cursor object at 0x000002468554A0C0>) completed
2026-03-03 09:56:57,840 - aiosqlite - DEBUG - executing functools.partial(<built-in method close of sqlite3.Cursor object at 0x000002468554A0C0>)
2026-03-03 09:56:57,841 - aiosqlite - DEBUG - operation functools.partial(<built-in method close of sqlite3.Cursor object at 0x000002468554A0C0>) completed
2026-03-03 09:56:57,842 - aiosqlite - DEBUG - executing functools.partial(<built-in method cursor of sqlite3.Connection object at 0x0000024685534C70>)
2026-03-03 09:56:57,842 - aiosqlite - DEBUG - operation functools.partial(<built-in method cursor of sqlite3.Connection object at 0x0000024685534C70>) completed
2026-03-03 09:56:57,843 - aiosqlite - DEBUG - executing functools.partial(<built-in method execute of sqlite3.Cursor object at 0x000002468554A0C0>, 'SELECT products.id, products.name, products.description, products.price, products.image, products.category, products.size, products.color, products.stock, products.created_at \nFROM products ORDER BY products.id DESC\n LIMIT ? OFFSET ?', (1000, 0))
2026-03-03 09:56:57,843 - aiosqlite - DEBUG - operation functools.partial(<built-in method execute of sqlite3.Cursor object at 0x000002468554A0C0>, 'SELECT products.id, products.name, products.description, products.price, products.image, products.category, products.size, products.color, products.stock, products.created_at \nFROM products ORDER BY products.id DESC\n LIMIT ? OFFSET ?', (1000, 0)) completed
2026-03-03 09:56:57,843 - aiosqlite - DEBUG - executing functools.partial(<built-in method fetchall of sqlite3.Cursor object at 0x000002468554A0C0>)
2026-03-03 09:56:57,844 - aiosqlite - DEBUG - operation functools.partial(<built-in method fetchall of sqlite3.Cursor object at 0x000002468554A0C0>) completed
2026-03-03 09:56:57,844 - aiosqlite - DEBUG - executing functools.partial(<built-in method close of sqlite3.Cursor object at 0x000002468554A0C0>)
2026-03-03 09:56:57,844 - aiosqlite - DEBUG - operation functools.partial(<built-in method close of sqlite3.Cursor object at 0x000002468554A0C0>) completed
2026-03-03 09:56:57,844 - routers.products - DEBUG - Found 14 productss
2026-03-03 09:56:57,845 - core.database - DEBUG - [DB_OP] Database session cleanup after 0.0090s
2026-03-03 09:56:57,845 - aiosqlite - DEBUG - executing functools.partial(<built-in method rollback of sqlite3.Connection object at 0x0000024685534C70>)
2026-03-03 09:56:57,845 - aiosqlite - DEBUG - operation functools.partial(<built-in method rollback of sqlite3.Connection object at 0x0000024685534C70>) completed
2026-03-03 09:56:57,846 - aiosqlite - DEBUG - executing functools.partial(<built-in method rollback of sqlite3.Connection object at 0x0000024685534C70>)
2026-03-03 09:56:57,846 - aiosqlite - DEBUG - operation functools.partial(<built-in method rollback of sqlite3.Connection object at 0x0000024685534C70>) completed
2026-03-03 09:56:57,846 - aiosqlite - DEBUG - executing functools.partial(<built-in method close of sqlite3.Connection object at 0x0000024685534C70>)
2026-03-03 09:56:57,846 - aiosqlite - DEBUG - operation functools.partial(<built-in method close of sqlite3.Connection object at 0x0000024685534C70>) completed
2026-03-03 09:56:58,221 - core.database - DEBUG - [DB_OP] Starting get_db session creation
2026-03-03 09:56:58,222 - core.database - DEBUG - [DB_OP] Database session created successfully in 0.0011s
2026-03-03 09:56:58,223 - routers.products - DEBUG - Querying productss: query=None, sort=None, skip=0, limit=1000, fields=None
2026-03-03 09:56:58,225 - aiosqlite - DEBUG - executing <function connect.<locals>.connector at 0x00000246855211C0>
2026-03-03 09:56:58,225 - aiosqlite - DEBUG - operation <function connect.<locals>.connector at 0x00000246855211C0> completed
2026-03-03 09:56:58,225 - aiosqlite - DEBUG - executing functools.partial(<built-in method create_function of sqlite3.Connection object at 0x0000024685534C70>, 'regexp', 2, <function SQLiteDialect_pysqlite.on_connect.<locals>.regexp at 0x00000246854C8FE0>, deterministic=True)
2026-03-03 09:56:58,226 - aiosqlite - DEBUG - operation functools.partial(<built-in method create_function of sqlite3.Connection object at 0x0000024685534C70>, 'regexp', 2, <function SQLiteDialect_pysqlite.on_connect.<locals>.regexp at 0x00000246854C8FE0>, deterministic=True) completed
2026-03-03 09:56:58,226 - aiosqlite - DEBUG - executing functools.partial(<built-in method create_function of sqlite3.Connection object at 0x0000024685534C70>, 'floor', 1, <built-in function floor>, deterministic=True)
2026-03-03 09:56:58,226 - aiosqlite - DEBUG - operation functools.partial(<built-in method create_function of sqlite3.Connection object at 0x0000024685534C70>, 'floor', 1, <built-in function floor>, deterministic=True) completed
2026-03-03 09:56:58,227 - aiosqlite - DEBUG - executing functools.partial(<built-in method cursor of sqlite3.Connection object at 0x0000024685534C70>)
2026-03-03 09:56:58,227 - aiosqlite - DEBUG - operation functools.partial(<built-in method cursor of sqlite3.Connection object at 0x0000024685534C70>) completed
2026-03-03 09:56:58,227 - aiosqlite - DEBUG - executing functools.partial(<built-in method execute of sqlite3.Cursor object at 0x0000024685549440>, 'SELECT count(products.id) AS count_1 \nFROM products', ())
2026-03-03 09:56:58,228 - aiosqlite - DEBUG - operation functools.partial(<built-in method execute of sqlite3.Cursor object at 0x0000024685549440>, 'SELECT count(products.id) AS count_1 \nFROM products', ()) completed
2026-03-03 09:56:58,229 - aiosqlite - DEBUG - executing functools.partial(<built-in method fetchall of sqlite3.Cursor object at 0x0000024685549440>)
2026-03-03 09:56:58,229 - aiosqlite - DEBUG - operation functools.partial(<built-in method fetchall of sqlite3.Cursor object at 0x0000024685549440>) completed
2026-03-03 09:56:58,229 - aiosqlite - DEBUG - executing functools.partial(<built-in method close of sqlite3.Cursor object at 0x0000024685549440>)
2026-03-03 09:56:58,229 - aiosqlite - DEBUG - operation functools.partial(<built-in method close of sqlite3.Cursor object at 0x0000024685549440>) completed
2026-03-03 09:56:58,230 - aiosqlite - DEBUG - executing functools.partial(<built-in method cursor of sqlite3.Connection object at 0x0000024685534C70>)
2026-03-03 09:56:58,230 - aiosqlite - DEBUG - operation functools.partial(<built-in method cursor of sqlite3.Connection object at 0x0000024685534C70>) completed
2026-03-03 09:56:58,231 - aiosqlite - DEBUG - executing functools.partial(<built-in method execute of sqlite3.Cursor object at 0x0000024685549440>, 'SELECT products.id, products.name, products.description, products.price, products.image, products.category, products.size, products.color, products.stock, products.created_at \nFROM products ORDER BY products.id DESC\n LIMIT ? OFFSET ?', (1000, 0))
2026-03-03 09:56:58,231 - aiosqlite - DEBUG - operation functools.partial(<built-in method execute of sqlite3.Cursor object at 0x0000024685549440>, 'SELECT products.id, products.name, products.description, products.price, products.image, products.category, products.size, products.color, products.stock, products.created_at \nFROM products ORDER BY products.id DESC\n LIMIT ? OFFSET ?', (1000, 0)) completed
2026-03-03 09:56:58,232 - aiosqlite - DEBUG - executing functools.partial(<built-in method fetchall of sqlite3.Cursor object at 0x0000024685549440>)
2026-03-03 09:56:58,232 - aiosqlite - DEBUG - operation functools.partial(<built-in method fetchall of sqlite3.Cursor object at 0x0000024685549440>) completed
2026-03-03 09:56:58,233 - aiosqlite - DEBUG - executing functools.partial(<built-in method close of sqlite3.Cursor object at 0x0000024685549440>)
2026-03-03 09:56:58,233 - aiosqlite - DEBUG - operation functools.partial(<built-in method close of sqlite3.Cursor object at 0x0000024685549440>) completed
2026-03-03 09:56:58,234 - routers.products - DEBUG - Found 14 productss
2026-03-03 09:56:58,234 - core.database - DEBUG - [DB_OP] Database session cleanup after 0.0128s
2026-03-03 09:56:58,235 - aiosqlite - DEBUG - executing functools.partial(<built-in method rollback of sqlite3.Connection object at 0x0000024685534C70>)
2026-03-03 09:56:58,235 - aiosqlite - DEBUG - operation functools.partial(<built-in method rollback of sqlite3.Connection object at 0x0000024685534C70>) completed
2026-03-03 09:56:58,235 - aiosqlite - DEBUG - executing functools.partial(<built-in method rollback of sqlite3.Connection object at 0x0000024685534C70>)
2026-03-03 09:56:58,236 - aiosqlite - DEBUG - operation functools.partial(<built-in method rollback of sqlite3.Connection object at 0x0000024685534C70>) completed
2026-03-03 09:56:58,236 - aiosqlite - DEBUG - executing functools.partial(<built-in method close of sqlite3.Connection object at 0x0000024685534C70>)
2026-03-03 09:56:58,237 - aiosqlite - DEBUG - operation functools.partial(<built-in method close of sqlite3.Connection object at 0x0000024685534C70>) completed
2026-03-03 09:56:58,398 - core.database - DEBUG - [DB_OP] Starting get_db session creation
2026-03-03 09:56:58,398 - core.database - DEBUG - [DB_OP] Database session created successfully in 0.0000s
2026-03-03 09:56:58,399 - routers.products - DEBUG - Querying productss: query=None, sort=None, skip=0, limit=1000, fields=None
2026-03-03 09:56:58,399 - aiosqlite - DEBUG - executing <function connect.<locals>.connector at 0x0000024685521440>
2026-03-03 09:56:58,400 - aiosqlite - DEBUG - operation <function connect.<locals>.connector at 0x0000024685521440> completed
2026-03-03 09:56:58,400 - aiosqlite - DEBUG - executing functools.partial(<built-in method create_function of sqlite3.Connection object at 0x0000024685534C70>, 'regexp', 2, <function SQLiteDialect_pysqlite.on_connect.<locals>.regexp at 0x00000246854C8FE0>, deterministic=True)
2026-03-03 09:56:58,400 - aiosqlite - DEBUG - operation functools.partial(<built-in method create_function of sqlite3.Connection object at 0x0000024685534C70>, 'regexp', 2, <function SQLiteDialect_pysqlite.on_connect.<locals>.regexp at 0x00000246854C8FE0>, deterministic=True) completed
2026-03-03 09:56:58,400 - aiosqlite - DEBUG - executing functools.partial(<built-in method create_function of sqlite3.Connection object at 0x0000024685534C70>, 'floor', 1, <built-in function floor>, deterministic=True)
2026-03-03 09:56:58,401 - aiosqlite - DEBUG - operation functools.partial(<built-in method create_function of sqlite3.Connection object at 0x0000024685534C70>, 'floor', 1, <built-in function floor>, deterministic=True) completed
2026-03-03 09:56:58,401 - aiosqlite - DEBUG - executing functools.partial(<built-in method cursor of sqlite3.Connection object at 0x0000024685534C70>)
2026-03-03 09:56:58,401 - aiosqlite - DEBUG - operation functools.partial(<built-in method cursor of sqlite3.Connection object at 0x0000024685534C70>) completed
2026-03-03 09:56:58,402 - aiosqlite - DEBUG - executing functools.partial(<built-in method execute of sqlite3.Cursor object at 0x000002468554A1C0>, 'SELECT count(products.id) AS count_1 \nFROM products', ())
2026-03-03 09:56:58,402 - aiosqlite - DEBUG - operation functools.partial(<built-in method execute of sqlite3.Cursor object at 0x000002468554A1C0>, 'SELECT count(products.id) AS count_1 \nFROM products', ()) completed
2026-03-03 09:56:58,402 - aiosqlite - DEBUG - executing functools.partial(<built-in method fetchall of sqlite3.Cursor object at 0x000002468554A1C0>)
2026-03-03 09:56:58,402 - aiosqlite - DEBUG - operation functools.partial(<built-in method fetchall of sqlite3.Cursor object at 0x000002468554A1C0>) completed
2026-03-03 09:56:58,403 - aiosqlite - DEBUG - executing functools.partial(<built-in method close of sqlite3.Cursor object at 0x000002468554A1C0>)
2026-03-03 09:56:58,403 - aiosqlite - DEBUG - operation functools.partial(<built-in method close of sqlite3.Cursor object at 0x000002468554A1C0>) completed
2026-03-03 09:56:58,404 - aiosqlite - DEBUG - executing functools.partial(<built-in method cursor of sqlite3.Connection object at 0x0000024685534C70>)
2026-03-03 09:56:58,404 - aiosqlite - DEBUG - operation functools.partial(<built-in method cursor of sqlite3.Connection object at 0x0000024685534C70>) completed
2026-03-03 09:56:58,405 - aiosqlite - DEBUG - executing functools.partial(<built-in method execute of sqlite3.Cursor object at 0x000002468554A1C0>, 'SELECT products.id, products.name, products.description, products.price, products.image, products.category, products.size, products.color, products.stock, products.created_at \nFROM products ORDER BY products.id DESC\n LIMIT ? OFFSET ?', (1000, 0))
2026-03-03 09:56:58,405 - aiosqlite - DEBUG - operation functools.partial(<built-in method execute of sqlite3.Cursor object at 0x000002468554A1C0>, 'SELECT products.id, products.name, products.description, products.price, products.image, products.category, products.size, products.color, products.stock, products.created_at \nFROM products ORDER BY products.id DESC\n LIMIT ? OFFSET ?', (1000, 0)) completed
2026-03-03 09:56:58,405 - aiosqlite - DEBUG - executing functools.partial(<built-in method fetchall of sqlite3.Cursor object at 0x000002468554A1C0>)
2026-03-03 09:56:58,406 - aiosqlite - DEBUG - operation functools.partial(<built-in method fetchall of sqlite3.Cursor object at 0x000002468554A1C0>) completed
2026-03-03 09:56:58,406 - aiosqlite - DEBUG - executing functools.partial(<built-in method close of sqlite3.Cursor object at 0x000002468554A1C0>)
2026-03-03 09:56:58,406 - aiosqlite - DEBUG - operation functools.partial(<built-in method close of sqlite3.Cursor object at 0x000002468554A1C0>) completed
2026-03-03 09:56:58,407 - routers.products - DEBUG - Found 14 productss
2026-03-03 09:56:58,407 - core.database - DEBUG - [DB_OP] Database session cleanup after 0.0090s
2026-03-03 09:56:58,407 - aiosqlite - DEBUG - executing functools.partial(<built-in method rollback of sqlite3.Connection object at 0x0000024685534C70>)
2026-03-03 09:56:58,408 - aiosqlite - DEBUG - operation functools.partial(<built-in method rollback of sqlite3.Connection object at 0x0000024685534C70>) completed
2026-03-03 09:56:58,408 - aiosqlite - DEBUG - executing functools.partial(<built-in method rollback of sqlite3.Connection object at 0x0000024685534C70>)
2026-03-03 09:56:58,408 - aiosqlite - DEBUG - operation functools.partial(<built-in method rollback of sqlite3.Connection object at 0x0000024685534C70>) completed
2026-03-03 09:56:58,408 - aiosqlite - DEBUG - executing functools.partial(<built-in method close of sqlite3.Connection object at 0x0000024685534C70>)
2026-03-03 09:56:58,409 - aiosqlite - DEBUG - operation functools.partial(<built-in method close of sqlite3.Connection object at 0x0000024685534C70>) completed
2026-03-03 09:56:58,566 - core.database - DEBUG - [DB_OP] Starting get_db session creation
2026-03-03 09:56:58,566 - core.database - DEBUG - [DB_OP] Database session created successfully in 0.0000s
2026-03-03 09:56:58,566 - routers.products - DEBUG - Querying productss: query=None, sort=None, skip=0, limit=1000, fields=None
2026-03-03 09:56:58,567 - aiosqlite - DEBUG - executing <function connect.<locals>.connector at 0x0000024685521300>
2026-03-03 09:56:58,567 - aiosqlite - DEBUG - operation <function connect.<locals>.connector at 0x0000024685521300> completed
2026-03-03 09:56:58,568 - aiosqlite - DEBUG - executing functools.partial(<built-in method create_function of sqlite3.Connection object at 0x0000024685534C70>, 'regexp', 2, <function SQLiteDialect_pysqlite.on_connect.<locals>.regexp at 0x00000246854C8FE0>, deterministic=True)
2026-03-03 09:56:58,568 - aiosqlite - DEBUG - operation functools.partial(<built-in method create_function of sqlite3.Connection object at 0x0000024685534C70>, 'regexp', 2, <function SQLiteDialect_pysqlite.on_connect.<locals>.regexp at 0x00000246854C8FE0>, deterministic=True) completed
2026-03-03 09:56:58,568 - aiosqlite - DEBUG - executing functools.partial(<built-in method create_function of sqlite3.Connection object at 0x0000024685534C70>, 'floor', 1, <built-in function floor>, deterministic=True)
2026-03-03 09:56:58,568 - aiosqlite - DEBUG - operation functools.partial(<built-in method create_function of sqlite3.Connection object at 0x0000024685534C70>, 'floor', 1, <built-in function floor>, deterministic=True) completed
2026-03-03 09:56:58,569 - aiosqlite - DEBUG - executing functools.partial(<built-in method cursor of sqlite3.Connection object at 0x0000024685534C70>)
2026-03-03 09:56:58,569 - aiosqlite - DEBUG - operation functools.partial(<built-in method cursor of sqlite3.Connection object at 0x0000024685534C70>) completed
2026-03-03 09:56:58,569 - aiosqlite - DEBUG - executing functools.partial(<built-in method execute of sqlite3.Cursor object at 0x00000246855495C0>, 'SELECT count(products.id) AS count_1 \nFROM products', ())
2026-03-03 09:56:58,570 - aiosqlite - DEBUG - operation functools.partial(<built-in method execute of sqlite3.Cursor object at 0x00000246855495C0>, 'SELECT count(products.id) AS count_1 \nFROM products', ()) completed
2026-03-03 09:56:58,570 - aiosqlite - DEBUG - executing functools.partial(<built-in method fetchall of sqlite3.Cursor object at 0x00000246855495C0>)
2026-03-03 09:56:58,570 - aiosqlite - DEBUG - operation functools.partial(<built-in method fetchall of sqlite3.Cursor object at 0x00000246855495C0>) completed
2026-03-03 09:56:58,571 - aiosqlite - DEBUG - executing functools.partial(<built-in method close of sqlite3.Cursor object at 0x00000246855495C0>)
2026-03-03 09:56:58,571 - aiosqlite - DEBUG - operation functools.partial(<built-in method close of sqlite3.Cursor object at 0x00000246855495C0>) completed
2026-03-03 09:56:58,571 - aiosqlite - DEBUG - executing functools.partial(<built-in method cursor of sqlite3.Connection object at 0x0000024685534C70>)
2026-03-03 09:56:58,572 - aiosqlite - DEBUG - operation functools.partial(<built-in method cursor of sqlite3.Connection object at 0x0000024685534C70>) completed
2026-03-03 09:56:58,572 - aiosqlite - DEBUG - executing functools.partial(<built-in method execute of sqlite3.Cursor object at 0x00000246855495C0>, 'SELECT products.id, products.name, products.description, products.price, products.image, products.category, products.size, products.color, products.stock, products.created_at \nFROM products ORDER BY products.id DESC\n LIMIT ? OFFSET ?', (1000, 0))
2026-03-03 09:56:58,573 - aiosqlite - DEBUG - operation functools.partial(<built-in method execute of sqlite3.Cursor object at 0x00000246855495C0>, 'SELECT products.id, products.name, products.description, products.price, products.image, products.category, products.size, products.color, products.stock, products.created_at \nFROM products ORDER BY products.id DESC\n LIMIT ? OFFSET ?', (1000, 0)) completed
2026-03-03 09:56:58,573 - aiosqlite - DEBUG - executing functools.partial(<built-in method fetchall of sqlite3.Cursor object at 0x00000246855495C0>)
2026-03-03 09:56:58,573 - aiosqlite - DEBUG - operation functools.partial(<built-in method fetchall of sqlite3.Cursor object at 0x00000246855495C0>) completed
2026-03-03 09:56:58,574 - aiosqlite - DEBUG - executing functools.partial(<built-in method close of sqlite3.Cursor object at 0x00000246855495C0>)
2026-03-03 09:56:58,574 - aiosqlite - DEBUG - operation functools.partial(<built-in method close of sqlite3.Cursor object at 0x00000246855495C0>) completed
2026-03-03 09:56:58,574 - routers.products - DEBUG - Found 14 productss
2026-03-03 09:56:58,575 - core.database - DEBUG - [DB_OP] Database session cleanup after 0.0090s
2026-03-03 09:56:58,575 - aiosqlite - DEBUG - executing functools.partial(<built-in method rollback of sqlite3.Connection object at 0x0000024685534C70>)
2026-03-03 09:56:58,575 - aiosqlite - DEBUG - operation functools.partial(<built-in method rollback of sqlite3.Connection object at 0x0000024685534C70>) completed
2026-03-03 09:56:58,576 - aiosqlite - DEBUG - executing functools.partial(<built-in method rollback of sqlite3.Connection object at 0x0000024685534C70>)
2026-03-03 09:56:58,576 - aiosqlite - DEBUG - operation functools.partial(<built-in method rollback of sqlite3.Connection object at 0x0000024685534C70>) completed
2026-03-03 09:56:58,576 - aiosqlite - DEBUG - executing functools.partial(<built-in method close of sqlite3.Connection object at 0x0000024685534C70>)
2026-03-03 09:56:58,576 - aiosqlite - DEBUG - operation functools.partial(<built-in method close of sqlite3.Connection object at 0x0000024685534C70>) completed
2026-03-03 09:57:08,284 - core.database - DEBUG - [DB_OP] Starting get_db session creation
2026-03-03 09:57:08,284 - core.database - DEBUG - [DB_OP] Database session created successfully in 0.0000s
2026-03-03 09:57:08,284 - routers.products - DEBUG - Querying productss: query=None, sort=None, skip=0, limit=1000, fields=None
2026-03-03 09:57:08,285 - aiosqlite - DEBUG - executing <function connect.<locals>.connector at 0x0000024685521300>
2026-03-03 09:57:08,285 - aiosqlite - DEBUG - operation <function connect.<locals>.connector at 0x0000024685521300> completed
2026-03-03 09:57:08,286 - aiosqlite - DEBUG - executing functools.partial(<built-in method create_function of sqlite3.Connection object at 0x0000024685534C70>, 'regexp', 2, <function SQLiteDialect_pysqlite.on_connect.<locals>.regexp at 0x00000246854C8FE0>, deterministic=True)
2026-03-03 09:57:08,286 - aiosqlite - DEBUG - operation functools.partial(<built-in method create_function of sqlite3.Connection object at 0x0000024685534C70>, 'regexp', 2, <function SQLiteDialect_pysqlite.on_connect.<locals>.regexp at 0x00000246854C8FE0>, deterministic=True) completed
2026-03-03 09:57:08,286 - aiosqlite - DEBUG - executing functools.partial(<built-in method create_function of sqlite3.Connection object at 0x0000024685534C70>, 'floor', 1, <built-in function floor>, deterministic=True)
2026-03-03 09:57:08,286 - aiosqlite - DEBUG - operation functools.partial(<built-in method create_function of sqlite3.Connection object at 0x0000024685534C70>, 'floor', 1, <built-in function floor>, deterministic=True) completed
2026-03-03 09:57:08,287 - aiosqlite - DEBUG - executing functools.partial(<built-in method cursor of sqlite3.Connection object at 0x0000024685534C70>)
2026-03-03 09:57:08,287 - aiosqlite - DEBUG - operation functools.partial(<built-in method cursor of sqlite3.Connection object at 0x0000024685534C70>) completed
2026-03-03 09:57:08,287 - aiosqlite - DEBUG - executing functools.partial(<built-in method execute of sqlite3.Cursor object at 0x00000246855495C0>, 'SELECT count(products.id) AS count_1 \nFROM products', ())
2026-03-03 09:57:08,288 - aiosqlite - DEBUG - operation functools.partial(<built-in method execute of sqlite3.Cursor object at 0x00000246855495C0>, 'SELECT count(products.id) AS count_1 \nFROM products', ()) completed
2026-03-03 09:57:08,288 - aiosqlite - DEBUG - executing functools.partial(<built-in method fetchall of sqlite3.Cursor object at 0x00000246855495C0>)
2026-03-03 09:57:08,288 - aiosqlite - DEBUG - operation functools.partial(<built-in method fetchall of sqlite3.Cursor object at 0x00000246855495C0>) completed
2026-03-03 09:57:08,288 - aiosqlite - DEBUG - executing functools.partial(<built-in method close of sqlite3.Cursor object at 0x00000246855495C0>)
2026-03-03 09:57:08,289 - aiosqlite - DEBUG - operation functools.partial(<built-in method close of sqlite3.Cursor object at 0x00000246855495C0>) completed
2026-03-03 09:57:08,289 - aiosqlite - DEBUG - executing functools.partial(<built-in method cursor of sqlite3.Connection object at 0x0000024685534C70>)
2026-03-03 09:57:08,289 - aiosqlite - DEBUG - operation functools.partial(<built-in method cursor of sqlite3.Connection object at 0x0000024685534C70>) completed
2026-03-03 09:57:08,290 - aiosqlite - DEBUG - executing functools.partial(<built-in method execute of sqlite3.Cursor object at 0x00000246855495C0>, 'SELECT products.id, products.name, products.description, products.price, products.image, products.category, products.size, products.color, products.stock, products.created_at \nFROM products ORDER BY products.id DESC\n LIMIT ? OFFSET ?', (1000, 0))
2026-03-03 09:57:08,291 - aiosqlite - DEBUG - operation functools.partial(<built-in method execute of sqlite3.Cursor object at 0x00000246855495C0>, 'SELECT products.id, products.name, products.description, products.price, products.image, products.category, products.size, products.color, products.stock, products.created_at \nFROM products ORDER BY products.id DESC\n LIMIT ? OFFSET ?', (1000, 0)) completed
2026-03-03 09:57:08,291 - aiosqlite - DEBUG - executing functools.partial(<built-in method fetchall of sqlite3.Cursor object at 0x00000246855495C0>)
2026-03-03 09:57:08,292 - aiosqlite - DEBUG - operation functools.partial(<built-in method fetchall of sqlite3.Cursor object at 0x00000246855495C0>) completed
2026-03-03 09:57:08,292 - aiosqlite - DEBUG - executing functools.partial(<built-in method close of sqlite3.Cursor object at 0x00000246855495C0>)
2026-03-03 09:57:08,292 - aiosqlite - DEBUG - operation functools.partial(<built-in method close of sqlite3.Cursor object at 0x00000246855495C0>) completed
2026-03-03 09:57:08,293 - routers.products - DEBUG - Found 14 productss
2026-03-03 09:57:08,293 - core.database - DEBUG - [DB_OP] Database session cleanup after 0.0090s
2026-03-03 09:57:08,294 - aiosqlite - DEBUG - executing functools.partial(<built-in method rollback of sqlite3.Connection object at 0x0000024685534C70>)
2026-03-03 09:57:08,294 - aiosqlite - DEBUG - operation functools.partial(<built-in method rollback of sqlite3.Connection object at 0x0000024685534C70>) completed
2026-03-03 09:57:08,294 - aiosqlite - DEBUG - executing functools.partial(<built-in method rollback of sqlite3.Connection object at 0x0000024685534C70>)
2026-03-03 09:57:08,294 - aiosqlite - DEBUG - operation functools.partial(<built-in method rollback of sqlite3.Connection object at 0x0000024685534C70>) completed
2026-03-03 09:57:08,295 - aiosqlite - DEBUG - executing functools.partial(<built-in method close of sqlite3.Connection object at 0x0000024685534C70>)
2026-03-03 09:57:08,295 - aiosqlite - DEBUG - operation functools.partial(<built-in method close of sqlite3.Connection object at 0x0000024685534C70>) completed
2026-03-03 09:57:08,587 - core.database - DEBUG - [DB_OP] Starting get_db session creation
2026-03-03 09:57:08,587 - core.database - DEBUG - [DB_OP] Database session created successfully in 0.0000s
2026-03-03 09:57:08,588 - routers.products - DEBUG - Querying productss: query=None, sort=None, skip=0, limit=1000, fields=None
2026-03-03 09:57:08,588 - aiosqlite - DEBUG - executing <function connect.<locals>.connector at 0x00000246855213A0>
2026-03-03 09:57:08,589 - aiosqlite - DEBUG - operation <function connect.<locals>.connector at 0x00000246855213A0> completed
2026-03-03 09:57:08,589 - aiosqlite - DEBUG - executing functools.partial(<built-in method create_function of sqlite3.Connection object at 0x0000024685534C70>, 'regexp', 2, <function SQLiteDialect_pysqlite.on_connect.<locals>.regexp at 0x00000246854C8FE0>, deterministic=True)
2026-03-03 09:57:08,589 - aiosqlite - DEBUG - operation functools.partial(<built-in method create_function of sqlite3.Connection object at 0x0000024685534C70>, 'regexp', 2, <function SQLiteDialect_pysqlite.on_connect.<locals>.regexp at 0x00000246854C8FE0>, deterministic=True) completed
2026-03-03 09:57:08,589 - aiosqlite - DEBUG - executing functools.partial(<built-in method create_function of sqlite3.Connection object at 0x0000024685534C70>, 'floor', 1, <built-in function floor>, deterministic=True)
2026-03-03 09:57:08,590 - aiosqlite - DEBUG - operation functools.partial(<built-in method create_function of sqlite3.Connection object at 0x0000024685534C70>, 'floor', 1, <built-in function floor>, deterministic=True) completed
2026-03-03 09:57:08,590 - aiosqlite - DEBUG - executing functools.partial(<built-in method cursor of sqlite3.Connection object at 0x0000024685534C70>)
2026-03-03 09:57:08,590 - aiosqlite - DEBUG - operation functools.partial(<built-in method cursor of sqlite3.Connection object at 0x0000024685534C70>) completed
2026-03-03 09:57:08,591 - aiosqlite - DEBUG - executing functools.partial(<built-in method execute of sqlite3.Cursor object at 0x000002468554A340>, 'SELECT count(products.id) AS count_1 \nFROM products', ())
2026-03-03 09:57:08,591 - aiosqlite - DEBUG - operation functools.partial(<built-in method execute of sqlite3.Cursor object at 0x000002468554A340>, 'SELECT count(products.id) AS count_1 \nFROM products', ()) completed
2026-03-03 09:57:08,591 - aiosqlite - DEBUG - executing functools.partial(<built-in method fetchall of sqlite3.Cursor object at 0x000002468554A340>)
2026-03-03 09:57:08,592 - aiosqlite - DEBUG - operation functools.partial(<built-in method fetchall of sqlite3.Cursor object at 0x000002468554A340>) completed
2026-03-03 09:57:08,592 - aiosqlite - DEBUG - executing functools.partial(<built-in method close of sqlite3.Cursor object at 0x000002468554A340>)
2026-03-03 09:57:08,593 - aiosqlite - DEBUG - operation functools.partial(<built-in method close of sqlite3.Cursor object at 0x000002468554A340>) completed
2026-03-03 09:57:08,594 - aiosqlite - DEBUG - executing functools.partial(<built-in method cursor of sqlite3.Connection object at 0x0000024685534C70>)
2026-03-03 09:57:08,594 - aiosqlite - DEBUG - operation functools.partial(<built-in method cursor of sqlite3.Connection object at 0x0000024685534C70>) completed
2026-03-03 09:57:08,594 - aiosqlite - DEBUG - executing functools.partial(<built-in method execute of sqlite3.Cursor object at 0x000002468554A340>, 'SELECT products.id, products.name, products.description, products.price, products.image, products.category, products.size, products.color, products.stock, products.created_at \nFROM products ORDER BY products.id DESC\n LIMIT ? OFFSET ?', (1000, 0))
2026-03-03 09:57:08,595 - aiosqlite - DEBUG - operation functools.partial(<built-in method execute of sqlite3.Cursor object at 0x000002468554A340>, 'SELECT products.id, products.name, products.description, products.price, products.image, products.category, products.size, products.color, products.stock, products.created_at \nFROM products ORDER BY products.id DESC\n LIMIT ? OFFSET ?', (1000, 0)) completed
2026-03-03 09:57:08,595 - aiosqlite - DEBUG - executing functools.partial(<built-in method fetchall of sqlite3.Cursor object at 0x000002468554A340>)
2026-03-03 09:57:08,596 - aiosqlite - DEBUG - operation functools.partial(<built-in method fetchall of sqlite3.Cursor object at 0x000002468554A340>) completed
2026-03-03 09:57:08,596 - aiosqlite - DEBUG - executing functools.partial(<built-in method close of sqlite3.Cursor object at 0x000002468554A340>)
2026-03-03 09:57:08,596 - aiosqlite - DEBUG - operation functools.partial(<built-in method close of sqlite3.Cursor object at 0x000002468554A340>) completed
2026-03-03 09:57:08,596 - routers.products - DEBUG - Found 14 productss
2026-03-03 09:57:08,597 - core.database - DEBUG - [DB_OP] Database session cleanup after 0.0100s
2026-03-03 09:57:08,597 - aiosqlite - DEBUG - executing functools.partial(<built-in method rollback of sqlite3.Connection object at 0x0000024685534C70>)
2026-03-03 09:57:08,598 - aiosqlite - DEBUG - operation functools.partial(<built-in method rollback of sqlite3.Connection object at 0x0000024685534C70>) completed
2026-03-03 09:57:08,598 - aiosqlite - DEBUG - executing functools.partial(<built-in method rollback of sqlite3.Connection object at 0x0000024685534C70>)
2026-03-03 09:57:08,598 - aiosqlite - DEBUG - operation functools.partial(<built-in method rollback of sqlite3.Connection object at 0x0000024685534C70>) completed
2026-03-03 09:57:08,598 - aiosqlite - DEBUG - executing functools.partial(<built-in method close of sqlite3.Connection object at 0x0000024685534C70>)
2026-03-03 09:57:08,599 - aiosqlite - DEBUG - operation functools.partial(<built-in method close of sqlite3.Connection object at 0x0000024685534C70>) completed
2026-03-03 09:57:09,099 - core.database - DEBUG - [DB_OP] Starting get_db session creation
2026-03-03 09:57:09,099 - core.database - DEBUG - [DB_OP] Database session created successfully in 0.0000s
2026-03-03 09:57:09,099 - routers.products - DEBUG - Querying productss: query=None, sort=None, skip=0, limit=1000, fields=None
2026-03-03 09:57:09,100 - aiosqlite - DEBUG - executing <function connect.<locals>.connector at 0x0000024685521300>
2026-03-03 09:57:09,100 - aiosqlite - DEBUG - operation <function connect.<locals>.connector at 0x0000024685521300> completed
2026-03-03 09:57:09,101 - aiosqlite - DEBUG - executing functools.partial(<built-in method create_function of sqlite3.Connection object at 0x0000024685534C70>, 'regexp', 2, <function SQLiteDialect_pysqlite.on_connect.<locals>.regexp at 0x00000246854C8FE0>, deterministic=True)
2026-03-03 09:57:09,101 - aiosqlite - DEBUG - operation functools.partial(<built-in method create_function of sqlite3.Connection object at 0x0000024685534C70>, 'regexp', 2, <function SQLiteDialect_pysqlite.on_connect.<locals>.regexp at 0x00000246854C8FE0>, deterministic=True) completed
2026-03-03 09:57:09,101 - aiosqlite - DEBUG - executing functools.partial(<built-in method create_function of sqlite3.Connection object at 0x0000024685534C70>, 'floor', 1, <built-in function floor>, deterministic=True)
2026-03-03 09:57:09,101 - aiosqlite - DEBUG - operation functools.partial(<built-in method create_function of sqlite3.Connection object at 0x0000024685534C70>, 'floor', 1, <built-in function floor>, deterministic=True) completed
2026-03-03 09:57:09,102 - aiosqlite - DEBUG - executing functools.partial(<built-in method cursor of sqlite3.Connection object at 0x0000024685534C70>)
2026-03-03 09:57:09,102 - aiosqlite - DEBUG - operation functools.partial(<built-in method cursor of sqlite3.Connection object at 0x0000024685534C70>) completed
2026-03-03 09:57:09,102 - aiosqlite - DEBUG - executing functools.partial(<built-in method execute of sqlite3.Cursor object at 0x000002468554B5C0>, 'SELECT count(products.id) AS count_1 \nFROM products', ())
2026-03-03 09:57:09,103 - aiosqlite - DEBUG - operation functools.partial(<built-in method execute of sqlite3.Cursor object at 0x000002468554B5C0>, 'SELECT count(products.id) AS count_1 \nFROM products', ()) completed
2026-03-03 09:57:09,103 - aiosqlite - DEBUG - executing functools.partial(<built-in method fetchall of sqlite3.Cursor object at 0x000002468554B5C0>)
2026-03-03 09:57:09,103 - aiosqlite - DEBUG - operation functools.partial(<built-in method fetchall of sqlite3.Cursor object at 0x000002468554B5C0>) completed
2026-03-03 09:57:09,103 - aiosqlite - DEBUG - executing functools.partial(<built-in method close of sqlite3.Cursor object at 0x000002468554B5C0>)
2026-03-03 09:57:09,103 - aiosqlite - DEBUG - operation functools.partial(<built-in method close of sqlite3.Cursor object at 0x000002468554B5C0>) completed
2026-03-03 09:57:09,104 - aiosqlite - DEBUG - executing functools.partial(<built-in method cursor of sqlite3.Connection object at 0x0000024685534C70>)
2026-03-03 09:57:09,104 - aiosqlite - DEBUG - operation functools.partial(<built-in method cursor of sqlite3.Connection object at 0x0000024685534C70>) completed
2026-03-03 09:57:09,105 - aiosqlite - DEBUG - executing functools.partial(<built-in method execute of sqlite3.Cursor object at 0x000002468554B5C0>, 'SELECT products.id, products.name, products.description, products.price, products.image, products.category, products.size, products.color, products.stock, products.created_at \nFROM products ORDER BY products.id DESC\n LIMIT ? OFFSET ?', (1000, 0))
2026-03-03 09:57:09,105 - aiosqlite - DEBUG - operation functools.partial(<built-in method execute of sqlite3.Cursor object at 0x000002468554B5C0>, 'SELECT products.id, products.name, products.description, products.price, products.image, products.category, products.size, products.color, products.stock, products.created_at \nFROM products ORDER BY products.id DESC\n LIMIT ? OFFSET ?', (1000, 0)) completed
2026-03-03 09:57:09,106 - aiosqlite - DEBUG - executing functools.partial(<built-in method fetchall of sqlite3.Cursor object at 0x000002468554B5C0>)
2026-03-03 09:57:09,107 - aiosqlite - DEBUG - operation functools.partial(<built-in method fetchall of sqlite3.Cursor object at 0x000002468554B5C0>) completed
2026-03-03 09:57:09,107 - aiosqlite - DEBUG - executing functools.partial(<built-in method close of sqlite3.Cursor object at 0x000002468554B5C0>)
2026-03-03 09:57:09,107 - aiosqlite - DEBUG - operation functools.partial(<built-in method close of sqlite3.Cursor object at 0x000002468554B5C0>) completed
2026-03-03 09:57:09,108 - routers.products - DEBUG - Found 14 productss
2026-03-03 09:57:09,108 - core.database - DEBUG - [DB_OP] Database session cleanup after 0.0090s
2026-03-03 09:57:09,108 - aiosqlite - DEBUG - executing functools.partial(<built-in method rollback of sqlite3.Connection object at 0x0000024685534C70>)
2026-03-03 09:57:09,108 - aiosqlite - DEBUG - operation functools.partial(<built-in method rollback of sqlite3.Connection object at 0x0000024685534C70>) completed
2026-03-03 09:57:09,109 - aiosqlite - DEBUG - executing functools.partial(<built-in method rollback of sqlite3.Connection object at 0x0000024685534C70>)
2026-03-03 09:57:09,109 - aiosqlite - DEBUG - operation functools.partial(<built-in method rollback of sqlite3.Connection object at 0x0000024685534C70>) completed
2026-03-03 09:57:09,109 - aiosqlite - DEBUG - executing functools.partial(<built-in method close of sqlite3.Connection object at 0x0000024685534C70>)
2026-03-03 09:57:09,110 - aiosqlite - DEBUG - operation functools.partial(<built-in method close of sqlite3.Connection object at 0x0000024685534C70>) completed
2026-03-03 09:57:14,092 - core.database - DEBUG - [DB_OP] Starting get_db session creation
2026-03-03 09:57:14,092 - core.database - DEBUG - [DB_OP] Database session created successfully in 0.0000s
2026-03-03 09:57:14,093 - routers.products - DEBUG - Querying productss: query=None, sort=None, skip=0, limit=1000, fields=None
2026-03-03 09:57:14,093 - aiosqlite - DEBUG - executing <function connect.<locals>.connector at 0x00000246854CB9C0>
2026-03-03 09:57:14,093 - aiosqlite - DEBUG - operation <function connect.<locals>.connector at 0x00000246854CB9C0> completed
2026-03-03 09:57:14,094 - aiosqlite - DEBUG - executing functools.partial(<built-in method create_function of sqlite3.Connection object at 0x0000024685534C70>, 'regexp', 2, <function SQLiteDialect_pysqlite.on_connect.<locals>.regexp at 0x00000246854C8FE0>, deterministic=True)
2026-03-03 09:57:14,094 - aiosqlite - DEBUG - operation functools.partial(<built-in method create_function of sqlite3.Connection object at 0x0000024685534C70>, 'regexp', 2, <function SQLiteDialect_pysqlite.on_connect.<locals>.regexp at 0x00000246854C8FE0>, deterministic=True) completed
2026-03-03 09:57:14,094 - aiosqlite - DEBUG - executing functools.partial(<built-in method create_function of sqlite3.Connection object at 0x0000024685534C70>, 'floor', 1, <built-in function floor>, deterministic=True)
2026-03-03 09:57:14,095 - aiosqlite - DEBUG - operation functools.partial(<built-in method create_function of sqlite3.Connection object at 0x0000024685534C70>, 'floor', 1, <built-in function floor>, deterministic=True) completed
2026-03-03 09:57:14,095 - aiosqlite - DEBUG - executing functools.partial(<built-in method cursor of sqlite3.Connection object at 0x0000024685534C70>)
2026-03-03 09:57:14,095 - aiosqlite - DEBUG - operation functools.partial(<built-in method cursor of sqlite3.Connection object at 0x0000024685534C70>) completed
2026-03-03 09:57:14,095 - aiosqlite - DEBUG - executing functools.partial(<built-in method execute of sqlite3.Cursor object at 0x0000024685549BC0>, 'SELECT count(products.id) AS count_1 \nFROM products', ())
2026-03-03 09:57:14,096 - aiosqlite - DEBUG - operation functools.partial(<built-in method execute of sqlite3.Cursor object at 0x0000024685549BC0>, 'SELECT count(products.id) AS count_1 \nFROM products', ()) completed
2026-03-03 09:57:14,096 - aiosqlite - DEBUG - executing functools.partial(<built-in method fetchall of sqlite3.Cursor object at 0x0000024685549BC0>)
2026-03-03 09:57:14,096 - aiosqlite - DEBUG - operation functools.partial(<built-in method fetchall of sqlite3.Cursor object at 0x0000024685549BC0>) completed
2026-03-03 09:57:14,097 - aiosqlite - DEBUG - executing functools.partial(<built-in method close of sqlite3.Cursor object at 0x0000024685549BC0>)
2026-03-03 09:57:14,097 - aiosqlite - DEBUG - operation functools.partial(<built-in method close of sqlite3.Cursor object at 0x0000024685549BC0>) completed
2026-03-03 09:57:14,098 - aiosqlite - DEBUG - executing functools.partial(<built-in method cursor of sqlite3.Connection object at 0x0000024685534C70>)
2026-03-03 09:57:14,098 - aiosqlite - DEBUG - operation functools.partial(<built-in method cursor of sqlite3.Connection object at 0x0000024685534C70>) completed
2026-03-03 09:57:14,098 - aiosqlite - DEBUG - executing functools.partial(<built-in method execute of sqlite3.Cursor object at 0x0000024685549BC0>, 'SELECT products.id, products.name, products.description, products.price, products.image, products.category, products.size, products.color, products.stock, products.created_at \nFROM products ORDER BY products.id DESC\n LIMIT ? OFFSET ?', (1000, 0))
2026-03-03 09:57:14,099 - aiosqlite - DEBUG - operation functools.partial(<built-in method execute of sqlite3.Cursor object at 0x0000024685549BC0>, 'SELECT products.id, products.name, products.description, products.price, products.image, products.category, products.size, products.color, products.stock, products.created_at \nFROM products ORDER BY products.id DESC\n LIMIT ? OFFSET ?', (1000, 0)) completed
2026-03-03 09:57:14,099 - aiosqlite - DEBUG - executing functools.partial(<built-in method fetchall of sqlite3.Cursor object at 0x0000024685549BC0>)
2026-03-03 09:57:14,099 - aiosqlite - DEBUG - operation functools.partial(<built-in method fetchall of sqlite3.Cursor object at 0x0000024685549BC0>) completed
2026-03-03 09:57:14,100 - aiosqlite - DEBUG - executing functools.partial(<built-in method close of sqlite3.Cursor object at 0x0000024685549BC0>)
2026-03-03 09:57:14,100 - aiosqlite - DEBUG - operation functools.partial(<built-in method close of sqlite3.Cursor object at 0x0000024685549BC0>) completed
2026-03-03 09:57:14,100 - routers.products - DEBUG - Found 14 productss
2026-03-03 09:57:14,101 - core.database - DEBUG - [DB_OP] Database session cleanup after 0.0090s
2026-03-03 09:57:14,101 - aiosqlite - DEBUG - executing functools.partial(<built-in method rollback of sqlite3.Connection object at 0x0000024685534C70>)
2026-03-03 09:57:14,101 - aiosqlite - DEBUG - operation functools.partial(<built-in method rollback of sqlite3.Connection object at 0x0000024685534C70>) completed
2026-03-03 09:57:14,102 - aiosqlite - DEBUG - executing functools.partial(<built-in method rollback of sqlite3.Connection object at 0x0000024685534C70>)
2026-03-03 09:57:14,102 - aiosqlite - DEBUG - operation functools.partial(<built-in method rollback of sqlite3.Connection object at 0x0000024685534C70>) completed
2026-03-03 09:57:14,102 - aiosqlite - DEBUG - executing functools.partial(<built-in method close of sqlite3.Connection object at 0x0000024685534C70>)
2026-03-03 09:57:14,102 - aiosqlite - DEBUG - operation functools.partial(<built-in method close of sqlite3.Connection object at 0x0000024685534C70>) completed
2026-03-03 10:01:54,009 - core.database - DEBUG - [DB_OP] Starting get_db session creation
2026-03-03 10:01:54,010 - core.database - DEBUG - [DB_OP] Database session created successfully in 0.0010s
2026-03-03 10:01:54,010 - routers.products - DEBUG - Querying productss: query=None, sort=None, skip=0, limit=1000, fields=None
2026-03-03 10:01:54,011 - aiosqlite - DEBUG - executing <function connect.<locals>.connector at 0x0000024685521580>
2026-03-03 10:01:54,011 - aiosqlite - DEBUG - operation <function connect.<locals>.connector at 0x0000024685521580> completed
2026-03-03 10:01:54,012 - aiosqlite - DEBUG - executing functools.partial(<built-in method create_function of sqlite3.Connection object at 0x0000024685534C70>, 'regexp', 2, <function SQLiteDialect_pysqlite.on_connect.<locals>.regexp at 0x00000246854C8FE0>, deterministic=True)
2026-03-03 10:01:54,012 - aiosqlite - DEBUG - operation functools.partial(<built-in method create_function of sqlite3.Connection object at 0x0000024685534C70>, 'regexp', 2, <function SQLiteDialect_pysqlite.on_connect.<locals>.regexp at 0x00000246854C8FE0>, deterministic=True) completed
2026-03-03 10:01:54,012 - aiosqlite - DEBUG - executing functools.partial(<built-in method create_function of sqlite3.Connection object at 0x0000024685534C70>, 'floor', 1, <built-in function floor>, deterministic=True)
2026-03-03 10:01:54,012 - aiosqlite - DEBUG - operation functools.partial(<built-in method create_function of sqlite3.Connection object at 0x0000024685534C70>, 'floor', 1, <built-in function floor>, deterministic=True) completed
2026-03-03 10:01:54,013 - aiosqlite - DEBUG - executing functools.partial(<built-in method cursor of sqlite3.Connection object at 0x0000024685534C70>)
2026-03-03 10:01:54,013 - aiosqlite - DEBUG - operation functools.partial(<built-in method cursor of sqlite3.Connection object at 0x0000024685534C70>) completed
2026-03-03 10:01:54,013 - aiosqlite - DEBUG - executing functools.partial(<built-in method execute of sqlite3.Cursor object at 0x0000024685549BC0>, 'SELECT count(products.id) AS count_1 \nFROM products', ())
2026-03-03 10:01:54,014 - aiosqlite - DEBUG - operation functools.partial(<built-in method execute of sqlite3.Cursor object at 0x0000024685549BC0>, 'SELECT count(products.id) AS count_1 \nFROM products', ()) completed
2026-03-03 10:01:54,014 - aiosqlite - DEBUG - executing functools.partial(<built-in method fetchall of sqlite3.Cursor object at 0x0000024685549BC0>)
2026-03-03 10:01:54,015 - aiosqlite - DEBUG - operation functools.partial(<built-in method fetchall of sqlite3.Cursor object at 0x0000024685549BC0>) completed
2026-03-03 10:01:54,015 - aiosqlite - DEBUG - executing functools.partial(<built-in method close of sqlite3.Cursor object at 0x0000024685549BC0>)
2026-03-03 10:01:54,015 - aiosqlite - DEBUG - operation functools.partial(<built-in method close of sqlite3.Cursor object at 0x0000024685549BC0>) completed
2026-03-03 10:01:54,016 - aiosqlite - DEBUG - executing functools.partial(<built-in method cursor of sqlite3.Connection object at 0x0000024685534C70>)
2026-03-03 10:01:54,016 - aiosqlite - DEBUG - operation functools.partial(<built-in method cursor of sqlite3.Connection object at 0x0000024685534C70>) completed
2026-03-03 10:01:54,017 - aiosqlite - DEBUG - executing functools.partial(<built-in method execute of sqlite3.Cursor object at 0x0000024685549BC0>, 'SELECT products.id, products.name, products.description, products.price, products.image, products.category, products.size, products.color, products.stock, products.created_at \nFROM products ORDER BY products.id DESC\n LIMIT ? OFFSET ?', (1000, 0))
2026-03-03 10:01:54,017 - aiosqlite - DEBUG - operation functools.partial(<built-in method execute of sqlite3.Cursor object at 0x0000024685549BC0>, 'SELECT products.id, products.name, products.description, products.price, products.image, products.category, products.size, products.color, products.stock, products.created_at \nFROM products ORDER BY products.id DESC\n LIMIT ? OFFSET ?', (1000, 0)) completed
2026-03-03 10:01:54,018 - aiosqlite - DEBUG - executing functools.partial(<built-in method fetchall of sqlite3.Cursor object at 0x0000024685549BC0>)
2026-03-03 10:01:54,018 - aiosqlite - DEBUG - operation functools.partial(<built-in method fetchall of sqlite3.Cursor object at 0x0000024685549BC0>) completed
2026-03-03 10:01:54,018 - aiosqlite - DEBUG - executing functools.partial(<built-in method close of sqlite3.Cursor object at 0x0000024685549BC0>)
2026-03-03 10:01:54,018 - aiosqlite - DEBUG - operation functools.partial(<built-in method close of sqlite3.Cursor object at 0x0000024685549BC0>) completed
2026-03-03 10:01:54,019 - routers.products - DEBUG - Found 14 productss
2026-03-03 10:01:54,019 - core.database - DEBUG - [DB_OP] Database session cleanup after 0.0100s
2026-03-03 10:01:54,020 - aiosqlite - DEBUG - executing functools.partial(<built-in method rollback of sqlite3.Connection object at 0x0000024685534C70>)
2026-03-03 10:01:54,020 - aiosqlite - DEBUG - operation functools.partial(<built-in method rollback of sqlite3.Connection object at 0x0000024685534C70>) completed
2026-03-03 10:01:54,020 - aiosqlite - DEBUG - executing functools.partial(<built-in method rollback of sqlite3.Connection object at 0x0000024685534C70>)
2026-03-03 10:01:54,021 - aiosqlite - DEBUG - operation functools.partial(<built-in method rollback of sqlite3.Connection object at 0x0000024685534C70>) completed
2026-03-03 10:01:54,021 - aiosqlite - DEBUG - executing functools.partial(<built-in method close of sqlite3.Connection object at 0x0000024685534C70>)
2026-03-03 10:01:54,021 - aiosqlite - DEBUG - operation functools.partial(<built-in method close of sqlite3.Connection object at 0x0000024685534C70>) completed
2026-03-03 10:02:22,491 - core.database - DEBUG - [DB_OP] Starting get_db session creation
2026-03-03 10:02:22,492 - core.database - DEBUG - [DB_OP] Database session created successfully in 0.0010s
2026-03-03 10:02:22,492 - routers.products - DEBUG - Querying productss: query=None, sort=None, skip=0, limit=100, fields=None
2026-03-03 10:02:22,492 - aiosqlite - DEBUG - executing <function connect.<locals>.connector at 0x0000024685521440>
2026-03-03 10:02:22,493 - aiosqlite - DEBUG - operation <function connect.<locals>.connector at 0x0000024685521440> completed
2026-03-03 10:02:22,493 - aiosqlite - DEBUG - executing functools.partial(<built-in method create_function of sqlite3.Connection object at 0x0000024685534C70>, 'regexp', 2, <function SQLiteDialect_pysqlite.on_connect.<locals>.regexp at 0x00000246854C8FE0>, deterministic=True)
2026-03-03 10:02:22,493 - aiosqlite - DEBUG - operation functools.partial(<built-in method create_function of sqlite3.Connection object at 0x0000024685534C70>, 'regexp', 2, <function SQLiteDialect_pysqlite.on_connect.<locals>.regexp at 0x00000246854C8FE0>, deterministic=True) completed
2026-03-03 10:02:22,494 - aiosqlite - DEBUG - executing functools.partial(<built-in method create_function of sqlite3.Connection object at 0x0000024685534C70>, 'floor', 1, <built-in function floor>, deterministic=True)
2026-03-03 10:02:22,495 - aiosqlite - DEBUG - operation functools.partial(<built-in method create_function of sqlite3.Connection object at 0x0000024685534C70>, 'floor', 1, <built-in function floor>, deterministic=True) completed
2026-03-03 10:02:22,495 - aiosqlite - DEBUG - executing functools.partial(<built-in method cursor of sqlite3.Connection object at 0x0000024685534C70>)
2026-03-03 10:02:22,496 - aiosqlite - DEBUG - operation functools.partial(<built-in method cursor of sqlite3.Connection object at 0x0000024685534C70>) completed
2026-03-03 10:02:22,496 - aiosqlite - DEBUG - executing functools.partial(<built-in method execute of sqlite3.Cursor object at 0x0000024685549BC0>, 'SELECT count(products.id) AS count_1 \nFROM products', ())
2026-03-03 10:02:22,496 - aiosqlite - DEBUG - operation functools.partial(<built-in method execute of sqlite3.Cursor object at 0x0000024685549BC0>, 'SELECT count(products.id) AS count_1 \nFROM products', ()) completed
2026-03-03 10:02:22,497 - aiosqlite - DEBUG - executing functools.partial(<built-in method fetchall of sqlite3.Cursor object at 0x0000024685549BC0>)
2026-03-03 10:02:22,497 - aiosqlite - DEBUG - operation functools.partial(<built-in method fetchall of sqlite3.Cursor object at 0x0000024685549BC0>) completed
2026-03-03 10:02:22,497 - aiosqlite - DEBUG - executing functools.partial(<built-in method close of sqlite3.Cursor object at 0x0000024685549BC0>)
2026-03-03 10:02:22,497 - aiosqlite - DEBUG - operation functools.partial(<built-in method close of sqlite3.Cursor object at 0x0000024685549BC0>) completed
2026-03-03 10:02:22,498 - aiosqlite - DEBUG - executing functools.partial(<built-in method cursor of sqlite3.Connection object at 0x0000024685534C70>)
2026-03-03 10:02:22,498 - aiosqlite - DEBUG - operation functools.partial(<built-in method cursor of sqlite3.Connection object at 0x0000024685534C70>) completed
2026-03-03 10:02:22,499 - aiosqlite - DEBUG - executing functools.partial(<built-in method execute of sqlite3.Cursor object at 0x0000024685549BC0>, 'SELECT products.id, products.name, products.description, products.price, products.image, products.category, products.size, products.color, products.stock, products.created_at \nFROM products ORDER BY products.id DESC\n LIMIT ? OFFSET ?', (100, 0))
2026-03-03 10:02:22,499 - aiosqlite - DEBUG - operation functools.partial(<built-in method execute of sqlite3.Cursor object at 0x0000024685549BC0>, 'SELECT products.id, products.name, products.description, products.price, products.image, products.category, products.size, products.color, products.stock, products.created_at \nFROM products ORDER BY products.id DESC\n LIMIT ? OFFSET ?', (100, 0)) completed
2026-03-03 10:02:22,499 - aiosqlite - DEBUG - executing functools.partial(<built-in method fetchall of sqlite3.Cursor object at 0x0000024685549BC0>)
2026-03-03 10:02:22,500 - aiosqlite - DEBUG - operation functools.partial(<built-in method fetchall of sqlite3.Cursor object at 0x0000024685549BC0>) completed
2026-03-03 10:02:22,500 - aiosqlite - DEBUG - executing functools.partial(<built-in method close of sqlite3.Cursor object at 0x0000024685549BC0>)
2026-03-03 10:02:22,500 - aiosqlite - DEBUG - operation functools.partial(<built-in method close of sqlite3.Cursor object at 0x0000024685549BC0>) completed
2026-03-03 10:02:22,501 - routers.products - DEBUG - Found 14 productss
2026-03-03 10:02:22,502 - core.database - DEBUG - [DB_OP] Database session cleanup after 0.0110s
2026-03-03 10:02:22,502 - aiosqlite - DEBUG - executing functools.partial(<built-in method rollback of sqlite3.Connection object at 0x0000024685534C70>)
2026-03-03 10:02:22,502 - aiosqlite - DEBUG - operation functools.partial(<built-in method rollback of sqlite3.Connection object at 0x0000024685534C70>) completed
2026-03-03 10:02:22,503 - aiosqlite - DEBUG - executing functools.partial(<built-in method rollback of sqlite3.Connection object at 0x0000024685534C70>)
2026-03-03 10:02:22,503 - aiosqlite - DEBUG - operation functools.partial(<built-in method rollback of sqlite3.Connection object at 0x0000024685534C70>) completed
2026-03-03 10:02:22,503 - aiosqlite - DEBUG - executing functools.partial(<built-in method close of sqlite3.Connection object at 0x0000024685534C70>)
2026-03-03 10:02:22,503 - aiosqlite - DEBUG - operation functools.partial(<built-in method close of sqlite3.Connection object at 0x0000024685534C70>) completed
2026-03-03 10:02:28,466 - core.database - DEBUG - [DB_OP] Starting get_db session creation
2026-03-03 10:02:28,466 - core.database - DEBUG - [DB_OP] Database session created successfully in 0.0000s
2026-03-03 10:02:28,466 - routers.products - DEBUG - Querying productss: query=None, sort=None, skip=0, limit=1000, fields=None
2026-03-03 10:02:28,467 - aiosqlite - DEBUG - executing <function connect.<locals>.connector at 0x00000246854C9F80>
2026-03-03 10:02:28,467 - aiosqlite - DEBUG - operation <function connect.<locals>.connector at 0x00000246854C9F80> completed
2026-03-03 10:02:28,468 - aiosqlite - DEBUG - executing functools.partial(<built-in method create_function of sqlite3.Connection object at 0x0000024685534F40>, 'regexp', 2, <function SQLiteDialect_pysqlite.on_connect.<locals>.regexp at 0x00000246854C8FE0>, deterministic=True)
2026-03-03 10:02:28,468 - aiosqlite - DEBUG - operation functools.partial(<built-in method create_function of sqlite3.Connection object at 0x0000024685534F40>, 'regexp', 2, <function SQLiteDialect_pysqlite.on_connect.<locals>.regexp at 0x00000246854C8FE0>, deterministic=True) completed
2026-03-03 10:02:28,468 - aiosqlite - DEBUG - executing functools.partial(<built-in method create_function of sqlite3.Connection object at 0x0000024685534F40>, 'floor', 1, <built-in function floor>, deterministic=True)
2026-03-03 10:02:28,469 - aiosqlite - DEBUG - operation functools.partial(<built-in method create_function of sqlite3.Connection object at 0x0000024685534F40>, 'floor', 1, <built-in function floor>, deterministic=True) completed
2026-03-03 10:02:28,469 - aiosqlite - DEBUG - executing functools.partial(<built-in method cursor of sqlite3.Connection object at 0x0000024685534F40>)
2026-03-03 10:02:28,469 - aiosqlite - DEBUG - operation functools.partial(<built-in method cursor of sqlite3.Connection object at 0x0000024685534F40>) completed
2026-03-03 10:02:28,469 - aiosqlite - DEBUG - executing functools.partial(<built-in method execute of sqlite3.Cursor object at 0x000002468554AD40>, 'SELECT count(products.id) AS count_1 \nFROM products', ())
2026-03-03 10:02:28,470 - aiosqlite - DEBUG - operation functools.partial(<built-in method execute of sqlite3.Cursor object at 0x000002468554AD40>, 'SELECT count(products.id) AS count_1 \nFROM products', ()) completed
2026-03-03 10:02:28,470 - aiosqlite - DEBUG - executing functools.partial(<built-in method fetchall of sqlite3.Cursor object at 0x000002468554AD40>)
2026-03-03 10:02:28,470 - aiosqlite - DEBUG - operation functools.partial(<built-in method fetchall of sqlite3.Cursor object at 0x000002468554AD40>) completed
2026-03-03 10:02:28,471 - aiosqlite - DEBUG - executing functools.partial(<built-in method close of sqlite3.Cursor object at 0x000002468554AD40>)
2026-03-03 10:02:28,471 - aiosqlite - DEBUG - operation functools.partial(<built-in method close of sqlite3.Cursor object at 0x000002468554AD40>) completed
2026-03-03 10:02:28,472 - aiosqlite - DEBUG - executing functools.partial(<built-in method cursor of sqlite3.Connection object at 0x0000024685534F40>)
2026-03-03 10:02:28,472 - aiosqlite - DEBUG - operation functools.partial(<built-in method cursor of sqlite3.Connection object at 0x0000024685534F40>) completed
2026-03-03 10:02:28,473 - aiosqlite - DEBUG - executing functools.partial(<built-in method execute of sqlite3.Cursor object at 0x000002468554AD40>, 'SELECT products.id, products.name, products.description, products.price, products.image, products.category, products.size, products.color, products.stock, products.created_at \nFROM products ORDER BY products.id DESC\n LIMIT ? OFFSET ?', (1000, 0))
2026-03-03 10:02:28,473 - aiosqlite - DEBUG - operation functools.partial(<built-in method execute of sqlite3.Cursor object at 0x000002468554AD40>, 'SELECT products.id, products.name, products.description, products.price, products.image, products.category, products.size, products.color, products.stock, products.created_at \nFROM products ORDER BY products.id DESC\n LIMIT ? OFFSET ?', (1000, 0)) completed
2026-03-03 10:02:28,474 - aiosqlite - DEBUG - executing functools.partial(<built-in method fetchall of sqlite3.Cursor object at 0x000002468554AD40>)
2026-03-03 10:02:28,474 - aiosqlite - DEBUG - operation functools.partial(<built-in method fetchall of sqlite3.Cursor object at 0x000002468554AD40>) completed
2026-03-03 10:02:28,474 - aiosqlite - DEBUG - executing functools.partial(<built-in method close of sqlite3.Cursor object at 0x000002468554AD40>)
2026-03-03 10:02:28,475 - aiosqlite - DEBUG - operation functools.partial(<built-in method close of sqlite3.Cursor object at 0x000002468554AD40>) completed
2026-03-03 10:02:28,475 - routers.products - DEBUG - Found 14 productss
2026-03-03 10:02:28,475 - core.database - DEBUG - [DB_OP] Database session cleanup after 0.0090s
2026-03-03 10:02:28,476 - aiosqlite - DEBUG - executing functools.partial(<built-in method rollback of sqlite3.Connection object at 0x0000024685534F40>)
2026-03-03 10:02:28,476 - aiosqlite - DEBUG - operation functools.partial(<built-in method rollback of sqlite3.Connection object at 0x0000024685534F40>) completed
2026-03-03 10:02:28,477 - aiosqlite - DEBUG - executing functools.partial(<built-in method rollback of sqlite3.Connection object at 0x0000024685534F40>)
2026-03-03 10:02:28,477 - aiosqlite - DEBUG - operation functools.partial(<built-in method rollback of sqlite3.Connection object at 0x0000024685534F40>) completed
2026-03-03 10:02:28,477 - aiosqlite - DEBUG - executing functools.partial(<built-in method close of sqlite3.Connection object at 0x0000024685534F40>)
2026-03-03 10:02:28,477 - aiosqlite - DEBUG - operation functools.partial(<built-in method close of sqlite3.Connection object at 0x0000024685534F40>) completed
2026-03-03 10:03:01,115 - core.database - DEBUG - [DB_OP] Starting get_db session creation
2026-03-03 10:03:01,116 - core.database - DEBUG - [DB_OP] Database session created successfully in 0.0010s
2026-03-03 10:03:01,116 - routers.products - DEBUG - Querying productss: query=None, sort=None, skip=0, limit=1000, fields=None
2026-03-03 10:03:01,117 - aiosqlite - DEBUG - executing <function connect.<locals>.connector at 0x00000246854CA160>
2026-03-03 10:03:01,118 - aiosqlite - DEBUG - operation <function connect.<locals>.connector at 0x00000246854CA160> completed
2026-03-03 10:03:01,120 - aiosqlite - DEBUG - executing functools.partial(<built-in method create_function of sqlite3.Connection object at 0x0000024685535B70>, 'regexp', 2, <function SQLiteDialect_pysqlite.on_connect.<locals>.regexp at 0x00000246854C8FE0>, deterministic=True)
2026-03-03 10:03:01,120 - aiosqlite - DEBUG - operation functools.partial(<built-in method create_function of sqlite3.Connection object at 0x0000024685535B70>, 'regexp', 2, <function SQLiteDialect_pysqlite.on_connect.<locals>.regexp at 0x00000246854C8FE0>, deterministic=True) completed
2026-03-03 10:03:01,120 - aiosqlite - DEBUG - executing functools.partial(<built-in method create_function of sqlite3.Connection object at 0x0000024685535B70>, 'floor', 1, <built-in function floor>, deterministic=True)
2026-03-03 10:03:01,120 - aiosqlite - DEBUG - operation functools.partial(<built-in method create_function of sqlite3.Connection object at 0x0000024685535B70>, 'floor', 1, <built-in function floor>, deterministic=True) completed
2026-03-03 10:03:01,121 - aiosqlite - DEBUG - executing functools.partial(<built-in method cursor of sqlite3.Connection object at 0x0000024685535B70>)
2026-03-03 10:03:01,122 - aiosqlite - DEBUG - operation functools.partial(<built-in method cursor of sqlite3.Connection object at 0x0000024685535B70>) completed
2026-03-03 10:03:01,122 - aiosqlite - DEBUG - executing functools.partial(<built-in method execute of sqlite3.Cursor object at 0x000002468554AD40>, 'SELECT count(products.id) AS count_1 \nFROM products', ())
2026-03-03 10:03:01,123 - aiosqlite - DEBUG - operation functools.partial(<built-in method execute of sqlite3.Cursor object at 0x000002468554AD40>, 'SELECT count(products.id) AS count_1 \nFROM products', ()) completed
2026-03-03 10:03:01,123 - aiosqlite - DEBUG - executing functools.partial(<built-in method fetchall of sqlite3.Cursor object at 0x000002468554AD40>)
2026-03-03 10:03:01,123 - aiosqlite - DEBUG - operation functools.partial(<built-in method fetchall of sqlite3.Cursor object at 0x000002468554AD40>) completed
2026-03-03 10:03:01,123 - aiosqlite - DEBUG - executing functools.partial(<built-in method close of sqlite3.Cursor object at 0x000002468554AD40>)
2026-03-03 10:03:01,124 - aiosqlite - DEBUG - operation functools.partial(<built-in method close of sqlite3.Cursor object at 0x000002468554AD40>) completed
2026-03-03 10:03:01,125 - aiosqlite - DEBUG - executing functools.partial(<built-in method cursor of sqlite3.Connection object at 0x0000024685535B70>)
2026-03-03 10:03:01,125 - aiosqlite - DEBUG - operation functools.partial(<built-in method cursor of sqlite3.Connection object at 0x0000024685535B70>) completed
2026-03-03 10:03:01,126 - aiosqlite - DEBUG - executing functools.partial(<built-in method execute of sqlite3.Cursor object at 0x000002468554AD40>, 'SELECT products.id, products.name, products.description, products.price, products.image, products.category, products.size, products.color, products.stock, products.created_at \nFROM products ORDER BY products.id DESC\n LIMIT ? OFFSET ?', (1000, 0))
2026-03-03 10:03:01,127 - aiosqlite - DEBUG - operation functools.partial(<built-in method execute of sqlite3.Cursor object at 0x000002468554AD40>, 'SELECT products.id, products.name, products.description, products.price, products.image, products.category, products.size, products.color, products.stock, products.created_at \nFROM products ORDER BY products.id DESC\n LIMIT ? OFFSET ?', (1000, 0)) completed
2026-03-03 10:03:01,128 - aiosqlite - DEBUG - executing functools.partial(<built-in method fetchall of sqlite3.Cursor object at 0x000002468554AD40>)
2026-03-03 10:03:01,128 - aiosqlite - DEBUG - operation functools.partial(<built-in method fetchall of sqlite3.Cursor object at 0x000002468554AD40>) completed
2026-03-03 10:03:01,128 - aiosqlite - DEBUG - executing functools.partial(<built-in method close of sqlite3.Cursor object at 0x000002468554AD40>)
2026-03-03 10:03:01,128 - aiosqlite - DEBUG - operation functools.partial(<built-in method close of sqlite3.Cursor object at 0x000002468554AD40>) completed
2026-03-03 10:03:01,129 - routers.products - DEBUG - Found 14 productss
2026-03-03 10:03:01,129 - core.database - DEBUG - [DB_OP] Database session cleanup after 0.0140s
2026-03-03 10:03:01,130 - aiosqlite - DEBUG - executing functools.partial(<built-in method rollback of sqlite3.Connection object at 0x0000024685535B70>)
2026-03-03 10:03:01,130 - aiosqlite - DEBUG - operation functools.partial(<built-in method rollback of sqlite3.Connection object at 0x0000024685535B70>) completed
2026-03-03 10:03:01,130 - aiosqlite - DEBUG - executing functools.partial(<built-in method rollback of sqlite3.Connection object at 0x0000024685535B70>)
2026-03-03 10:03:01,130 - aiosqlite - DEBUG - operation functools.partial(<built-in method rollback of sqlite3.Connection object at 0x0000024685535B70>) completed
2026-03-03 10:03:01,131 - aiosqlite - DEBUG - executing functools.partial(<built-in method close of sqlite3.Connection object at 0x0000024685535B70>)
2026-03-03 10:03:01,132 - aiosqlite - DEBUG - operation functools.partial(<built-in method close of sqlite3.Connection object at 0x0000024685535B70>) completed
2026-03-03 10:50:06,541 - core.database - DEBUG - [DB_OP] Starting get_db session creation
2026-03-03 10:50:06,542 - core.database - DEBUG - [DB_OP] Database session created successfully in 0.0010s
2026-03-03 10:50:06,542 - routers.products - DEBUG - Querying productss: query=None, sort=None, skip=0, limit=1000, fields=None
2026-03-03 10:50:06,543 - aiosqlite - DEBUG - executing <function connect.<locals>.connector at 0x0000024685521580>
2026-03-03 10:50:06,547 - aiosqlite - DEBUG - operation <function connect.<locals>.connector at 0x0000024685521580> completed
2026-03-03 10:50:06,547 - aiosqlite - DEBUG - executing functools.partial(<built-in method create_function of sqlite3.Connection object at 0x0000024685534B80>, 'regexp', 2, <function SQLiteDialect_pysqlite.on_connect.<locals>.regexp at 0x00000246854C8FE0>, deterministic=True)
2026-03-03 10:50:06,547 - aiosqlite - DEBUG - operation functools.partial(<built-in method create_function of sqlite3.Connection object at 0x0000024685534B80>, 'regexp', 2, <function SQLiteDialect_pysqlite.on_connect.<locals>.regexp at 0x00000246854C8FE0>, deterministic=True) completed
2026-03-03 10:50:06,548 - aiosqlite - DEBUG - executing functools.partial(<built-in method create_function of sqlite3.Connection object at 0x0000024685534B80>, 'floor', 1, <built-in function floor>, deterministic=True)
2026-03-03 10:50:06,548 - aiosqlite - DEBUG - operation functools.partial(<built-in method create_function of sqlite3.Connection object at 0x0000024685534B80>, 'floor', 1, <built-in function floor>, deterministic=True) completed
2026-03-03 10:50:06,549 - aiosqlite - DEBUG - executing functools.partial(<built-in method cursor of sqlite3.Connection object at 0x0000024685534B80>)
2026-03-03 10:50:06,550 - aiosqlite - DEBUG - operation functools.partial(<built-in method cursor of sqlite3.Connection object at 0x0000024685534B80>) completed
2026-03-03 10:50:06,551 - aiosqlite - DEBUG - executing functools.partial(<built-in method execute of sqlite3.Cursor object at 0x000002468554AD40>, 'SELECT count(products.id) AS count_1 \nFROM products', ())
2026-03-03 10:50:06,552 - aiosqlite - DEBUG - operation functools.partial(<built-in method execute of sqlite3.Cursor object at 0x000002468554AD40>, 'SELECT count(products.id) AS count_1 \nFROM products', ()) completed
2026-03-03 10:50:06,552 - aiosqlite - DEBUG - executing functools.partial(<built-in method fetchall of sqlite3.Cursor object at 0x000002468554AD40>)
2026-03-03 10:50:06,553 - aiosqlite - DEBUG - operation functools.partial(<built-in method fetchall of sqlite3.Cursor object at 0x000002468554AD40>) completed
2026-03-03 10:50:06,553 - aiosqlite - DEBUG - executing functools.partial(<built-in method close of sqlite3.Cursor object at 0x000002468554AD40>)
2026-03-03 10:50:06,553 - aiosqlite - DEBUG - operation functools.partial(<built-in method close of sqlite3.Cursor object at 0x000002468554AD40>) completed
2026-03-03 10:50:06,554 - aiosqlite - DEBUG - executing functools.partial(<built-in method cursor of sqlite3.Connection object at 0x0000024685534B80>)
2026-03-03 10:50:06,554 - aiosqlite - DEBUG - operation functools.partial(<built-in method cursor of sqlite3.Connection object at 0x0000024685534B80>) completed
2026-03-03 10:50:06,555 - aiosqlite - DEBUG - executing functools.partial(<built-in method execute of sqlite3.Cursor object at 0x000002468554AD40>, 'SELECT products.id, products.name, products.description, products.price, products.image, products.category, products.size, products.color, products.stock, products.created_at \nFROM products ORDER BY products.id DESC\n LIMIT ? OFFSET ?', (1000, 0))
2026-03-03 10:50:06,555 - aiosqlite - DEBUG - operation functools.partial(<built-in method execute of sqlite3.Cursor object at 0x000002468554AD40>, 'SELECT products.id, products.name, products.description, products.price, products.image, products.category, products.size, products.color, products.stock, products.created_at \nFROM products ORDER BY products.id DESC\n LIMIT ? OFFSET ?', (1000, 0)) completed
2026-03-03 10:50:06,556 - aiosqlite - DEBUG - executing functools.partial(<built-in method fetchall of sqlite3.Cursor object at 0x000002468554AD40>)
2026-03-03 10:50:06,556 - aiosqlite - DEBUG - operation functools.partial(<built-in method fetchall of sqlite3.Cursor object at 0x000002468554AD40>) completed
2026-03-03 10:50:06,556 - aiosqlite - DEBUG - executing functools.partial(<built-in method close of sqlite3.Cursor object at 0x000002468554AD40>)
2026-03-03 10:50:06,557 - aiosqlite - DEBUG - operation functools.partial(<built-in method close of sqlite3.Cursor object at 0x000002468554AD40>) completed
2026-03-03 10:50:06,558 - routers.products - DEBUG - Found 14 productss
2026-03-03 10:50:06,559 - core.database - DEBUG - [DB_OP] Database session cleanup after 0.0180s
2026-03-03 10:50:06,560 - aiosqlite - DEBUG - executing functools.partial(<built-in method rollback of sqlite3.Connection object at 0x0000024685534B80>)
2026-03-03 10:50:06,560 - aiosqlite - DEBUG - operation functools.partial(<built-in method rollback of sqlite3.Connection object at 0x0000024685534B80>) completed
2026-03-03 10:50:06,560 - aiosqlite - DEBUG - executing functools.partial(<built-in method rollback of sqlite3.Connection object at 0x0000024685534B80>)
2026-03-03 10:50:06,561 - aiosqlite - DEBUG - operation functools.partial(<built-in method rollback of sqlite3.Connection object at 0x0000024685534B80>) completed
2026-03-03 10:50:06,561 - aiosqlite - DEBUG - executing functools.partial(<built-in method close of sqlite3.Connection object at 0x0000024685534B80>)
2026-03-03 10:50:06,561 - aiosqlite - DEBUG - operation functools.partial(<built-in method close of sqlite3.Connection object at 0x0000024685534B80>) completed
2026-03-03 10:50:14,026 - core.database - DEBUG - [DB_OP] Starting get_db session creation
2026-03-03 10:50:14,026 - core.database - DEBUG - [DB_OP] Database session created successfully in 0.0000s
2026-03-03 10:50:14,027 - routers.products - DEBUG - Querying productss: query=None, sort=None, skip=0, limit=100, fields=None
2026-03-03 10:50:14,028 - aiosqlite - DEBUG - executing <function connect.<locals>.connector at 0x00000246855213A0>
2026-03-03 10:50:14,028 - aiosqlite - DEBUG - operation <function connect.<locals>.connector at 0x00000246855213A0> completed
2026-03-03 10:50:14,028 - aiosqlite - DEBUG - executing functools.partial(<built-in method create_function of sqlite3.Connection object at 0x0000024685534B80>, 'regexp', 2, <function SQLiteDialect_pysqlite.on_connect.<locals>.regexp at 0x00000246854C8FE0>, deterministic=True)
2026-03-03 10:50:14,029 - aiosqlite - DEBUG - operation functools.partial(<built-in method create_function of sqlite3.Connection object at 0x0000024685534B80>, 'regexp', 2, <function SQLiteDialect_pysqlite.on_connect.<locals>.regexp at 0x00000246854C8FE0>, deterministic=True) completed
2026-03-03 10:50:14,029 - aiosqlite - DEBUG - executing functools.partial(<built-in method create_function of sqlite3.Connection object at 0x0000024685534B80>, 'floor', 1, <built-in function floor>, deterministic=True)
2026-03-03 10:50:14,029 - aiosqlite - DEBUG - operation functools.partial(<built-in method create_function of sqlite3.Connection object at 0x0000024685534B80>, 'floor', 1, <built-in function floor>, deterministic=True) completed
2026-03-03 10:50:14,030 - aiosqlite - DEBUG - executing functools.partial(<built-in method cursor of sqlite3.Connection object at 0x0000024685534B80>)
2026-03-03 10:50:14,030 - aiosqlite - DEBUG - operation functools.partial(<built-in method cursor of sqlite3.Connection object at 0x0000024685534B80>) completed
2026-03-03 10:50:14,031 - aiosqlite - DEBUG - executing functools.partial(<built-in method execute of sqlite3.Cursor object at 0x000002468554AD40>, 'SELECT count(products.id) AS count_1 \nFROM products', ())
2026-03-03 10:50:14,032 - aiosqlite - DEBUG - operation functools.partial(<built-in method execute of sqlite3.Cursor object at 0x000002468554AD40>, 'SELECT count(products.id) AS count_1 \nFROM products', ()) completed
2026-03-03 10:50:14,032 - aiosqlite - DEBUG - executing functools.partial(<built-in method fetchall of sqlite3.Cursor object at 0x000002468554AD40>)
2026-03-03 10:50:14,033 - aiosqlite - DEBUG - operation functools.partial(<built-in method fetchall of sqlite3.Cursor object at 0x000002468554AD40>) completed
2026-03-03 10:50:14,033 - aiosqlite - DEBUG - executing functools.partial(<built-in method close of sqlite3.Cursor object at 0x000002468554AD40>)
2026-03-03 10:50:14,033 - aiosqlite - DEBUG - operation functools.partial(<built-in method close of sqlite3.Cursor object at 0x000002468554AD40>) completed
2026-03-03 10:50:14,034 - aiosqlite - DEBUG - executing functools.partial(<built-in method cursor of sqlite3.Connection object at 0x0000024685534B80>)
2026-03-03 10:50:14,035 - aiosqlite - DEBUG - operation functools.partial(<built-in method cursor of sqlite3.Connection object at 0x0000024685534B80>) completed
2026-03-03 10:50:14,035 - aiosqlite - DEBUG - executing functools.partial(<built-in method execute of sqlite3.Cursor object at 0x000002468554AD40>, 'SELECT products.id, products.name, products.description, products.price, products.image, products.category, products.size, products.color, products.stock, products.created_at \nFROM products ORDER BY products.id DESC\n LIMIT ? OFFSET ?', (100, 0))
2026-03-03 10:50:14,035 - aiosqlite - DEBUG - operation functools.partial(<built-in method execute of sqlite3.Cursor object at 0x000002468554AD40>, 'SELECT products.id, products.name, products.description, products.price, products.image, products.category, products.size, products.color, products.stock, products.created_at \nFROM products ORDER BY products.id DESC\n LIMIT ? OFFSET ?', (100, 0)) completed
2026-03-03 10:50:14,036 - aiosqlite - DEBUG - executing functools.partial(<built-in method fetchall of sqlite3.Cursor object at 0x000002468554AD40>)
2026-03-03 10:50:14,036 - aiosqlite - DEBUG - operation functools.partial(<built-in method fetchall of sqlite3.Cursor object at 0x000002468554AD40>) completed
2026-03-03 10:50:14,036 - aiosqlite - DEBUG - executing functools.partial(<built-in method close of sqlite3.Cursor object at 0x000002468554AD40>)
2026-03-03 10:50:14,036 - aiosqlite - DEBUG - operation functools.partial(<built-in method close of sqlite3.Cursor object at 0x000002468554AD40>) completed
2026-03-03 10:50:14,038 - routers.products - DEBUG - Found 14 productss
2026-03-03 10:50:14,039 - core.database - DEBUG - [DB_OP] Database session cleanup after 0.0130s
2026-03-03 10:50:14,039 - aiosqlite - DEBUG - executing functools.partial(<built-in method rollback of sqlite3.Connection object at 0x0000024685534B80>)
2026-03-03 10:50:14,040 - aiosqlite - DEBUG - operation functools.partial(<built-in method rollback of sqlite3.Connection object at 0x0000024685534B80>) completed
2026-03-03 10:50:14,040 - aiosqlite - DEBUG - executing functools.partial(<built-in method rollback of sqlite3.Connection object at 0x0000024685534B80>)
2026-03-03 10:50:14,040 - aiosqlite - DEBUG - operation functools.partial(<built-in method rollback of sqlite3.Connection object at 0x0000024685534B80>) completed
2026-03-03 10:50:14,040 - aiosqlite - DEBUG - executing functools.partial(<built-in method close of sqlite3.Connection object at 0x0000024685534B80>)
2026-03-03 10:50:14,041 - aiosqlite - DEBUG - operation functools.partial(<built-in method close of sqlite3.Connection object at 0x0000024685534B80>) completed
2026-03-03 10:50:18,400 - core.database - DEBUG - [DB_OP] Starting get_db session creation
2026-03-03 10:50:18,400 - core.database - DEBUG - [DB_OP] Database session created successfully in 0.0000s
2026-03-03 10:50:18,400 - routers.products - DEBUG - Querying productss: query=None, sort=None, skip=0, limit=1000, fields=None
2026-03-03 10:50:18,401 - aiosqlite - DEBUG - executing <function connect.<locals>.connector at 0x0000024685521120>
2026-03-03 10:50:18,401 - aiosqlite - DEBUG - operation <function connect.<locals>.connector at 0x0000024685521120> completed
2026-03-03 10:50:18,401 - aiosqlite - DEBUG - executing functools.partial(<built-in method create_function of sqlite3.Connection object at 0x00000246855346D0>, 'regexp', 2, <function SQLiteDialect_pysqlite.on_connect.<locals>.regexp at 0x00000246854C8FE0>, deterministic=True)
2026-03-03 10:50:18,402 - aiosqlite - DEBUG - operation functools.partial(<built-in method create_function of sqlite3.Connection object at 0x00000246855346D0>, 'regexp', 2, <function SQLiteDialect_pysqlite.on_connect.<locals>.regexp at 0x00000246854C8FE0>, deterministic=True) completed
2026-03-03 10:50:18,402 - aiosqlite - DEBUG - executing functools.partial(<built-in method create_function of sqlite3.Connection object at 0x00000246855346D0>, 'floor', 1, <built-in function floor>, deterministic=True)
2026-03-03 10:50:18,402 - aiosqlite - DEBUG - operation functools.partial(<built-in method create_function of sqlite3.Connection object at 0x00000246855346D0>, 'floor', 1, <built-in function floor>, deterministic=True) completed
2026-03-03 10:50:18,403 - aiosqlite - DEBUG - executing functools.partial(<built-in method cursor of sqlite3.Connection object at 0x00000246855346D0>)
2026-03-03 10:50:18,403 - aiosqlite - DEBUG - operation functools.partial(<built-in method cursor of sqlite3.Connection object at 0x00000246855346D0>) completed
2026-03-03 10:50:18,403 - aiosqlite - DEBUG - executing functools.partial(<built-in method execute of sqlite3.Cursor object at 0x000002468554A2C0>, 'SELECT count(products.id) AS count_1 \nFROM products', ())
2026-03-03 10:50:18,403 - aiosqlite - DEBUG - operation functools.partial(<built-in method execute of sqlite3.Cursor object at 0x000002468554A2C0>, 'SELECT count(products.id) AS count_1 \nFROM products', ()) completed
2026-03-03 10:50:18,404 - aiosqlite - DEBUG - executing functools.partial(<built-in method fetchall of sqlite3.Cursor object at 0x000002468554A2C0>)
2026-03-03 10:50:18,404 - aiosqlite - DEBUG - operation functools.partial(<built-in method fetchall of sqlite3.Cursor object at 0x000002468554A2C0>) completed
2026-03-03 10:50:18,404 - aiosqlite - DEBUG - executing functools.partial(<built-in method close of sqlite3.Cursor object at 0x000002468554A2C0>)
2026-03-03 10:50:18,404 - aiosqlite - DEBUG - operation functools.partial(<built-in method close of sqlite3.Cursor object at 0x000002468554A2C0>) completed
2026-03-03 10:50:18,405 - aiosqlite - DEBUG - executing functools.partial(<built-in method cursor of sqlite3.Connection object at 0x00000246855346D0>)
2026-03-03 10:50:18,405 - aiosqlite - DEBUG - operation functools.partial(<built-in method cursor of sqlite3.Connection object at 0x00000246855346D0>) completed
2026-03-03 10:50:18,406 - aiosqlite - DEBUG - executing functools.partial(<built-in method execute of sqlite3.Cursor object at 0x000002468554A2C0>, 'SELECT products.id, products.name, products.description, products.price, products.image, products.category, products.size, products.color, products.stock, products.created_at \nFROM products ORDER BY products.id DESC\n LIMIT ? OFFSET ?', (1000, 0))
2026-03-03 10:50:18,406 - aiosqlite - DEBUG - operation functools.partial(<built-in method execute of sqlite3.Cursor object at 0x000002468554A2C0>, 'SELECT products.id, products.name, products.description, products.price, products.image, products.category, products.size, products.color, products.stock, products.created_at \nFROM products ORDER BY products.id DESC\n LIMIT ? OFFSET ?', (1000, 0)) completed
2026-03-03 10:50:18,407 - aiosqlite - DEBUG - executing functools.partial(<built-in method fetchall of sqlite3.Cursor object at 0x000002468554A2C0>)
2026-03-03 10:50:18,407 - aiosqlite - DEBUG - operation functools.partial(<built-in method fetchall of sqlite3.Cursor object at 0x000002468554A2C0>) completed
2026-03-03 10:50:18,407 - aiosqlite - DEBUG - executing functools.partial(<built-in method close of sqlite3.Cursor object at 0x000002468554A2C0>)
2026-03-03 10:50:18,408 - aiosqlite - DEBUG - operation functools.partial(<built-in method close of sqlite3.Cursor object at 0x000002468554A2C0>) completed
2026-03-03 10:50:18,408 - routers.products - DEBUG - Found 14 productss
2026-03-03 10:50:18,408 - core.database - DEBUG - [DB_OP] Database session cleanup after 0.0080s
2026-03-03 10:50:18,409 - aiosqlite - DEBUG - executing functools.partial(<built-in method rollback of sqlite3.Connection object at 0x00000246855346D0>)
2026-03-03 10:50:18,409 - aiosqlite - DEBUG - operation functools.partial(<built-in method rollback of sqlite3.Connection object at 0x00000246855346D0>) completed
2026-03-03 10:50:18,409 - aiosqlite - DEBUG - executing functools.partial(<built-in method rollback of sqlite3.Connection object at 0x00000246855346D0>)
2026-03-03 10:50:18,409 - aiosqlite - DEBUG - operation functools.partial(<built-in method rollback of sqlite3.Connection object at 0x00000246855346D0>) completed
2026-03-03 10:50:18,410 - aiosqlite - DEBUG - executing functools.partial(<built-in method close of sqlite3.Connection object at 0x00000246855346D0>)
2026-03-03 10:50:18,410 - aiosqlite - DEBUG - operation functools.partial(<built-in method close of sqlite3.Connection object at 0x00000246855346D0>) completed
2026-03-03 10:54:46,810 - core.database - DEBUG - [DB_OP] Starting get_db session creation
2026-03-03 10:54:46,810 - core.database - DEBUG - [DB_OP] Database session created successfully in 0.0000s
2026-03-03 10:54:46,811 - routers.products - DEBUG - Querying productss: query=None, sort=None, skip=0, limit=1000, fields=None
2026-03-03 10:54:46,812 - aiosqlite - DEBUG - executing <function connect.<locals>.connector at 0x00000246854CADE0>
2026-03-03 10:54:46,812 - aiosqlite - DEBUG - operation <function connect.<locals>.connector at 0x00000246854CADE0> completed
2026-03-03 10:54:46,813 - aiosqlite - DEBUG - executing functools.partial(<built-in method create_function of sqlite3.Connection object at 0x0000024685534B80>, 'regexp', 2, <function SQLiteDialect_pysqlite.on_connect.<locals>.regexp at 0x00000246854C8FE0>, deterministic=True)
2026-03-03 10:54:46,813 - aiosqlite - DEBUG - operation functools.partial(<built-in method create_function of sqlite3.Connection object at 0x0000024685534B80>, 'regexp', 2, <function SQLiteDialect_pysqlite.on_connect.<locals>.regexp at 0x00000246854C8FE0>, deterministic=True) completed
2026-03-03 10:54:46,814 - aiosqlite - DEBUG - executing functools.partial(<built-in method create_function of sqlite3.Connection object at 0x0000024685534B80>, 'floor', 1, <built-in function floor>, deterministic=True)
2026-03-03 10:54:46,814 - aiosqlite - DEBUG - operation functools.partial(<built-in method create_function of sqlite3.Connection object at 0x0000024685534B80>, 'floor', 1, <built-in function floor>, deterministic=True) completed
2026-03-03 10:54:46,815 - aiosqlite - DEBUG - executing functools.partial(<built-in method cursor of sqlite3.Connection object at 0x0000024685534B80>)
2026-03-03 10:54:46,815 - aiosqlite - DEBUG - operation functools.partial(<built-in method cursor of sqlite3.Connection object at 0x0000024685534B80>) completed
2026-03-03 10:54:46,815 - aiosqlite - DEBUG - executing functools.partial(<built-in method execute of sqlite3.Cursor object at 0x000002468554BF40>, 'SELECT count(products.id) AS count_1 \nFROM products', ())
2026-03-03 10:54:46,816 - aiosqlite - DEBUG - operation functools.partial(<built-in method execute of sqlite3.Cursor object at 0x000002468554BF40>, 'SELECT count(products.id) AS count_1 \nFROM products', ()) completed
2026-03-03 10:54:46,817 - aiosqlite - DEBUG - executing functools.partial(<built-in method fetchall of sqlite3.Cursor object at 0x000002468554BF40>)
2026-03-03 10:54:46,817 - aiosqlite - DEBUG - operation functools.partial(<built-in method fetchall of sqlite3.Cursor object at 0x000002468554BF40>) completed
2026-03-03 10:54:46,818 - aiosqlite - DEBUG - executing functools.partial(<built-in method close of sqlite3.Cursor object at 0x000002468554BF40>)
2026-03-03 10:54:46,818 - aiosqlite - DEBUG - operation functools.partial(<built-in method close of sqlite3.Cursor object at 0x000002468554BF40>) completed
2026-03-03 10:54:46,819 - aiosqlite - DEBUG - executing functools.partial(<built-in method cursor of sqlite3.Connection object at 0x0000024685534B80>)
2026-03-03 10:54:46,820 - aiosqlite - DEBUG - operation functools.partial(<built-in method cursor of sqlite3.Connection object at 0x0000024685534B80>) completed
2026-03-03 10:54:46,820 - aiosqlite - DEBUG - executing functools.partial(<built-in method execute of sqlite3.Cursor object at 0x000002468554BF40>, 'SELECT products.id, products.name, products.description, products.price, products.image, products.category, products.size, products.color, products.stock, products.created_at \nFROM products ORDER BY products.id DESC\n LIMIT ? OFFSET ?', (1000, 0))
2026-03-03 10:54:46,821 - aiosqlite - DEBUG - operation functools.partial(<built-in method execute of sqlite3.Cursor object at 0x000002468554BF40>, 'SELECT products.id, products.name, products.description, products.price, products.image, products.category, products.size, products.color, products.stock, products.created_at \nFROM products ORDER BY products.id DESC\n LIMIT ? OFFSET ?', (1000, 0)) completed
2026-03-03 10:54:46,823 - aiosqlite - DEBUG - executing functools.partial(<built-in method fetchall of sqlite3.Cursor object at 0x000002468554BF40>)
2026-03-03 10:54:46,824 - aiosqlite - DEBUG - operation functools.partial(<built-in method fetchall of sqlite3.Cursor object at 0x000002468554BF40>) completed
2026-03-03 10:54:46,825 - aiosqlite - DEBUG - executing functools.partial(<built-in method close of sqlite3.Cursor object at 0x000002468554BF40>)
2026-03-03 10:54:46,825 - aiosqlite - DEBUG - operation functools.partial(<built-in method close of sqlite3.Cursor object at 0x000002468554BF40>) completed
2026-03-03 10:54:46,826 - routers.products - DEBUG - Found 14 productss
2026-03-03 10:54:46,827 - core.database - DEBUG - [DB_OP] Database session cleanup after 0.0170s
2026-03-03 10:54:46,828 - aiosqlite - DEBUG - executing functools.partial(<built-in method rollback of sqlite3.Connection object at 0x0000024685534B80>)
2026-03-03 10:54:46,828 - aiosqlite - DEBUG - operation functools.partial(<built-in method rollback of sqlite3.Connection object at 0x0000024685534B80>) completed
2026-03-03 10:54:46,829 - aiosqlite - DEBUG - executing functools.partial(<built-in method rollback of sqlite3.Connection object at 0x0000024685534B80>)
2026-03-03 10:54:46,829 - aiosqlite - DEBUG - operation functools.partial(<built-in method rollback of sqlite3.Connection object at 0x0000024685534B80>) completed
2026-03-03 10:54:46,830 - aiosqlite - DEBUG - executing functools.partial(<built-in method close of sqlite3.Connection object at 0x0000024685534B80>)
2026-03-03 10:54:46,830 - aiosqlite - DEBUG - operation functools.partial(<built-in method close of sqlite3.Connection object at 0x0000024685534B80>) completed
2026-03-03 10:55:08,502 - core.database - DEBUG - [DB_OP] Starting get_db session creation
2026-03-03 10:55:08,502 - core.database - DEBUG - [DB_OP] Database session created successfully in 0.0000s
2026-03-03 10:55:08,503 - routers.products - DEBUG - Querying productss: query=None, sort=None, skip=0, limit=1000, fields=None
2026-03-03 10:55:08,503 - aiosqlite - DEBUG - executing <function connect.<locals>.connector at 0x00000246854CB100>
2026-03-03 10:55:08,503 - aiosqlite - DEBUG - operation <function connect.<locals>.connector at 0x00000246854CB100> completed
2026-03-03 10:55:08,504 - aiosqlite - DEBUG - executing functools.partial(<built-in method create_function of sqlite3.Connection object at 0x0000024685534B80>, 'regexp', 2, <function SQLiteDialect_pysqlite.on_connect.<locals>.regexp at 0x00000246854C8FE0>, deterministic=True)
2026-03-03 10:55:08,505 - aiosqlite - DEBUG - operation functools.partial(<built-in method create_function of sqlite3.Connection object at 0x0000024685534B80>, 'regexp', 2, <function SQLiteDialect_pysqlite.on_connect.<locals>.regexp at 0x00000246854C8FE0>, deterministic=True) completed
2026-03-03 10:55:08,505 - aiosqlite - DEBUG - executing functools.partial(<built-in method create_function of sqlite3.Connection object at 0x0000024685534B80>, 'floor', 1, <built-in function floor>, deterministic=True)
2026-03-03 10:55:08,505 - aiosqlite - DEBUG - operation functools.partial(<built-in method create_function of sqlite3.Connection object at 0x0000024685534B80>, 'floor', 1, <built-in function floor>, deterministic=True) completed
2026-03-03 10:55:08,506 - aiosqlite - DEBUG - executing functools.partial(<built-in method cursor of sqlite3.Connection object at 0x0000024685534B80>)
2026-03-03 10:55:08,506 - aiosqlite - DEBUG - operation functools.partial(<built-in method cursor of sqlite3.Connection object at 0x0000024685534B80>) completed
2026-03-03 10:55:08,506 - aiosqlite - DEBUG - executing functools.partial(<built-in method execute of sqlite3.Cursor object at 0x000002468554BF40>, 'SELECT count(products.id) AS count_1 \nFROM products', ())
2026-03-03 10:55:08,506 - aiosqlite - DEBUG - operation functools.partial(<built-in method execute of sqlite3.Cursor object at 0x000002468554BF40>, 'SELECT count(products.id) AS count_1 \nFROM products', ()) completed
2026-03-03 10:55:08,507 - aiosqlite - DEBUG - executing functools.partial(<built-in method fetchall of sqlite3.Cursor object at 0x000002468554BF40>)
2026-03-03 10:55:08,507 - aiosqlite - DEBUG - operation functools.partial(<built-in method fetchall of sqlite3.Cursor object at 0x000002468554BF40>) completed
2026-03-03 10:55:08,507 - aiosqlite - DEBUG - executing functools.partial(<built-in method close of sqlite3.Cursor object at 0x000002468554BF40>)
2026-03-03 10:55:08,508 - aiosqlite - DEBUG - operation functools.partial(<built-in method close of sqlite3.Cursor object at 0x000002468554BF40>) completed
2026-03-03 10:55:08,509 - aiosqlite - DEBUG - executing functools.partial(<built-in method cursor of sqlite3.Connection object at 0x0000024685534B80>)
2026-03-03 10:55:08,509 - aiosqlite - DEBUG - operation functools.partial(<built-in method cursor of sqlite3.Connection object at 0x0000024685534B80>) completed
2026-03-03 10:55:08,509 - aiosqlite - DEBUG - executing functools.partial(<built-in method execute of sqlite3.Cursor object at 0x000002468554BF40>, 'SELECT products.id, products.name, products.description, products.price, products.image, products.category, products.size, products.color, products.stock, products.created_at \nFROM products ORDER BY products.id DESC\n LIMIT ? OFFSET ?', (1000, 0))
2026-03-03 10:55:08,510 - aiosqlite - DEBUG - operation functools.partial(<built-in method execute of sqlite3.Cursor object at 0x000002468554BF40>, 'SELECT products.id, products.name, products.description, products.price, products.image, products.category, products.size, products.color, products.stock, products.created_at \nFROM products ORDER BY products.id DESC\n LIMIT ? OFFSET ?', (1000, 0)) completed
2026-03-03 10:55:08,510 - aiosqlite - DEBUG - executing functools.partial(<built-in method fetchall of sqlite3.Cursor object at 0x000002468554BF40>)
2026-03-03 10:55:08,511 - aiosqlite - DEBUG - operation functools.partial(<built-in method fetchall of sqlite3.Cursor object at 0x000002468554BF40>) completed
2026-03-03 10:55:08,511 - aiosqlite - DEBUG - executing functools.partial(<built-in method close of sqlite3.Cursor object at 0x000002468554BF40>)
2026-03-03 10:55:08,511 - aiosqlite - DEBUG - operation functools.partial(<built-in method close of sqlite3.Cursor object at 0x000002468554BF40>) completed
2026-03-03 10:55:08,512 - routers.products - DEBUG - Found 14 productss
2026-03-03 10:55:08,512 - core.database - DEBUG - [DB_OP] Database session cleanup after 0.0100s
2026-03-03 10:55:08,512 - aiosqlite - DEBUG - executing functools.partial(<built-in method rollback of sqlite3.Connection object at 0x0000024685534B80>)
2026-03-03 10:55:08,512 - aiosqlite - DEBUG - operation functools.partial(<built-in method rollback of sqlite3.Connection object at 0x0000024685534B80>) completed
2026-03-03 10:55:08,513 - aiosqlite - DEBUG - executing functools.partial(<built-in method rollback of sqlite3.Connection object at 0x0000024685534B80>)
2026-03-03 10:55:08,513 - aiosqlite - DEBUG - operation functools.partial(<built-in method rollback of sqlite3.Connection object at 0x0000024685534B80>) completed
2026-03-03 10:55:08,513 - aiosqlite - DEBUG - executing functools.partial(<built-in method close of sqlite3.Connection object at 0x0000024685534B80>)
2026-03-03 10:55:08,513 - aiosqlite - DEBUG - operation functools.partial(<built-in method close of sqlite3.Connection object at 0x0000024685534B80>) completed
2026-03-03 11:39:16,740 - services.database - DEBUG - [DB_OP] Starting database close
2026-03-03 11:39:16,748 - core.database - INFO - Database connection closed and engine disposed
2026-03-03 11:39:16,749 - services.database - INFO - Database connections closed
2026-03-03 11:39:16,749 - services.database - DEBUG - [DB_OP] Database close completed in 0.0090s
