2026-03-03 15:36:07,410 - main - INFO - === Logging system initialized ===
2026-03-03 15:36:07,411 - main - INFO - Log file: logs/app_20260303_153607.log
2026-03-03 15:36:07,412 - main - INFO - Log level: INFO
2026-03-03 15:36:07,412 - main - INFO - Timestamp: 20260303_153607
2026-03-03 15:36:07,839 - main - INFO - Included router: routers.aihub.router
2026-03-03 15:36:07,864 - passlib.utils.compat - DEBUG - loaded lazy attr 'SafeConfigParser': <class 'configparser.ConfigParser'>
2026-03-03 15:36:07,865 - passlib.utils.compat - DEBUG - loaded lazy attr 'NativeStringIO': <class '_io.StringIO'>
2026-03-03 15:36:07,865 - passlib.utils.compat - DEBUG - loaded lazy attr 'BytesIO': <class '_io.BytesIO'>
2026-03-03 15:36:07,871 - passlib.registry - DEBUG - registered 'bcrypt' handler: <class 'passlib.handlers.bcrypt.bcrypt'>
2026-03-03 15:36:07,876 - main - INFO - Included router: routers.auth.router
2026-03-03 15:36:07,878 - main - INFO - Included router: routers.health.router
2026-03-03 15:36:07,886 - main - INFO - Included router: routers.orders.router
2026-03-03 15:36:07,927 - main - INFO - Included router: routers.products.router
2026-03-03 15:36:07,928 - main - WARNING - Failed to import module 'routers.settings': cannot import name 'get_admin_user' from 'dependencies.auth' (D:\ASM1\backend\dependencies\auth.py)
2026-03-03 15:36:07,929 - main - WARNING - Failed to import module 'routers.storage': cannot import name 'get_admin_user' from 'dependencies.auth' (D:\ASM1\backend\dependencies\auth.py)
2026-03-03 15:36:07,936 - main - INFO - Included router: routers.user.router
2026-03-03 15:36:07,938 - main - INFO - === Application startup initiated ===
2026-03-03 15:36:07,938 - services.database - DEBUG - [DB_OP] Starting database initialization
2026-03-03 15:36:07,938 - services.database - INFO - 🔧 Starting database initialization...
2026-03-03 15:36:07,939 - core.database - INFO - Starting database initialization...
2026-03-03 15:36:07,939 - core.database - INFO - Normalizing database URL for async compatibility...
2026-03-03 15:36:07,939 - core.database - DEBUG - Database exists:./test.db
2026-03-03 15:36:07,939 - core.database - WARNING - Adjusted database URL driver for async compatibility
2026-03-03 15:36:07,939 - core.database - INFO - Creating async database engine...
2026-03-03 15:36:07,939 - core.database - INFO - Using NullPool for sqlite+aiosqlite environment
2026-03-03 15:36:07,969 - core.database - INFO - Database engine created successfully
2026-03-03 15:36:07,969 - core.database - INFO - Creating async session maker...
2026-03-03 15:36:07,969 - core.database - INFO - Async session maker created successfully
2026-03-03 15:36:07,970 - core.database - INFO - Database connection initialized successfully
2026-03-03 15:36:07,970 - services.database - INFO - 🔧 Database connection initialized, now creating tables if tables not exist...
2026-03-03 15:36:07,970 - core.database - DEBUG - [DB_OP] Starting create_tables
2026-03-03 15:36:07,970 - core.database - INFO - 🔧 Starting table creation...
2026-03-03 15:36:07,971 - aiosqlite - DEBUG - executing <function connect.<locals>.connector at 0x0000025168838F40>
2026-03-03 15:36:07,976 - aiosqlite - DEBUG - operation <function connect.<locals>.connector at 0x0000025168838F40> completed
2026-03-03 15:36:07,978 - aiosqlite - DEBUG - executing functools.partial(<built-in method create_function of sqlite3.Connection object at 0x00000251688116C0>, 'regexp', 2, <function SQLiteDialect_pysqlite.on_connect.<locals>.regexp at 0x0000025168838220>, deterministic=True)
2026-03-03 15:36:07,978 - aiosqlite - DEBUG - operation functools.partial(<built-in method create_function of sqlite3.Connection object at 0x00000251688116C0>, 'regexp', 2, <function SQLiteDialect_pysqlite.on_connect.<locals>.regexp at 0x0000025168838220>, deterministic=True) completed
2026-03-03 15:36:07,979 - aiosqlite - DEBUG - executing functools.partial(<built-in method create_function of sqlite3.Connection object at 0x00000251688116C0>, 'floor', 1, <built-in function floor>, deterministic=True)
2026-03-03 15:36:07,979 - aiosqlite - DEBUG - operation functools.partial(<built-in method create_function of sqlite3.Connection object at 0x00000251688116C0>, 'floor', 1, <built-in function floor>, deterministic=True) completed
2026-03-03 15:36:07,980 - aiosqlite - DEBUG - executing functools.partial(<built-in method cursor of sqlite3.Connection object at 0x00000251688116C0>)
2026-03-03 15:36:07,980 - aiosqlite - DEBUG - operation functools.partial(<built-in method cursor of sqlite3.Connection object at 0x00000251688116C0>) completed
2026-03-03 15:36:07,981 - aiosqlite - DEBUG - executing functools.partial(<built-in method execute of sqlite3.Cursor object at 0x0000025168802740>, 'PRAGMA read_uncommitted', [])
2026-03-03 15:36:07,983 - aiosqlite - DEBUG - operation functools.partial(<built-in method execute of sqlite3.Cursor object at 0x0000025168802740>, 'PRAGMA read_uncommitted', []) completed
2026-03-03 15:36:07,984 - aiosqlite - DEBUG - executing functools.partial(<built-in method fetchall of sqlite3.Cursor object at 0x0000025168802740>)
2026-03-03 15:36:07,984 - aiosqlite - DEBUG - operation functools.partial(<built-in method fetchall of sqlite3.Cursor object at 0x0000025168802740>) completed
2026-03-03 15:36:07,984 - aiosqlite - DEBUG - executing functools.partial(<built-in method close of sqlite3.Cursor object at 0x0000025168802740>)
2026-03-03 15:36:07,984 - aiosqlite - DEBUG - operation functools.partial(<built-in method close of sqlite3.Cursor object at 0x0000025168802740>) completed
2026-03-03 15:36:07,985 - aiosqlite - DEBUG - executing functools.partial(<built-in method rollback of sqlite3.Connection object at 0x00000251688116C0>)
2026-03-03 15:36:07,985 - aiosqlite - DEBUG - operation functools.partial(<built-in method rollback of sqlite3.Connection object at 0x00000251688116C0>) completed
2026-03-03 15:36:07,985 - aiosqlite - DEBUG - executing functools.partial(<built-in method cursor of sqlite3.Connection object at 0x00000251688116C0>)
2026-03-03 15:36:07,986 - aiosqlite - DEBUG - operation functools.partial(<built-in method cursor of sqlite3.Connection object at 0x00000251688116C0>) completed
2026-03-03 15:36:07,986 - aiosqlite - DEBUG - executing functools.partial(<built-in method execute of sqlite3.Cursor object at 0x0000025168802840>, 'PRAGMA main.table_info("users")', ())
2026-03-03 15:36:07,988 - aiosqlite - DEBUG - operation functools.partial(<built-in method execute of sqlite3.Cursor object at 0x0000025168802840>, 'PRAGMA main.table_info("users")', ()) completed
2026-03-03 15:36:07,989 - aiosqlite - DEBUG - executing functools.partial(<built-in method fetchall of sqlite3.Cursor object at 0x0000025168802840>)
2026-03-03 15:36:07,990 - aiosqlite - DEBUG - operation functools.partial(<built-in method fetchall of sqlite3.Cursor object at 0x0000025168802840>) completed
2026-03-03 15:36:07,990 - aiosqlite - DEBUG - executing functools.partial(<built-in method close of sqlite3.Cursor object at 0x0000025168802840>)
2026-03-03 15:36:07,991 - aiosqlite - DEBUG - operation functools.partial(<built-in method close of sqlite3.Cursor object at 0x0000025168802840>) completed
2026-03-03 15:36:07,991 - aiosqlite - DEBUG - executing functools.partial(<built-in method cursor of sqlite3.Connection object at 0x00000251688116C0>)
2026-03-03 15:36:07,992 - aiosqlite - DEBUG - operation functools.partial(<built-in method cursor of sqlite3.Connection object at 0x00000251688116C0>) completed
2026-03-03 15:36:07,992 - aiosqlite - DEBUG - executing functools.partial(<built-in method execute of sqlite3.Cursor object at 0x0000025168802840>, 'PRAGMA main.table_info("oidc_states")', ())
2026-03-03 15:36:07,992 - aiosqlite - DEBUG - operation functools.partial(<built-in method execute of sqlite3.Cursor object at 0x0000025168802840>, 'PRAGMA main.table_info("oidc_states")', ()) completed
2026-03-03 15:36:07,993 - aiosqlite - DEBUG - executing functools.partial(<built-in method fetchall of sqlite3.Cursor object at 0x0000025168802840>)
2026-03-03 15:36:07,993 - aiosqlite - DEBUG - operation functools.partial(<built-in method fetchall of sqlite3.Cursor object at 0x0000025168802840>) completed
2026-03-03 15:36:07,993 - aiosqlite - DEBUG - executing functools.partial(<built-in method close of sqlite3.Cursor object at 0x0000025168802840>)
2026-03-03 15:36:07,994 - aiosqlite - DEBUG - operation functools.partial(<built-in method close of sqlite3.Cursor object at 0x0000025168802840>) completed
2026-03-03 15:36:07,994 - aiosqlite - DEBUG - executing functools.partial(<built-in method cursor of sqlite3.Connection object at 0x00000251688116C0>)
2026-03-03 15:36:07,994 - aiosqlite - DEBUG - operation functools.partial(<built-in method cursor of sqlite3.Connection object at 0x00000251688116C0>) completed
2026-03-03 15:36:07,995 - aiosqlite - DEBUG - executing functools.partial(<built-in method execute of sqlite3.Cursor object at 0x0000025168802840>, 'PRAGMA main.table_info("orders")', ())
2026-03-03 15:36:07,996 - aiosqlite - DEBUG - operation functools.partial(<built-in method execute of sqlite3.Cursor object at 0x0000025168802840>, 'PRAGMA main.table_info("orders")', ()) completed
2026-03-03 15:36:07,996 - aiosqlite - DEBUG - executing functools.partial(<built-in method fetchall of sqlite3.Cursor object at 0x0000025168802840>)
2026-03-03 15:36:07,997 - aiosqlite - DEBUG - operation functools.partial(<built-in method fetchall of sqlite3.Cursor object at 0x0000025168802840>) completed
2026-03-03 15:36:07,997 - aiosqlite - DEBUG - executing functools.partial(<built-in method close of sqlite3.Cursor object at 0x0000025168802840>)
2026-03-03 15:36:07,997 - aiosqlite - DEBUG - operation functools.partial(<built-in method close of sqlite3.Cursor object at 0x0000025168802840>) completed
2026-03-03 15:36:07,998 - aiosqlite - DEBUG - executing functools.partial(<built-in method cursor of sqlite3.Connection object at 0x00000251688116C0>)
2026-03-03 15:36:07,998 - aiosqlite - DEBUG - operation functools.partial(<built-in method cursor of sqlite3.Connection object at 0x00000251688116C0>) completed
2026-03-03 15:36:07,998 - aiosqlite - DEBUG - executing functools.partial(<built-in method execute of sqlite3.Cursor object at 0x0000025168802840>, 'PRAGMA main.table_info("products")', ())
2026-03-03 15:36:07,999 - aiosqlite - DEBUG - operation functools.partial(<built-in method execute of sqlite3.Cursor object at 0x0000025168802840>, 'PRAGMA main.table_info("products")', ()) completed
2026-03-03 15:36:07,999 - aiosqlite - DEBUG - executing functools.partial(<built-in method fetchall of sqlite3.Cursor object at 0x0000025168802840>)
2026-03-03 15:36:07,999 - aiosqlite - DEBUG - operation functools.partial(<built-in method fetchall of sqlite3.Cursor object at 0x0000025168802840>) completed
2026-03-03 15:36:07,999 - aiosqlite - DEBUG - executing functools.partial(<built-in method close of sqlite3.Cursor object at 0x0000025168802840>)
2026-03-03 15:36:08,000 - aiosqlite - DEBUG - operation functools.partial(<built-in method close of sqlite3.Cursor object at 0x0000025168802840>) completed
2026-03-03 15:36:08,000 - core.database - INFO - Tables initialized successfully
2026-03-03 15:36:08,000 - core.database - DEBUG - [DB_OP] Create tables completed in 0.0295s
2026-03-03 15:36:08,001 - aiosqlite - DEBUG - executing functools.partial(<built-in method commit of sqlite3.Connection object at 0x00000251688116C0>)
2026-03-03 15:36:08,001 - aiosqlite - DEBUG - operation functools.partial(<built-in method commit of sqlite3.Connection object at 0x00000251688116C0>) completed
2026-03-03 15:36:08,001 - aiosqlite - DEBUG - executing functools.partial(<built-in method rollback of sqlite3.Connection object at 0x00000251688116C0>)
2026-03-03 15:36:08,001 - aiosqlite - DEBUG - operation functools.partial(<built-in method rollback of sqlite3.Connection object at 0x00000251688116C0>) completed
2026-03-03 15:36:08,002 - aiosqlite - DEBUG - executing functools.partial(<built-in method close of sqlite3.Connection object at 0x00000251688116C0>)
2026-03-03 15:36:08,002 - aiosqlite - DEBUG - operation functools.partial(<built-in method close of sqlite3.Connection object at 0x00000251688116C0>) completed
2026-03-03 15:36:08,003 - services.database - INFO - 🔧 Table creation completed
2026-03-03 15:36:08,004 - services.database - INFO - Database initialized successfully
2026-03-03 15:36:08,004 - services.database - DEBUG - [DB_OP] Database initialization completed in 0.0662s
2026-03-03 15:36:08,005 - services.mock_data - INFO - Processing mock data file products.json for table products
2026-03-03 15:36:08,005 - aiosqlite - DEBUG - executing <function connect.<locals>.connector at 0x0000025168838FE0>
2026-03-03 15:36:08,006 - aiosqlite - DEBUG - operation <function connect.<locals>.connector at 0x0000025168838FE0> completed
2026-03-03 15:36:08,006 - aiosqlite - DEBUG - executing functools.partial(<built-in method create_function of sqlite3.Connection object at 0x00000251688117B0>, 'regexp', 2, <function SQLiteDialect_pysqlite.on_connect.<locals>.regexp at 0x0000025168838220>, deterministic=True)
2026-03-03 15:36:08,006 - aiosqlite - DEBUG - operation functools.partial(<built-in method create_function of sqlite3.Connection object at 0x00000251688117B0>, 'regexp', 2, <function SQLiteDialect_pysqlite.on_connect.<locals>.regexp at 0x0000025168838220>, deterministic=True) completed
2026-03-03 15:36:08,007 - aiosqlite - DEBUG - executing functools.partial(<built-in method create_function of sqlite3.Connection object at 0x00000251688117B0>, 'floor', 1, <built-in function floor>, deterministic=True)
2026-03-03 15:36:08,007 - aiosqlite - DEBUG - operation functools.partial(<built-in method create_function of sqlite3.Connection object at 0x00000251688117B0>, 'floor', 1, <built-in function floor>, deterministic=True) completed
2026-03-03 15:36:08,008 - aiosqlite - DEBUG - executing functools.partial(<built-in method cursor of sqlite3.Connection object at 0x00000251688117B0>)
2026-03-03 15:36:08,008 - aiosqlite - DEBUG - operation functools.partial(<built-in method cursor of sqlite3.Connection object at 0x00000251688117B0>) completed
2026-03-03 15:36:08,008 - aiosqlite - DEBUG - executing functools.partial(<built-in method execute of sqlite3.Cursor object at 0x0000025168802C40>, 'PRAGMA main.table_xinfo("products")', ())
2026-03-03 15:36:08,009 - aiosqlite - DEBUG - operation functools.partial(<built-in method execute of sqlite3.Cursor object at 0x0000025168802C40>, 'PRAGMA main.table_xinfo("products")', ()) completed
2026-03-03 15:36:08,009 - aiosqlite - DEBUG - executing functools.partial(<built-in method fetchall of sqlite3.Cursor object at 0x0000025168802C40>)
2026-03-03 15:36:08,010 - aiosqlite - DEBUG - operation functools.partial(<built-in method fetchall of sqlite3.Cursor object at 0x0000025168802C40>) completed
2026-03-03 15:36:08,010 - aiosqlite - DEBUG - executing functools.partial(<built-in method close of sqlite3.Cursor object at 0x0000025168802C40>)
2026-03-03 15:36:08,010 - aiosqlite - DEBUG - operation functools.partial(<built-in method close of sqlite3.Cursor object at 0x0000025168802C40>) completed
2026-03-03 15:36:08,011 - aiosqlite - DEBUG - executing functools.partial(<built-in method cursor of sqlite3.Connection object at 0x00000251688117B0>)
2026-03-03 15:36:08,012 - aiosqlite - DEBUG - operation functools.partial(<built-in method cursor of sqlite3.Connection object at 0x00000251688117B0>) completed
2026-03-03 15:36:08,012 - aiosqlite - DEBUG - executing functools.partial(<built-in method execute of sqlite3.Cursor object at 0x0000025168802C40>, "SELECT sql FROM  (SELECT * FROM sqlite_master UNION ALL   SELECT * FROM sqlite_temp_master) WHERE name = ? AND type in ('table', 'view')", ('products',))
2026-03-03 15:36:08,013 - aiosqlite - DEBUG - operation functools.partial(<built-in method execute of sqlite3.Cursor object at 0x0000025168802C40>, "SELECT sql FROM  (SELECT * FROM sqlite_master UNION ALL   SELECT * FROM sqlite_temp_master) WHERE name = ? AND type in ('table', 'view')", ('products',)) completed
2026-03-03 15:36:08,013 - aiosqlite - DEBUG - executing functools.partial(<built-in method fetchall of sqlite3.Cursor object at 0x0000025168802C40>)
2026-03-03 15:36:08,014 - aiosqlite - DEBUG - operation functools.partial(<built-in method fetchall of sqlite3.Cursor object at 0x0000025168802C40>) completed
2026-03-03 15:36:08,014 - aiosqlite - DEBUG - executing functools.partial(<built-in method close of sqlite3.Cursor object at 0x0000025168802C40>)
2026-03-03 15:36:08,014 - aiosqlite - DEBUG - operation functools.partial(<built-in method close of sqlite3.Cursor object at 0x0000025168802C40>) completed
2026-03-03 15:36:08,016 - aiosqlite - DEBUG - executing functools.partial(<built-in method cursor of sqlite3.Connection object at 0x00000251688117B0>)
2026-03-03 15:36:08,016 - aiosqlite - DEBUG - operation functools.partial(<built-in method cursor of sqlite3.Connection object at 0x00000251688117B0>) completed
2026-03-03 15:36:08,016 - aiosqlite - DEBUG - executing functools.partial(<built-in method execute of sqlite3.Cursor object at 0x0000025168802C40>, 'PRAGMA main.foreign_key_list("products")', ())
2026-03-03 15:36:08,016 - aiosqlite - DEBUG - operation functools.partial(<built-in method execute of sqlite3.Cursor object at 0x0000025168802C40>, 'PRAGMA main.foreign_key_list("products")', ()) completed
2026-03-03 15:36:08,017 - aiosqlite - DEBUG - executing functools.partial(<built-in method fetchall of sqlite3.Cursor object at 0x0000025168802C40>)
2026-03-03 15:36:08,017 - aiosqlite - DEBUG - operation functools.partial(<built-in method fetchall of sqlite3.Cursor object at 0x0000025168802C40>) completed
2026-03-03 15:36:08,018 - aiosqlite - DEBUG - executing functools.partial(<built-in method close of sqlite3.Cursor object at 0x0000025168802C40>)
2026-03-03 15:36:08,018 - aiosqlite - DEBUG - operation functools.partial(<built-in method close of sqlite3.Cursor object at 0x0000025168802C40>) completed
2026-03-03 15:36:08,018 - aiosqlite - DEBUG - executing functools.partial(<built-in method cursor of sqlite3.Connection object at 0x00000251688117B0>)
2026-03-03 15:36:08,018 - aiosqlite - DEBUG - operation functools.partial(<built-in method cursor of sqlite3.Connection object at 0x00000251688117B0>) completed
2026-03-03 15:36:08,019 - aiosqlite - DEBUG - executing functools.partial(<built-in method execute of sqlite3.Cursor object at 0x0000025168802C40>, 'PRAGMA temp.foreign_key_list("products")', ())
2026-03-03 15:36:08,019 - aiosqlite - DEBUG - operation functools.partial(<built-in method execute of sqlite3.Cursor object at 0x0000025168802C40>, 'PRAGMA temp.foreign_key_list("products")', ()) completed
2026-03-03 15:36:08,019 - aiosqlite - DEBUG - executing functools.partial(<built-in method fetchall of sqlite3.Cursor object at 0x0000025168802C40>)
2026-03-03 15:36:08,019 - aiosqlite - DEBUG - operation functools.partial(<built-in method fetchall of sqlite3.Cursor object at 0x0000025168802C40>) completed
2026-03-03 15:36:08,020 - aiosqlite - DEBUG - executing functools.partial(<built-in method close of sqlite3.Cursor object at 0x0000025168802C40>)
2026-03-03 15:36:08,020 - aiosqlite - DEBUG - operation functools.partial(<built-in method close of sqlite3.Cursor object at 0x0000025168802C40>) completed
2026-03-03 15:36:08,021 - aiosqlite - DEBUG - executing functools.partial(<built-in method cursor of sqlite3.Connection object at 0x00000251688117B0>)
2026-03-03 15:36:08,021 - aiosqlite - DEBUG - operation functools.partial(<built-in method cursor of sqlite3.Connection object at 0x00000251688117B0>) completed
2026-03-03 15:36:08,021 - aiosqlite - DEBUG - executing functools.partial(<built-in method execute of sqlite3.Cursor object at 0x0000025168802C40>, "SELECT sql FROM  (SELECT * FROM sqlite_master UNION ALL   SELECT * FROM sqlite_temp_master) WHERE name = ? AND type in ('table', 'view')", ('products',))
2026-03-03 15:36:08,022 - aiosqlite - DEBUG - operation functools.partial(<built-in method execute of sqlite3.Cursor object at 0x0000025168802C40>, "SELECT sql FROM  (SELECT * FROM sqlite_master UNION ALL   SELECT * FROM sqlite_temp_master) WHERE name = ? AND type in ('table', 'view')", ('products',)) completed
2026-03-03 15:36:08,022 - aiosqlite - DEBUG - executing functools.partial(<built-in method fetchall of sqlite3.Cursor object at 0x0000025168802C40>)
2026-03-03 15:36:08,022 - aiosqlite - DEBUG - operation functools.partial(<built-in method fetchall of sqlite3.Cursor object at 0x0000025168802C40>) completed
2026-03-03 15:36:08,023 - aiosqlite - DEBUG - executing functools.partial(<built-in method close of sqlite3.Cursor object at 0x0000025168802C40>)
2026-03-03 15:36:08,023 - aiosqlite - DEBUG - operation functools.partial(<built-in method close of sqlite3.Cursor object at 0x0000025168802C40>) completed
2026-03-03 15:36:08,025 - aiosqlite - DEBUG - executing functools.partial(<built-in method cursor of sqlite3.Connection object at 0x00000251688117B0>)
2026-03-03 15:36:08,025 - aiosqlite - DEBUG - operation functools.partial(<built-in method cursor of sqlite3.Connection object at 0x00000251688117B0>) completed
2026-03-03 15:36:08,025 - aiosqlite - DEBUG - executing functools.partial(<built-in method execute of sqlite3.Cursor object at 0x0000025168802C40>, 'PRAGMA main.index_list("products")', ())
2026-03-03 15:36:08,025 - aiosqlite - DEBUG - operation functools.partial(<built-in method execute of sqlite3.Cursor object at 0x0000025168802C40>, 'PRAGMA main.index_list("products")', ()) completed
2026-03-03 15:36:08,026 - aiosqlite - DEBUG - executing functools.partial(<built-in method fetchall of sqlite3.Cursor object at 0x0000025168802C40>)
2026-03-03 15:36:08,026 - aiosqlite - DEBUG - operation functools.partial(<built-in method fetchall of sqlite3.Cursor object at 0x0000025168802C40>) completed
2026-03-03 15:36:08,026 - aiosqlite - DEBUG - executing functools.partial(<built-in method close of sqlite3.Cursor object at 0x0000025168802C40>)
2026-03-03 15:36:08,027 - aiosqlite - DEBUG - operation functools.partial(<built-in method close of sqlite3.Cursor object at 0x0000025168802C40>) completed
2026-03-03 15:36:08,027 - aiosqlite - DEBUG - executing functools.partial(<built-in method cursor of sqlite3.Connection object at 0x00000251688117B0>)
2026-03-03 15:36:08,028 - aiosqlite - DEBUG - operation functools.partial(<built-in method cursor of sqlite3.Connection object at 0x00000251688117B0>) completed
2026-03-03 15:36:08,028 - aiosqlite - DEBUG - executing functools.partial(<built-in method execute of sqlite3.Cursor object at 0x0000025168802C40>, 'PRAGMA main.index_info("ix_products_id")', ())
2026-03-03 15:36:08,028 - aiosqlite - DEBUG - operation functools.partial(<built-in method execute of sqlite3.Cursor object at 0x0000025168802C40>, 'PRAGMA main.index_info("ix_products_id")', ()) completed
2026-03-03 15:36:08,029 - aiosqlite - DEBUG - executing functools.partial(<built-in method fetchall of sqlite3.Cursor object at 0x0000025168802C40>)
2026-03-03 15:36:08,030 - aiosqlite - DEBUG - operation functools.partial(<built-in method fetchall of sqlite3.Cursor object at 0x0000025168802C40>) completed
2026-03-03 15:36:08,030 - aiosqlite - DEBUG - executing functools.partial(<built-in method close of sqlite3.Cursor object at 0x0000025168802C40>)
2026-03-03 15:36:08,030 - aiosqlite - DEBUG - operation functools.partial(<built-in method close of sqlite3.Cursor object at 0x0000025168802C40>) completed
2026-03-03 15:36:08,031 - aiosqlite - DEBUG - executing functools.partial(<built-in method cursor of sqlite3.Connection object at 0x00000251688117B0>)
2026-03-03 15:36:08,031 - aiosqlite - DEBUG - operation functools.partial(<built-in method cursor of sqlite3.Connection object at 0x00000251688117B0>) completed
2026-03-03 15:36:08,032 - aiosqlite - DEBUG - executing functools.partial(<built-in method execute of sqlite3.Cursor object at 0x0000025168802C40>, 'PRAGMA main.index_list("products")', ())
2026-03-03 15:36:08,032 - aiosqlite - DEBUG - operation functools.partial(<built-in method execute of sqlite3.Cursor object at 0x0000025168802C40>, 'PRAGMA main.index_list("products")', ()) completed
2026-03-03 15:36:08,032 - aiosqlite - DEBUG - executing functools.partial(<built-in method fetchall of sqlite3.Cursor object at 0x0000025168802C40>)
2026-03-03 15:36:08,032 - aiosqlite - DEBUG - operation functools.partial(<built-in method fetchall of sqlite3.Cursor object at 0x0000025168802C40>) completed
2026-03-03 15:36:08,033 - aiosqlite - DEBUG - executing functools.partial(<built-in method close of sqlite3.Cursor object at 0x0000025168802C40>)
2026-03-03 15:36:08,033 - aiosqlite - DEBUG - operation functools.partial(<built-in method close of sqlite3.Cursor object at 0x0000025168802C40>) completed
2026-03-03 15:36:08,033 - aiosqlite - DEBUG - executing functools.partial(<built-in method cursor of sqlite3.Connection object at 0x00000251688117B0>)
2026-03-03 15:36:08,034 - aiosqlite - DEBUG - operation functools.partial(<built-in method cursor of sqlite3.Connection object at 0x00000251688117B0>) completed
2026-03-03 15:36:08,034 - aiosqlite - DEBUG - executing functools.partial(<built-in method execute of sqlite3.Cursor object at 0x0000025168802C40>, 'PRAGMA main.index_info("ix_products_id")', ())
2026-03-03 15:36:08,034 - aiosqlite - DEBUG - operation functools.partial(<built-in method execute of sqlite3.Cursor object at 0x0000025168802C40>, 'PRAGMA main.index_info("ix_products_id")', ()) completed
2026-03-03 15:36:08,034 - aiosqlite - DEBUG - executing functools.partial(<built-in method fetchall of sqlite3.Cursor object at 0x0000025168802C40>)
2026-03-03 15:36:08,035 - aiosqlite - DEBUG - operation functools.partial(<built-in method fetchall of sqlite3.Cursor object at 0x0000025168802C40>) completed
2026-03-03 15:36:08,035 - aiosqlite - DEBUG - executing functools.partial(<built-in method close of sqlite3.Cursor object at 0x0000025168802C40>)
2026-03-03 15:36:08,035 - aiosqlite - DEBUG - operation functools.partial(<built-in method close of sqlite3.Cursor object at 0x0000025168802C40>) completed
2026-03-03 15:36:08,036 - aiosqlite - DEBUG - executing functools.partial(<built-in method cursor of sqlite3.Connection object at 0x00000251688117B0>)
2026-03-03 15:36:08,036 - aiosqlite - DEBUG - operation functools.partial(<built-in method cursor of sqlite3.Connection object at 0x00000251688117B0>) completed
2026-03-03 15:36:08,036 - aiosqlite - DEBUG - executing functools.partial(<built-in method execute of sqlite3.Cursor object at 0x0000025168802C40>, "SELECT sql FROM  (SELECT * FROM sqlite_master UNION ALL   SELECT * FROM sqlite_temp_master) WHERE name = ? AND type in ('table', 'view')", ('products',))
2026-03-03 15:36:08,037 - aiosqlite - DEBUG - operation functools.partial(<built-in method execute of sqlite3.Cursor object at 0x0000025168802C40>, "SELECT sql FROM  (SELECT * FROM sqlite_master UNION ALL   SELECT * FROM sqlite_temp_master) WHERE name = ? AND type in ('table', 'view')", ('products',)) completed
2026-03-03 15:36:08,037 - aiosqlite - DEBUG - executing functools.partial(<built-in method fetchall of sqlite3.Cursor object at 0x0000025168802C40>)
2026-03-03 15:36:08,038 - aiosqlite - DEBUG - operation functools.partial(<built-in method fetchall of sqlite3.Cursor object at 0x0000025168802C40>) completed
2026-03-03 15:36:08,038 - aiosqlite - DEBUG - executing functools.partial(<built-in method close of sqlite3.Cursor object at 0x0000025168802C40>)
2026-03-03 15:36:08,038 - aiosqlite - DEBUG - operation functools.partial(<built-in method close of sqlite3.Cursor object at 0x0000025168802C40>) completed
2026-03-03 15:36:08,042 - aiosqlite - DEBUG - executing functools.partial(<built-in method cursor of sqlite3.Connection object at 0x00000251688117B0>)
2026-03-03 15:36:08,043 - aiosqlite - DEBUG - operation functools.partial(<built-in method cursor of sqlite3.Connection object at 0x00000251688117B0>) completed
2026-03-03 15:36:08,044 - aiosqlite - DEBUG - executing functools.partial(<built-in method execute of sqlite3.Cursor object at 0x00000251687B7040>, 'SELECT count(*) AS count_1 \nFROM products', ())
2026-03-03 15:36:08,044 - aiosqlite - DEBUG - operation functools.partial(<built-in method execute of sqlite3.Cursor object at 0x00000251687B7040>, 'SELECT count(*) AS count_1 \nFROM products', ()) completed
2026-03-03 15:36:08,045 - aiosqlite - DEBUG - executing functools.partial(<built-in method fetchall of sqlite3.Cursor object at 0x00000251687B7040>)
2026-03-03 15:36:08,045 - aiosqlite - DEBUG - operation functools.partial(<built-in method fetchall of sqlite3.Cursor object at 0x00000251687B7040>) completed
2026-03-03 15:36:08,046 - aiosqlite - DEBUG - executing functools.partial(<built-in method close of sqlite3.Cursor object at 0x00000251687B7040>)
2026-03-03 15:36:08,046 - aiosqlite - DEBUG - operation functools.partial(<built-in method close of sqlite3.Cursor object at 0x00000251687B7040>) completed
2026-03-03 15:36:08,046 - services.mock_data - INFO - Table products already has 15 rows; skipping mock insert
2026-03-03 15:36:08,047 - aiosqlite - DEBUG - executing functools.partial(<built-in method commit of sqlite3.Connection object at 0x00000251688117B0>)
2026-03-03 15:36:08,047 - aiosqlite - DEBUG - operation functools.partial(<built-in method commit of sqlite3.Connection object at 0x00000251688117B0>) completed
2026-03-03 15:36:08,047 - aiosqlite - DEBUG - executing functools.partial(<built-in method rollback of sqlite3.Connection object at 0x00000251688117B0>)
2026-03-03 15:36:08,048 - aiosqlite - DEBUG - operation functools.partial(<built-in method rollback of sqlite3.Connection object at 0x00000251688117B0>) completed
2026-03-03 15:36:08,048 - aiosqlite - DEBUG - executing functools.partial(<built-in method close of sqlite3.Connection object at 0x00000251688117B0>)
2026-03-03 15:36:08,048 - aiosqlite - DEBUG - operation functools.partial(<built-in method close of sqlite3.Connection object at 0x00000251688117B0>) completed
2026-03-03 15:36:08,049 - services.database - DEBUG - [DB_OP] Starting database initialization
2026-03-03 15:36:08,049 - services.database - INFO - 🔧 Starting database initialization...
2026-03-03 15:36:08,049 - core.database - INFO - Starting database initialization...
2026-03-03 15:36:08,049 - core.database - INFO - Database already initialized
2026-03-03 15:36:08,050 - services.database - INFO - 🔧 Database connection initialized, now creating tables if tables not exist...
2026-03-03 15:36:08,050 - core.database - DEBUG - [DB_OP] Starting create_tables
2026-03-03 15:36:08,050 - core.database - INFO - Tables already initialized
2026-03-03 15:36:08,050 - services.database - INFO - 🔧 Table creation completed
2026-03-03 15:36:08,050 - services.database - INFO - Database initialized successfully
2026-03-03 15:36:08,051 - services.database - DEBUG - [DB_OP] Database initialization completed in 0.0010s
2026-03-03 15:36:08,051 - services.auth - WARNING - Admin user ID or email not configured, skipping admin initialization
2026-03-03 15:36:08,051 - main - INFO - === Application startup completed successfully ===
2026-03-03 15:36:33,331 - core.database - DEBUG - [DB_OP] Starting get_db session creation
2026-03-03 15:36:33,331 - core.database - DEBUG - [DB_OP] Database session created successfully in 0.0000s
2026-03-03 15:36:33,332 - routers.products - DEBUG - Querying productss: query=None, sort=None, skip=0, limit=1000, fields=None
2026-03-03 15:36:33,333 - aiosqlite - DEBUG - executing <function connect.<locals>.connector at 0x0000025168854540>
2026-03-03 15:36:33,333 - aiosqlite - DEBUG - operation <function connect.<locals>.connector at 0x0000025168854540> completed
2026-03-03 15:36:33,333 - aiosqlite - DEBUG - executing functools.partial(<built-in method create_function of sqlite3.Connection object at 0x000002516883F2E0>, 'regexp', 2, <function SQLiteDialect_pysqlite.on_connect.<locals>.regexp at 0x0000025168838220>, deterministic=True)
2026-03-03 15:36:33,334 - aiosqlite - DEBUG - operation functools.partial(<built-in method create_function of sqlite3.Connection object at 0x000002516883F2E0>, 'regexp', 2, <function SQLiteDialect_pysqlite.on_connect.<locals>.regexp at 0x0000025168838220>, deterministic=True) completed
2026-03-03 15:36:33,334 - aiosqlite - DEBUG - executing functools.partial(<built-in method create_function of sqlite3.Connection object at 0x000002516883F2E0>, 'floor', 1, <built-in function floor>, deterministic=True)
2026-03-03 15:36:33,334 - aiosqlite - DEBUG - operation functools.partial(<built-in method create_function of sqlite3.Connection object at 0x000002516883F2E0>, 'floor', 1, <built-in function floor>, deterministic=True) completed
2026-03-03 15:36:33,340 - aiosqlite - DEBUG - executing functools.partial(<built-in method cursor of sqlite3.Connection object at 0x000002516883F2E0>)
2026-03-03 15:36:33,340 - aiosqlite - DEBUG - operation functools.partial(<built-in method cursor of sqlite3.Connection object at 0x000002516883F2E0>) completed
2026-03-03 15:36:33,341 - aiosqlite - DEBUG - executing functools.partial(<built-in method execute of sqlite3.Cursor object at 0x000002516885AB40>, 'SELECT count(products.id) AS count_1 \nFROM products', ())
2026-03-03 15:36:33,342 - aiosqlite - DEBUG - operation functools.partial(<built-in method execute of sqlite3.Cursor object at 0x000002516885AB40>, 'SELECT count(products.id) AS count_1 \nFROM products', ()) completed
2026-03-03 15:36:33,342 - aiosqlite - DEBUG - executing functools.partial(<built-in method fetchall of sqlite3.Cursor object at 0x000002516885AB40>)
2026-03-03 15:36:33,343 - aiosqlite - DEBUG - operation functools.partial(<built-in method fetchall of sqlite3.Cursor object at 0x000002516885AB40>) completed
2026-03-03 15:36:33,343 - aiosqlite - DEBUG - executing functools.partial(<built-in method close of sqlite3.Cursor object at 0x000002516885AB40>)
2026-03-03 15:36:33,343 - aiosqlite - DEBUG - operation functools.partial(<built-in method close of sqlite3.Cursor object at 0x000002516885AB40>) completed
2026-03-03 15:36:33,346 - aiosqlite - DEBUG - executing functools.partial(<built-in method cursor of sqlite3.Connection object at 0x000002516883F2E0>)
2026-03-03 15:36:33,347 - aiosqlite - DEBUG - operation functools.partial(<built-in method cursor of sqlite3.Connection object at 0x000002516883F2E0>) completed
2026-03-03 15:36:33,347 - aiosqlite - DEBUG - executing functools.partial(<built-in method execute of sqlite3.Cursor object at 0x0000025168802340>, 'SELECT products.id, products.name, products.description, products.price, products.image, products.category, products.size, products.color, products.stock, products.created_at \nFROM products ORDER BY products.id DESC\n LIMIT ? OFFSET ?', (1000, 0))
2026-03-03 15:36:33,348 - aiosqlite - DEBUG - operation functools.partial(<built-in method execute of sqlite3.Cursor object at 0x0000025168802340>, 'SELECT products.id, products.name, products.description, products.price, products.image, products.category, products.size, products.color, products.stock, products.created_at \nFROM products ORDER BY products.id DESC\n LIMIT ? OFFSET ?', (1000, 0)) completed
2026-03-03 15:36:33,349 - aiosqlite - DEBUG - executing functools.partial(<built-in method fetchall of sqlite3.Cursor object at 0x0000025168802340>)
2026-03-03 15:36:33,349 - aiosqlite - DEBUG - operation functools.partial(<built-in method fetchall of sqlite3.Cursor object at 0x0000025168802340>) completed
2026-03-03 15:36:33,350 - aiosqlite - DEBUG - executing functools.partial(<built-in method close of sqlite3.Cursor object at 0x0000025168802340>)
2026-03-03 15:36:33,350 - aiosqlite - DEBUG - operation functools.partial(<built-in method close of sqlite3.Cursor object at 0x0000025168802340>) completed
2026-03-03 15:36:33,351 - routers.products - DEBUG - Found 15 productss
2026-03-03 15:36:33,352 - core.database - DEBUG - [DB_OP] Database session cleanup after 0.0209s
2026-03-03 15:36:33,352 - aiosqlite - DEBUG - executing functools.partial(<built-in method rollback of sqlite3.Connection object at 0x000002516883F2E0>)
2026-03-03 15:36:33,353 - aiosqlite - DEBUG - operation functools.partial(<built-in method rollback of sqlite3.Connection object at 0x000002516883F2E0>) completed
2026-03-03 15:36:33,354 - aiosqlite - DEBUG - executing functools.partial(<built-in method rollback of sqlite3.Connection object at 0x000002516883F2E0>)
2026-03-03 15:36:33,354 - aiosqlite - DEBUG - operation functools.partial(<built-in method rollback of sqlite3.Connection object at 0x000002516883F2E0>) completed
2026-03-03 15:36:33,355 - aiosqlite - DEBUG - executing functools.partial(<built-in method close of sqlite3.Connection object at 0x000002516883F2E0>)
2026-03-03 15:36:33,356 - aiosqlite - DEBUG - operation functools.partial(<built-in method close of sqlite3.Connection object at 0x000002516883F2E0>) completed
2026-03-03 15:36:33,404 - core.database - DEBUG - [DB_OP] Starting get_db session creation
2026-03-03 15:36:33,404 - core.database - DEBUG - [DB_OP] Database session created successfully in 0.0000s
2026-03-03 15:36:33,405 - routers.products - DEBUG - Querying productss: query=None, sort=None, skip=0, limit=1000, fields=None
2026-03-03 15:36:33,406 - aiosqlite - DEBUG - executing <function connect.<locals>.connector at 0x0000025168854400>
2026-03-03 15:36:33,406 - aiosqlite - DEBUG - operation <function connect.<locals>.connector at 0x0000025168854400> completed
2026-03-03 15:36:33,407 - aiosqlite - DEBUG - executing functools.partial(<built-in method create_function of sqlite3.Connection object at 0x00000251688945E0>, 'regexp', 2, <function SQLiteDialect_pysqlite.on_connect.<locals>.regexp at 0x0000025168838220>, deterministic=True)
2026-03-03 15:36:33,407 - aiosqlite - DEBUG - operation functools.partial(<built-in method create_function of sqlite3.Connection object at 0x00000251688945E0>, 'regexp', 2, <function SQLiteDialect_pysqlite.on_connect.<locals>.regexp at 0x0000025168838220>, deterministic=True) completed
2026-03-03 15:36:33,407 - aiosqlite - DEBUG - executing functools.partial(<built-in method create_function of sqlite3.Connection object at 0x00000251688945E0>, 'floor', 1, <built-in function floor>, deterministic=True)
2026-03-03 15:36:33,407 - aiosqlite - DEBUG - operation functools.partial(<built-in method create_function of sqlite3.Connection object at 0x00000251688945E0>, 'floor', 1, <built-in function floor>, deterministic=True) completed
2026-03-03 15:36:33,408 - aiosqlite - DEBUG - executing functools.partial(<built-in method cursor of sqlite3.Connection object at 0x00000251688945E0>)
2026-03-03 15:36:33,409 - aiosqlite - DEBUG - operation functools.partial(<built-in method cursor of sqlite3.Connection object at 0x00000251688945E0>) completed
2026-03-03 15:36:33,409 - aiosqlite - DEBUG - executing functools.partial(<built-in method execute of sqlite3.Cursor object at 0x000002516885ADC0>, 'SELECT count(products.id) AS count_1 \nFROM products', ())
2026-03-03 15:36:33,410 - aiosqlite - DEBUG - operation functools.partial(<built-in method execute of sqlite3.Cursor object at 0x000002516885ADC0>, 'SELECT count(products.id) AS count_1 \nFROM products', ()) completed
2026-03-03 15:36:33,410 - aiosqlite - DEBUG - executing functools.partial(<built-in method fetchall of sqlite3.Cursor object at 0x000002516885ADC0>)
2026-03-03 15:36:33,410 - aiosqlite - DEBUG - operation functools.partial(<built-in method fetchall of sqlite3.Cursor object at 0x000002516885ADC0>) completed
2026-03-03 15:36:33,411 - aiosqlite - DEBUG - executing functools.partial(<built-in method close of sqlite3.Cursor object at 0x000002516885ADC0>)
2026-03-03 15:36:33,411 - aiosqlite - DEBUG - operation functools.partial(<built-in method close of sqlite3.Cursor object at 0x000002516885ADC0>) completed
2026-03-03 15:36:33,412 - aiosqlite - DEBUG - executing functools.partial(<built-in method cursor of sqlite3.Connection object at 0x00000251688945E0>)
2026-03-03 15:36:33,413 - aiosqlite - DEBUG - operation functools.partial(<built-in method cursor of sqlite3.Connection object at 0x00000251688945E0>) completed
2026-03-03 15:36:33,413 - aiosqlite - DEBUG - executing functools.partial(<built-in method execute of sqlite3.Cursor object at 0x000002516885ADC0>, 'SELECT products.id, products.name, products.description, products.price, products.image, products.category, products.size, products.color, products.stock, products.created_at \nFROM products ORDER BY products.id DESC\n LIMIT ? OFFSET ?', (1000, 0))
2026-03-03 15:36:33,414 - aiosqlite - DEBUG - operation functools.partial(<built-in method execute of sqlite3.Cursor object at 0x000002516885ADC0>, 'SELECT products.id, products.name, products.description, products.price, products.image, products.category, products.size, products.color, products.stock, products.created_at \nFROM products ORDER BY products.id DESC\n LIMIT ? OFFSET ?', (1000, 0)) completed
2026-03-03 15:36:33,415 - aiosqlite - DEBUG - executing functools.partial(<built-in method fetchall of sqlite3.Cursor object at 0x000002516885ADC0>)
2026-03-03 15:36:33,415 - aiosqlite - DEBUG - operation functools.partial(<built-in method fetchall of sqlite3.Cursor object at 0x000002516885ADC0>) completed
2026-03-03 15:36:33,416 - aiosqlite - DEBUG - executing functools.partial(<built-in method close of sqlite3.Cursor object at 0x000002516885ADC0>)
2026-03-03 15:36:33,416 - aiosqlite - DEBUG - operation functools.partial(<built-in method close of sqlite3.Cursor object at 0x000002516885ADC0>) completed
2026-03-03 15:36:33,417 - routers.products - DEBUG - Found 15 productss
2026-03-03 15:36:33,418 - core.database - DEBUG - [DB_OP] Database session cleanup after 0.0140s
2026-03-03 15:36:33,419 - aiosqlite - DEBUG - executing functools.partial(<built-in method rollback of sqlite3.Connection object at 0x00000251688945E0>)
2026-03-03 15:36:33,419 - aiosqlite - DEBUG - operation functools.partial(<built-in method rollback of sqlite3.Connection object at 0x00000251688945E0>) completed
2026-03-03 15:36:33,420 - aiosqlite - DEBUG - executing functools.partial(<built-in method rollback of sqlite3.Connection object at 0x00000251688945E0>)
2026-03-03 15:36:33,420 - aiosqlite - DEBUG - operation functools.partial(<built-in method rollback of sqlite3.Connection object at 0x00000251688945E0>) completed
2026-03-03 15:36:33,421 - aiosqlite - DEBUG - executing functools.partial(<built-in method close of sqlite3.Connection object at 0x00000251688945E0>)
2026-03-03 15:36:33,421 - aiosqlite - DEBUG - operation functools.partial(<built-in method close of sqlite3.Connection object at 0x00000251688945E0>) completed
2026-03-03 15:36:37,434 - core.database - DEBUG - [DB_OP] Starting get_db session creation
2026-03-03 15:36:37,434 - core.database - DEBUG - [DB_OP] Database session created successfully in 0.0000s
2026-03-03 15:36:37,435 - routers.products - DEBUG - Querying productss: query=None, sort=None, skip=0, limit=1000, fields=None
2026-03-03 15:36:37,435 - aiosqlite - DEBUG - executing <function connect.<locals>.connector at 0x00000251688545E0>
2026-03-03 15:36:37,436 - aiosqlite - DEBUG - operation <function connect.<locals>.connector at 0x00000251688545E0> completed
2026-03-03 15:36:37,436 - aiosqlite - DEBUG - executing functools.partial(<built-in method create_function of sqlite3.Connection object at 0x00000251688949A0>, 'regexp', 2, <function SQLiteDialect_pysqlite.on_connect.<locals>.regexp at 0x0000025168838220>, deterministic=True)
2026-03-03 15:36:37,438 - aiosqlite - DEBUG - operation functools.partial(<built-in method create_function of sqlite3.Connection object at 0x00000251688949A0>, 'regexp', 2, <function SQLiteDialect_pysqlite.on_connect.<locals>.regexp at 0x0000025168838220>, deterministic=True) completed
2026-03-03 15:36:37,438 - aiosqlite - DEBUG - executing functools.partial(<built-in method create_function of sqlite3.Connection object at 0x00000251688949A0>, 'floor', 1, <built-in function floor>, deterministic=True)
2026-03-03 15:36:37,438 - aiosqlite - DEBUG - operation functools.partial(<built-in method create_function of sqlite3.Connection object at 0x00000251688949A0>, 'floor', 1, <built-in function floor>, deterministic=True) completed
2026-03-03 15:36:37,438 - aiosqlite - DEBUG - executing functools.partial(<built-in method cursor of sqlite3.Connection object at 0x00000251688949A0>)
2026-03-03 15:36:37,438 - aiosqlite - DEBUG - operation functools.partial(<built-in method cursor of sqlite3.Connection object at 0x00000251688949A0>) completed
2026-03-03 15:36:37,439 - aiosqlite - DEBUG - executing functools.partial(<built-in method execute of sqlite3.Cursor object at 0x0000025168802340>, 'SELECT count(products.id) AS count_1 \nFROM products', ())
2026-03-03 15:36:37,439 - aiosqlite - DEBUG - operation functools.partial(<built-in method execute of sqlite3.Cursor object at 0x0000025168802340>, 'SELECT count(products.id) AS count_1 \nFROM products', ()) completed
2026-03-03 15:36:37,439 - aiosqlite - DEBUG - executing functools.partial(<built-in method fetchall of sqlite3.Cursor object at 0x0000025168802340>)
2026-03-03 15:36:37,440 - aiosqlite - DEBUG - operation functools.partial(<built-in method fetchall of sqlite3.Cursor object at 0x0000025168802340>) completed
2026-03-03 15:36:37,441 - aiosqlite - DEBUG - executing functools.partial(<built-in method close of sqlite3.Cursor object at 0x0000025168802340>)
2026-03-03 15:36:37,441 - aiosqlite - DEBUG - operation functools.partial(<built-in method close of sqlite3.Cursor object at 0x0000025168802340>) completed
2026-03-03 15:36:37,442 - aiosqlite - DEBUG - executing functools.partial(<built-in method cursor of sqlite3.Connection object at 0x00000251688949A0>)
2026-03-03 15:36:37,442 - aiosqlite - DEBUG - operation functools.partial(<built-in method cursor of sqlite3.Connection object at 0x00000251688949A0>) completed
2026-03-03 15:36:37,443 - aiosqlite - DEBUG - executing functools.partial(<built-in method execute of sqlite3.Cursor object at 0x0000025168802340>, 'SELECT products.id, products.name, products.description, products.price, products.image, products.category, products.size, products.color, products.stock, products.created_at \nFROM products ORDER BY products.id DESC\n LIMIT ? OFFSET ?', (1000, 0))
2026-03-03 15:36:37,443 - aiosqlite - DEBUG - operation functools.partial(<built-in method execute of sqlite3.Cursor object at 0x0000025168802340>, 'SELECT products.id, products.name, products.description, products.price, products.image, products.category, products.size, products.color, products.stock, products.created_at \nFROM products ORDER BY products.id DESC\n LIMIT ? OFFSET ?', (1000, 0)) completed
2026-03-03 15:36:37,444 - aiosqlite - DEBUG - executing functools.partial(<built-in method fetchall of sqlite3.Cursor object at 0x0000025168802340>)
2026-03-03 15:36:37,444 - aiosqlite - DEBUG - operation functools.partial(<built-in method fetchall of sqlite3.Cursor object at 0x0000025168802340>) completed
2026-03-03 15:36:37,445 - aiosqlite - DEBUG - executing functools.partial(<built-in method close of sqlite3.Cursor object at 0x0000025168802340>)
2026-03-03 15:36:37,445 - aiosqlite - DEBUG - operation functools.partial(<built-in method close of sqlite3.Cursor object at 0x0000025168802340>) completed
2026-03-03 15:36:37,445 - routers.products - DEBUG - Found 15 productss
2026-03-03 15:36:37,446 - core.database - DEBUG - [DB_OP] Database session cleanup after 0.0120s
2026-03-03 15:36:37,446 - aiosqlite - DEBUG - executing functools.partial(<built-in method rollback of sqlite3.Connection object at 0x00000251688949A0>)
2026-03-03 15:36:37,447 - aiosqlite - DEBUG - operation functools.partial(<built-in method rollback of sqlite3.Connection object at 0x00000251688949A0>) completed
2026-03-03 15:36:37,447 - aiosqlite - DEBUG - executing functools.partial(<built-in method rollback of sqlite3.Connection object at 0x00000251688949A0>)
2026-03-03 15:36:37,448 - aiosqlite - DEBUG - operation functools.partial(<built-in method rollback of sqlite3.Connection object at 0x00000251688949A0>) completed
2026-03-03 15:36:37,448 - aiosqlite - DEBUG - executing functools.partial(<built-in method close of sqlite3.Connection object at 0x00000251688949A0>)
2026-03-03 15:36:37,449 - aiosqlite - DEBUG - operation functools.partial(<built-in method close of sqlite3.Connection object at 0x00000251688949A0>) completed
2026-03-03 15:37:27,027 - core.database - DEBUG - [DB_OP] Starting get_db session creation
2026-03-03 15:37:27,027 - core.database - DEBUG - [DB_OP] Database session created successfully in 0.0000s
2026-03-03 15:37:27,027 - routers.products - DEBUG - Querying productss: query=None, sort=None, skip=0, limit=1000, fields=None
2026-03-03 15:37:27,028 - aiosqlite - DEBUG - executing <function connect.<locals>.connector at 0x000002516883A340>
2026-03-03 15:37:27,028 - aiosqlite - DEBUG - operation <function connect.<locals>.connector at 0x000002516883A340> completed
2026-03-03 15:37:27,029 - aiosqlite - DEBUG - executing functools.partial(<built-in method create_function of sqlite3.Connection object at 0x00000251688948B0>, 'regexp', 2, <function SQLiteDialect_pysqlite.on_connect.<locals>.regexp at 0x0000025168838220>, deterministic=True)
2026-03-03 15:37:27,029 - aiosqlite - DEBUG - operation functools.partial(<built-in method create_function of sqlite3.Connection object at 0x00000251688948B0>, 'regexp', 2, <function SQLiteDialect_pysqlite.on_connect.<locals>.regexp at 0x0000025168838220>, deterministic=True) completed
2026-03-03 15:37:27,029 - aiosqlite - DEBUG - executing functools.partial(<built-in method create_function of sqlite3.Connection object at 0x00000251688948B0>, 'floor', 1, <built-in function floor>, deterministic=True)
2026-03-03 15:37:27,029 - aiosqlite - DEBUG - operation functools.partial(<built-in method create_function of sqlite3.Connection object at 0x00000251688948B0>, 'floor', 1, <built-in function floor>, deterministic=True) completed
2026-03-03 15:37:27,030 - aiosqlite - DEBUG - executing functools.partial(<built-in method cursor of sqlite3.Connection object at 0x00000251688948B0>)
2026-03-03 15:37:27,031 - aiosqlite - DEBUG - operation functools.partial(<built-in method cursor of sqlite3.Connection object at 0x00000251688948B0>) completed
2026-03-03 15:37:27,031 - aiosqlite - DEBUG - executing functools.partial(<built-in method execute of sqlite3.Cursor object at 0x00000251688A4540>, 'SELECT count(products.id) AS count_1 \nFROM products', ())
2026-03-03 15:37:27,031 - aiosqlite - DEBUG - operation functools.partial(<built-in method execute of sqlite3.Cursor object at 0x00000251688A4540>, 'SELECT count(products.id) AS count_1 \nFROM products', ()) completed
2026-03-03 15:37:27,032 - aiosqlite - DEBUG - executing functools.partial(<built-in method fetchall of sqlite3.Cursor object at 0x00000251688A4540>)
2026-03-03 15:37:27,032 - aiosqlite - DEBUG - operation functools.partial(<built-in method fetchall of sqlite3.Cursor object at 0x00000251688A4540>) completed
2026-03-03 15:37:27,032 - aiosqlite - DEBUG - executing functools.partial(<built-in method close of sqlite3.Cursor object at 0x00000251688A4540>)
2026-03-03 15:37:27,032 - aiosqlite - DEBUG - operation functools.partial(<built-in method close of sqlite3.Cursor object at 0x00000251688A4540>) completed
2026-03-03 15:37:27,033 - aiosqlite - DEBUG - executing functools.partial(<built-in method cursor of sqlite3.Connection object at 0x00000251688948B0>)
2026-03-03 15:37:27,034 - aiosqlite - DEBUG - operation functools.partial(<built-in method cursor of sqlite3.Connection object at 0x00000251688948B0>) completed
2026-03-03 15:37:27,034 - aiosqlite - DEBUG - executing functools.partial(<built-in method execute of sqlite3.Cursor object at 0x00000251688A4540>, 'SELECT products.id, products.name, products.description, products.price, products.image, products.category, products.size, products.color, products.stock, products.created_at \nFROM products ORDER BY products.id DESC\n LIMIT ? OFFSET ?', (1000, 0))
2026-03-03 15:37:27,034 - aiosqlite - DEBUG - operation functools.partial(<built-in method execute of sqlite3.Cursor object at 0x00000251688A4540>, 'SELECT products.id, products.name, products.description, products.price, products.image, products.category, products.size, products.color, products.stock, products.created_at \nFROM products ORDER BY products.id DESC\n LIMIT ? OFFSET ?', (1000, 0)) completed
2026-03-03 15:37:27,035 - aiosqlite - DEBUG - executing functools.partial(<built-in method fetchall of sqlite3.Cursor object at 0x00000251688A4540>)
2026-03-03 15:37:27,035 - aiosqlite - DEBUG - operation functools.partial(<built-in method fetchall of sqlite3.Cursor object at 0x00000251688A4540>) completed
2026-03-03 15:37:27,036 - aiosqlite - DEBUG - executing functools.partial(<built-in method close of sqlite3.Cursor object at 0x00000251688A4540>)
2026-03-03 15:37:27,036 - aiosqlite - DEBUG - operation functools.partial(<built-in method close of sqlite3.Cursor object at 0x00000251688A4540>) completed
2026-03-03 15:37:27,036 - routers.products - DEBUG - Found 15 productss
2026-03-03 15:37:27,037 - core.database - DEBUG - [DB_OP] Database session cleanup after 0.0100s
2026-03-03 15:37:27,037 - aiosqlite - DEBUG - executing functools.partial(<built-in method rollback of sqlite3.Connection object at 0x00000251688948B0>)
2026-03-03 15:37:27,037 - aiosqlite - DEBUG - operation functools.partial(<built-in method rollback of sqlite3.Connection object at 0x00000251688948B0>) completed
2026-03-03 15:37:27,038 - aiosqlite - DEBUG - executing functools.partial(<built-in method rollback of sqlite3.Connection object at 0x00000251688948B0>)
2026-03-03 15:37:27,038 - aiosqlite - DEBUG - operation functools.partial(<built-in method rollback of sqlite3.Connection object at 0x00000251688948B0>) completed
2026-03-03 15:37:27,039 - aiosqlite - DEBUG - executing functools.partial(<built-in method close of sqlite3.Connection object at 0x00000251688948B0>)
2026-03-03 15:37:27,039 - aiosqlite - DEBUG - operation functools.partial(<built-in method close of sqlite3.Connection object at 0x00000251688948B0>) completed
2026-03-03 16:25:51,148 - core.database - DEBUG - [DB_OP] Starting get_db session creation
2026-03-03 16:25:51,148 - core.database - DEBUG - [DB_OP] Database session created successfully in 0.0000s
2026-03-03 16:25:51,149 - routers.products - DEBUG - Querying productss: query=None, sort=None, skip=0, limit=1000, fields=None
2026-03-03 16:25:51,150 - aiosqlite - DEBUG - executing <function connect.<locals>.connector at 0x0000025168854400>
2026-03-03 16:25:51,150 - aiosqlite - DEBUG - operation <function connect.<locals>.connector at 0x0000025168854400> completed
2026-03-03 16:25:51,150 - aiosqlite - DEBUG - executing functools.partial(<built-in method create_function of sqlite3.Connection object at 0x000002516883D3F0>, 'regexp', 2, <function SQLiteDialect_pysqlite.on_connect.<locals>.regexp at 0x0000025168838220>, deterministic=True)
2026-03-03 16:25:51,151 - aiosqlite - DEBUG - operation functools.partial(<built-in method create_function of sqlite3.Connection object at 0x000002516883D3F0>, 'regexp', 2, <function SQLiteDialect_pysqlite.on_connect.<locals>.regexp at 0x0000025168838220>, deterministic=True) completed
2026-03-03 16:25:51,151 - aiosqlite - DEBUG - executing functools.partial(<built-in method create_function of sqlite3.Connection object at 0x000002516883D3F0>, 'floor', 1, <built-in function floor>, deterministic=True)
2026-03-03 16:25:51,151 - aiosqlite - DEBUG - operation functools.partial(<built-in method create_function of sqlite3.Connection object at 0x000002516883D3F0>, 'floor', 1, <built-in function floor>, deterministic=True) completed
2026-03-03 16:25:51,152 - aiosqlite - DEBUG - executing functools.partial(<built-in method cursor of sqlite3.Connection object at 0x000002516883D3F0>)
2026-03-03 16:25:51,152 - aiosqlite - DEBUG - operation functools.partial(<built-in method cursor of sqlite3.Connection object at 0x000002516883D3F0>) completed
2026-03-03 16:25:51,152 - aiosqlite - DEBUG - executing functools.partial(<built-in method execute of sqlite3.Cursor object at 0x00000251688A53C0>, 'SELECT count(products.id) AS count_1 \nFROM products', ())
2026-03-03 16:25:51,152 - aiosqlite - DEBUG - operation functools.partial(<built-in method execute of sqlite3.Cursor object at 0x00000251688A53C0>, 'SELECT count(products.id) AS count_1 \nFROM products', ()) completed
2026-03-03 16:25:51,153 - aiosqlite - DEBUG - executing functools.partial(<built-in method fetchall of sqlite3.Cursor object at 0x00000251688A53C0>)
2026-03-03 16:25:51,153 - aiosqlite - DEBUG - operation functools.partial(<built-in method fetchall of sqlite3.Cursor object at 0x00000251688A53C0>) completed
2026-03-03 16:25:51,153 - aiosqlite - DEBUG - executing functools.partial(<built-in method close of sqlite3.Cursor object at 0x00000251688A53C0>)
2026-03-03 16:25:51,153 - aiosqlite - DEBUG - operation functools.partial(<built-in method close of sqlite3.Cursor object at 0x00000251688A53C0>) completed
2026-03-03 16:25:51,155 - aiosqlite - DEBUG - executing functools.partial(<built-in method cursor of sqlite3.Connection object at 0x000002516883D3F0>)
2026-03-03 16:25:51,155 - aiosqlite - DEBUG - operation functools.partial(<built-in method cursor of sqlite3.Connection object at 0x000002516883D3F0>) completed
2026-03-03 16:25:51,155 - aiosqlite - DEBUG - executing functools.partial(<built-in method execute of sqlite3.Cursor object at 0x00000251688A53C0>, 'SELECT products.id, products.name, products.description, products.price, products.image, products.category, products.size, products.color, products.stock, products.created_at \nFROM products ORDER BY products.id DESC\n LIMIT ? OFFSET ?', (1000, 0))
2026-03-03 16:25:51,156 - aiosqlite - DEBUG - operation functools.partial(<built-in method execute of sqlite3.Cursor object at 0x00000251688A53C0>, 'SELECT products.id, products.name, products.description, products.price, products.image, products.category, products.size, products.color, products.stock, products.created_at \nFROM products ORDER BY products.id DESC\n LIMIT ? OFFSET ?', (1000, 0)) completed
2026-03-03 16:25:51,157 - aiosqlite - DEBUG - executing functools.partial(<built-in method fetchall of sqlite3.Cursor object at 0x00000251688A53C0>)
2026-03-03 16:25:51,157 - aiosqlite - DEBUG - operation functools.partial(<built-in method fetchall of sqlite3.Cursor object at 0x00000251688A53C0>) completed
2026-03-03 16:25:51,157 - aiosqlite - DEBUG - executing functools.partial(<built-in method close of sqlite3.Cursor object at 0x00000251688A53C0>)
2026-03-03 16:25:51,158 - aiosqlite - DEBUG - operation functools.partial(<built-in method close of sqlite3.Cursor object at 0x00000251688A53C0>) completed
2026-03-03 16:25:51,158 - routers.products - DEBUG - Found 15 productss
2026-03-03 16:25:51,159 - core.database - DEBUG - [DB_OP] Database session cleanup after 0.0110s
2026-03-03 16:25:51,160 - aiosqlite - DEBUG - executing functools.partial(<built-in method rollback of sqlite3.Connection object at 0x000002516883D3F0>)
2026-03-03 16:25:51,160 - aiosqlite - DEBUG - operation functools.partial(<built-in method rollback of sqlite3.Connection object at 0x000002516883D3F0>) completed
2026-03-03 16:25:51,160 - aiosqlite - DEBUG - executing functools.partial(<built-in method rollback of sqlite3.Connection object at 0x000002516883D3F0>)
2026-03-03 16:25:51,161 - aiosqlite - DEBUG - operation functools.partial(<built-in method rollback of sqlite3.Connection object at 0x000002516883D3F0>) completed
2026-03-03 16:25:51,161 - aiosqlite - DEBUG - executing functools.partial(<built-in method close of sqlite3.Connection object at 0x000002516883D3F0>)
2026-03-03 16:25:51,162 - aiosqlite - DEBUG - operation functools.partial(<built-in method close of sqlite3.Connection object at 0x000002516883D3F0>) completed
2026-03-03 16:25:56,377 - core.database - DEBUG - [DB_OP] Starting get_db session creation
2026-03-03 16:25:56,377 - core.database - DEBUG - [DB_OP] Database session created successfully in 0.0000s
2026-03-03 16:25:56,378 - routers.products - DEBUG - Querying productss: query=None, sort=None, skip=0, limit=1000, fields=None
2026-03-03 16:25:56,378 - aiosqlite - DEBUG - executing <function connect.<locals>.connector at 0x00000251688545E0>
2026-03-03 16:25:56,379 - aiosqlite - DEBUG - operation <function connect.<locals>.connector at 0x00000251688545E0> completed
2026-03-03 16:25:56,379 - aiosqlite - DEBUG - executing functools.partial(<built-in method create_function of sqlite3.Connection object at 0x000002516883F010>, 'regexp', 2, <function SQLiteDialect_pysqlite.on_connect.<locals>.regexp at 0x0000025168838220>, deterministic=True)
2026-03-03 16:25:56,379 - aiosqlite - DEBUG - operation functools.partial(<built-in method create_function of sqlite3.Connection object at 0x000002516883F010>, 'regexp', 2, <function SQLiteDialect_pysqlite.on_connect.<locals>.regexp at 0x0000025168838220>, deterministic=True) completed
2026-03-03 16:25:56,380 - aiosqlite - DEBUG - executing functools.partial(<built-in method create_function of sqlite3.Connection object at 0x000002516883F010>, 'floor', 1, <built-in function floor>, deterministic=True)
2026-03-03 16:25:56,380 - aiosqlite - DEBUG - operation functools.partial(<built-in method create_function of sqlite3.Connection object at 0x000002516883F010>, 'floor', 1, <built-in function floor>, deterministic=True) completed
2026-03-03 16:25:56,381 - aiosqlite - DEBUG - executing functools.partial(<built-in method cursor of sqlite3.Connection object at 0x000002516883F010>)
2026-03-03 16:25:56,381 - aiosqlite - DEBUG - operation functools.partial(<built-in method cursor of sqlite3.Connection object at 0x000002516883F010>) completed
2026-03-03 16:25:56,381 - aiosqlite - DEBUG - executing functools.partial(<built-in method execute of sqlite3.Cursor object at 0x00000251688A57C0>, 'SELECT count(products.id) AS count_1 \nFROM products', ())
2026-03-03 16:25:56,382 - aiosqlite - DEBUG - operation functools.partial(<built-in method execute of sqlite3.Cursor object at 0x00000251688A57C0>, 'SELECT count(products.id) AS count_1 \nFROM products', ()) completed
2026-03-03 16:25:56,382 - aiosqlite - DEBUG - executing functools.partial(<built-in method fetchall of sqlite3.Cursor object at 0x00000251688A57C0>)
2026-03-03 16:25:56,382 - aiosqlite - DEBUG - operation functools.partial(<built-in method fetchall of sqlite3.Cursor object at 0x00000251688A57C0>) completed
2026-03-03 16:25:56,382 - aiosqlite - DEBUG - executing functools.partial(<built-in method close of sqlite3.Cursor object at 0x00000251688A57C0>)
2026-03-03 16:25:56,383 - aiosqlite - DEBUG - operation functools.partial(<built-in method close of sqlite3.Cursor object at 0x00000251688A57C0>) completed
2026-03-03 16:25:56,384 - aiosqlite - DEBUG - executing functools.partial(<built-in method cursor of sqlite3.Connection object at 0x000002516883F010>)
2026-03-03 16:25:56,384 - aiosqlite - DEBUG - operation functools.partial(<built-in method cursor of sqlite3.Connection object at 0x000002516883F010>) completed
2026-03-03 16:25:56,384 - aiosqlite - DEBUG - executing functools.partial(<built-in method execute of sqlite3.Cursor object at 0x00000251688A57C0>, 'SELECT products.id, products.name, products.description, products.price, products.image, products.category, products.size, products.color, products.stock, products.created_at \nFROM products ORDER BY products.id DESC\n LIMIT ? OFFSET ?', (1000, 0))
2026-03-03 16:25:56,385 - aiosqlite - DEBUG - operation functools.partial(<built-in method execute of sqlite3.Cursor object at 0x00000251688A57C0>, 'SELECT products.id, products.name, products.description, products.price, products.image, products.category, products.size, products.color, products.stock, products.created_at \nFROM products ORDER BY products.id DESC\n LIMIT ? OFFSET ?', (1000, 0)) completed
2026-03-03 16:25:56,385 - aiosqlite - DEBUG - executing functools.partial(<built-in method fetchall of sqlite3.Cursor object at 0x00000251688A57C0>)
2026-03-03 16:25:56,386 - aiosqlite - DEBUG - operation functools.partial(<built-in method fetchall of sqlite3.Cursor object at 0x00000251688A57C0>) completed
2026-03-03 16:25:56,386 - aiosqlite - DEBUG - executing functools.partial(<built-in method close of sqlite3.Cursor object at 0x00000251688A57C0>)
2026-03-03 16:25:56,386 - aiosqlite - DEBUG - operation functools.partial(<built-in method close of sqlite3.Cursor object at 0x00000251688A57C0>) completed
2026-03-03 16:25:56,387 - routers.products - DEBUG - Found 15 productss
2026-03-03 16:25:56,387 - core.database - DEBUG - [DB_OP] Database session cleanup after 0.0100s
2026-03-03 16:25:56,387 - aiosqlite - DEBUG - executing functools.partial(<built-in method rollback of sqlite3.Connection object at 0x000002516883F010>)
2026-03-03 16:25:56,388 - aiosqlite - DEBUG - operation functools.partial(<built-in method rollback of sqlite3.Connection object at 0x000002516883F010>) completed
2026-03-03 16:25:56,388 - aiosqlite - DEBUG - executing functools.partial(<built-in method rollback of sqlite3.Connection object at 0x000002516883F010>)
2026-03-03 16:25:56,388 - aiosqlite - DEBUG - operation functools.partial(<built-in method rollback of sqlite3.Connection object at 0x000002516883F010>) completed
2026-03-03 16:25:56,389 - aiosqlite - DEBUG - executing functools.partial(<built-in method close of sqlite3.Connection object at 0x000002516883F010>)
2026-03-03 16:25:56,389 - aiosqlite - DEBUG - operation functools.partial(<built-in method close of sqlite3.Connection object at 0x000002516883F010>) completed
2026-03-03 16:34:23,392 - core.database - DEBUG - [DB_OP] Starting get_db session creation
2026-03-03 16:34:23,392 - core.database - DEBUG - [DB_OP] Database session created successfully in 0.0000s
2026-03-03 16:34:23,393 - routers.products - DEBUG - Querying productss: query=None, sort=None, skip=0, limit=1000, fields=None
2026-03-03 16:34:23,393 - aiosqlite - DEBUG - executing <function connect.<locals>.connector at 0x00000251688547C0>
2026-03-03 16:34:23,394 - aiosqlite - DEBUG - operation <function connect.<locals>.connector at 0x00000251688547C0> completed
2026-03-03 16:34:23,394 - aiosqlite - DEBUG - executing functools.partial(<built-in method create_function of sqlite3.Connection object at 0x000002516883EF20>, 'regexp', 2, <function SQLiteDialect_pysqlite.on_connect.<locals>.regexp at 0x0000025168838220>, deterministic=True)
2026-03-03 16:34:23,394 - aiosqlite - DEBUG - operation functools.partial(<built-in method create_function of sqlite3.Connection object at 0x000002516883EF20>, 'regexp', 2, <function SQLiteDialect_pysqlite.on_connect.<locals>.regexp at 0x0000025168838220>, deterministic=True) completed
2026-03-03 16:34:23,395 - aiosqlite - DEBUG - executing functools.partial(<built-in method create_function of sqlite3.Connection object at 0x000002516883EF20>, 'floor', 1, <built-in function floor>, deterministic=True)
2026-03-03 16:34:23,395 - aiosqlite - DEBUG - operation functools.partial(<built-in method create_function of sqlite3.Connection object at 0x000002516883EF20>, 'floor', 1, <built-in function floor>, deterministic=True) completed
2026-03-03 16:34:23,395 - aiosqlite - DEBUG - executing functools.partial(<built-in method cursor of sqlite3.Connection object at 0x000002516883EF20>)
2026-03-03 16:34:23,396 - aiosqlite - DEBUG - operation functools.partial(<built-in method cursor of sqlite3.Connection object at 0x000002516883EF20>) completed
2026-03-03 16:34:23,396 - aiosqlite - DEBUG - executing functools.partial(<built-in method execute of sqlite3.Cursor object at 0x00000251688A59C0>, 'SELECT count(products.id) AS count_1 \nFROM products', ())
2026-03-03 16:34:23,396 - aiosqlite - DEBUG - operation functools.partial(<built-in method execute of sqlite3.Cursor object at 0x00000251688A59C0>, 'SELECT count(products.id) AS count_1 \nFROM products', ()) completed
2026-03-03 16:34:23,397 - aiosqlite - DEBUG - executing functools.partial(<built-in method fetchall of sqlite3.Cursor object at 0x00000251688A59C0>)
2026-03-03 16:34:23,397 - aiosqlite - DEBUG - operation functools.partial(<built-in method fetchall of sqlite3.Cursor object at 0x00000251688A59C0>) completed
2026-03-03 16:34:23,397 - aiosqlite - DEBUG - executing functools.partial(<built-in method close of sqlite3.Cursor object at 0x00000251688A59C0>)
2026-03-03 16:34:23,397 - aiosqlite - DEBUG - operation functools.partial(<built-in method close of sqlite3.Cursor object at 0x00000251688A59C0>) completed
2026-03-03 16:34:23,399 - aiosqlite - DEBUG - executing functools.partial(<built-in method cursor of sqlite3.Connection object at 0x000002516883EF20>)
2026-03-03 16:34:23,399 - aiosqlite - DEBUG - operation functools.partial(<built-in method cursor of sqlite3.Connection object at 0x000002516883EF20>) completed
2026-03-03 16:34:23,399 - aiosqlite - DEBUG - executing functools.partial(<built-in method execute of sqlite3.Cursor object at 0x00000251688A59C0>, 'SELECT products.id, products.name, products.description, products.price, products.image, products.category, products.size, products.color, products.stock, products.created_at \nFROM products ORDER BY products.id DESC\n LIMIT ? OFFSET ?', (1000, 0))
2026-03-03 16:34:23,400 - aiosqlite - DEBUG - operation functools.partial(<built-in method execute of sqlite3.Cursor object at 0x00000251688A59C0>, 'SELECT products.id, products.name, products.description, products.price, products.image, products.category, products.size, products.color, products.stock, products.created_at \nFROM products ORDER BY products.id DESC\n LIMIT ? OFFSET ?', (1000, 0)) completed
2026-03-03 16:34:23,400 - aiosqlite - DEBUG - executing functools.partial(<built-in method fetchall of sqlite3.Cursor object at 0x00000251688A59C0>)
2026-03-03 16:34:23,401 - aiosqlite - DEBUG - operation functools.partial(<built-in method fetchall of sqlite3.Cursor object at 0x00000251688A59C0>) completed
2026-03-03 16:34:23,401 - aiosqlite - DEBUG - executing functools.partial(<built-in method close of sqlite3.Cursor object at 0x00000251688A59C0>)
2026-03-03 16:34:23,401 - aiosqlite - DEBUG - operation functools.partial(<built-in method close of sqlite3.Cursor object at 0x00000251688A59C0>) completed
2026-03-03 16:34:23,402 - routers.products - DEBUG - Found 15 productss
2026-03-03 16:34:23,402 - core.database - DEBUG - [DB_OP] Database session cleanup after 0.0100s
2026-03-03 16:34:23,403 - aiosqlite - DEBUG - executing functools.partial(<built-in method rollback of sqlite3.Connection object at 0x000002516883EF20>)
2026-03-03 16:34:23,403 - aiosqlite - DEBUG - operation functools.partial(<built-in method rollback of sqlite3.Connection object at 0x000002516883EF20>) completed
2026-03-03 16:34:23,404 - aiosqlite - DEBUG - executing functools.partial(<built-in method rollback of sqlite3.Connection object at 0x000002516883EF20>)
2026-03-03 16:34:23,404 - aiosqlite - DEBUG - operation functools.partial(<built-in method rollback of sqlite3.Connection object at 0x000002516883EF20>) completed
2026-03-03 16:34:23,405 - aiosqlite - DEBUG - executing functools.partial(<built-in method close of sqlite3.Connection object at 0x000002516883EF20>)
2026-03-03 16:34:23,406 - aiosqlite - DEBUG - operation functools.partial(<built-in method close of sqlite3.Connection object at 0x000002516883EF20>) completed
2026-03-03 16:34:42,900 - core.database - DEBUG - [DB_OP] Starting get_db session creation
2026-03-03 16:34:42,900 - core.database - DEBUG - [DB_OP] Database session created successfully in 0.0000s
2026-03-03 16:34:42,902 - aiosqlite - DEBUG - executing <function connect.<locals>.connector at 0x000002516889A520>
2026-03-03 16:34:42,902 - aiosqlite - DEBUG - operation <function connect.<locals>.connector at 0x000002516889A520> completed
2026-03-03 16:34:42,903 - aiosqlite - DEBUG - executing functools.partial(<built-in method create_function of sqlite3.Connection object at 0x000002516883D5D0>, 'regexp', 2, <function SQLiteDialect_pysqlite.on_connect.<locals>.regexp at 0x0000025168838220>, deterministic=True)
2026-03-03 16:34:42,903 - aiosqlite - DEBUG - operation functools.partial(<built-in method create_function of sqlite3.Connection object at 0x000002516883D5D0>, 'regexp', 2, <function SQLiteDialect_pysqlite.on_connect.<locals>.regexp at 0x0000025168838220>, deterministic=True) completed
2026-03-03 16:34:42,903 - aiosqlite - DEBUG - executing functools.partial(<built-in method create_function of sqlite3.Connection object at 0x000002516883D5D0>, 'floor', 1, <built-in function floor>, deterministic=True)
2026-03-03 16:34:42,903 - aiosqlite - DEBUG - operation functools.partial(<built-in method create_function of sqlite3.Connection object at 0x000002516883D5D0>, 'floor', 1, <built-in function floor>, deterministic=True) completed
2026-03-03 16:34:42,905 - aiosqlite - DEBUG - executing functools.partial(<built-in method cursor of sqlite3.Connection object at 0x000002516883D5D0>)
2026-03-03 16:34:42,906 - aiosqlite - DEBUG - operation functools.partial(<built-in method cursor of sqlite3.Connection object at 0x000002516883D5D0>) completed
2026-03-03 16:34:42,906 - aiosqlite - DEBUG - executing functools.partial(<built-in method execute of sqlite3.Cursor object at 0x000002516885AC40>, 'SELECT users.id, users.email, users.name, users.role, users.created_at, users.last_login, users.hashed_password \nFROM users \nWHERE users.email = ?', ('khuojuin11@gmail.conm',))
2026-03-03 16:34:42,907 - aiosqlite - DEBUG - returning exception no such column: users.hashed_password
2026-03-03 16:34:42,908 - core.database - ERROR - Database session error: (sqlite3.OperationalError) no such column: users.hashed_password
[SQL: SELECT users.id, users.email, users.name, users.role, users.created_at, users.last_login, users.hashed_password 
FROM users 
WHERE users.email = ?]
[parameters: ('khuojuin11@gmail.conm',)]
(Background on this error at: https://sqlalche.me/e/20/e3q8)
Traceback (most recent call last):
  File "D:\ASM1\.venv\Lib\site-packages\sqlalchemy\engine\base.py", line 1967, in _exec_single_context
    self.dialect.do_execute(
  File "D:\ASM1\.venv\Lib\site-packages\sqlalchemy\engine\default.py", line 941, in do_execute
    cursor.execute(statement, parameters)
  File "D:\ASM1\.venv\Lib\site-packages\sqlalchemy\dialects\sqlite\aiosqlite.py", line 147, in execute
    self._adapt_connection._handle_exception(error)
  File "D:\ASM1\.venv\Lib\site-packages\sqlalchemy\dialects\sqlite\aiosqlite.py", line 298, in _handle_exception
    raise error
  File "D:\ASM1\.venv\Lib\site-packages\sqlalchemy\dialects\sqlite\aiosqlite.py", line 129, in execute
    self.await_(_cursor.execute(operation, parameters))
  File "D:\ASM1\.venv\Lib\site-packages\sqlalchemy\util\_concurrency_py3k.py", line 132, in await_only
    return current.parent.switch(awaitable)  # type: ignore[no-any-return,attr-defined] # noqa: E501
           ^^^^^^^^^^^^^^^^^^^^^^^^^^^^^^^^
  File "D:\ASM1\.venv\Lib\site-packages\sqlalchemy\util\_concurrency_py3k.py", line 196, in greenlet_spawn
    value = await result
            ^^^^^^^^^^^^
  File "D:\ASM1\.venv\Lib\site-packages\aiosqlite\cursor.py", line 48, in execute
    await self._execute(self._cursor.execute, sql, parameters)
  File "D:\ASM1\.venv\Lib\site-packages\aiosqlite\cursor.py", line 40, in _execute
    return await self._conn._execute(fn, *args, **kwargs)
           ^^^^^^^^^^^^^^^^^^^^^^^^^^^^^^^^^^^^^^^^^^^^^^
  File "D:\ASM1\.venv\Lib\site-packages\aiosqlite\core.py", line 132, in _execute
    return await future
           ^^^^^^^^^^^^
  File "D:\ASM1\.venv\Lib\site-packages\aiosqlite\core.py", line 115, in run
    result = function()
             ^^^^^^^^^^
sqlite3.OperationalError: no such column: users.hashed_password

The above exception was the direct cause of the following exception:

Traceback (most recent call last):
  File "D:\ASM1\backend\core\database.py", line 542, in get_db
    yield session
  File "D:\ASM1\.venv\Lib\site-packages\fastapi\routing.py", line 301, in app
    raw_response = await run_endpoint_function(
                   ^^^^^^^^^^^^^^^^^^^^^^^^^^^^
  File "D:\ASM1\.venv\Lib\site-packages\fastapi\routing.py", line 212, in run_endpoint_function
    return await dependant.call(**values)
           ^^^^^^^^^^^^^^^^^^^^^^^^^^^^^^
  File "D:\ASM1\backend\routers\auth.py", line 347, in login_password
    result = await db.execute(select(User).where(User.email == user.email))
             ^^^^^^^^^^^^^^^^^^^^^^^^^^^^^^^^^^^^^^^^^^^^^^^^^^^^^^^^^^^^^^
  File "D:\ASM1\.venv\Lib\site-packages\sqlalchemy\ext\asyncio\session.py", line 461, in execute
    result = await greenlet_spawn(
             ^^^^^^^^^^^^^^^^^^^^^
  File "D:\ASM1\.venv\Lib\site-packages\sqlalchemy\util\_concurrency_py3k.py", line 201, in greenlet_spawn
    result = context.throw(*sys.exc_info())
             ^^^^^^^^^^^^^^^^^^^^^^^^^^^^^^
  File "D:\ASM1\.venv\Lib\site-packages\sqlalchemy\orm\session.py", line 2362, in execute
    return self._execute_internal(
           ^^^^^^^^^^^^^^^^^^^^^^^
  File "D:\ASM1\.venv\Lib\site-packages\sqlalchemy\orm\session.py", line 2247, in _execute_internal
    result: Result[Any] = compile_state_cls.orm_execute_statement(
                          ^^^^^^^^^^^^^^^^^^^^^^^^^^^^^^^^^^^^^^^^
  File "D:\ASM1\.venv\Lib\site-packages\sqlalchemy\orm\context.py", line 305, in orm_execute_statement
    result = conn.execute(
             ^^^^^^^^^^^^^
  File "D:\ASM1\.venv\Lib\site-packages\sqlalchemy\engine\base.py", line 1418, in execute
    return meth(
           ^^^^^
  File "D:\ASM1\.venv\Lib\site-packages\sqlalchemy\sql\elements.py", line 515, in _execute_on_connection
    return connection._execute_clauseelement(
           ^^^^^^^^^^^^^^^^^^^^^^^^^^^^^^^^^^
  File "D:\ASM1\.venv\Lib\site-packages\sqlalchemy\engine\base.py", line 1640, in _execute_clauseelement
    ret = self._execute_context(
          ^^^^^^^^^^^^^^^^^^^^^^
  File "D:\ASM1\.venv\Lib\site-packages\sqlalchemy\engine\base.py", line 1846, in _execute_context
    return self._exec_single_context(
           ^^^^^^^^^^^^^^^^^^^^^^^^^^
  File "D:\ASM1\.venv\Lib\site-packages\sqlalchemy\engine\base.py", line 1986, in _exec_single_context
    self._handle_dbapi_exception(
  File "D:\ASM1\.venv\Lib\site-packages\sqlalchemy\engine\base.py", line 2355, in _handle_dbapi_exception
    raise sqlalchemy_exception.with_traceback(exc_info[2]) from e
  File "D:\ASM1\.venv\Lib\site-packages\sqlalchemy\engine\base.py", line 1967, in _exec_single_context
    self.dialect.do_execute(
  File "D:\ASM1\.venv\Lib\site-packages\sqlalchemy\engine\default.py", line 941, in do_execute
    cursor.execute(statement, parameters)
  File "D:\ASM1\.venv\Lib\site-packages\sqlalchemy\dialects\sqlite\aiosqlite.py", line 147, in execute
    self._adapt_connection._handle_exception(error)
  File "D:\ASM1\.venv\Lib\site-packages\sqlalchemy\dialects\sqlite\aiosqlite.py", line 298, in _handle_exception
    raise error
  File "D:\ASM1\.venv\Lib\site-packages\sqlalchemy\dialects\sqlite\aiosqlite.py", line 129, in execute
    self.await_(_cursor.execute(operation, parameters))
  File "D:\ASM1\.venv\Lib\site-packages\sqlalchemy\util\_concurrency_py3k.py", line 132, in await_only
    return current.parent.switch(awaitable)  # type: ignore[no-any-return,attr-defined] # noqa: E501
           ^^^^^^^^^^^^^^^^^^^^^^^^^^^^^^^^
  File "D:\ASM1\.venv\Lib\site-packages\sqlalchemy\util\_concurrency_py3k.py", line 196, in greenlet_spawn
    value = await result
            ^^^^^^^^^^^^
  File "D:\ASM1\.venv\Lib\site-packages\aiosqlite\cursor.py", line 48, in execute
    await self._execute(self._cursor.execute, sql, parameters)
  File "D:\ASM1\.venv\Lib\site-packages\aiosqlite\cursor.py", line 40, in _execute
    return await self._conn._execute(fn, *args, **kwargs)
           ^^^^^^^^^^^^^^^^^^^^^^^^^^^^^^^^^^^^^^^^^^^^^^
  File "D:\ASM1\.venv\Lib\site-packages\aiosqlite\core.py", line 132, in _execute
    return await future
           ^^^^^^^^^^^^
  File "D:\ASM1\.venv\Lib\site-packages\aiosqlite\core.py", line 115, in run
    result = function()
             ^^^^^^^^^^
sqlalchemy.exc.OperationalError: (sqlite3.OperationalError) no such column: users.hashed_password
[SQL: SELECT users.id, users.email, users.name, users.role, users.created_at, users.last_login, users.hashed_password 
FROM users 
WHERE users.email = ?]
[parameters: ('khuojuin11@gmail.conm',)]
(Background on this error at: https://sqlalche.me/e/20/e3q8)
2026-03-03 16:34:43,118 - core.database - DEBUG - [DB_OP] Database session cleanup after 0.2183s
2026-03-03 16:34:43,118 - aiosqlite - DEBUG - executing functools.partial(<built-in method rollback of sqlite3.Connection object at 0x000002516883D5D0>)
2026-03-03 16:34:43,118 - aiosqlite - DEBUG - operation functools.partial(<built-in method rollback of sqlite3.Connection object at 0x000002516883D5D0>) completed
2026-03-03 16:34:43,119 - aiosqlite - DEBUG - executing functools.partial(<built-in method rollback of sqlite3.Connection object at 0x000002516883D5D0>)
2026-03-03 16:34:43,119 - aiosqlite - DEBUG - operation functools.partial(<built-in method rollback of sqlite3.Connection object at 0x000002516883D5D0>) completed
2026-03-03 16:34:43,119 - aiosqlite - DEBUG - executing functools.partial(<built-in method close of sqlite3.Connection object at 0x000002516883D5D0>)
2026-03-03 16:34:43,119 - aiosqlite - DEBUG - operation functools.partial(<built-in method close of sqlite3.Connection object at 0x000002516883D5D0>) completed
2026-03-03 16:34:43,120 - core.database - ERROR - Failed to create database session: (sqlite3.OperationalError) no such column: users.hashed_password
[SQL: SELECT users.id, users.email, users.name, users.role, users.created_at, users.last_login, users.hashed_password 
FROM users 
WHERE users.email = ?]
[parameters: ('khuojuin11@gmail.conm',)]
(Background on this error at: https://sqlalche.me/e/20/e3q8)
Traceback (most recent call last):
  File "D:\ASM1\.venv\Lib\site-packages\sqlalchemy\engine\base.py", line 1967, in _exec_single_context
    self.dialect.do_execute(
  File "D:\ASM1\.venv\Lib\site-packages\sqlalchemy\engine\default.py", line 941, in do_execute
    cursor.execute(statement, parameters)
  File "D:\ASM1\.venv\Lib\site-packages\sqlalchemy\dialects\sqlite\aiosqlite.py", line 147, in execute
    self._adapt_connection._handle_exception(error)
  File "D:\ASM1\.venv\Lib\site-packages\sqlalchemy\dialects\sqlite\aiosqlite.py", line 298, in _handle_exception
    raise error
  File "D:\ASM1\.venv\Lib\site-packages\sqlalchemy\dialects\sqlite\aiosqlite.py", line 129, in execute
    self.await_(_cursor.execute(operation, parameters))
  File "D:\ASM1\.venv\Lib\site-packages\sqlalchemy\util\_concurrency_py3k.py", line 132, in await_only
    return current.parent.switch(awaitable)  # type: ignore[no-any-return,attr-defined] # noqa: E501
           ^^^^^^^^^^^^^^^^^^^^^^^^^^^^^^^^
  File "D:\ASM1\.venv\Lib\site-packages\sqlalchemy\util\_concurrency_py3k.py", line 196, in greenlet_spawn
    value = await result
            ^^^^^^^^^^^^
  File "D:\ASM1\.venv\Lib\site-packages\aiosqlite\cursor.py", line 48, in execute
    await self._execute(self._cursor.execute, sql, parameters)
  File "D:\ASM1\.venv\Lib\site-packages\aiosqlite\cursor.py", line 40, in _execute
    return await self._conn._execute(fn, *args, **kwargs)
           ^^^^^^^^^^^^^^^^^^^^^^^^^^^^^^^^^^^^^^^^^^^^^^
  File "D:\ASM1\.venv\Lib\site-packages\aiosqlite\core.py", line 132, in _execute
    return await future
           ^^^^^^^^^^^^
  File "D:\ASM1\.venv\Lib\site-packages\aiosqlite\core.py", line 115, in run
    result = function()
             ^^^^^^^^^^
sqlite3.OperationalError: no such column: users.hashed_password

The above exception was the direct cause of the following exception:

Traceback (most recent call last):
  File "D:\ASM1\backend\core\database.py", line 542, in get_db
    yield session
  File "D:\ASM1\.venv\Lib\site-packages\fastapi\routing.py", line 301, in app
    raw_response = await run_endpoint_function(
                   ^^^^^^^^^^^^^^^^^^^^^^^^^^^^
  File "D:\ASM1\.venv\Lib\site-packages\fastapi\routing.py", line 212, in run_endpoint_function
    return await dependant.call(**values)
           ^^^^^^^^^^^^^^^^^^^^^^^^^^^^^^
  File "D:\ASM1\backend\routers\auth.py", line 347, in login_password
    result = await db.execute(select(User).where(User.email == user.email))
             ^^^^^^^^^^^^^^^^^^^^^^^^^^^^^^^^^^^^^^^^^^^^^^^^^^^^^^^^^^^^^^
  File "D:\ASM1\.venv\Lib\site-packages\sqlalchemy\ext\asyncio\session.py", line 461, in execute
    result = await greenlet_spawn(
             ^^^^^^^^^^^^^^^^^^^^^
  File "D:\ASM1\.venv\Lib\site-packages\sqlalchemy\util\_concurrency_py3k.py", line 201, in greenlet_spawn
    result = context.throw(*sys.exc_info())
             ^^^^^^^^^^^^^^^^^^^^^^^^^^^^^^
  File "D:\ASM1\.venv\Lib\site-packages\sqlalchemy\orm\session.py", line 2362, in execute
    return self._execute_internal(
           ^^^^^^^^^^^^^^^^^^^^^^^
  File "D:\ASM1\.venv\Lib\site-packages\sqlalchemy\orm\session.py", line 2247, in _execute_internal
    result: Result[Any] = compile_state_cls.orm_execute_statement(
                          ^^^^^^^^^^^^^^^^^^^^^^^^^^^^^^^^^^^^^^^^
  File "D:\ASM1\.venv\Lib\site-packages\sqlalchemy\orm\context.py", line 305, in orm_execute_statement
    result = conn.execute(
             ^^^^^^^^^^^^^
  File "D:\ASM1\.venv\Lib\site-packages\sqlalchemy\engine\base.py", line 1418, in execute
    return meth(
           ^^^^^
  File "D:\ASM1\.venv\Lib\site-packages\sqlalchemy\sql\elements.py", line 515, in _execute_on_connection
    return connection._execute_clauseelement(
           ^^^^^^^^^^^^^^^^^^^^^^^^^^^^^^^^^^
  File "D:\ASM1\.venv\Lib\site-packages\sqlalchemy\engine\base.py", line 1640, in _execute_clauseelement
    ret = self._execute_context(
          ^^^^^^^^^^^^^^^^^^^^^^
  File "D:\ASM1\.venv\Lib\site-packages\sqlalchemy\engine\base.py", line 1846, in _execute_context
    return self._exec_single_context(
           ^^^^^^^^^^^^^^^^^^^^^^^^^^
  File "D:\ASM1\.venv\Lib\site-packages\sqlalchemy\engine\base.py", line 1986, in _exec_single_context
    self._handle_dbapi_exception(
  File "D:\ASM1\.venv\Lib\site-packages\sqlalchemy\engine\base.py", line 2355, in _handle_dbapi_exception
    raise sqlalchemy_exception.with_traceback(exc_info[2]) from e
  File "D:\ASM1\.venv\Lib\site-packages\sqlalchemy\engine\base.py", line 1967, in _exec_single_context
    self.dialect.do_execute(
  File "D:\ASM1\.venv\Lib\site-packages\sqlalchemy\engine\default.py", line 941, in do_execute
    cursor.execute(statement, parameters)
  File "D:\ASM1\.venv\Lib\site-packages\sqlalchemy\dialects\sqlite\aiosqlite.py", line 147, in execute
    self._adapt_connection._handle_exception(error)
  File "D:\ASM1\.venv\Lib\site-packages\sqlalchemy\dialects\sqlite\aiosqlite.py", line 298, in _handle_exception
    raise error
  File "D:\ASM1\.venv\Lib\site-packages\sqlalchemy\dialects\sqlite\aiosqlite.py", line 129, in execute
    self.await_(_cursor.execute(operation, parameters))
  File "D:\ASM1\.venv\Lib\site-packages\sqlalchemy\util\_concurrency_py3k.py", line 132, in await_only
    return current.parent.switch(awaitable)  # type: ignore[no-any-return,attr-defined] # noqa: E501
           ^^^^^^^^^^^^^^^^^^^^^^^^^^^^^^^^
  File "D:\ASM1\.venv\Lib\site-packages\sqlalchemy\util\_concurrency_py3k.py", line 196, in greenlet_spawn
    value = await result
            ^^^^^^^^^^^^
  File "D:\ASM1\.venv\Lib\site-packages\aiosqlite\cursor.py", line 48, in execute
    await self._execute(self._cursor.execute, sql, parameters)
  File "D:\ASM1\.venv\Lib\site-packages\aiosqlite\cursor.py", line 40, in _execute
    return await self._conn._execute(fn, *args, **kwargs)
           ^^^^^^^^^^^^^^^^^^^^^^^^^^^^^^^^^^^^^^^^^^^^^^
  File "D:\ASM1\.venv\Lib\site-packages\aiosqlite\core.py", line 132, in _execute
    return await future
           ^^^^^^^^^^^^
  File "D:\ASM1\.venv\Lib\site-packages\aiosqlite\core.py", line 115, in run
    result = function()
             ^^^^^^^^^^
sqlalchemy.exc.OperationalError: (sqlite3.OperationalError) no such column: users.hashed_password
[SQL: SELECT users.id, users.email, users.name, users.role, users.created_at, users.last_login, users.hashed_password 
FROM users 
WHERE users.email = ?]
[parameters: ('khuojuin11@gmail.conm',)]
(Background on this error at: https://sqlalche.me/e/20/e3q8)
2026-03-03 16:35:10,755 - core.database - DEBUG - [DB_OP] Starting get_db session creation
2026-03-03 16:35:10,756 - core.database - DEBUG - [DB_OP] Database session created successfully in 0.0010s
2026-03-03 16:35:10,758 - aiosqlite - DEBUG - executing <function connect.<locals>.connector at 0x00000251688EBCE0>
2026-03-03 16:35:10,758 - aiosqlite - DEBUG - operation <function connect.<locals>.connector at 0x00000251688EBCE0> completed
2026-03-03 16:35:10,759 - aiosqlite - DEBUG - executing functools.partial(<built-in method create_function of sqlite3.Connection object at 0x000002516883F2E0>, 'regexp', 2, <function SQLiteDialect_pysqlite.on_connect.<locals>.regexp at 0x0000025168838220>, deterministic=True)
2026-03-03 16:35:10,759 - aiosqlite - DEBUG - operation functools.partial(<built-in method create_function of sqlite3.Connection object at 0x000002516883F2E0>, 'regexp', 2, <function SQLiteDialect_pysqlite.on_connect.<locals>.regexp at 0x0000025168838220>, deterministic=True) completed
2026-03-03 16:35:10,760 - aiosqlite - DEBUG - executing functools.partial(<built-in method create_function of sqlite3.Connection object at 0x000002516883F2E0>, 'floor', 1, <built-in function floor>, deterministic=True)
2026-03-03 16:35:10,760 - aiosqlite - DEBUG - operation functools.partial(<built-in method create_function of sqlite3.Connection object at 0x000002516883F2E0>, 'floor', 1, <built-in function floor>, deterministic=True) completed
2026-03-03 16:35:10,760 - aiosqlite - DEBUG - executing functools.partial(<built-in method cursor of sqlite3.Connection object at 0x000002516883F2E0>)
2026-03-03 16:35:10,761 - aiosqlite - DEBUG - operation functools.partial(<built-in method cursor of sqlite3.Connection object at 0x000002516883F2E0>) completed
2026-03-03 16:35:10,761 - aiosqlite - DEBUG - executing functools.partial(<built-in method execute of sqlite3.Cursor object at 0x00000251688A6DC0>, 'SELECT users.id, users.email, users.name, users.role, users.created_at, users.last_login, users.hashed_password \nFROM users \nWHERE users.email = ?', ('khuojuin11@gmail.conm',))
2026-03-03 16:35:10,761 - aiosqlite - DEBUG - returning exception no such column: users.hashed_password
2026-03-03 16:35:10,762 - core.database - ERROR - Database session error: (sqlite3.OperationalError) no such column: users.hashed_password
[SQL: SELECT users.id, users.email, users.name, users.role, users.created_at, users.last_login, users.hashed_password 
FROM users 
WHERE users.email = ?]
[parameters: ('khuojuin11@gmail.conm',)]
(Background on this error at: https://sqlalche.me/e/20/e3q8)
Traceback (most recent call last):
  File "D:\ASM1\.venv\Lib\site-packages\sqlalchemy\engine\base.py", line 1967, in _exec_single_context
    self.dialect.do_execute(
  File "D:\ASM1\.venv\Lib\site-packages\sqlalchemy\engine\default.py", line 941, in do_execute
    cursor.execute(statement, parameters)
  File "D:\ASM1\.venv\Lib\site-packages\sqlalchemy\dialects\sqlite\aiosqlite.py", line 147, in execute
    self._adapt_connection._handle_exception(error)
  File "D:\ASM1\.venv\Lib\site-packages\sqlalchemy\dialects\sqlite\aiosqlite.py", line 298, in _handle_exception
    raise error
  File "D:\ASM1\.venv\Lib\site-packages\sqlalchemy\dialects\sqlite\aiosqlite.py", line 129, in execute
    self.await_(_cursor.execute(operation, parameters))
  File "D:\ASM1\.venv\Lib\site-packages\sqlalchemy\util\_concurrency_py3k.py", line 132, in await_only
    return current.parent.switch(awaitable)  # type: ignore[no-any-return,attr-defined] # noqa: E501
           ^^^^^^^^^^^^^^^^^^^^^^^^^^^^^^^^
  File "D:\ASM1\.venv\Lib\site-packages\sqlalchemy\util\_concurrency_py3k.py", line 196, in greenlet_spawn
    value = await result
            ^^^^^^^^^^^^
  File "D:\ASM1\.venv\Lib\site-packages\aiosqlite\cursor.py", line 48, in execute
    await self._execute(self._cursor.execute, sql, parameters)
  File "D:\ASM1\.venv\Lib\site-packages\aiosqlite\cursor.py", line 40, in _execute
    return await self._conn._execute(fn, *args, **kwargs)
           ^^^^^^^^^^^^^^^^^^^^^^^^^^^^^^^^^^^^^^^^^^^^^^
  File "D:\ASM1\.venv\Lib\site-packages\aiosqlite\core.py", line 132, in _execute
    return await future
           ^^^^^^^^^^^^
  File "D:\ASM1\.venv\Lib\site-packages\aiosqlite\core.py", line 115, in run
    result = function()
             ^^^^^^^^^^
sqlite3.OperationalError: no such column: users.hashed_password

The above exception was the direct cause of the following exception:

Traceback (most recent call last):
  File "D:\ASM1\backend\core\database.py", line 542, in get_db
    yield session
  File "D:\ASM1\.venv\Lib\site-packages\fastapi\routing.py", line 301, in app
    raw_response = await run_endpoint_function(
                   ^^^^^^^^^^^^^^^^^^^^^^^^^^^^
  File "D:\ASM1\.venv\Lib\site-packages\fastapi\routing.py", line 212, in run_endpoint_function
    return await dependant.call(**values)
           ^^^^^^^^^^^^^^^^^^^^^^^^^^^^^^
  File "D:\ASM1\backend\routers\auth.py", line 347, in login_password
    result = await db.execute(select(User).where(User.email == user.email))
             ^^^^^^^^^^^^^^^^^^^^^^^^^^^^^^^^^^^^^^^^^^^^^^^^^^^^^^^^^^^^^^
  File "D:\ASM1\.venv\Lib\site-packages\sqlalchemy\ext\asyncio\session.py", line 461, in execute
    result = await greenlet_spawn(
             ^^^^^^^^^^^^^^^^^^^^^
  File "D:\ASM1\.venv\Lib\site-packages\sqlalchemy\util\_concurrency_py3k.py", line 201, in greenlet_spawn
    result = context.throw(*sys.exc_info())
             ^^^^^^^^^^^^^^^^^^^^^^^^^^^^^^
  File "D:\ASM1\.venv\Lib\site-packages\sqlalchemy\orm\session.py", line 2362, in execute
    return self._execute_internal(
           ^^^^^^^^^^^^^^^^^^^^^^^
  File "D:\ASM1\.venv\Lib\site-packages\sqlalchemy\orm\session.py", line 2247, in _execute_internal
    result: Result[Any] = compile_state_cls.orm_execute_statement(
                          ^^^^^^^^^^^^^^^^^^^^^^^^^^^^^^^^^^^^^^^^
  File "D:\ASM1\.venv\Lib\site-packages\sqlalchemy\orm\context.py", line 305, in orm_execute_statement
    result = conn.execute(
             ^^^^^^^^^^^^^
  File "D:\ASM1\.venv\Lib\site-packages\sqlalchemy\engine\base.py", line 1418, in execute
    return meth(
           ^^^^^
  File "D:\ASM1\.venv\Lib\site-packages\sqlalchemy\sql\elements.py", line 515, in _execute_on_connection
    return connection._execute_clauseelement(
           ^^^^^^^^^^^^^^^^^^^^^^^^^^^^^^^^^^
  File "D:\ASM1\.venv\Lib\site-packages\sqlalchemy\engine\base.py", line 1640, in _execute_clauseelement
    ret = self._execute_context(
          ^^^^^^^^^^^^^^^^^^^^^^
  File "D:\ASM1\.venv\Lib\site-packages\sqlalchemy\engine\base.py", line 1846, in _execute_context
    return self._exec_single_context(
           ^^^^^^^^^^^^^^^^^^^^^^^^^^
  File "D:\ASM1\.venv\Lib\site-packages\sqlalchemy\engine\base.py", line 1986, in _exec_single_context
    self._handle_dbapi_exception(
  File "D:\ASM1\.venv\Lib\site-packages\sqlalchemy\engine\base.py", line 2355, in _handle_dbapi_exception
    raise sqlalchemy_exception.with_traceback(exc_info[2]) from e
  File "D:\ASM1\.venv\Lib\site-packages\sqlalchemy\engine\base.py", line 1967, in _exec_single_context
    self.dialect.do_execute(
  File "D:\ASM1\.venv\Lib\site-packages\sqlalchemy\engine\default.py", line 941, in do_execute
    cursor.execute(statement, parameters)
  File "D:\ASM1\.venv\Lib\site-packages\sqlalchemy\dialects\sqlite\aiosqlite.py", line 147, in execute
    self._adapt_connection._handle_exception(error)
  File "D:\ASM1\.venv\Lib\site-packages\sqlalchemy\dialects\sqlite\aiosqlite.py", line 298, in _handle_exception
    raise error
  File "D:\ASM1\.venv\Lib\site-packages\sqlalchemy\dialects\sqlite\aiosqlite.py", line 129, in execute
    self.await_(_cursor.execute(operation, parameters))
  File "D:\ASM1\.venv\Lib\site-packages\sqlalchemy\util\_concurrency_py3k.py", line 132, in await_only
    return current.parent.switch(awaitable)  # type: ignore[no-any-return,attr-defined] # noqa: E501
           ^^^^^^^^^^^^^^^^^^^^^^^^^^^^^^^^
  File "D:\ASM1\.venv\Lib\site-packages\sqlalchemy\util\_concurrency_py3k.py", line 196, in greenlet_spawn
    value = await result
            ^^^^^^^^^^^^
  File "D:\ASM1\.venv\Lib\site-packages\aiosqlite\cursor.py", line 48, in execute
    await self._execute(self._cursor.execute, sql, parameters)
  File "D:\ASM1\.venv\Lib\site-packages\aiosqlite\cursor.py", line 40, in _execute
    return await self._conn._execute(fn, *args, **kwargs)
           ^^^^^^^^^^^^^^^^^^^^^^^^^^^^^^^^^^^^^^^^^^^^^^
  File "D:\ASM1\.venv\Lib\site-packages\aiosqlite\core.py", line 132, in _execute
    return await future
           ^^^^^^^^^^^^
  File "D:\ASM1\.venv\Lib\site-packages\aiosqlite\core.py", line 115, in run
    result = function()
             ^^^^^^^^^^
sqlalchemy.exc.OperationalError: (sqlite3.OperationalError) no such column: users.hashed_password
[SQL: SELECT users.id, users.email, users.name, users.role, users.created_at, users.last_login, users.hashed_password 
FROM users 
WHERE users.email = ?]
[parameters: ('khuojuin11@gmail.conm',)]
(Background on this error at: https://sqlalche.me/e/20/e3q8)
2026-03-03 16:35:10,769 - core.database - DEBUG - [DB_OP] Database session cleanup after 0.0130s
2026-03-03 16:35:10,769 - aiosqlite - DEBUG - executing functools.partial(<built-in method rollback of sqlite3.Connection object at 0x000002516883F2E0>)
2026-03-03 16:35:10,769 - aiosqlite - DEBUG - operation functools.partial(<built-in method rollback of sqlite3.Connection object at 0x000002516883F2E0>) completed
2026-03-03 16:35:10,769 - aiosqlite - DEBUG - executing functools.partial(<built-in method rollback of sqlite3.Connection object at 0x000002516883F2E0>)
2026-03-03 16:35:10,770 - aiosqlite - DEBUG - operation functools.partial(<built-in method rollback of sqlite3.Connection object at 0x000002516883F2E0>) completed
2026-03-03 16:35:10,770 - aiosqlite - DEBUG - executing functools.partial(<built-in method close of sqlite3.Connection object at 0x000002516883F2E0>)
2026-03-03 16:35:10,770 - aiosqlite - DEBUG - operation functools.partial(<built-in method close of sqlite3.Connection object at 0x000002516883F2E0>) completed
2026-03-03 16:35:10,771 - core.database - ERROR - Failed to create database session: (sqlite3.OperationalError) no such column: users.hashed_password
[SQL: SELECT users.id, users.email, users.name, users.role, users.created_at, users.last_login, users.hashed_password 
FROM users 
WHERE users.email = ?]
[parameters: ('khuojuin11@gmail.conm',)]
(Background on this error at: https://sqlalche.me/e/20/e3q8)
Traceback (most recent call last):
  File "D:\ASM1\.venv\Lib\site-packages\sqlalchemy\engine\base.py", line 1967, in _exec_single_context
    self.dialect.do_execute(
  File "D:\ASM1\.venv\Lib\site-packages\sqlalchemy\engine\default.py", line 941, in do_execute
    cursor.execute(statement, parameters)
  File "D:\ASM1\.venv\Lib\site-packages\sqlalchemy\dialects\sqlite\aiosqlite.py", line 147, in execute
    self._adapt_connection._handle_exception(error)
  File "D:\ASM1\.venv\Lib\site-packages\sqlalchemy\dialects\sqlite\aiosqlite.py", line 298, in _handle_exception
    raise error
  File "D:\ASM1\.venv\Lib\site-packages\sqlalchemy\dialects\sqlite\aiosqlite.py", line 129, in execute
    self.await_(_cursor.execute(operation, parameters))
  File "D:\ASM1\.venv\Lib\site-packages\sqlalchemy\util\_concurrency_py3k.py", line 132, in await_only
    return current.parent.switch(awaitable)  # type: ignore[no-any-return,attr-defined] # noqa: E501
           ^^^^^^^^^^^^^^^^^^^^^^^^^^^^^^^^
  File "D:\ASM1\.venv\Lib\site-packages\sqlalchemy\util\_concurrency_py3k.py", line 196, in greenlet_spawn
    value = await result
            ^^^^^^^^^^^^
  File "D:\ASM1\.venv\Lib\site-packages\aiosqlite\cursor.py", line 48, in execute
    await self._execute(self._cursor.execute, sql, parameters)
  File "D:\ASM1\.venv\Lib\site-packages\aiosqlite\cursor.py", line 40, in _execute
    return await self._conn._execute(fn, *args, **kwargs)
           ^^^^^^^^^^^^^^^^^^^^^^^^^^^^^^^^^^^^^^^^^^^^^^
  File "D:\ASM1\.venv\Lib\site-packages\aiosqlite\core.py", line 132, in _execute
    return await future
           ^^^^^^^^^^^^
  File "D:\ASM1\.venv\Lib\site-packages\aiosqlite\core.py", line 115, in run
    result = function()
             ^^^^^^^^^^
sqlite3.OperationalError: no such column: users.hashed_password

The above exception was the direct cause of the following exception:

Traceback (most recent call last):
  File "D:\ASM1\backend\core\database.py", line 542, in get_db
    yield session
  File "D:\ASM1\.venv\Lib\site-packages\fastapi\routing.py", line 301, in app
    raw_response = await run_endpoint_function(
                   ^^^^^^^^^^^^^^^^^^^^^^^^^^^^
  File "D:\ASM1\.venv\Lib\site-packages\fastapi\routing.py", line 212, in run_endpoint_function
    return await dependant.call(**values)
           ^^^^^^^^^^^^^^^^^^^^^^^^^^^^^^
  File "D:\ASM1\backend\routers\auth.py", line 347, in login_password
    result = await db.execute(select(User).where(User.email == user.email))
             ^^^^^^^^^^^^^^^^^^^^^^^^^^^^^^^^^^^^^^^^^^^^^^^^^^^^^^^^^^^^^^
  File "D:\ASM1\.venv\Lib\site-packages\sqlalchemy\ext\asyncio\session.py", line 461, in execute
    result = await greenlet_spawn(
             ^^^^^^^^^^^^^^^^^^^^^
  File "D:\ASM1\.venv\Lib\site-packages\sqlalchemy\util\_concurrency_py3k.py", line 201, in greenlet_spawn
    result = context.throw(*sys.exc_info())
             ^^^^^^^^^^^^^^^^^^^^^^^^^^^^^^
  File "D:\ASM1\.venv\Lib\site-packages\sqlalchemy\orm\session.py", line 2362, in execute
    return self._execute_internal(
           ^^^^^^^^^^^^^^^^^^^^^^^
  File "D:\ASM1\.venv\Lib\site-packages\sqlalchemy\orm\session.py", line 2247, in _execute_internal
    result: Result[Any] = compile_state_cls.orm_execute_statement(
                          ^^^^^^^^^^^^^^^^^^^^^^^^^^^^^^^^^^^^^^^^
  File "D:\ASM1\.venv\Lib\site-packages\sqlalchemy\orm\context.py", line 305, in orm_execute_statement
    result = conn.execute(
             ^^^^^^^^^^^^^
  File "D:\ASM1\.venv\Lib\site-packages\sqlalchemy\engine\base.py", line 1418, in execute
    return meth(
           ^^^^^
  File "D:\ASM1\.venv\Lib\site-packages\sqlalchemy\sql\elements.py", line 515, in _execute_on_connection
    return connection._execute_clauseelement(
           ^^^^^^^^^^^^^^^^^^^^^^^^^^^^^^^^^^
  File "D:\ASM1\.venv\Lib\site-packages\sqlalchemy\engine\base.py", line 1640, in _execute_clauseelement
    ret = self._execute_context(
          ^^^^^^^^^^^^^^^^^^^^^^
  File "D:\ASM1\.venv\Lib\site-packages\sqlalchemy\engine\base.py", line 1846, in _execute_context
    return self._exec_single_context(
           ^^^^^^^^^^^^^^^^^^^^^^^^^^
  File "D:\ASM1\.venv\Lib\site-packages\sqlalchemy\engine\base.py", line 1986, in _exec_single_context
    self._handle_dbapi_exception(
  File "D:\ASM1\.venv\Lib\site-packages\sqlalchemy\engine\base.py", line 2355, in _handle_dbapi_exception
    raise sqlalchemy_exception.with_traceback(exc_info[2]) from e
  File "D:\ASM1\.venv\Lib\site-packages\sqlalchemy\engine\base.py", line 1967, in _exec_single_context
    self.dialect.do_execute(
  File "D:\ASM1\.venv\Lib\site-packages\sqlalchemy\engine\default.py", line 941, in do_execute
    cursor.execute(statement, parameters)
  File "D:\ASM1\.venv\Lib\site-packages\sqlalchemy\dialects\sqlite\aiosqlite.py", line 147, in execute
    self._adapt_connection._handle_exception(error)
  File "D:\ASM1\.venv\Lib\site-packages\sqlalchemy\dialects\sqlite\aiosqlite.py", line 298, in _handle_exception
    raise error
  File "D:\ASM1\.venv\Lib\site-packages\sqlalchemy\dialects\sqlite\aiosqlite.py", line 129, in execute
    self.await_(_cursor.execute(operation, parameters))
  File "D:\ASM1\.venv\Lib\site-packages\sqlalchemy\util\_concurrency_py3k.py", line 132, in await_only
    return current.parent.switch(awaitable)  # type: ignore[no-any-return,attr-defined] # noqa: E501
           ^^^^^^^^^^^^^^^^^^^^^^^^^^^^^^^^
  File "D:\ASM1\.venv\Lib\site-packages\sqlalchemy\util\_concurrency_py3k.py", line 196, in greenlet_spawn
    value = await result
            ^^^^^^^^^^^^
  File "D:\ASM1\.venv\Lib\site-packages\aiosqlite\cursor.py", line 48, in execute
    await self._execute(self._cursor.execute, sql, parameters)
  File "D:\ASM1\.venv\Lib\site-packages\aiosqlite\cursor.py", line 40, in _execute
    return await self._conn._execute(fn, *args, **kwargs)
           ^^^^^^^^^^^^^^^^^^^^^^^^^^^^^^^^^^^^^^^^^^^^^^
  File "D:\ASM1\.venv\Lib\site-packages\aiosqlite\core.py", line 132, in _execute
    return await future
           ^^^^^^^^^^^^
  File "D:\ASM1\.venv\Lib\site-packages\aiosqlite\core.py", line 115, in run
    result = function()
             ^^^^^^^^^^
sqlalchemy.exc.OperationalError: (sqlite3.OperationalError) no such column: users.hashed_password
[SQL: SELECT users.id, users.email, users.name, users.role, users.created_at, users.last_login, users.hashed_password 
FROM users 
WHERE users.email = ?]
[parameters: ('khuojuin11@gmail.conm',)]
(Background on this error at: https://sqlalche.me/e/20/e3q8)
2026-03-03 16:35:17,194 - core.database - DEBUG - [DB_OP] Starting get_db session creation
2026-03-03 16:35:17,194 - core.database - DEBUG - [DB_OP] Database session created successfully in 0.0000s
2026-03-03 16:35:17,195 - aiosqlite - DEBUG - executing <function connect.<locals>.connector at 0x000002516883AC00>
2026-03-03 16:35:17,195 - aiosqlite - DEBUG - operation <function connect.<locals>.connector at 0x000002516883AC00> completed
2026-03-03 16:35:17,196 - aiosqlite - DEBUG - executing functools.partial(<built-in method create_function of sqlite3.Connection object at 0x00000251688957B0>, 'regexp', 2, <function SQLiteDialect_pysqlite.on_connect.<locals>.regexp at 0x0000025168838220>, deterministic=True)
2026-03-03 16:35:17,196 - aiosqlite - DEBUG - operation functools.partial(<built-in method create_function of sqlite3.Connection object at 0x00000251688957B0>, 'regexp', 2, <function SQLiteDialect_pysqlite.on_connect.<locals>.regexp at 0x0000025168838220>, deterministic=True) completed
2026-03-03 16:35:17,197 - aiosqlite - DEBUG - executing functools.partial(<built-in method create_function of sqlite3.Connection object at 0x00000251688957B0>, 'floor', 1, <built-in function floor>, deterministic=True)
2026-03-03 16:35:17,197 - aiosqlite - DEBUG - operation functools.partial(<built-in method create_function of sqlite3.Connection object at 0x00000251688957B0>, 'floor', 1, <built-in function floor>, deterministic=True) completed
2026-03-03 16:35:17,198 - aiosqlite - DEBUG - executing functools.partial(<built-in method cursor of sqlite3.Connection object at 0x00000251688957B0>)
2026-03-03 16:35:17,198 - aiosqlite - DEBUG - operation functools.partial(<built-in method cursor of sqlite3.Connection object at 0x00000251688957B0>) completed
2026-03-03 16:35:17,198 - aiosqlite - DEBUG - executing functools.partial(<built-in method execute of sqlite3.Cursor object at 0x0000025168B58AC0>, 'SELECT users.id, users.email, users.name, users.role, users.created_at, users.last_login, users.hashed_password \nFROM users \nWHERE users.email = ?', ('khuojuin11@gmail.conm',))
2026-03-03 16:35:17,199 - aiosqlite - DEBUG - returning exception no such column: users.hashed_password
2026-03-03 16:35:17,199 - core.database - ERROR - Database session error: (sqlite3.OperationalError) no such column: users.hashed_password
[SQL: SELECT users.id, users.email, users.name, users.role, users.created_at, users.last_login, users.hashed_password 
FROM users 
WHERE users.email = ?]
[parameters: ('khuojuin11@gmail.conm',)]
(Background on this error at: https://sqlalche.me/e/20/e3q8)
Traceback (most recent call last):
  File "D:\ASM1\.venv\Lib\site-packages\sqlalchemy\engine\base.py", line 1967, in _exec_single_context
    self.dialect.do_execute(
  File "D:\ASM1\.venv\Lib\site-packages\sqlalchemy\engine\default.py", line 941, in do_execute
    cursor.execute(statement, parameters)
  File "D:\ASM1\.venv\Lib\site-packages\sqlalchemy\dialects\sqlite\aiosqlite.py", line 147, in execute
    self._adapt_connection._handle_exception(error)
  File "D:\ASM1\.venv\Lib\site-packages\sqlalchemy\dialects\sqlite\aiosqlite.py", line 298, in _handle_exception
    raise error
  File "D:\ASM1\.venv\Lib\site-packages\sqlalchemy\dialects\sqlite\aiosqlite.py", line 129, in execute
    self.await_(_cursor.execute(operation, parameters))
  File "D:\ASM1\.venv\Lib\site-packages\sqlalchemy\util\_concurrency_py3k.py", line 132, in await_only
    return current.parent.switch(awaitable)  # type: ignore[no-any-return,attr-defined] # noqa: E501
           ^^^^^^^^^^^^^^^^^^^^^^^^^^^^^^^^
  File "D:\ASM1\.venv\Lib\site-packages\sqlalchemy\util\_concurrency_py3k.py", line 196, in greenlet_spawn
    value = await result
            ^^^^^^^^^^^^
  File "D:\ASM1\.venv\Lib\site-packages\aiosqlite\cursor.py", line 48, in execute
    await self._execute(self._cursor.execute, sql, parameters)
  File "D:\ASM1\.venv\Lib\site-packages\aiosqlite\cursor.py", line 40, in _execute
    return await self._conn._execute(fn, *args, **kwargs)
           ^^^^^^^^^^^^^^^^^^^^^^^^^^^^^^^^^^^^^^^^^^^^^^
  File "D:\ASM1\.venv\Lib\site-packages\aiosqlite\core.py", line 132, in _execute
    return await future
           ^^^^^^^^^^^^
  File "D:\ASM1\.venv\Lib\site-packages\aiosqlite\core.py", line 115, in run
    result = function()
             ^^^^^^^^^^
sqlite3.OperationalError: no such column: users.hashed_password

The above exception was the direct cause of the following exception:

Traceback (most recent call last):
  File "D:\ASM1\backend\core\database.py", line 542, in get_db
    yield session
  File "D:\ASM1\.venv\Lib\site-packages\fastapi\routing.py", line 301, in app
    raw_response = await run_endpoint_function(
                   ^^^^^^^^^^^^^^^^^^^^^^^^^^^^
  File "D:\ASM1\.venv\Lib\site-packages\fastapi\routing.py", line 212, in run_endpoint_function
    return await dependant.call(**values)
           ^^^^^^^^^^^^^^^^^^^^^^^^^^^^^^
  File "D:\ASM1\backend\routers\auth.py", line 347, in login_password
    result = await db.execute(select(User).where(User.email == user.email))
             ^^^^^^^^^^^^^^^^^^^^^^^^^^^^^^^^^^^^^^^^^^^^^^^^^^^^^^^^^^^^^^
  File "D:\ASM1\.venv\Lib\site-packages\sqlalchemy\ext\asyncio\session.py", line 461, in execute
    result = await greenlet_spawn(
             ^^^^^^^^^^^^^^^^^^^^^
  File "D:\ASM1\.venv\Lib\site-packages\sqlalchemy\util\_concurrency_py3k.py", line 201, in greenlet_spawn
    result = context.throw(*sys.exc_info())
             ^^^^^^^^^^^^^^^^^^^^^^^^^^^^^^
  File "D:\ASM1\.venv\Lib\site-packages\sqlalchemy\orm\session.py", line 2362, in execute
    return self._execute_internal(
           ^^^^^^^^^^^^^^^^^^^^^^^
  File "D:\ASM1\.venv\Lib\site-packages\sqlalchemy\orm\session.py", line 2247, in _execute_internal
    result: Result[Any] = compile_state_cls.orm_execute_statement(
                          ^^^^^^^^^^^^^^^^^^^^^^^^^^^^^^^^^^^^^^^^
  File "D:\ASM1\.venv\Lib\site-packages\sqlalchemy\orm\context.py", line 305, in orm_execute_statement
    result = conn.execute(
             ^^^^^^^^^^^^^
  File "D:\ASM1\.venv\Lib\site-packages\sqlalchemy\engine\base.py", line 1418, in execute
    return meth(
           ^^^^^
  File "D:\ASM1\.venv\Lib\site-packages\sqlalchemy\sql\elements.py", line 515, in _execute_on_connection
    return connection._execute_clauseelement(
           ^^^^^^^^^^^^^^^^^^^^^^^^^^^^^^^^^^
  File "D:\ASM1\.venv\Lib\site-packages\sqlalchemy\engine\base.py", line 1640, in _execute_clauseelement
    ret = self._execute_context(
          ^^^^^^^^^^^^^^^^^^^^^^
  File "D:\ASM1\.venv\Lib\site-packages\sqlalchemy\engine\base.py", line 1846, in _execute_context
    return self._exec_single_context(
           ^^^^^^^^^^^^^^^^^^^^^^^^^^
  File "D:\ASM1\.venv\Lib\site-packages\sqlalchemy\engine\base.py", line 1986, in _exec_single_context
    self._handle_dbapi_exception(
  File "D:\ASM1\.venv\Lib\site-packages\sqlalchemy\engine\base.py", line 2355, in _handle_dbapi_exception
    raise sqlalchemy_exception.with_traceback(exc_info[2]) from e
  File "D:\ASM1\.venv\Lib\site-packages\sqlalchemy\engine\base.py", line 1967, in _exec_single_context
    self.dialect.do_execute(
  File "D:\ASM1\.venv\Lib\site-packages\sqlalchemy\engine\default.py", line 941, in do_execute
    cursor.execute(statement, parameters)
  File "D:\ASM1\.venv\Lib\site-packages\sqlalchemy\dialects\sqlite\aiosqlite.py", line 147, in execute
    self._adapt_connection._handle_exception(error)
  File "D:\ASM1\.venv\Lib\site-packages\sqlalchemy\dialects\sqlite\aiosqlite.py", line 298, in _handle_exception
    raise error
  File "D:\ASM1\.venv\Lib\site-packages\sqlalchemy\dialects\sqlite\aiosqlite.py", line 129, in execute
    self.await_(_cursor.execute(operation, parameters))
  File "D:\ASM1\.venv\Lib\site-packages\sqlalchemy\util\_concurrency_py3k.py", line 132, in await_only
    return current.parent.switch(awaitable)  # type: ignore[no-any-return,attr-defined] # noqa: E501
           ^^^^^^^^^^^^^^^^^^^^^^^^^^^^^^^^
  File "D:\ASM1\.venv\Lib\site-packages\sqlalchemy\util\_concurrency_py3k.py", line 196, in greenlet_spawn
    value = await result
            ^^^^^^^^^^^^
  File "D:\ASM1\.venv\Lib\site-packages\aiosqlite\cursor.py", line 48, in execute
    await self._execute(self._cursor.execute, sql, parameters)
  File "D:\ASM1\.venv\Lib\site-packages\aiosqlite\cursor.py", line 40, in _execute
    return await self._conn._execute(fn, *args, **kwargs)
           ^^^^^^^^^^^^^^^^^^^^^^^^^^^^^^^^^^^^^^^^^^^^^^
  File "D:\ASM1\.venv\Lib\site-packages\aiosqlite\core.py", line 132, in _execute
    return await future
           ^^^^^^^^^^^^
  File "D:\ASM1\.venv\Lib\site-packages\aiosqlite\core.py", line 115, in run
    result = function()
             ^^^^^^^^^^
sqlalchemy.exc.OperationalError: (sqlite3.OperationalError) no such column: users.hashed_password
[SQL: SELECT users.id, users.email, users.name, users.role, users.created_at, users.last_login, users.hashed_password 
FROM users 
WHERE users.email = ?]
[parameters: ('khuojuin11@gmail.conm',)]
(Background on this error at: https://sqlalche.me/e/20/e3q8)
2026-03-03 16:35:17,205 - core.database - DEBUG - [DB_OP] Database session cleanup after 0.0110s
2026-03-03 16:35:17,205 - aiosqlite - DEBUG - executing functools.partial(<built-in method rollback of sqlite3.Connection object at 0x00000251688957B0>)
2026-03-03 16:35:17,206 - aiosqlite - DEBUG - operation functools.partial(<built-in method rollback of sqlite3.Connection object at 0x00000251688957B0>) completed
2026-03-03 16:35:17,206 - aiosqlite - DEBUG - executing functools.partial(<built-in method rollback of sqlite3.Connection object at 0x00000251688957B0>)
2026-03-03 16:35:17,206 - aiosqlite - DEBUG - operation functools.partial(<built-in method rollback of sqlite3.Connection object at 0x00000251688957B0>) completed
2026-03-03 16:35:17,207 - aiosqlite - DEBUG - executing functools.partial(<built-in method close of sqlite3.Connection object at 0x00000251688957B0>)
2026-03-03 16:35:17,207 - aiosqlite - DEBUG - operation functools.partial(<built-in method close of sqlite3.Connection object at 0x00000251688957B0>) completed
2026-03-03 16:35:17,207 - core.database - ERROR - Failed to create database session: (sqlite3.OperationalError) no such column: users.hashed_password
[SQL: SELECT users.id, users.email, users.name, users.role, users.created_at, users.last_login, users.hashed_password 
FROM users 
WHERE users.email = ?]
[parameters: ('khuojuin11@gmail.conm',)]
(Background on this error at: https://sqlalche.me/e/20/e3q8)
Traceback (most recent call last):
  File "D:\ASM1\.venv\Lib\site-packages\sqlalchemy\engine\base.py", line 1967, in _exec_single_context
    self.dialect.do_execute(
  File "D:\ASM1\.venv\Lib\site-packages\sqlalchemy\engine\default.py", line 941, in do_execute
    cursor.execute(statement, parameters)
  File "D:\ASM1\.venv\Lib\site-packages\sqlalchemy\dialects\sqlite\aiosqlite.py", line 147, in execute
    self._adapt_connection._handle_exception(error)
  File "D:\ASM1\.venv\Lib\site-packages\sqlalchemy\dialects\sqlite\aiosqlite.py", line 298, in _handle_exception
    raise error
  File "D:\ASM1\.venv\Lib\site-packages\sqlalchemy\dialects\sqlite\aiosqlite.py", line 129, in execute
    self.await_(_cursor.execute(operation, parameters))
  File "D:\ASM1\.venv\Lib\site-packages\sqlalchemy\util\_concurrency_py3k.py", line 132, in await_only
    return current.parent.switch(awaitable)  # type: ignore[no-any-return,attr-defined] # noqa: E501
           ^^^^^^^^^^^^^^^^^^^^^^^^^^^^^^^^
  File "D:\ASM1\.venv\Lib\site-packages\sqlalchemy\util\_concurrency_py3k.py", line 196, in greenlet_spawn
    value = await result
            ^^^^^^^^^^^^
  File "D:\ASM1\.venv\Lib\site-packages\aiosqlite\cursor.py", line 48, in execute
    await self._execute(self._cursor.execute, sql, parameters)
  File "D:\ASM1\.venv\Lib\site-packages\aiosqlite\cursor.py", line 40, in _execute
    return await self._conn._execute(fn, *args, **kwargs)
           ^^^^^^^^^^^^^^^^^^^^^^^^^^^^^^^^^^^^^^^^^^^^^^
  File "D:\ASM1\.venv\Lib\site-packages\aiosqlite\core.py", line 132, in _execute
    return await future
           ^^^^^^^^^^^^
  File "D:\ASM1\.venv\Lib\site-packages\aiosqlite\core.py", line 115, in run
    result = function()
             ^^^^^^^^^^
sqlite3.OperationalError: no such column: users.hashed_password

The above exception was the direct cause of the following exception:

Traceback (most recent call last):
  File "D:\ASM1\backend\core\database.py", line 542, in get_db
    yield session
  File "D:\ASM1\.venv\Lib\site-packages\fastapi\routing.py", line 301, in app
    raw_response = await run_endpoint_function(
                   ^^^^^^^^^^^^^^^^^^^^^^^^^^^^
  File "D:\ASM1\.venv\Lib\site-packages\fastapi\routing.py", line 212, in run_endpoint_function
    return await dependant.call(**values)
           ^^^^^^^^^^^^^^^^^^^^^^^^^^^^^^
  File "D:\ASM1\backend\routers\auth.py", line 347, in login_password
    result = await db.execute(select(User).where(User.email == user.email))
             ^^^^^^^^^^^^^^^^^^^^^^^^^^^^^^^^^^^^^^^^^^^^^^^^^^^^^^^^^^^^^^
  File "D:\ASM1\.venv\Lib\site-packages\sqlalchemy\ext\asyncio\session.py", line 461, in execute
    result = await greenlet_spawn(
             ^^^^^^^^^^^^^^^^^^^^^
  File "D:\ASM1\.venv\Lib\site-packages\sqlalchemy\util\_concurrency_py3k.py", line 201, in greenlet_spawn
    result = context.throw(*sys.exc_info())
             ^^^^^^^^^^^^^^^^^^^^^^^^^^^^^^
  File "D:\ASM1\.venv\Lib\site-packages\sqlalchemy\orm\session.py", line 2362, in execute
    return self._execute_internal(
           ^^^^^^^^^^^^^^^^^^^^^^^
  File "D:\ASM1\.venv\Lib\site-packages\sqlalchemy\orm\session.py", line 2247, in _execute_internal
    result: Result[Any] = compile_state_cls.orm_execute_statement(
                          ^^^^^^^^^^^^^^^^^^^^^^^^^^^^^^^^^^^^^^^^
  File "D:\ASM1\.venv\Lib\site-packages\sqlalchemy\orm\context.py", line 305, in orm_execute_statement
    result = conn.execute(
             ^^^^^^^^^^^^^
  File "D:\ASM1\.venv\Lib\site-packages\sqlalchemy\engine\base.py", line 1418, in execute
    return meth(
           ^^^^^
  File "D:\ASM1\.venv\Lib\site-packages\sqlalchemy\sql\elements.py", line 515, in _execute_on_connection
    return connection._execute_clauseelement(
           ^^^^^^^^^^^^^^^^^^^^^^^^^^^^^^^^^^
  File "D:\ASM1\.venv\Lib\site-packages\sqlalchemy\engine\base.py", line 1640, in _execute_clauseelement
    ret = self._execute_context(
          ^^^^^^^^^^^^^^^^^^^^^^
  File "D:\ASM1\.venv\Lib\site-packages\sqlalchemy\engine\base.py", line 1846, in _execute_context
    return self._exec_single_context(
           ^^^^^^^^^^^^^^^^^^^^^^^^^^
  File "D:\ASM1\.venv\Lib\site-packages\sqlalchemy\engine\base.py", line 1986, in _exec_single_context
    self._handle_dbapi_exception(
  File "D:\ASM1\.venv\Lib\site-packages\sqlalchemy\engine\base.py", line 2355, in _handle_dbapi_exception
    raise sqlalchemy_exception.with_traceback(exc_info[2]) from e
  File "D:\ASM1\.venv\Lib\site-packages\sqlalchemy\engine\base.py", line 1967, in _exec_single_context
    self.dialect.do_execute(
  File "D:\ASM1\.venv\Lib\site-packages\sqlalchemy\engine\default.py", line 941, in do_execute
    cursor.execute(statement, parameters)
  File "D:\ASM1\.venv\Lib\site-packages\sqlalchemy\dialects\sqlite\aiosqlite.py", line 147, in execute
    self._adapt_connection._handle_exception(error)
  File "D:\ASM1\.venv\Lib\site-packages\sqlalchemy\dialects\sqlite\aiosqlite.py", line 298, in _handle_exception
    raise error
  File "D:\ASM1\.venv\Lib\site-packages\sqlalchemy\dialects\sqlite\aiosqlite.py", line 129, in execute
    self.await_(_cursor.execute(operation, parameters))
  File "D:\ASM1\.venv\Lib\site-packages\sqlalchemy\util\_concurrency_py3k.py", line 132, in await_only
    return current.parent.switch(awaitable)  # type: ignore[no-any-return,attr-defined] # noqa: E501
           ^^^^^^^^^^^^^^^^^^^^^^^^^^^^^^^^
  File "D:\ASM1\.venv\Lib\site-packages\sqlalchemy\util\_concurrency_py3k.py", line 196, in greenlet_spawn
    value = await result
            ^^^^^^^^^^^^
  File "D:\ASM1\.venv\Lib\site-packages\aiosqlite\cursor.py", line 48, in execute
    await self._execute(self._cursor.execute, sql, parameters)
  File "D:\ASM1\.venv\Lib\site-packages\aiosqlite\cursor.py", line 40, in _execute
    return await self._conn._execute(fn, *args, **kwargs)
           ^^^^^^^^^^^^^^^^^^^^^^^^^^^^^^^^^^^^^^^^^^^^^^
  File "D:\ASM1\.venv\Lib\site-packages\aiosqlite\core.py", line 132, in _execute
    return await future
           ^^^^^^^^^^^^
  File "D:\ASM1\.venv\Lib\site-packages\aiosqlite\core.py", line 115, in run
    result = function()
             ^^^^^^^^^^
sqlalchemy.exc.OperationalError: (sqlite3.OperationalError) no such column: users.hashed_password
[SQL: SELECT users.id, users.email, users.name, users.role, users.created_at, users.last_login, users.hashed_password 
FROM users 
WHERE users.email = ?]
[parameters: ('khuojuin11@gmail.conm',)]
(Background on this error at: https://sqlalche.me/e/20/e3q8)
2026-03-03 16:35:17,690 - core.database - DEBUG - [DB_OP] Starting get_db session creation
2026-03-03 16:35:17,690 - core.database - DEBUG - [DB_OP] Database session created successfully in 0.0000s
2026-03-03 16:35:17,691 - aiosqlite - DEBUG - executing <function connect.<locals>.connector at 0x0000025168B6C0E0>
2026-03-03 16:35:17,691 - aiosqlite - DEBUG - operation <function connect.<locals>.connector at 0x0000025168B6C0E0> completed
2026-03-03 16:35:17,692 - aiosqlite - DEBUG - executing functools.partial(<built-in method create_function of sqlite3.Connection object at 0x00000251688964D0>, 'regexp', 2, <function SQLiteDialect_pysqlite.on_connect.<locals>.regexp at 0x0000025168838220>, deterministic=True)
2026-03-03 16:35:17,692 - aiosqlite - DEBUG - operation functools.partial(<built-in method create_function of sqlite3.Connection object at 0x00000251688964D0>, 'regexp', 2, <function SQLiteDialect_pysqlite.on_connect.<locals>.regexp at 0x0000025168838220>, deterministic=True) completed
2026-03-03 16:35:17,693 - aiosqlite - DEBUG - executing functools.partial(<built-in method create_function of sqlite3.Connection object at 0x00000251688964D0>, 'floor', 1, <built-in function floor>, deterministic=True)
2026-03-03 16:35:17,693 - aiosqlite - DEBUG - operation functools.partial(<built-in method create_function of sqlite3.Connection object at 0x00000251688964D0>, 'floor', 1, <built-in function floor>, deterministic=True) completed
2026-03-03 16:35:17,694 - aiosqlite - DEBUG - executing functools.partial(<built-in method cursor of sqlite3.Connection object at 0x00000251688964D0>)
2026-03-03 16:35:17,694 - aiosqlite - DEBUG - operation functools.partial(<built-in method cursor of sqlite3.Connection object at 0x00000251688964D0>) completed
2026-03-03 16:35:17,694 - aiosqlite - DEBUG - executing functools.partial(<built-in method execute of sqlite3.Cursor object at 0x0000025168B59540>, 'SELECT users.id, users.email, users.name, users.role, users.created_at, users.last_login, users.hashed_password \nFROM users \nWHERE users.email = ?', ('khuojuin11@gmail.conm',))
2026-03-03 16:35:17,695 - aiosqlite - DEBUG - returning exception no such column: users.hashed_password
2026-03-03 16:35:17,695 - core.database - ERROR - Database session error: (sqlite3.OperationalError) no such column: users.hashed_password
[SQL: SELECT users.id, users.email, users.name, users.role, users.created_at, users.last_login, users.hashed_password 
FROM users 
WHERE users.email = ?]
[parameters: ('khuojuin11@gmail.conm',)]
(Background on this error at: https://sqlalche.me/e/20/e3q8)
Traceback (most recent call last):
  File "D:\ASM1\.venv\Lib\site-packages\sqlalchemy\engine\base.py", line 1967, in _exec_single_context
    self.dialect.do_execute(
  File "D:\ASM1\.venv\Lib\site-packages\sqlalchemy\engine\default.py", line 941, in do_execute
    cursor.execute(statement, parameters)
  File "D:\ASM1\.venv\Lib\site-packages\sqlalchemy\dialects\sqlite\aiosqlite.py", line 147, in execute
    self._adapt_connection._handle_exception(error)
  File "D:\ASM1\.venv\Lib\site-packages\sqlalchemy\dialects\sqlite\aiosqlite.py", line 298, in _handle_exception
    raise error
  File "D:\ASM1\.venv\Lib\site-packages\sqlalchemy\dialects\sqlite\aiosqlite.py", line 129, in execute
    self.await_(_cursor.execute(operation, parameters))
  File "D:\ASM1\.venv\Lib\site-packages\sqlalchemy\util\_concurrency_py3k.py", line 132, in await_only
    return current.parent.switch(awaitable)  # type: ignore[no-any-return,attr-defined] # noqa: E501
           ^^^^^^^^^^^^^^^^^^^^^^^^^^^^^^^^
  File "D:\ASM1\.venv\Lib\site-packages\sqlalchemy\util\_concurrency_py3k.py", line 196, in greenlet_spawn
    value = await result
            ^^^^^^^^^^^^
  File "D:\ASM1\.venv\Lib\site-packages\aiosqlite\cursor.py", line 48, in execute
    await self._execute(self._cursor.execute, sql, parameters)
  File "D:\ASM1\.venv\Lib\site-packages\aiosqlite\cursor.py", line 40, in _execute
    return await self._conn._execute(fn, *args, **kwargs)
           ^^^^^^^^^^^^^^^^^^^^^^^^^^^^^^^^^^^^^^^^^^^^^^
  File "D:\ASM1\.venv\Lib\site-packages\aiosqlite\core.py", line 132, in _execute
    return await future
           ^^^^^^^^^^^^
  File "D:\ASM1\.venv\Lib\site-packages\aiosqlite\core.py", line 115, in run
    result = function()
             ^^^^^^^^^^
sqlite3.OperationalError: no such column: users.hashed_password

The above exception was the direct cause of the following exception:

Traceback (most recent call last):
  File "D:\ASM1\backend\core\database.py", line 542, in get_db
    yield session
  File "D:\ASM1\.venv\Lib\site-packages\fastapi\routing.py", line 301, in app
    raw_response = await run_endpoint_function(
                   ^^^^^^^^^^^^^^^^^^^^^^^^^^^^
  File "D:\ASM1\.venv\Lib\site-packages\fastapi\routing.py", line 212, in run_endpoint_function
    return await dependant.call(**values)
           ^^^^^^^^^^^^^^^^^^^^^^^^^^^^^^
  File "D:\ASM1\backend\routers\auth.py", line 347, in login_password
    result = await db.execute(select(User).where(User.email == user.email))
             ^^^^^^^^^^^^^^^^^^^^^^^^^^^^^^^^^^^^^^^^^^^^^^^^^^^^^^^^^^^^^^
  File "D:\ASM1\.venv\Lib\site-packages\sqlalchemy\ext\asyncio\session.py", line 461, in execute
    result = await greenlet_spawn(
             ^^^^^^^^^^^^^^^^^^^^^
  File "D:\ASM1\.venv\Lib\site-packages\sqlalchemy\util\_concurrency_py3k.py", line 201, in greenlet_spawn
    result = context.throw(*sys.exc_info())
             ^^^^^^^^^^^^^^^^^^^^^^^^^^^^^^
  File "D:\ASM1\.venv\Lib\site-packages\sqlalchemy\orm\session.py", line 2362, in execute
    return self._execute_internal(
           ^^^^^^^^^^^^^^^^^^^^^^^
  File "D:\ASM1\.venv\Lib\site-packages\sqlalchemy\orm\session.py", line 2247, in _execute_internal
    result: Result[Any] = compile_state_cls.orm_execute_statement(
                          ^^^^^^^^^^^^^^^^^^^^^^^^^^^^^^^^^^^^^^^^
  File "D:\ASM1\.venv\Lib\site-packages\sqlalchemy\orm\context.py", line 305, in orm_execute_statement
    result = conn.execute(
             ^^^^^^^^^^^^^
  File "D:\ASM1\.venv\Lib\site-packages\sqlalchemy\engine\base.py", line 1418, in execute
    return meth(
           ^^^^^
  File "D:\ASM1\.venv\Lib\site-packages\sqlalchemy\sql\elements.py", line 515, in _execute_on_connection
    return connection._execute_clauseelement(
           ^^^^^^^^^^^^^^^^^^^^^^^^^^^^^^^^^^
  File "D:\ASM1\.venv\Lib\site-packages\sqlalchemy\engine\base.py", line 1640, in _execute_clauseelement
    ret = self._execute_context(
          ^^^^^^^^^^^^^^^^^^^^^^
  File "D:\ASM1\.venv\Lib\site-packages\sqlalchemy\engine\base.py", line 1846, in _execute_context
    return self._exec_single_context(
           ^^^^^^^^^^^^^^^^^^^^^^^^^^
  File "D:\ASM1\.venv\Lib\site-packages\sqlalchemy\engine\base.py", line 1986, in _exec_single_context
    self._handle_dbapi_exception(
  File "D:\ASM1\.venv\Lib\site-packages\sqlalchemy\engine\base.py", line 2355, in _handle_dbapi_exception
    raise sqlalchemy_exception.with_traceback(exc_info[2]) from e
  File "D:\ASM1\.venv\Lib\site-packages\sqlalchemy\engine\base.py", line 1967, in _exec_single_context
    self.dialect.do_execute(
  File "D:\ASM1\.venv\Lib\site-packages\sqlalchemy\engine\default.py", line 941, in do_execute
    cursor.execute(statement, parameters)
  File "D:\ASM1\.venv\Lib\site-packages\sqlalchemy\dialects\sqlite\aiosqlite.py", line 147, in execute
    self._adapt_connection._handle_exception(error)
  File "D:\ASM1\.venv\Lib\site-packages\sqlalchemy\dialects\sqlite\aiosqlite.py", line 298, in _handle_exception
    raise error
  File "D:\ASM1\.venv\Lib\site-packages\sqlalchemy\dialects\sqlite\aiosqlite.py", line 129, in execute
    self.await_(_cursor.execute(operation, parameters))
  File "D:\ASM1\.venv\Lib\site-packages\sqlalchemy\util\_concurrency_py3k.py", line 132, in await_only
    return current.parent.switch(awaitable)  # type: ignore[no-any-return,attr-defined] # noqa: E501
           ^^^^^^^^^^^^^^^^^^^^^^^^^^^^^^^^
  File "D:\ASM1\.venv\Lib\site-packages\sqlalchemy\util\_concurrency_py3k.py", line 196, in greenlet_spawn
    value = await result
            ^^^^^^^^^^^^
  File "D:\ASM1\.venv\Lib\site-packages\aiosqlite\cursor.py", line 48, in execute
    await self._execute(self._cursor.execute, sql, parameters)
  File "D:\ASM1\.venv\Lib\site-packages\aiosqlite\cursor.py", line 40, in _execute
    return await self._conn._execute(fn, *args, **kwargs)
           ^^^^^^^^^^^^^^^^^^^^^^^^^^^^^^^^^^^^^^^^^^^^^^
  File "D:\ASM1\.venv\Lib\site-packages\aiosqlite\core.py", line 132, in _execute
    return await future
           ^^^^^^^^^^^^
  File "D:\ASM1\.venv\Lib\site-packages\aiosqlite\core.py", line 115, in run
    result = function()
             ^^^^^^^^^^
sqlalchemy.exc.OperationalError: (sqlite3.OperationalError) no such column: users.hashed_password
[SQL: SELECT users.id, users.email, users.name, users.role, users.created_at, users.last_login, users.hashed_password 
FROM users 
WHERE users.email = ?]
[parameters: ('khuojuin11@gmail.conm',)]
(Background on this error at: https://sqlalche.me/e/20/e3q8)
2026-03-03 16:35:17,702 - core.database - DEBUG - [DB_OP] Database session cleanup after 0.0120s
2026-03-03 16:35:17,703 - aiosqlite - DEBUG - executing functools.partial(<built-in method rollback of sqlite3.Connection object at 0x00000251688964D0>)
2026-03-03 16:35:17,704 - aiosqlite - DEBUG - operation functools.partial(<built-in method rollback of sqlite3.Connection object at 0x00000251688964D0>) completed
2026-03-03 16:35:17,704 - aiosqlite - DEBUG - executing functools.partial(<built-in method rollback of sqlite3.Connection object at 0x00000251688964D0>)
2026-03-03 16:35:17,704 - aiosqlite - DEBUG - operation functools.partial(<built-in method rollback of sqlite3.Connection object at 0x00000251688964D0>) completed
2026-03-03 16:35:17,705 - aiosqlite - DEBUG - executing functools.partial(<built-in method close of sqlite3.Connection object at 0x00000251688964D0>)
2026-03-03 16:35:17,705 - aiosqlite - DEBUG - operation functools.partial(<built-in method close of sqlite3.Connection object at 0x00000251688964D0>) completed
2026-03-03 16:35:17,706 - core.database - ERROR - Failed to create database session: (sqlite3.OperationalError) no such column: users.hashed_password
[SQL: SELECT users.id, users.email, users.name, users.role, users.created_at, users.last_login, users.hashed_password 
FROM users 
WHERE users.email = ?]
[parameters: ('khuojuin11@gmail.conm',)]
(Background on this error at: https://sqlalche.me/e/20/e3q8)
Traceback (most recent call last):
  File "D:\ASM1\.venv\Lib\site-packages\sqlalchemy\engine\base.py", line 1967, in _exec_single_context
    self.dialect.do_execute(
  File "D:\ASM1\.venv\Lib\site-packages\sqlalchemy\engine\default.py", line 941, in do_execute
    cursor.execute(statement, parameters)
  File "D:\ASM1\.venv\Lib\site-packages\sqlalchemy\dialects\sqlite\aiosqlite.py", line 147, in execute
    self._adapt_connection._handle_exception(error)
  File "D:\ASM1\.venv\Lib\site-packages\sqlalchemy\dialects\sqlite\aiosqlite.py", line 298, in _handle_exception
    raise error
  File "D:\ASM1\.venv\Lib\site-packages\sqlalchemy\dialects\sqlite\aiosqlite.py", line 129, in execute
    self.await_(_cursor.execute(operation, parameters))
  File "D:\ASM1\.venv\Lib\site-packages\sqlalchemy\util\_concurrency_py3k.py", line 132, in await_only
    return current.parent.switch(awaitable)  # type: ignore[no-any-return,attr-defined] # noqa: E501
           ^^^^^^^^^^^^^^^^^^^^^^^^^^^^^^^^
  File "D:\ASM1\.venv\Lib\site-packages\sqlalchemy\util\_concurrency_py3k.py", line 196, in greenlet_spawn
    value = await result
            ^^^^^^^^^^^^
  File "D:\ASM1\.venv\Lib\site-packages\aiosqlite\cursor.py", line 48, in execute
    await self._execute(self._cursor.execute, sql, parameters)
  File "D:\ASM1\.venv\Lib\site-packages\aiosqlite\cursor.py", line 40, in _execute
    return await self._conn._execute(fn, *args, **kwargs)
           ^^^^^^^^^^^^^^^^^^^^^^^^^^^^^^^^^^^^^^^^^^^^^^
  File "D:\ASM1\.venv\Lib\site-packages\aiosqlite\core.py", line 132, in _execute
    return await future
           ^^^^^^^^^^^^
  File "D:\ASM1\.venv\Lib\site-packages\aiosqlite\core.py", line 115, in run
    result = function()
             ^^^^^^^^^^
sqlite3.OperationalError: no such column: users.hashed_password

The above exception was the direct cause of the following exception:

Traceback (most recent call last):
  File "D:\ASM1\backend\core\database.py", line 542, in get_db
    yield session
  File "D:\ASM1\.venv\Lib\site-packages\fastapi\routing.py", line 301, in app
    raw_response = await run_endpoint_function(
                   ^^^^^^^^^^^^^^^^^^^^^^^^^^^^
  File "D:\ASM1\.venv\Lib\site-packages\fastapi\routing.py", line 212, in run_endpoint_function
    return await dependant.call(**values)
           ^^^^^^^^^^^^^^^^^^^^^^^^^^^^^^
  File "D:\ASM1\backend\routers\auth.py", line 347, in login_password
    result = await db.execute(select(User).where(User.email == user.email))
             ^^^^^^^^^^^^^^^^^^^^^^^^^^^^^^^^^^^^^^^^^^^^^^^^^^^^^^^^^^^^^^
  File "D:\ASM1\.venv\Lib\site-packages\sqlalchemy\ext\asyncio\session.py", line 461, in execute
    result = await greenlet_spawn(
             ^^^^^^^^^^^^^^^^^^^^^
  File "D:\ASM1\.venv\Lib\site-packages\sqlalchemy\util\_concurrency_py3k.py", line 201, in greenlet_spawn
    result = context.throw(*sys.exc_info())
             ^^^^^^^^^^^^^^^^^^^^^^^^^^^^^^
  File "D:\ASM1\.venv\Lib\site-packages\sqlalchemy\orm\session.py", line 2362, in execute
    return self._execute_internal(
           ^^^^^^^^^^^^^^^^^^^^^^^
  File "D:\ASM1\.venv\Lib\site-packages\sqlalchemy\orm\session.py", line 2247, in _execute_internal
    result: Result[Any] = compile_state_cls.orm_execute_statement(
                          ^^^^^^^^^^^^^^^^^^^^^^^^^^^^^^^^^^^^^^^^
  File "D:\ASM1\.venv\Lib\site-packages\sqlalchemy\orm\context.py", line 305, in orm_execute_statement
    result = conn.execute(
             ^^^^^^^^^^^^^
  File "D:\ASM1\.venv\Lib\site-packages\sqlalchemy\engine\base.py", line 1418, in execute
    return meth(
           ^^^^^
  File "D:\ASM1\.venv\Lib\site-packages\sqlalchemy\sql\elements.py", line 515, in _execute_on_connection
    return connection._execute_clauseelement(
           ^^^^^^^^^^^^^^^^^^^^^^^^^^^^^^^^^^
  File "D:\ASM1\.venv\Lib\site-packages\sqlalchemy\engine\base.py", line 1640, in _execute_clauseelement
    ret = self._execute_context(
          ^^^^^^^^^^^^^^^^^^^^^^
  File "D:\ASM1\.venv\Lib\site-packages\sqlalchemy\engine\base.py", line 1846, in _execute_context
    return self._exec_single_context(
           ^^^^^^^^^^^^^^^^^^^^^^^^^^
  File "D:\ASM1\.venv\Lib\site-packages\sqlalchemy\engine\base.py", line 1986, in _exec_single_context
    self._handle_dbapi_exception(
  File "D:\ASM1\.venv\Lib\site-packages\sqlalchemy\engine\base.py", line 2355, in _handle_dbapi_exception
    raise sqlalchemy_exception.with_traceback(exc_info[2]) from e
  File "D:\ASM1\.venv\Lib\site-packages\sqlalchemy\engine\base.py", line 1967, in _exec_single_context
    self.dialect.do_execute(
  File "D:\ASM1\.venv\Lib\site-packages\sqlalchemy\engine\default.py", line 941, in do_execute
    cursor.execute(statement, parameters)
  File "D:\ASM1\.venv\Lib\site-packages\sqlalchemy\dialects\sqlite\aiosqlite.py", line 147, in execute
    self._adapt_connection._handle_exception(error)
  File "D:\ASM1\.venv\Lib\site-packages\sqlalchemy\dialects\sqlite\aiosqlite.py", line 298, in _handle_exception
    raise error
  File "D:\ASM1\.venv\Lib\site-packages\sqlalchemy\dialects\sqlite\aiosqlite.py", line 129, in execute
    self.await_(_cursor.execute(operation, parameters))
  File "D:\ASM1\.venv\Lib\site-packages\sqlalchemy\util\_concurrency_py3k.py", line 132, in await_only
    return current.parent.switch(awaitable)  # type: ignore[no-any-return,attr-defined] # noqa: E501
           ^^^^^^^^^^^^^^^^^^^^^^^^^^^^^^^^
  File "D:\ASM1\.venv\Lib\site-packages\sqlalchemy\util\_concurrency_py3k.py", line 196, in greenlet_spawn
    value = await result
            ^^^^^^^^^^^^
  File "D:\ASM1\.venv\Lib\site-packages\aiosqlite\cursor.py", line 48, in execute
    await self._execute(self._cursor.execute, sql, parameters)
  File "D:\ASM1\.venv\Lib\site-packages\aiosqlite\cursor.py", line 40, in _execute
    return await self._conn._execute(fn, *args, **kwargs)
           ^^^^^^^^^^^^^^^^^^^^^^^^^^^^^^^^^^^^^^^^^^^^^^
  File "D:\ASM1\.venv\Lib\site-packages\aiosqlite\core.py", line 132, in _execute
    return await future
           ^^^^^^^^^^^^
  File "D:\ASM1\.venv\Lib\site-packages\aiosqlite\core.py", line 115, in run
    result = function()
             ^^^^^^^^^^
sqlalchemy.exc.OperationalError: (sqlite3.OperationalError) no such column: users.hashed_password
[SQL: SELECT users.id, users.email, users.name, users.role, users.created_at, users.last_login, users.hashed_password 
FROM users 
WHERE users.email = ?]
[parameters: ('khuojuin11@gmail.conm',)]
(Background on this error at: https://sqlalche.me/e/20/e3q8)
2026-03-03 16:35:20,940 - core.database - DEBUG - [DB_OP] Starting get_db session creation
2026-03-03 16:35:20,941 - core.database - DEBUG - [DB_OP] Database session created successfully in 0.0010s
2026-03-03 16:35:20,943 - aiosqlite - DEBUG - executing <function connect.<locals>.connector at 0x0000025168839080>
2026-03-03 16:35:20,943 - aiosqlite - DEBUG - operation <function connect.<locals>.connector at 0x0000025168839080> completed
2026-03-03 16:35:20,943 - aiosqlite - DEBUG - executing functools.partial(<built-in method create_function of sqlite3.Connection object at 0x000002516883C4F0>, 'regexp', 2, <function SQLiteDialect_pysqlite.on_connect.<locals>.regexp at 0x0000025168838220>, deterministic=True)
2026-03-03 16:35:20,944 - aiosqlite - DEBUG - operation functools.partial(<built-in method create_function of sqlite3.Connection object at 0x000002516883C4F0>, 'regexp', 2, <function SQLiteDialect_pysqlite.on_connect.<locals>.regexp at 0x0000025168838220>, deterministic=True) completed
2026-03-03 16:35:20,944 - aiosqlite - DEBUG - executing functools.partial(<built-in method create_function of sqlite3.Connection object at 0x000002516883C4F0>, 'floor', 1, <built-in function floor>, deterministic=True)
2026-03-03 16:35:20,944 - aiosqlite - DEBUG - operation functools.partial(<built-in method create_function of sqlite3.Connection object at 0x000002516883C4F0>, 'floor', 1, <built-in function floor>, deterministic=True) completed
2026-03-03 16:35:20,945 - aiosqlite - DEBUG - executing functools.partial(<built-in method cursor of sqlite3.Connection object at 0x000002516883C4F0>)
2026-03-03 16:35:20,945 - aiosqlite - DEBUG - operation functools.partial(<built-in method cursor of sqlite3.Connection object at 0x000002516883C4F0>) completed
2026-03-03 16:35:20,946 - aiosqlite - DEBUG - executing functools.partial(<built-in method execute of sqlite3.Cursor object at 0x000002516885B240>, 'SELECT users.id, users.email, users.name, users.role, users.created_at, users.last_login, users.hashed_password \nFROM users \nWHERE users.email = ?', ('khuojuin11@gmail.conm',))
2026-03-03 16:35:20,947 - aiosqlite - DEBUG - returning exception no such column: users.hashed_password
2026-03-03 16:35:20,947 - core.database - ERROR - Database session error: (sqlite3.OperationalError) no such column: users.hashed_password
[SQL: SELECT users.id, users.email, users.name, users.role, users.created_at, users.last_login, users.hashed_password 
FROM users 
WHERE users.email = ?]
[parameters: ('khuojuin11@gmail.conm',)]
(Background on this error at: https://sqlalche.me/e/20/e3q8)
Traceback (most recent call last):
  File "D:\ASM1\.venv\Lib\site-packages\sqlalchemy\engine\base.py", line 1967, in _exec_single_context
    self.dialect.do_execute(
  File "D:\ASM1\.venv\Lib\site-packages\sqlalchemy\engine\default.py", line 941, in do_execute
    cursor.execute(statement, parameters)
  File "D:\ASM1\.venv\Lib\site-packages\sqlalchemy\dialects\sqlite\aiosqlite.py", line 147, in execute
    self._adapt_connection._handle_exception(error)
  File "D:\ASM1\.venv\Lib\site-packages\sqlalchemy\dialects\sqlite\aiosqlite.py", line 298, in _handle_exception
    raise error
  File "D:\ASM1\.venv\Lib\site-packages\sqlalchemy\dialects\sqlite\aiosqlite.py", line 129, in execute
    self.await_(_cursor.execute(operation, parameters))
  File "D:\ASM1\.venv\Lib\site-packages\sqlalchemy\util\_concurrency_py3k.py", line 132, in await_only
    return current.parent.switch(awaitable)  # type: ignore[no-any-return,attr-defined] # noqa: E501
           ^^^^^^^^^^^^^^^^^^^^^^^^^^^^^^^^
  File "D:\ASM1\.venv\Lib\site-packages\sqlalchemy\util\_concurrency_py3k.py", line 196, in greenlet_spawn
    value = await result
            ^^^^^^^^^^^^
  File "D:\ASM1\.venv\Lib\site-packages\aiosqlite\cursor.py", line 48, in execute
    await self._execute(self._cursor.execute, sql, parameters)
  File "D:\ASM1\.venv\Lib\site-packages\aiosqlite\cursor.py", line 40, in _execute
    return await self._conn._execute(fn, *args, **kwargs)
           ^^^^^^^^^^^^^^^^^^^^^^^^^^^^^^^^^^^^^^^^^^^^^^
  File "D:\ASM1\.venv\Lib\site-packages\aiosqlite\core.py", line 132, in _execute
    return await future
           ^^^^^^^^^^^^
  File "D:\ASM1\.venv\Lib\site-packages\aiosqlite\core.py", line 115, in run
    result = function()
             ^^^^^^^^^^
sqlite3.OperationalError: no such column: users.hashed_password

The above exception was the direct cause of the following exception:

Traceback (most recent call last):
  File "D:\ASM1\backend\core\database.py", line 542, in get_db
    yield session
  File "D:\ASM1\.venv\Lib\site-packages\fastapi\routing.py", line 301, in app
    raw_response = await run_endpoint_function(
                   ^^^^^^^^^^^^^^^^^^^^^^^^^^^^
  File "D:\ASM1\.venv\Lib\site-packages\fastapi\routing.py", line 212, in run_endpoint_function
    return await dependant.call(**values)
           ^^^^^^^^^^^^^^^^^^^^^^^^^^^^^^
  File "D:\ASM1\backend\routers\auth.py", line 347, in login_password
    result = await db.execute(select(User).where(User.email == user.email))
             ^^^^^^^^^^^^^^^^^^^^^^^^^^^^^^^^^^^^^^^^^^^^^^^^^^^^^^^^^^^^^^
  File "D:\ASM1\.venv\Lib\site-packages\sqlalchemy\ext\asyncio\session.py", line 461, in execute
    result = await greenlet_spawn(
             ^^^^^^^^^^^^^^^^^^^^^
  File "D:\ASM1\.venv\Lib\site-packages\sqlalchemy\util\_concurrency_py3k.py", line 201, in greenlet_spawn
    result = context.throw(*sys.exc_info())
             ^^^^^^^^^^^^^^^^^^^^^^^^^^^^^^
  File "D:\ASM1\.venv\Lib\site-packages\sqlalchemy\orm\session.py", line 2362, in execute
    return self._execute_internal(
           ^^^^^^^^^^^^^^^^^^^^^^^
  File "D:\ASM1\.venv\Lib\site-packages\sqlalchemy\orm\session.py", line 2247, in _execute_internal
    result: Result[Any] = compile_state_cls.orm_execute_statement(
                          ^^^^^^^^^^^^^^^^^^^^^^^^^^^^^^^^^^^^^^^^
  File "D:\ASM1\.venv\Lib\site-packages\sqlalchemy\orm\context.py", line 305, in orm_execute_statement
    result = conn.execute(
             ^^^^^^^^^^^^^
  File "D:\ASM1\.venv\Lib\site-packages\sqlalchemy\engine\base.py", line 1418, in execute
    return meth(
           ^^^^^
  File "D:\ASM1\.venv\Lib\site-packages\sqlalchemy\sql\elements.py", line 515, in _execute_on_connection
    return connection._execute_clauseelement(
           ^^^^^^^^^^^^^^^^^^^^^^^^^^^^^^^^^^
  File "D:\ASM1\.venv\Lib\site-packages\sqlalchemy\engine\base.py", line 1640, in _execute_clauseelement
    ret = self._execute_context(
          ^^^^^^^^^^^^^^^^^^^^^^
  File "D:\ASM1\.venv\Lib\site-packages\sqlalchemy\engine\base.py", line 1846, in _execute_context
    return self._exec_single_context(
           ^^^^^^^^^^^^^^^^^^^^^^^^^^
  File "D:\ASM1\.venv\Lib\site-packages\sqlalchemy\engine\base.py", line 1986, in _exec_single_context
    self._handle_dbapi_exception(
  File "D:\ASM1\.venv\Lib\site-packages\sqlalchemy\engine\base.py", line 2355, in _handle_dbapi_exception
    raise sqlalchemy_exception.with_traceback(exc_info[2]) from e
  File "D:\ASM1\.venv\Lib\site-packages\sqlalchemy\engine\base.py", line 1967, in _exec_single_context
    self.dialect.do_execute(
  File "D:\ASM1\.venv\Lib\site-packages\sqlalchemy\engine\default.py", line 941, in do_execute
    cursor.execute(statement, parameters)
  File "D:\ASM1\.venv\Lib\site-packages\sqlalchemy\dialects\sqlite\aiosqlite.py", line 147, in execute
    self._adapt_connection._handle_exception(error)
  File "D:\ASM1\.venv\Lib\site-packages\sqlalchemy\dialects\sqlite\aiosqlite.py", line 298, in _handle_exception
    raise error
  File "D:\ASM1\.venv\Lib\site-packages\sqlalchemy\dialects\sqlite\aiosqlite.py", line 129, in execute
    self.await_(_cursor.execute(operation, parameters))
  File "D:\ASM1\.venv\Lib\site-packages\sqlalchemy\util\_concurrency_py3k.py", line 132, in await_only
    return current.parent.switch(awaitable)  # type: ignore[no-any-return,attr-defined] # noqa: E501
           ^^^^^^^^^^^^^^^^^^^^^^^^^^^^^^^^
  File "D:\ASM1\.venv\Lib\site-packages\sqlalchemy\util\_concurrency_py3k.py", line 196, in greenlet_spawn
    value = await result
            ^^^^^^^^^^^^
  File "D:\ASM1\.venv\Lib\site-packages\aiosqlite\cursor.py", line 48, in execute
    await self._execute(self._cursor.execute, sql, parameters)
  File "D:\ASM1\.venv\Lib\site-packages\aiosqlite\cursor.py", line 40, in _execute
    return await self._conn._execute(fn, *args, **kwargs)
           ^^^^^^^^^^^^^^^^^^^^^^^^^^^^^^^^^^^^^^^^^^^^^^
  File "D:\ASM1\.venv\Lib\site-packages\aiosqlite\core.py", line 132, in _execute
    return await future
           ^^^^^^^^^^^^
  File "D:\ASM1\.venv\Lib\site-packages\aiosqlite\core.py", line 115, in run
    result = function()
             ^^^^^^^^^^
sqlalchemy.exc.OperationalError: (sqlite3.OperationalError) no such column: users.hashed_password
[SQL: SELECT users.id, users.email, users.name, users.role, users.created_at, users.last_login, users.hashed_password 
FROM users 
WHERE users.email = ?]
[parameters: ('khuojuin11@gmail.conm',)]
(Background on this error at: https://sqlalche.me/e/20/e3q8)
2026-03-03 16:35:20,954 - core.database - DEBUG - [DB_OP] Database session cleanup after 0.0142s
2026-03-03 16:35:20,955 - aiosqlite - DEBUG - executing functools.partial(<built-in method rollback of sqlite3.Connection object at 0x000002516883C4F0>)
2026-03-03 16:35:20,955 - aiosqlite - DEBUG - operation functools.partial(<built-in method rollback of sqlite3.Connection object at 0x000002516883C4F0>) completed
2026-03-03 16:35:20,955 - aiosqlite - DEBUG - executing functools.partial(<built-in method rollback of sqlite3.Connection object at 0x000002516883C4F0>)
2026-03-03 16:35:20,955 - aiosqlite - DEBUG - operation functools.partial(<built-in method rollback of sqlite3.Connection object at 0x000002516883C4F0>) completed
2026-03-03 16:35:20,956 - aiosqlite - DEBUG - executing functools.partial(<built-in method close of sqlite3.Connection object at 0x000002516883C4F0>)
2026-03-03 16:35:20,956 - aiosqlite - DEBUG - operation functools.partial(<built-in method close of sqlite3.Connection object at 0x000002516883C4F0>) completed
2026-03-03 16:35:20,956 - core.database - ERROR - Failed to create database session: (sqlite3.OperationalError) no such column: users.hashed_password
[SQL: SELECT users.id, users.email, users.name, users.role, users.created_at, users.last_login, users.hashed_password 
FROM users 
WHERE users.email = ?]
[parameters: ('khuojuin11@gmail.conm',)]
(Background on this error at: https://sqlalche.me/e/20/e3q8)
Traceback (most recent call last):
  File "D:\ASM1\.venv\Lib\site-packages\sqlalchemy\engine\base.py", line 1967, in _exec_single_context
    self.dialect.do_execute(
  File "D:\ASM1\.venv\Lib\site-packages\sqlalchemy\engine\default.py", line 941, in do_execute
    cursor.execute(statement, parameters)
  File "D:\ASM1\.venv\Lib\site-packages\sqlalchemy\dialects\sqlite\aiosqlite.py", line 147, in execute
    self._adapt_connection._handle_exception(error)
  File "D:\ASM1\.venv\Lib\site-packages\sqlalchemy\dialects\sqlite\aiosqlite.py", line 298, in _handle_exception
    raise error
  File "D:\ASM1\.venv\Lib\site-packages\sqlalchemy\dialects\sqlite\aiosqlite.py", line 129, in execute
    self.await_(_cursor.execute(operation, parameters))
  File "D:\ASM1\.venv\Lib\site-packages\sqlalchemy\util\_concurrency_py3k.py", line 132, in await_only
    return current.parent.switch(awaitable)  # type: ignore[no-any-return,attr-defined] # noqa: E501
           ^^^^^^^^^^^^^^^^^^^^^^^^^^^^^^^^
  File "D:\ASM1\.venv\Lib\site-packages\sqlalchemy\util\_concurrency_py3k.py", line 196, in greenlet_spawn
    value = await result
            ^^^^^^^^^^^^
  File "D:\ASM1\.venv\Lib\site-packages\aiosqlite\cursor.py", line 48, in execute
    await self._execute(self._cursor.execute, sql, parameters)
  File "D:\ASM1\.venv\Lib\site-packages\aiosqlite\cursor.py", line 40, in _execute
    return await self._conn._execute(fn, *args, **kwargs)
           ^^^^^^^^^^^^^^^^^^^^^^^^^^^^^^^^^^^^^^^^^^^^^^
  File "D:\ASM1\.venv\Lib\site-packages\aiosqlite\core.py", line 132, in _execute
    return await future
           ^^^^^^^^^^^^
  File "D:\ASM1\.venv\Lib\site-packages\aiosqlite\core.py", line 115, in run
    result = function()
             ^^^^^^^^^^
sqlite3.OperationalError: no such column: users.hashed_password

The above exception was the direct cause of the following exception:

Traceback (most recent call last):
  File "D:\ASM1\backend\core\database.py", line 542, in get_db
    yield session
  File "D:\ASM1\.venv\Lib\site-packages\fastapi\routing.py", line 301, in app
    raw_response = await run_endpoint_function(
                   ^^^^^^^^^^^^^^^^^^^^^^^^^^^^
  File "D:\ASM1\.venv\Lib\site-packages\fastapi\routing.py", line 212, in run_endpoint_function
    return await dependant.call(**values)
           ^^^^^^^^^^^^^^^^^^^^^^^^^^^^^^
  File "D:\ASM1\backend\routers\auth.py", line 347, in login_password
    result = await db.execute(select(User).where(User.email == user.email))
             ^^^^^^^^^^^^^^^^^^^^^^^^^^^^^^^^^^^^^^^^^^^^^^^^^^^^^^^^^^^^^^
  File "D:\ASM1\.venv\Lib\site-packages\sqlalchemy\ext\asyncio\session.py", line 461, in execute
    result = await greenlet_spawn(
             ^^^^^^^^^^^^^^^^^^^^^
  File "D:\ASM1\.venv\Lib\site-packages\sqlalchemy\util\_concurrency_py3k.py", line 201, in greenlet_spawn
    result = context.throw(*sys.exc_info())
             ^^^^^^^^^^^^^^^^^^^^^^^^^^^^^^
  File "D:\ASM1\.venv\Lib\site-packages\sqlalchemy\orm\session.py", line 2362, in execute
    return self._execute_internal(
           ^^^^^^^^^^^^^^^^^^^^^^^
  File "D:\ASM1\.venv\Lib\site-packages\sqlalchemy\orm\session.py", line 2247, in _execute_internal
    result: Result[Any] = compile_state_cls.orm_execute_statement(
                          ^^^^^^^^^^^^^^^^^^^^^^^^^^^^^^^^^^^^^^^^
  File "D:\ASM1\.venv\Lib\site-packages\sqlalchemy\orm\context.py", line 305, in orm_execute_statement
    result = conn.execute(
             ^^^^^^^^^^^^^
  File "D:\ASM1\.venv\Lib\site-packages\sqlalchemy\engine\base.py", line 1418, in execute
    return meth(
           ^^^^^
  File "D:\ASM1\.venv\Lib\site-packages\sqlalchemy\sql\elements.py", line 515, in _execute_on_connection
    return connection._execute_clauseelement(
           ^^^^^^^^^^^^^^^^^^^^^^^^^^^^^^^^^^
  File "D:\ASM1\.venv\Lib\site-packages\sqlalchemy\engine\base.py", line 1640, in _execute_clauseelement
    ret = self._execute_context(
          ^^^^^^^^^^^^^^^^^^^^^^
  File "D:\ASM1\.venv\Lib\site-packages\sqlalchemy\engine\base.py", line 1846, in _execute_context
    return self._exec_single_context(
           ^^^^^^^^^^^^^^^^^^^^^^^^^^
  File "D:\ASM1\.venv\Lib\site-packages\sqlalchemy\engine\base.py", line 1986, in _exec_single_context
    self._handle_dbapi_exception(
  File "D:\ASM1\.venv\Lib\site-packages\sqlalchemy\engine\base.py", line 2355, in _handle_dbapi_exception
    raise sqlalchemy_exception.with_traceback(exc_info[2]) from e
  File "D:\ASM1\.venv\Lib\site-packages\sqlalchemy\engine\base.py", line 1967, in _exec_single_context
    self.dialect.do_execute(
  File "D:\ASM1\.venv\Lib\site-packages\sqlalchemy\engine\default.py", line 941, in do_execute
    cursor.execute(statement, parameters)
  File "D:\ASM1\.venv\Lib\site-packages\sqlalchemy\dialects\sqlite\aiosqlite.py", line 147, in execute
    self._adapt_connection._handle_exception(error)
  File "D:\ASM1\.venv\Lib\site-packages\sqlalchemy\dialects\sqlite\aiosqlite.py", line 298, in _handle_exception
    raise error
  File "D:\ASM1\.venv\Lib\site-packages\sqlalchemy\dialects\sqlite\aiosqlite.py", line 129, in execute
    self.await_(_cursor.execute(operation, parameters))
  File "D:\ASM1\.venv\Lib\site-packages\sqlalchemy\util\_concurrency_py3k.py", line 132, in await_only
    return current.parent.switch(awaitable)  # type: ignore[no-any-return,attr-defined] # noqa: E501
           ^^^^^^^^^^^^^^^^^^^^^^^^^^^^^^^^
  File "D:\ASM1\.venv\Lib\site-packages\sqlalchemy\util\_concurrency_py3k.py", line 196, in greenlet_spawn
    value = await result
            ^^^^^^^^^^^^
  File "D:\ASM1\.venv\Lib\site-packages\aiosqlite\cursor.py", line 48, in execute
    await self._execute(self._cursor.execute, sql, parameters)
  File "D:\ASM1\.venv\Lib\site-packages\aiosqlite\cursor.py", line 40, in _execute
    return await self._conn._execute(fn, *args, **kwargs)
           ^^^^^^^^^^^^^^^^^^^^^^^^^^^^^^^^^^^^^^^^^^^^^^
  File "D:\ASM1\.venv\Lib\site-packages\aiosqlite\core.py", line 132, in _execute
    return await future
           ^^^^^^^^^^^^
  File "D:\ASM1\.venv\Lib\site-packages\aiosqlite\core.py", line 115, in run
    result = function()
             ^^^^^^^^^^
sqlalchemy.exc.OperationalError: (sqlite3.OperationalError) no such column: users.hashed_password
[SQL: SELECT users.id, users.email, users.name, users.role, users.created_at, users.last_login, users.hashed_password 
FROM users 
WHERE users.email = ?]
[parameters: ('khuojuin11@gmail.conm',)]
(Background on this error at: https://sqlalche.me/e/20/e3q8)
2026-03-03 16:47:47,597 - services.database - DEBUG - [DB_OP] Starting database close
2026-03-03 16:47:47,598 - core.database - INFO - Database connection closed and engine disposed
2026-03-03 16:47:47,598 - services.database - INFO - Database connections closed
2026-03-03 16:47:47,599 - services.database - DEBUG - [DB_OP] Database close completed in 0.0020s
