2026-03-03 16:47:49,622 - main - INFO - === Logging system initialized ===
2026-03-03 16:47:49,622 - main - INFO - Log file: logs/app_20260303_164749.log
2026-03-03 16:47:49,622 - main - INFO - Log level: INFO
2026-03-03 16:47:49,623 - main - INFO - Timestamp: 20260303_164749
2026-03-03 16:47:50,037 - main - INFO - Included router: routers.aihub.router
2026-03-03 16:47:50,076 - passlib.utils.compat - DEBUG - loaded lazy attr 'SafeConfigParser': <class 'configparser.ConfigParser'>
2026-03-03 16:47:50,077 - passlib.utils.compat - DEBUG - loaded lazy attr 'NativeStringIO': <class '_io.StringIO'>
2026-03-03 16:47:50,077 - passlib.utils.compat - DEBUG - loaded lazy attr 'BytesIO': <class '_io.BytesIO'>
2026-03-03 16:47:50,082 - passlib.registry - DEBUG - registered 'bcrypt' handler: <class 'passlib.handlers.bcrypt.bcrypt'>
2026-03-03 16:47:50,089 - main - INFO - Included router: routers.auth.router
2026-03-03 16:47:50,090 - main - INFO - Included router: routers.health.router
2026-03-03 16:47:50,098 - main - INFO - Included router: routers.orders.router
2026-03-03 16:47:50,135 - main - INFO - Included router: routers.products.router
2026-03-03 16:47:50,136 - main - WARNING - Failed to import module 'routers.settings': cannot import name 'get_admin_user' from 'dependencies.auth' (D:\ASM1\backend\dependencies\auth.py)
2026-03-03 16:47:50,137 - main - WARNING - Failed to import module 'routers.storage': cannot import name 'get_admin_user' from 'dependencies.auth' (D:\ASM1\backend\dependencies\auth.py)
2026-03-03 16:47:50,145 - main - INFO - Included router: routers.user.router
2026-03-03 16:47:50,146 - main - INFO - === Application startup initiated ===
2026-03-03 16:47:50,146 - services.database - DEBUG - [DB_OP] Starting database initialization
2026-03-03 16:47:50,146 - services.database - INFO - 🔧 Starting database initialization...
2026-03-03 16:47:50,147 - core.database - INFO - Starting database initialization...
2026-03-03 16:47:50,147 - core.database - INFO - Normalizing database URL for async compatibility...
2026-03-03 16:47:50,148 - core.database - DEBUG - Database exists:./test.db
2026-03-03 16:47:50,148 - core.database - WARNING - Adjusted database URL driver for async compatibility
2026-03-03 16:47:50,148 - core.database - INFO - Creating async database engine...
2026-03-03 16:47:50,148 - core.database - INFO - Using NullPool for sqlite+aiosqlite environment
2026-03-03 16:47:50,171 - core.database - INFO - Database engine created successfully
2026-03-03 16:47:50,178 - core.database - INFO - Creating async session maker...
2026-03-03 16:47:50,179 - core.database - INFO - Async session maker created successfully
2026-03-03 16:47:50,179 - core.database - INFO - Database connection initialized successfully
2026-03-03 16:47:50,179 - services.database - INFO - 🔧 Database connection initialized, now creating tables if tables not exist...
2026-03-03 16:47:50,179 - core.database - DEBUG - [DB_OP] Starting create_tables
2026-03-03 16:47:50,179 - core.database - INFO - 🔧 Starting table creation...
2026-03-03 16:47:50,180 - aiosqlite - DEBUG - executing <function connect.<locals>.connector at 0x000002B4FBE18E00>
2026-03-03 16:47:50,181 - aiosqlite - DEBUG - operation <function connect.<locals>.connector at 0x000002B4FBE18E00> completed
2026-03-03 16:47:50,181 - aiosqlite - DEBUG - executing functools.partial(<built-in method create_function of sqlite3.Connection object at 0x000002B4FBDF16C0>, 'regexp', 2, <function SQLiteDialect_pysqlite.on_connect.<locals>.regexp at 0x000002B4FBE180E0>, deterministic=True)
2026-03-03 16:47:50,183 - aiosqlite - DEBUG - operation functools.partial(<built-in method create_function of sqlite3.Connection object at 0x000002B4FBDF16C0>, 'regexp', 2, <function SQLiteDialect_pysqlite.on_connect.<locals>.regexp at 0x000002B4FBE180E0>, deterministic=True) completed
2026-03-03 16:47:50,183 - aiosqlite - DEBUG - executing functools.partial(<built-in method create_function of sqlite3.Connection object at 0x000002B4FBDF16C0>, 'floor', 1, <built-in function floor>, deterministic=True)
2026-03-03 16:47:50,184 - aiosqlite - DEBUG - operation functools.partial(<built-in method create_function of sqlite3.Connection object at 0x000002B4FBDF16C0>, 'floor', 1, <built-in function floor>, deterministic=True) completed
2026-03-03 16:47:50,185 - aiosqlite - DEBUG - executing functools.partial(<built-in method cursor of sqlite3.Connection object at 0x000002B4FBDF16C0>)
2026-03-03 16:47:50,185 - aiosqlite - DEBUG - operation functools.partial(<built-in method cursor of sqlite3.Connection object at 0x000002B4FBDF16C0>) completed
2026-03-03 16:47:50,185 - aiosqlite - DEBUG - executing functools.partial(<built-in method execute of sqlite3.Cursor object at 0x000002B4FBD9FC40>, 'PRAGMA read_uncommitted', [])
2026-03-03 16:47:50,186 - aiosqlite - DEBUG - operation functools.partial(<built-in method execute of sqlite3.Cursor object at 0x000002B4FBD9FC40>, 'PRAGMA read_uncommitted', []) completed
2026-03-03 16:47:50,186 - aiosqlite - DEBUG - executing functools.partial(<built-in method fetchall of sqlite3.Cursor object at 0x000002B4FBD9FC40>)
2026-03-03 16:47:50,186 - aiosqlite - DEBUG - operation functools.partial(<built-in method fetchall of sqlite3.Cursor object at 0x000002B4FBD9FC40>) completed
2026-03-03 16:47:50,187 - aiosqlite - DEBUG - executing functools.partial(<built-in method close of sqlite3.Cursor object at 0x000002B4FBD9FC40>)
2026-03-03 16:47:50,187 - aiosqlite - DEBUG - operation functools.partial(<built-in method close of sqlite3.Cursor object at 0x000002B4FBD9FC40>) completed
2026-03-03 16:47:50,187 - aiosqlite - DEBUG - executing functools.partial(<built-in method rollback of sqlite3.Connection object at 0x000002B4FBDF16C0>)
2026-03-03 16:47:50,187 - aiosqlite - DEBUG - operation functools.partial(<built-in method rollback of sqlite3.Connection object at 0x000002B4FBDF16C0>) completed
2026-03-03 16:47:50,188 - aiosqlite - DEBUG - executing functools.partial(<built-in method cursor of sqlite3.Connection object at 0x000002B4FBDF16C0>)
2026-03-03 16:47:50,188 - aiosqlite - DEBUG - operation functools.partial(<built-in method cursor of sqlite3.Connection object at 0x000002B4FBDF16C0>) completed
2026-03-03 16:47:50,189 - aiosqlite - DEBUG - executing functools.partial(<built-in method execute of sqlite3.Cursor object at 0x000002B4FBD9FD40>, 'PRAGMA main.table_info("users")', ())
2026-03-03 16:47:50,190 - aiosqlite - DEBUG - operation functools.partial(<built-in method execute of sqlite3.Cursor object at 0x000002B4FBD9FD40>, 'PRAGMA main.table_info("users")', ()) completed
2026-03-03 16:47:50,190 - aiosqlite - DEBUG - executing functools.partial(<built-in method fetchall of sqlite3.Cursor object at 0x000002B4FBD9FD40>)
2026-03-03 16:47:50,190 - aiosqlite - DEBUG - operation functools.partial(<built-in method fetchall of sqlite3.Cursor object at 0x000002B4FBD9FD40>) completed
2026-03-03 16:47:50,191 - aiosqlite - DEBUG - executing functools.partial(<built-in method close of sqlite3.Cursor object at 0x000002B4FBD9FD40>)
2026-03-03 16:47:50,191 - aiosqlite - DEBUG - operation functools.partial(<built-in method close of sqlite3.Cursor object at 0x000002B4FBD9FD40>) completed
2026-03-03 16:47:50,191 - aiosqlite - DEBUG - executing functools.partial(<built-in method cursor of sqlite3.Connection object at 0x000002B4FBDF16C0>)
2026-03-03 16:47:50,191 - aiosqlite - DEBUG - operation functools.partial(<built-in method cursor of sqlite3.Connection object at 0x000002B4FBDF16C0>) completed
2026-03-03 16:47:50,192 - aiosqlite - DEBUG - executing functools.partial(<built-in method execute of sqlite3.Cursor object at 0x000002B4FBD9FD40>, 'PRAGMA main.table_info("oidc_states")', ())
2026-03-03 16:47:50,192 - aiosqlite - DEBUG - operation functools.partial(<built-in method execute of sqlite3.Cursor object at 0x000002B4FBD9FD40>, 'PRAGMA main.table_info("oidc_states")', ()) completed
2026-03-03 16:47:50,192 - aiosqlite - DEBUG - executing functools.partial(<built-in method fetchall of sqlite3.Cursor object at 0x000002B4FBD9FD40>)
2026-03-03 16:47:50,192 - aiosqlite - DEBUG - operation functools.partial(<built-in method fetchall of sqlite3.Cursor object at 0x000002B4FBD9FD40>) completed
2026-03-03 16:47:50,193 - aiosqlite - DEBUG - executing functools.partial(<built-in method close of sqlite3.Cursor object at 0x000002B4FBD9FD40>)
2026-03-03 16:47:50,193 - aiosqlite - DEBUG - operation functools.partial(<built-in method close of sqlite3.Cursor object at 0x000002B4FBD9FD40>) completed
2026-03-03 16:47:50,193 - aiosqlite - DEBUG - executing functools.partial(<built-in method cursor of sqlite3.Connection object at 0x000002B4FBDF16C0>)
2026-03-03 16:47:50,193 - aiosqlite - DEBUG - operation functools.partial(<built-in method cursor of sqlite3.Connection object at 0x000002B4FBDF16C0>) completed
2026-03-03 16:47:50,194 - aiosqlite - DEBUG - executing functools.partial(<built-in method execute of sqlite3.Cursor object at 0x000002B4FBD9FD40>, 'PRAGMA main.table_info("orders")', ())
2026-03-03 16:47:50,194 - aiosqlite - DEBUG - operation functools.partial(<built-in method execute of sqlite3.Cursor object at 0x000002B4FBD9FD40>, 'PRAGMA main.table_info("orders")', ()) completed
2026-03-03 16:47:50,194 - aiosqlite - DEBUG - executing functools.partial(<built-in method fetchall of sqlite3.Cursor object at 0x000002B4FBD9FD40>)
2026-03-03 16:47:50,195 - aiosqlite - DEBUG - operation functools.partial(<built-in method fetchall of sqlite3.Cursor object at 0x000002B4FBD9FD40>) completed
2026-03-03 16:47:50,195 - aiosqlite - DEBUG - executing functools.partial(<built-in method close of sqlite3.Cursor object at 0x000002B4FBD9FD40>)
2026-03-03 16:47:50,195 - aiosqlite - DEBUG - operation functools.partial(<built-in method close of sqlite3.Cursor object at 0x000002B4FBD9FD40>) completed
2026-03-03 16:47:50,195 - aiosqlite - DEBUG - executing functools.partial(<built-in method cursor of sqlite3.Connection object at 0x000002B4FBDF16C0>)
2026-03-03 16:47:50,196 - aiosqlite - DEBUG - operation functools.partial(<built-in method cursor of sqlite3.Connection object at 0x000002B4FBDF16C0>) completed
2026-03-03 16:47:50,196 - aiosqlite - DEBUG - executing functools.partial(<built-in method execute of sqlite3.Cursor object at 0x000002B4FBD9FD40>, 'PRAGMA main.table_info("products")', ())
2026-03-03 16:47:50,197 - aiosqlite - DEBUG - operation functools.partial(<built-in method execute of sqlite3.Cursor object at 0x000002B4FBD9FD40>, 'PRAGMA main.table_info("products")', ()) completed
2026-03-03 16:47:50,197 - aiosqlite - DEBUG - executing functools.partial(<built-in method fetchall of sqlite3.Cursor object at 0x000002B4FBD9FD40>)
2026-03-03 16:47:50,197 - aiosqlite - DEBUG - operation functools.partial(<built-in method fetchall of sqlite3.Cursor object at 0x000002B4FBD9FD40>) completed
2026-03-03 16:47:50,197 - aiosqlite - DEBUG - executing functools.partial(<built-in method close of sqlite3.Cursor object at 0x000002B4FBD9FD40>)
2026-03-03 16:47:50,198 - aiosqlite - DEBUG - operation functools.partial(<built-in method close of sqlite3.Cursor object at 0x000002B4FBD9FD40>) completed
2026-03-03 16:47:50,198 - core.database - INFO - Tables initialized successfully
2026-03-03 16:47:50,198 - core.database - DEBUG - [DB_OP] Create tables completed in 0.0189s
2026-03-03 16:47:50,198 - aiosqlite - DEBUG - executing functools.partial(<built-in method commit of sqlite3.Connection object at 0x000002B4FBDF16C0>)
2026-03-03 16:47:50,198 - aiosqlite - DEBUG - operation functools.partial(<built-in method commit of sqlite3.Connection object at 0x000002B4FBDF16C0>) completed
2026-03-03 16:47:50,199 - aiosqlite - DEBUG - executing functools.partial(<built-in method rollback of sqlite3.Connection object at 0x000002B4FBDF16C0>)
2026-03-03 16:47:50,199 - aiosqlite - DEBUG - operation functools.partial(<built-in method rollback of sqlite3.Connection object at 0x000002B4FBDF16C0>) completed
2026-03-03 16:47:50,199 - aiosqlite - DEBUG - executing functools.partial(<built-in method close of sqlite3.Connection object at 0x000002B4FBDF16C0>)
2026-03-03 16:47:50,199 - aiosqlite - DEBUG - operation functools.partial(<built-in method close of sqlite3.Connection object at 0x000002B4FBDF16C0>) completed
2026-03-03 16:47:50,200 - services.database - INFO - 🔧 Table creation completed
2026-03-03 16:47:50,200 - services.database - INFO - Database initialized successfully
2026-03-03 16:47:50,200 - services.database - DEBUG - [DB_OP] Database initialization completed in 0.0537s
2026-03-03 16:47:50,201 - services.mock_data - INFO - Processing mock data file products.json for table products
2026-03-03 16:47:50,201 - aiosqlite - DEBUG - executing <function connect.<locals>.connector at 0x000002B4FBE18EA0>
2026-03-03 16:47:50,201 - aiosqlite - DEBUG - operation <function connect.<locals>.connector at 0x000002B4FBE18EA0> completed
2026-03-03 16:47:50,202 - aiosqlite - DEBUG - executing functools.partial(<built-in method create_function of sqlite3.Connection object at 0x000002B4FBDF17B0>, 'regexp', 2, <function SQLiteDialect_pysqlite.on_connect.<locals>.regexp at 0x000002B4FBE180E0>, deterministic=True)
2026-03-03 16:47:50,202 - aiosqlite - DEBUG - operation functools.partial(<built-in method create_function of sqlite3.Connection object at 0x000002B4FBDF17B0>, 'regexp', 2, <function SQLiteDialect_pysqlite.on_connect.<locals>.regexp at 0x000002B4FBE180E0>, deterministic=True) completed
2026-03-03 16:47:50,202 - aiosqlite - DEBUG - executing functools.partial(<built-in method create_function of sqlite3.Connection object at 0x000002B4FBDF17B0>, 'floor', 1, <built-in function floor>, deterministic=True)
2026-03-03 16:47:50,202 - aiosqlite - DEBUG - operation functools.partial(<built-in method create_function of sqlite3.Connection object at 0x000002B4FBDF17B0>, 'floor', 1, <built-in function floor>, deterministic=True) completed
2026-03-03 16:47:50,203 - aiosqlite - DEBUG - executing functools.partial(<built-in method cursor of sqlite3.Connection object at 0x000002B4FBDF17B0>)
2026-03-03 16:47:50,203 - aiosqlite - DEBUG - operation functools.partial(<built-in method cursor of sqlite3.Connection object at 0x000002B4FBDF17B0>) completed
2026-03-03 16:47:50,204 - aiosqlite - DEBUG - executing functools.partial(<built-in method execute of sqlite3.Cursor object at 0x000002B4FBE201C0>, 'PRAGMA main.table_xinfo("products")', ())
2026-03-03 16:47:50,204 - aiosqlite - DEBUG - operation functools.partial(<built-in method execute of sqlite3.Cursor object at 0x000002B4FBE201C0>, 'PRAGMA main.table_xinfo("products")', ()) completed
2026-03-03 16:47:50,205 - aiosqlite - DEBUG - executing functools.partial(<built-in method fetchall of sqlite3.Cursor object at 0x000002B4FBE201C0>)
2026-03-03 16:47:50,205 - aiosqlite - DEBUG - operation functools.partial(<built-in method fetchall of sqlite3.Cursor object at 0x000002B4FBE201C0>) completed
2026-03-03 16:47:50,205 - aiosqlite - DEBUG - executing functools.partial(<built-in method close of sqlite3.Cursor object at 0x000002B4FBE201C0>)
2026-03-03 16:47:50,205 - aiosqlite - DEBUG - operation functools.partial(<built-in method close of sqlite3.Cursor object at 0x000002B4FBE201C0>) completed
2026-03-03 16:47:50,206 - aiosqlite - DEBUG - executing functools.partial(<built-in method cursor of sqlite3.Connection object at 0x000002B4FBDF17B0>)
2026-03-03 16:47:50,206 - aiosqlite - DEBUG - operation functools.partial(<built-in method cursor of sqlite3.Connection object at 0x000002B4FBDF17B0>) completed
2026-03-03 16:47:50,206 - aiosqlite - DEBUG - executing functools.partial(<built-in method execute of sqlite3.Cursor object at 0x000002B4FBE201C0>, "SELECT sql FROM  (SELECT * FROM sqlite_master UNION ALL   SELECT * FROM sqlite_temp_master) WHERE name = ? AND type in ('table', 'view')", ('products',))
2026-03-03 16:47:50,207 - aiosqlite - DEBUG - operation functools.partial(<built-in method execute of sqlite3.Cursor object at 0x000002B4FBE201C0>, "SELECT sql FROM  (SELECT * FROM sqlite_master UNION ALL   SELECT * FROM sqlite_temp_master) WHERE name = ? AND type in ('table', 'view')", ('products',)) completed
2026-03-03 16:47:50,207 - aiosqlite - DEBUG - executing functools.partial(<built-in method fetchall of sqlite3.Cursor object at 0x000002B4FBE201C0>)
2026-03-03 16:47:50,207 - aiosqlite - DEBUG - operation functools.partial(<built-in method fetchall of sqlite3.Cursor object at 0x000002B4FBE201C0>) completed
2026-03-03 16:47:50,208 - aiosqlite - DEBUG - executing functools.partial(<built-in method close of sqlite3.Cursor object at 0x000002B4FBE201C0>)
2026-03-03 16:47:50,208 - aiosqlite - DEBUG - operation functools.partial(<built-in method close of sqlite3.Cursor object at 0x000002B4FBE201C0>) completed
2026-03-03 16:47:50,208 - aiosqlite - DEBUG - executing functools.partial(<built-in method cursor of sqlite3.Connection object at 0x000002B4FBDF17B0>)
2026-03-03 16:47:50,208 - aiosqlite - DEBUG - operation functools.partial(<built-in method cursor of sqlite3.Connection object at 0x000002B4FBDF17B0>) completed
2026-03-03 16:47:50,209 - aiosqlite - DEBUG - executing functools.partial(<built-in method execute of sqlite3.Cursor object at 0x000002B4FBE201C0>, 'PRAGMA main.foreign_key_list("products")', ())
2026-03-03 16:47:50,209 - aiosqlite - DEBUG - operation functools.partial(<built-in method execute of sqlite3.Cursor object at 0x000002B4FBE201C0>, 'PRAGMA main.foreign_key_list("products")', ()) completed
2026-03-03 16:47:50,209 - aiosqlite - DEBUG - executing functools.partial(<built-in method fetchall of sqlite3.Cursor object at 0x000002B4FBE201C0>)
2026-03-03 16:47:50,210 - aiosqlite - DEBUG - operation functools.partial(<built-in method fetchall of sqlite3.Cursor object at 0x000002B4FBE201C0>) completed
2026-03-03 16:47:50,211 - aiosqlite - DEBUG - executing functools.partial(<built-in method close of sqlite3.Cursor object at 0x000002B4FBE201C0>)
2026-03-03 16:47:50,211 - aiosqlite - DEBUG - operation functools.partial(<built-in method close of sqlite3.Cursor object at 0x000002B4FBE201C0>) completed
2026-03-03 16:47:50,212 - aiosqlite - DEBUG - executing functools.partial(<built-in method cursor of sqlite3.Connection object at 0x000002B4FBDF17B0>)
2026-03-03 16:47:50,212 - aiosqlite - DEBUG - operation functools.partial(<built-in method cursor of sqlite3.Connection object at 0x000002B4FBDF17B0>) completed
2026-03-03 16:47:50,212 - aiosqlite - DEBUG - executing functools.partial(<built-in method execute of sqlite3.Cursor object at 0x000002B4FBE201C0>, 'PRAGMA temp.foreign_key_list("products")', ())
2026-03-03 16:47:50,213 - aiosqlite - DEBUG - operation functools.partial(<built-in method execute of sqlite3.Cursor object at 0x000002B4FBE201C0>, 'PRAGMA temp.foreign_key_list("products")', ()) completed
2026-03-03 16:47:50,213 - aiosqlite - DEBUG - executing functools.partial(<built-in method fetchall of sqlite3.Cursor object at 0x000002B4FBE201C0>)
2026-03-03 16:47:50,213 - aiosqlite - DEBUG - operation functools.partial(<built-in method fetchall of sqlite3.Cursor object at 0x000002B4FBE201C0>) completed
2026-03-03 16:47:50,213 - aiosqlite - DEBUG - executing functools.partial(<built-in method close of sqlite3.Cursor object at 0x000002B4FBE201C0>)
2026-03-03 16:47:50,214 - aiosqlite - DEBUG - operation functools.partial(<built-in method close of sqlite3.Cursor object at 0x000002B4FBE201C0>) completed
2026-03-03 16:47:50,214 - aiosqlite - DEBUG - executing functools.partial(<built-in method cursor of sqlite3.Connection object at 0x000002B4FBDF17B0>)
2026-03-03 16:47:50,214 - aiosqlite - DEBUG - operation functools.partial(<built-in method cursor of sqlite3.Connection object at 0x000002B4FBDF17B0>) completed
2026-03-03 16:47:50,215 - aiosqlite - DEBUG - executing functools.partial(<built-in method execute of sqlite3.Cursor object at 0x000002B4FBE201C0>, "SELECT sql FROM  (SELECT * FROM sqlite_master UNION ALL   SELECT * FROM sqlite_temp_master) WHERE name = ? AND type in ('table', 'view')", ('products',))
2026-03-03 16:47:50,215 - aiosqlite - DEBUG - operation functools.partial(<built-in method execute of sqlite3.Cursor object at 0x000002B4FBE201C0>, "SELECT sql FROM  (SELECT * FROM sqlite_master UNION ALL   SELECT * FROM sqlite_temp_master) WHERE name = ? AND type in ('table', 'view')", ('products',)) completed
2026-03-03 16:47:50,215 - aiosqlite - DEBUG - executing functools.partial(<built-in method fetchall of sqlite3.Cursor object at 0x000002B4FBE201C0>)
2026-03-03 16:47:50,216 - aiosqlite - DEBUG - operation functools.partial(<built-in method fetchall of sqlite3.Cursor object at 0x000002B4FBE201C0>) completed
2026-03-03 16:47:50,216 - aiosqlite - DEBUG - executing functools.partial(<built-in method close of sqlite3.Cursor object at 0x000002B4FBE201C0>)
2026-03-03 16:47:50,216 - aiosqlite - DEBUG - operation functools.partial(<built-in method close of sqlite3.Cursor object at 0x000002B4FBE201C0>) completed
2026-03-03 16:47:50,218 - aiosqlite - DEBUG - executing functools.partial(<built-in method cursor of sqlite3.Connection object at 0x000002B4FBDF17B0>)
2026-03-03 16:47:50,218 - aiosqlite - DEBUG - operation functools.partial(<built-in method cursor of sqlite3.Connection object at 0x000002B4FBDF17B0>) completed
2026-03-03 16:47:50,218 - aiosqlite - DEBUG - executing functools.partial(<built-in method execute of sqlite3.Cursor object at 0x000002B4FBE201C0>, 'PRAGMA main.index_list("products")', ())
2026-03-03 16:47:50,219 - aiosqlite - DEBUG - operation functools.partial(<built-in method execute of sqlite3.Cursor object at 0x000002B4FBE201C0>, 'PRAGMA main.index_list("products")', ()) completed
2026-03-03 16:47:50,219 - aiosqlite - DEBUG - executing functools.partial(<built-in method fetchall of sqlite3.Cursor object at 0x000002B4FBE201C0>)
2026-03-03 16:47:50,219 - aiosqlite - DEBUG - operation functools.partial(<built-in method fetchall of sqlite3.Cursor object at 0x000002B4FBE201C0>) completed
2026-03-03 16:47:50,220 - aiosqlite - DEBUG - executing functools.partial(<built-in method close of sqlite3.Cursor object at 0x000002B4FBE201C0>)
2026-03-03 16:47:50,220 - aiosqlite - DEBUG - operation functools.partial(<built-in method close of sqlite3.Cursor object at 0x000002B4FBE201C0>) completed
2026-03-03 16:47:50,220 - aiosqlite - DEBUG - executing functools.partial(<built-in method cursor of sqlite3.Connection object at 0x000002B4FBDF17B0>)
2026-03-03 16:47:50,221 - aiosqlite - DEBUG - operation functools.partial(<built-in method cursor of sqlite3.Connection object at 0x000002B4FBDF17B0>) completed
2026-03-03 16:47:50,221 - aiosqlite - DEBUG - executing functools.partial(<built-in method execute of sqlite3.Cursor object at 0x000002B4FBE201C0>, 'PRAGMA main.index_info("ix_products_id")', ())
2026-03-03 16:47:50,221 - aiosqlite - DEBUG - operation functools.partial(<built-in method execute of sqlite3.Cursor object at 0x000002B4FBE201C0>, 'PRAGMA main.index_info("ix_products_id")', ()) completed
2026-03-03 16:47:50,222 - aiosqlite - DEBUG - executing functools.partial(<built-in method fetchall of sqlite3.Cursor object at 0x000002B4FBE201C0>)
2026-03-03 16:47:50,222 - aiosqlite - DEBUG - operation functools.partial(<built-in method fetchall of sqlite3.Cursor object at 0x000002B4FBE201C0>) completed
2026-03-03 16:47:50,222 - aiosqlite - DEBUG - executing functools.partial(<built-in method close of sqlite3.Cursor object at 0x000002B4FBE201C0>)
2026-03-03 16:47:50,223 - aiosqlite - DEBUG - operation functools.partial(<built-in method close of sqlite3.Cursor object at 0x000002B4FBE201C0>) completed
2026-03-03 16:47:50,224 - aiosqlite - DEBUG - executing functools.partial(<built-in method cursor of sqlite3.Connection object at 0x000002B4FBDF17B0>)
2026-03-03 16:47:50,224 - aiosqlite - DEBUG - operation functools.partial(<built-in method cursor of sqlite3.Connection object at 0x000002B4FBDF17B0>) completed
2026-03-03 16:47:50,225 - aiosqlite - DEBUG - executing functools.partial(<built-in method execute of sqlite3.Cursor object at 0x000002B4FBE201C0>, 'PRAGMA main.index_list("products")', ())
2026-03-03 16:47:50,226 - aiosqlite - DEBUG - operation functools.partial(<built-in method execute of sqlite3.Cursor object at 0x000002B4FBE201C0>, 'PRAGMA main.index_list("products")', ()) completed
2026-03-03 16:47:50,226 - aiosqlite - DEBUG - executing functools.partial(<built-in method fetchall of sqlite3.Cursor object at 0x000002B4FBE201C0>)
2026-03-03 16:47:50,226 - aiosqlite - DEBUG - operation functools.partial(<built-in method fetchall of sqlite3.Cursor object at 0x000002B4FBE201C0>) completed
2026-03-03 16:47:50,227 - aiosqlite - DEBUG - executing functools.partial(<built-in method close of sqlite3.Cursor object at 0x000002B4FBE201C0>)
2026-03-03 16:47:50,227 - aiosqlite - DEBUG - operation functools.partial(<built-in method close of sqlite3.Cursor object at 0x000002B4FBE201C0>) completed
2026-03-03 16:47:50,227 - aiosqlite - DEBUG - executing functools.partial(<built-in method cursor of sqlite3.Connection object at 0x000002B4FBDF17B0>)
2026-03-03 16:47:50,228 - aiosqlite - DEBUG - operation functools.partial(<built-in method cursor of sqlite3.Connection object at 0x000002B4FBDF17B0>) completed
2026-03-03 16:47:50,228 - aiosqlite - DEBUG - executing functools.partial(<built-in method execute of sqlite3.Cursor object at 0x000002B4FBE201C0>, 'PRAGMA main.index_info("ix_products_id")', ())
2026-03-03 16:47:50,228 - aiosqlite - DEBUG - operation functools.partial(<built-in method execute of sqlite3.Cursor object at 0x000002B4FBE201C0>, 'PRAGMA main.index_info("ix_products_id")', ()) completed
2026-03-03 16:47:50,229 - aiosqlite - DEBUG - executing functools.partial(<built-in method fetchall of sqlite3.Cursor object at 0x000002B4FBE201C0>)
2026-03-03 16:47:50,229 - aiosqlite - DEBUG - operation functools.partial(<built-in method fetchall of sqlite3.Cursor object at 0x000002B4FBE201C0>) completed
2026-03-03 16:47:50,230 - aiosqlite - DEBUG - executing functools.partial(<built-in method close of sqlite3.Cursor object at 0x000002B4FBE201C0>)
2026-03-03 16:47:50,230 - aiosqlite - DEBUG - operation functools.partial(<built-in method close of sqlite3.Cursor object at 0x000002B4FBE201C0>) completed
2026-03-03 16:47:50,230 - aiosqlite - DEBUG - executing functools.partial(<built-in method cursor of sqlite3.Connection object at 0x000002B4FBDF17B0>)
2026-03-03 16:47:50,231 - aiosqlite - DEBUG - operation functools.partial(<built-in method cursor of sqlite3.Connection object at 0x000002B4FBDF17B0>) completed
2026-03-03 16:47:50,232 - aiosqlite - DEBUG - executing functools.partial(<built-in method execute of sqlite3.Cursor object at 0x000002B4FBE201C0>, "SELECT sql FROM  (SELECT * FROM sqlite_master UNION ALL   SELECT * FROM sqlite_temp_master) WHERE name = ? AND type in ('table', 'view')", ('products',))
2026-03-03 16:47:50,233 - aiosqlite - DEBUG - operation functools.partial(<built-in method execute of sqlite3.Cursor object at 0x000002B4FBE201C0>, "SELECT sql FROM  (SELECT * FROM sqlite_master UNION ALL   SELECT * FROM sqlite_temp_master) WHERE name = ? AND type in ('table', 'view')", ('products',)) completed
2026-03-03 16:47:50,233 - aiosqlite - DEBUG - executing functools.partial(<built-in method fetchall of sqlite3.Cursor object at 0x000002B4FBE201C0>)
2026-03-03 16:47:50,234 - aiosqlite - DEBUG - operation functools.partial(<built-in method fetchall of sqlite3.Cursor object at 0x000002B4FBE201C0>) completed
2026-03-03 16:47:50,234 - aiosqlite - DEBUG - executing functools.partial(<built-in method close of sqlite3.Cursor object at 0x000002B4FBE201C0>)
2026-03-03 16:47:50,234 - aiosqlite - DEBUG - operation functools.partial(<built-in method close of sqlite3.Cursor object at 0x000002B4FBE201C0>) completed
2026-03-03 16:47:50,238 - aiosqlite - DEBUG - executing functools.partial(<built-in method cursor of sqlite3.Connection object at 0x000002B4FBDF17B0>)
2026-03-03 16:47:50,238 - aiosqlite - DEBUG - operation functools.partial(<built-in method cursor of sqlite3.Connection object at 0x000002B4FBDF17B0>) completed
2026-03-03 16:47:50,239 - aiosqlite - DEBUG - executing functools.partial(<built-in method execute of sqlite3.Cursor object at 0x000002B4FBD9F7C0>, 'SELECT count(*) AS count_1 \nFROM products', ())
2026-03-03 16:47:50,239 - aiosqlite - DEBUG - operation functools.partial(<built-in method execute of sqlite3.Cursor object at 0x000002B4FBD9F7C0>, 'SELECT count(*) AS count_1 \nFROM products', ()) completed
2026-03-03 16:47:50,239 - aiosqlite - DEBUG - executing functools.partial(<built-in method fetchall of sqlite3.Cursor object at 0x000002B4FBD9F7C0>)
2026-03-03 16:47:50,240 - aiosqlite - DEBUG - operation functools.partial(<built-in method fetchall of sqlite3.Cursor object at 0x000002B4FBD9F7C0>) completed
2026-03-03 16:47:50,240 - aiosqlite - DEBUG - executing functools.partial(<built-in method close of sqlite3.Cursor object at 0x000002B4FBD9F7C0>)
2026-03-03 16:47:50,240 - aiosqlite - DEBUG - operation functools.partial(<built-in method close of sqlite3.Cursor object at 0x000002B4FBD9F7C0>) completed
2026-03-03 16:47:50,240 - services.mock_data - INFO - Table products already has 15 rows; skipping mock insert
2026-03-03 16:47:50,241 - aiosqlite - DEBUG - executing functools.partial(<built-in method commit of sqlite3.Connection object at 0x000002B4FBDF17B0>)
2026-03-03 16:47:50,241 - aiosqlite - DEBUG - operation functools.partial(<built-in method commit of sqlite3.Connection object at 0x000002B4FBDF17B0>) completed
2026-03-03 16:47:50,242 - aiosqlite - DEBUG - executing functools.partial(<built-in method rollback of sqlite3.Connection object at 0x000002B4FBDF17B0>)
2026-03-03 16:47:50,242 - aiosqlite - DEBUG - operation functools.partial(<built-in method rollback of sqlite3.Connection object at 0x000002B4FBDF17B0>) completed
2026-03-03 16:47:50,243 - aiosqlite - DEBUG - executing functools.partial(<built-in method close of sqlite3.Connection object at 0x000002B4FBDF17B0>)
2026-03-03 16:47:50,244 - aiosqlite - DEBUG - operation functools.partial(<built-in method close of sqlite3.Connection object at 0x000002B4FBDF17B0>) completed
2026-03-03 16:47:50,246 - services.database - DEBUG - [DB_OP] Starting database initialization
2026-03-03 16:47:50,247 - services.database - INFO - 🔧 Starting database initialization...
2026-03-03 16:47:50,248 - core.database - INFO - Starting database initialization...
2026-03-03 16:47:50,249 - core.database - INFO - Database already initialized
2026-03-03 16:47:50,249 - services.database - INFO - 🔧 Database connection initialized, now creating tables if tables not exist...
2026-03-03 16:47:50,249 - core.database - DEBUG - [DB_OP] Starting create_tables
2026-03-03 16:47:50,250 - core.database - INFO - Tables already initialized
2026-03-03 16:47:50,250 - services.database - INFO - 🔧 Table creation completed
2026-03-03 16:47:50,250 - services.database - INFO - Database initialized successfully
2026-03-03 16:47:50,250 - services.database - DEBUG - [DB_OP] Database initialization completed in 0.0040s
2026-03-03 16:47:50,251 - services.auth - WARNING - Admin user ID or email not configured, skipping admin initialization
2026-03-03 16:47:50,251 - main - INFO - === Application startup completed successfully ===
2026-03-03 16:47:54,926 - core.database - DEBUG - [DB_OP] Starting get_db session creation
2026-03-03 16:47:54,926 - core.database - DEBUG - [DB_OP] Database session created successfully in 0.0000s
2026-03-03 16:47:54,928 - aiosqlite - DEBUG - executing <function connect.<locals>.connector at 0x000002B4FBE3CD60>
2026-03-03 16:47:54,929 - aiosqlite - DEBUG - operation <function connect.<locals>.connector at 0x000002B4FBE3CD60> completed
2026-03-03 16:47:54,929 - aiosqlite - DEBUG - executing functools.partial(<built-in method create_function of sqlite3.Connection object at 0x000002B4FBE1F1F0>, 'regexp', 2, <function SQLiteDialect_pysqlite.on_connect.<locals>.regexp at 0x000002B4FBE180E0>, deterministic=True)
2026-03-03 16:47:54,929 - aiosqlite - DEBUG - operation functools.partial(<built-in method create_function of sqlite3.Connection object at 0x000002B4FBE1F1F0>, 'regexp', 2, <function SQLiteDialect_pysqlite.on_connect.<locals>.regexp at 0x000002B4FBE180E0>, deterministic=True) completed
2026-03-03 16:47:54,930 - aiosqlite - DEBUG - executing functools.partial(<built-in method create_function of sqlite3.Connection object at 0x000002B4FBE1F1F0>, 'floor', 1, <built-in function floor>, deterministic=True)
2026-03-03 16:47:54,930 - aiosqlite - DEBUG - operation functools.partial(<built-in method create_function of sqlite3.Connection object at 0x000002B4FBE1F1F0>, 'floor', 1, <built-in function floor>, deterministic=True) completed
2026-03-03 16:47:54,934 - aiosqlite - DEBUG - executing functools.partial(<built-in method cursor of sqlite3.Connection object at 0x000002B4FBE1F1F0>)
2026-03-03 16:47:54,935 - aiosqlite - DEBUG - operation functools.partial(<built-in method cursor of sqlite3.Connection object at 0x000002B4FBE1F1F0>) completed
2026-03-03 16:47:54,935 - aiosqlite - DEBUG - executing functools.partial(<built-in method execute of sqlite3.Cursor object at 0x000002B4FBE7D6C0>, 'SELECT users.id, users.email, users.name, users.role, users.created_at, users.last_login, users.hashed_password \nFROM users \nWHERE users.email = ?', ('khuojuin11@gmail.conm',))
2026-03-03 16:47:54,935 - aiosqlite - DEBUG - returning exception no such column: users.hashed_password
2026-03-03 16:47:54,936 - core.database - ERROR - Database session error: (sqlite3.OperationalError) no such column: users.hashed_password
[SQL: SELECT users.id, users.email, users.name, users.role, users.created_at, users.last_login, users.hashed_password 
FROM users 
WHERE users.email = ?]
[parameters: ('khuojuin11@gmail.conm',)]
(Background on this error at: https://sqlalche.me/e/20/e3q8)
Traceback (most recent call last):
  File "D:\ASM1\.venv\Lib\site-packages\sqlalchemy\engine\base.py", line 1967, in _exec_single_context
    self.dialect.do_execute(
  File "D:\ASM1\.venv\Lib\site-packages\sqlalchemy\engine\default.py", line 941, in do_execute
    cursor.execute(statement, parameters)
  File "D:\ASM1\.venv\Lib\site-packages\sqlalchemy\dialects\sqlite\aiosqlite.py", line 147, in execute
    self._adapt_connection._handle_exception(error)
  File "D:\ASM1\.venv\Lib\site-packages\sqlalchemy\dialects\sqlite\aiosqlite.py", line 298, in _handle_exception
    raise error
  File "D:\ASM1\.venv\Lib\site-packages\sqlalchemy\dialects\sqlite\aiosqlite.py", line 129, in execute
    self.await_(_cursor.execute(operation, parameters))
  File "D:\ASM1\.venv\Lib\site-packages\sqlalchemy\util\_concurrency_py3k.py", line 132, in await_only
    return current.parent.switch(awaitable)  # type: ignore[no-any-return,attr-defined] # noqa: E501
           ^^^^^^^^^^^^^^^^^^^^^^^^^^^^^^^^
  File "D:\ASM1\.venv\Lib\site-packages\sqlalchemy\util\_concurrency_py3k.py", line 196, in greenlet_spawn
    value = await result
            ^^^^^^^^^^^^
  File "D:\ASM1\.venv\Lib\site-packages\aiosqlite\cursor.py", line 48, in execute
    await self._execute(self._cursor.execute, sql, parameters)
  File "D:\ASM1\.venv\Lib\site-packages\aiosqlite\cursor.py", line 40, in _execute
    return await self._conn._execute(fn, *args, **kwargs)
           ^^^^^^^^^^^^^^^^^^^^^^^^^^^^^^^^^^^^^^^^^^^^^^
  File "D:\ASM1\.venv\Lib\site-packages\aiosqlite\core.py", line 132, in _execute
    return await future
           ^^^^^^^^^^^^
  File "D:\ASM1\.venv\Lib\site-packages\aiosqlite\core.py", line 115, in run
    result = function()
             ^^^^^^^^^^
sqlite3.OperationalError: no such column: users.hashed_password

The above exception was the direct cause of the following exception:

Traceback (most recent call last):
  File "D:\ASM1\backend\core\database.py", line 542, in get_db
    yield session
  File "D:\ASM1\.venv\Lib\site-packages\fastapi\routing.py", line 301, in app
    raw_response = await run_endpoint_function(
                   ^^^^^^^^^^^^^^^^^^^^^^^^^^^^
  File "D:\ASM1\.venv\Lib\site-packages\fastapi\routing.py", line 212, in run_endpoint_function
    return await dependant.call(**values)
           ^^^^^^^^^^^^^^^^^^^^^^^^^^^^^^
  File "D:\ASM1\backend\routers\auth.py", line 342, in login_password
    result = await db.execute(select(User).where(User.email == user.email))
             ^^^^^^^^^^^^^^^^^^^^^^^^^^^^^^^^^^^^^^^^^^^^^^^^^^^^^^^^^^^^^^
  File "D:\ASM1\.venv\Lib\site-packages\sqlalchemy\ext\asyncio\session.py", line 461, in execute
    result = await greenlet_spawn(
             ^^^^^^^^^^^^^^^^^^^^^
  File "D:\ASM1\.venv\Lib\site-packages\sqlalchemy\util\_concurrency_py3k.py", line 201, in greenlet_spawn
    result = context.throw(*sys.exc_info())
             ^^^^^^^^^^^^^^^^^^^^^^^^^^^^^^
  File "D:\ASM1\.venv\Lib\site-packages\sqlalchemy\orm\session.py", line 2362, in execute
    return self._execute_internal(
           ^^^^^^^^^^^^^^^^^^^^^^^
  File "D:\ASM1\.venv\Lib\site-packages\sqlalchemy\orm\session.py", line 2247, in _execute_internal
    result: Result[Any] = compile_state_cls.orm_execute_statement(
                          ^^^^^^^^^^^^^^^^^^^^^^^^^^^^^^^^^^^^^^^^
  File "D:\ASM1\.venv\Lib\site-packages\sqlalchemy\orm\context.py", line 305, in orm_execute_statement
    result = conn.execute(
             ^^^^^^^^^^^^^
  File "D:\ASM1\.venv\Lib\site-packages\sqlalchemy\engine\base.py", line 1418, in execute
    return meth(
           ^^^^^
  File "D:\ASM1\.venv\Lib\site-packages\sqlalchemy\sql\elements.py", line 515, in _execute_on_connection
    return connection._execute_clauseelement(
           ^^^^^^^^^^^^^^^^^^^^^^^^^^^^^^^^^^
  File "D:\ASM1\.venv\Lib\site-packages\sqlalchemy\engine\base.py", line 1640, in _execute_clauseelement
    ret = self._execute_context(
          ^^^^^^^^^^^^^^^^^^^^^^
  File "D:\ASM1\.venv\Lib\site-packages\sqlalchemy\engine\base.py", line 1846, in _execute_context
    return self._exec_single_context(
           ^^^^^^^^^^^^^^^^^^^^^^^^^^
  File "D:\ASM1\.venv\Lib\site-packages\sqlalchemy\engine\base.py", line 1986, in _exec_single_context
    self._handle_dbapi_exception(
  File "D:\ASM1\.venv\Lib\site-packages\sqlalchemy\engine\base.py", line 2355, in _handle_dbapi_exception
    raise sqlalchemy_exception.with_traceback(exc_info[2]) from e
  File "D:\ASM1\.venv\Lib\site-packages\sqlalchemy\engine\base.py", line 1967, in _exec_single_context
    self.dialect.do_execute(
  File "D:\ASM1\.venv\Lib\site-packages\sqlalchemy\engine\default.py", line 941, in do_execute
    cursor.execute(statement, parameters)
  File "D:\ASM1\.venv\Lib\site-packages\sqlalchemy\dialects\sqlite\aiosqlite.py", line 147, in execute
    self._adapt_connection._handle_exception(error)
  File "D:\ASM1\.venv\Lib\site-packages\sqlalchemy\dialects\sqlite\aiosqlite.py", line 298, in _handle_exception
    raise error
  File "D:\ASM1\.venv\Lib\site-packages\sqlalchemy\dialects\sqlite\aiosqlite.py", line 129, in execute
    self.await_(_cursor.execute(operation, parameters))
  File "D:\ASM1\.venv\Lib\site-packages\sqlalchemy\util\_concurrency_py3k.py", line 132, in await_only
    return current.parent.switch(awaitable)  # type: ignore[no-any-return,attr-defined] # noqa: E501
           ^^^^^^^^^^^^^^^^^^^^^^^^^^^^^^^^
  File "D:\ASM1\.venv\Lib\site-packages\sqlalchemy\util\_concurrency_py3k.py", line 196, in greenlet_spawn
    value = await result
            ^^^^^^^^^^^^
  File "D:\ASM1\.venv\Lib\site-packages\aiosqlite\cursor.py", line 48, in execute
    await self._execute(self._cursor.execute, sql, parameters)
  File "D:\ASM1\.venv\Lib\site-packages\aiosqlite\cursor.py", line 40, in _execute
    return await self._conn._execute(fn, *args, **kwargs)
           ^^^^^^^^^^^^^^^^^^^^^^^^^^^^^^^^^^^^^^^^^^^^^^
  File "D:\ASM1\.venv\Lib\site-packages\aiosqlite\core.py", line 132, in _execute
    return await future
           ^^^^^^^^^^^^
  File "D:\ASM1\.venv\Lib\site-packages\aiosqlite\core.py", line 115, in run
    result = function()
             ^^^^^^^^^^
sqlalchemy.exc.OperationalError: (sqlite3.OperationalError) no such column: users.hashed_password
[SQL: SELECT users.id, users.email, users.name, users.role, users.created_at, users.last_login, users.hashed_password 
FROM users 
WHERE users.email = ?]
[parameters: ('khuojuin11@gmail.conm',)]
(Background on this error at: https://sqlalche.me/e/20/e3q8)
2026-03-03 16:47:54,948 - core.database - DEBUG - [DB_OP] Database session cleanup after 0.0216s
2026-03-03 16:47:54,948 - aiosqlite - DEBUG - executing functools.partial(<built-in method rollback of sqlite3.Connection object at 0x000002B4FBE1F1F0>)
2026-03-03 16:47:54,948 - aiosqlite - DEBUG - operation functools.partial(<built-in method rollback of sqlite3.Connection object at 0x000002B4FBE1F1F0>) completed
2026-03-03 16:47:54,948 - aiosqlite - DEBUG - executing functools.partial(<built-in method rollback of sqlite3.Connection object at 0x000002B4FBE1F1F0>)
2026-03-03 16:47:54,948 - aiosqlite - DEBUG - operation functools.partial(<built-in method rollback of sqlite3.Connection object at 0x000002B4FBE1F1F0>) completed
2026-03-03 16:47:54,948 - aiosqlite - DEBUG - executing functools.partial(<built-in method close of sqlite3.Connection object at 0x000002B4FBE1F1F0>)
2026-03-03 16:47:54,948 - aiosqlite - DEBUG - operation functools.partial(<built-in method close of sqlite3.Connection object at 0x000002B4FBE1F1F0>) completed
2026-03-03 16:47:54,949 - core.database - ERROR - Failed to create database session: (sqlite3.OperationalError) no such column: users.hashed_password
[SQL: SELECT users.id, users.email, users.name, users.role, users.created_at, users.last_login, users.hashed_password 
FROM users 
WHERE users.email = ?]
[parameters: ('khuojuin11@gmail.conm',)]
(Background on this error at: https://sqlalche.me/e/20/e3q8)
Traceback (most recent call last):
  File "D:\ASM1\.venv\Lib\site-packages\sqlalchemy\engine\base.py", line 1967, in _exec_single_context
    self.dialect.do_execute(
  File "D:\ASM1\.venv\Lib\site-packages\sqlalchemy\engine\default.py", line 941, in do_execute
    cursor.execute(statement, parameters)
  File "D:\ASM1\.venv\Lib\site-packages\sqlalchemy\dialects\sqlite\aiosqlite.py", line 147, in execute
    self._adapt_connection._handle_exception(error)
  File "D:\ASM1\.venv\Lib\site-packages\sqlalchemy\dialects\sqlite\aiosqlite.py", line 298, in _handle_exception
    raise error
  File "D:\ASM1\.venv\Lib\site-packages\sqlalchemy\dialects\sqlite\aiosqlite.py", line 129, in execute
    self.await_(_cursor.execute(operation, parameters))
  File "D:\ASM1\.venv\Lib\site-packages\sqlalchemy\util\_concurrency_py3k.py", line 132, in await_only
    return current.parent.switch(awaitable)  # type: ignore[no-any-return,attr-defined] # noqa: E501
           ^^^^^^^^^^^^^^^^^^^^^^^^^^^^^^^^
  File "D:\ASM1\.venv\Lib\site-packages\sqlalchemy\util\_concurrency_py3k.py", line 196, in greenlet_spawn
    value = await result
            ^^^^^^^^^^^^
  File "D:\ASM1\.venv\Lib\site-packages\aiosqlite\cursor.py", line 48, in execute
    await self._execute(self._cursor.execute, sql, parameters)
  File "D:\ASM1\.venv\Lib\site-packages\aiosqlite\cursor.py", line 40, in _execute
    return await self._conn._execute(fn, *args, **kwargs)
           ^^^^^^^^^^^^^^^^^^^^^^^^^^^^^^^^^^^^^^^^^^^^^^
  File "D:\ASM1\.venv\Lib\site-packages\aiosqlite\core.py", line 132, in _execute
    return await future
           ^^^^^^^^^^^^
  File "D:\ASM1\.venv\Lib\site-packages\aiosqlite\core.py", line 115, in run
    result = function()
             ^^^^^^^^^^
sqlite3.OperationalError: no such column: users.hashed_password

The above exception was the direct cause of the following exception:

Traceback (most recent call last):
  File "D:\ASM1\backend\core\database.py", line 542, in get_db
    yield session
  File "D:\ASM1\.venv\Lib\site-packages\fastapi\routing.py", line 301, in app
    raw_response = await run_endpoint_function(
                   ^^^^^^^^^^^^^^^^^^^^^^^^^^^^
  File "D:\ASM1\.venv\Lib\site-packages\fastapi\routing.py", line 212, in run_endpoint_function
    return await dependant.call(**values)
           ^^^^^^^^^^^^^^^^^^^^^^^^^^^^^^
  File "D:\ASM1\backend\routers\auth.py", line 342, in login_password
    result = await db.execute(select(User).where(User.email == user.email))
             ^^^^^^^^^^^^^^^^^^^^^^^^^^^^^^^^^^^^^^^^^^^^^^^^^^^^^^^^^^^^^^
  File "D:\ASM1\.venv\Lib\site-packages\sqlalchemy\ext\asyncio\session.py", line 461, in execute
    result = await greenlet_spawn(
             ^^^^^^^^^^^^^^^^^^^^^
  File "D:\ASM1\.venv\Lib\site-packages\sqlalchemy\util\_concurrency_py3k.py", line 201, in greenlet_spawn
    result = context.throw(*sys.exc_info())
             ^^^^^^^^^^^^^^^^^^^^^^^^^^^^^^
  File "D:\ASM1\.venv\Lib\site-packages\sqlalchemy\orm\session.py", line 2362, in execute
    return self._execute_internal(
           ^^^^^^^^^^^^^^^^^^^^^^^
  File "D:\ASM1\.venv\Lib\site-packages\sqlalchemy\orm\session.py", line 2247, in _execute_internal
    result: Result[Any] = compile_state_cls.orm_execute_statement(
                          ^^^^^^^^^^^^^^^^^^^^^^^^^^^^^^^^^^^^^^^^
  File "D:\ASM1\.venv\Lib\site-packages\sqlalchemy\orm\context.py", line 305, in orm_execute_statement
    result = conn.execute(
             ^^^^^^^^^^^^^
  File "D:\ASM1\.venv\Lib\site-packages\sqlalchemy\engine\base.py", line 1418, in execute
    return meth(
           ^^^^^
  File "D:\ASM1\.venv\Lib\site-packages\sqlalchemy\sql\elements.py", line 515, in _execute_on_connection
    return connection._execute_clauseelement(
           ^^^^^^^^^^^^^^^^^^^^^^^^^^^^^^^^^^
  File "D:\ASM1\.venv\Lib\site-packages\sqlalchemy\engine\base.py", line 1640, in _execute_clauseelement
    ret = self._execute_context(
          ^^^^^^^^^^^^^^^^^^^^^^
  File "D:\ASM1\.venv\Lib\site-packages\sqlalchemy\engine\base.py", line 1846, in _execute_context
    return self._exec_single_context(
           ^^^^^^^^^^^^^^^^^^^^^^^^^^
  File "D:\ASM1\.venv\Lib\site-packages\sqlalchemy\engine\base.py", line 1986, in _exec_single_context
    self._handle_dbapi_exception(
  File "D:\ASM1\.venv\Lib\site-packages\sqlalchemy\engine\base.py", line 2355, in _handle_dbapi_exception
    raise sqlalchemy_exception.with_traceback(exc_info[2]) from e
  File "D:\ASM1\.venv\Lib\site-packages\sqlalchemy\engine\base.py", line 1967, in _exec_single_context
    self.dialect.do_execute(
  File "D:\ASM1\.venv\Lib\site-packages\sqlalchemy\engine\default.py", line 941, in do_execute
    cursor.execute(statement, parameters)
  File "D:\ASM1\.venv\Lib\site-packages\sqlalchemy\dialects\sqlite\aiosqlite.py", line 147, in execute
    self._adapt_connection._handle_exception(error)
  File "D:\ASM1\.venv\Lib\site-packages\sqlalchemy\dialects\sqlite\aiosqlite.py", line 298, in _handle_exception
    raise error
  File "D:\ASM1\.venv\Lib\site-packages\sqlalchemy\dialects\sqlite\aiosqlite.py", line 129, in execute
    self.await_(_cursor.execute(operation, parameters))
  File "D:\ASM1\.venv\Lib\site-packages\sqlalchemy\util\_concurrency_py3k.py", line 132, in await_only
    return current.parent.switch(awaitable)  # type: ignore[no-any-return,attr-defined] # noqa: E501
           ^^^^^^^^^^^^^^^^^^^^^^^^^^^^^^^^
  File "D:\ASM1\.venv\Lib\site-packages\sqlalchemy\util\_concurrency_py3k.py", line 196, in greenlet_spawn
    value = await result
            ^^^^^^^^^^^^
  File "D:\ASM1\.venv\Lib\site-packages\aiosqlite\cursor.py", line 48, in execute
    await self._execute(self._cursor.execute, sql, parameters)
  File "D:\ASM1\.venv\Lib\site-packages\aiosqlite\cursor.py", line 40, in _execute
    return await self._conn._execute(fn, *args, **kwargs)
           ^^^^^^^^^^^^^^^^^^^^^^^^^^^^^^^^^^^^^^^^^^^^^^
  File "D:\ASM1\.venv\Lib\site-packages\aiosqlite\core.py", line 132, in _execute
    return await future
           ^^^^^^^^^^^^
  File "D:\ASM1\.venv\Lib\site-packages\aiosqlite\core.py", line 115, in run
    result = function()
             ^^^^^^^^^^
sqlalchemy.exc.OperationalError: (sqlite3.OperationalError) no such column: users.hashed_password
[SQL: SELECT users.id, users.email, users.name, users.role, users.created_at, users.last_login, users.hashed_password 
FROM users 
WHERE users.email = ?]
[parameters: ('khuojuin11@gmail.conm',)]
(Background on this error at: https://sqlalche.me/e/20/e3q8)
2026-03-03 16:47:55,722 - core.database - DEBUG - [DB_OP] Starting get_db session creation
2026-03-03 16:47:55,722 - core.database - DEBUG - [DB_OP] Database session created successfully in 0.0000s
2026-03-03 16:47:55,723 - aiosqlite - DEBUG - executing <function connect.<locals>.connector at 0x000002B4FC0EA020>
2026-03-03 16:47:55,724 - aiosqlite - DEBUG - operation <function connect.<locals>.connector at 0x000002B4FC0EA020> completed
2026-03-03 16:47:55,724 - aiosqlite - DEBUG - executing functools.partial(<built-in method create_function of sqlite3.Connection object at 0x000002B4FBE8A5C0>, 'regexp', 2, <function SQLiteDialect_pysqlite.on_connect.<locals>.regexp at 0x000002B4FBE180E0>, deterministic=True)
2026-03-03 16:47:55,724 - aiosqlite - DEBUG - operation functools.partial(<built-in method create_function of sqlite3.Connection object at 0x000002B4FBE8A5C0>, 'regexp', 2, <function SQLiteDialect_pysqlite.on_connect.<locals>.regexp at 0x000002B4FBE180E0>, deterministic=True) completed
2026-03-03 16:47:55,725 - aiosqlite - DEBUG - executing functools.partial(<built-in method create_function of sqlite3.Connection object at 0x000002B4FBE8A5C0>, 'floor', 1, <built-in function floor>, deterministic=True)
2026-03-03 16:47:55,725 - aiosqlite - DEBUG - operation functools.partial(<built-in method create_function of sqlite3.Connection object at 0x000002B4FBE8A5C0>, 'floor', 1, <built-in function floor>, deterministic=True) completed
2026-03-03 16:47:55,726 - aiosqlite - DEBUG - executing functools.partial(<built-in method cursor of sqlite3.Connection object at 0x000002B4FBE8A5C0>)
2026-03-03 16:47:55,726 - aiosqlite - DEBUG - operation functools.partial(<built-in method cursor of sqlite3.Connection object at 0x000002B4FBE8A5C0>) completed
2026-03-03 16:47:55,726 - aiosqlite - DEBUG - executing functools.partial(<built-in method execute of sqlite3.Cursor object at 0x000002B4FC123540>, 'SELECT users.id, users.email, users.name, users.role, users.created_at, users.last_login, users.hashed_password \nFROM users \nWHERE users.email = ?', ('khuojuin11@gmail.conm',))
2026-03-03 16:47:55,727 - aiosqlite - DEBUG - returning exception no such column: users.hashed_password
2026-03-03 16:47:55,727 - core.database - ERROR - Database session error: (sqlite3.OperationalError) no such column: users.hashed_password
[SQL: SELECT users.id, users.email, users.name, users.role, users.created_at, users.last_login, users.hashed_password 
FROM users 
WHERE users.email = ?]
[parameters: ('khuojuin11@gmail.conm',)]
(Background on this error at: https://sqlalche.me/e/20/e3q8)
Traceback (most recent call last):
  File "D:\ASM1\.venv\Lib\site-packages\sqlalchemy\engine\base.py", line 1967, in _exec_single_context
    self.dialect.do_execute(
  File "D:\ASM1\.venv\Lib\site-packages\sqlalchemy\engine\default.py", line 941, in do_execute
    cursor.execute(statement, parameters)
  File "D:\ASM1\.venv\Lib\site-packages\sqlalchemy\dialects\sqlite\aiosqlite.py", line 147, in execute
    self._adapt_connection._handle_exception(error)
  File "D:\ASM1\.venv\Lib\site-packages\sqlalchemy\dialects\sqlite\aiosqlite.py", line 298, in _handle_exception
    raise error
  File "D:\ASM1\.venv\Lib\site-packages\sqlalchemy\dialects\sqlite\aiosqlite.py", line 129, in execute
    self.await_(_cursor.execute(operation, parameters))
  File "D:\ASM1\.venv\Lib\site-packages\sqlalchemy\util\_concurrency_py3k.py", line 132, in await_only
    return current.parent.switch(awaitable)  # type: ignore[no-any-return,attr-defined] # noqa: E501
           ^^^^^^^^^^^^^^^^^^^^^^^^^^^^^^^^
  File "D:\ASM1\.venv\Lib\site-packages\sqlalchemy\util\_concurrency_py3k.py", line 196, in greenlet_spawn
    value = await result
            ^^^^^^^^^^^^
  File "D:\ASM1\.venv\Lib\site-packages\aiosqlite\cursor.py", line 48, in execute
    await self._execute(self._cursor.execute, sql, parameters)
  File "D:\ASM1\.venv\Lib\site-packages\aiosqlite\cursor.py", line 40, in _execute
    return await self._conn._execute(fn, *args, **kwargs)
           ^^^^^^^^^^^^^^^^^^^^^^^^^^^^^^^^^^^^^^^^^^^^^^
  File "D:\ASM1\.venv\Lib\site-packages\aiosqlite\core.py", line 132, in _execute
    return await future
           ^^^^^^^^^^^^
  File "D:\ASM1\.venv\Lib\site-packages\aiosqlite\core.py", line 115, in run
    result = function()
             ^^^^^^^^^^
sqlite3.OperationalError: no such column: users.hashed_password

The above exception was the direct cause of the following exception:

Traceback (most recent call last):
  File "D:\ASM1\backend\core\database.py", line 542, in get_db
    yield session
  File "D:\ASM1\.venv\Lib\site-packages\fastapi\routing.py", line 301, in app
    raw_response = await run_endpoint_function(
                   ^^^^^^^^^^^^^^^^^^^^^^^^^^^^
  File "D:\ASM1\.venv\Lib\site-packages\fastapi\routing.py", line 212, in run_endpoint_function
    return await dependant.call(**values)
           ^^^^^^^^^^^^^^^^^^^^^^^^^^^^^^
  File "D:\ASM1\backend\routers\auth.py", line 342, in login_password
    result = await db.execute(select(User).where(User.email == user.email))
             ^^^^^^^^^^^^^^^^^^^^^^^^^^^^^^^^^^^^^^^^^^^^^^^^^^^^^^^^^^^^^^
  File "D:\ASM1\.venv\Lib\site-packages\sqlalchemy\ext\asyncio\session.py", line 461, in execute
    result = await greenlet_spawn(
             ^^^^^^^^^^^^^^^^^^^^^
  File "D:\ASM1\.venv\Lib\site-packages\sqlalchemy\util\_concurrency_py3k.py", line 201, in greenlet_spawn
    result = context.throw(*sys.exc_info())
             ^^^^^^^^^^^^^^^^^^^^^^^^^^^^^^
  File "D:\ASM1\.venv\Lib\site-packages\sqlalchemy\orm\session.py", line 2362, in execute
    return self._execute_internal(
           ^^^^^^^^^^^^^^^^^^^^^^^
  File "D:\ASM1\.venv\Lib\site-packages\sqlalchemy\orm\session.py", line 2247, in _execute_internal
    result: Result[Any] = compile_state_cls.orm_execute_statement(
                          ^^^^^^^^^^^^^^^^^^^^^^^^^^^^^^^^^^^^^^^^
  File "D:\ASM1\.venv\Lib\site-packages\sqlalchemy\orm\context.py", line 305, in orm_execute_statement
    result = conn.execute(
             ^^^^^^^^^^^^^
  File "D:\ASM1\.venv\Lib\site-packages\sqlalchemy\engine\base.py", line 1418, in execute
    return meth(
           ^^^^^
  File "D:\ASM1\.venv\Lib\site-packages\sqlalchemy\sql\elements.py", line 515, in _execute_on_connection
    return connection._execute_clauseelement(
           ^^^^^^^^^^^^^^^^^^^^^^^^^^^^^^^^^^
  File "D:\ASM1\.venv\Lib\site-packages\sqlalchemy\engine\base.py", line 1640, in _execute_clauseelement
    ret = self._execute_context(
          ^^^^^^^^^^^^^^^^^^^^^^
  File "D:\ASM1\.venv\Lib\site-packages\sqlalchemy\engine\base.py", line 1846, in _execute_context
    return self._exec_single_context(
           ^^^^^^^^^^^^^^^^^^^^^^^^^^
  File "D:\ASM1\.venv\Lib\site-packages\sqlalchemy\engine\base.py", line 1986, in _exec_single_context
    self._handle_dbapi_exception(
  File "D:\ASM1\.venv\Lib\site-packages\sqlalchemy\engine\base.py", line 2355, in _handle_dbapi_exception
    raise sqlalchemy_exception.with_traceback(exc_info[2]) from e
  File "D:\ASM1\.venv\Lib\site-packages\sqlalchemy\engine\base.py", line 1967, in _exec_single_context
    self.dialect.do_execute(
  File "D:\ASM1\.venv\Lib\site-packages\sqlalchemy\engine\default.py", line 941, in do_execute
    cursor.execute(statement, parameters)
  File "D:\ASM1\.venv\Lib\site-packages\sqlalchemy\dialects\sqlite\aiosqlite.py", line 147, in execute
    self._adapt_connection._handle_exception(error)
  File "D:\ASM1\.venv\Lib\site-packages\sqlalchemy\dialects\sqlite\aiosqlite.py", line 298, in _handle_exception
    raise error
  File "D:\ASM1\.venv\Lib\site-packages\sqlalchemy\dialects\sqlite\aiosqlite.py", line 129, in execute
    self.await_(_cursor.execute(operation, parameters))
  File "D:\ASM1\.venv\Lib\site-packages\sqlalchemy\util\_concurrency_py3k.py", line 132, in await_only
    return current.parent.switch(awaitable)  # type: ignore[no-any-return,attr-defined] # noqa: E501
           ^^^^^^^^^^^^^^^^^^^^^^^^^^^^^^^^
  File "D:\ASM1\.venv\Lib\site-packages\sqlalchemy\util\_concurrency_py3k.py", line 196, in greenlet_spawn
    value = await result
            ^^^^^^^^^^^^
  File "D:\ASM1\.venv\Lib\site-packages\aiosqlite\cursor.py", line 48, in execute
    await self._execute(self._cursor.execute, sql, parameters)
  File "D:\ASM1\.venv\Lib\site-packages\aiosqlite\cursor.py", line 40, in _execute
    return await self._conn._execute(fn, *args, **kwargs)
           ^^^^^^^^^^^^^^^^^^^^^^^^^^^^^^^^^^^^^^^^^^^^^^
  File "D:\ASM1\.venv\Lib\site-packages\aiosqlite\core.py", line 132, in _execute
    return await future
           ^^^^^^^^^^^^
  File "D:\ASM1\.venv\Lib\site-packages\aiosqlite\core.py", line 115, in run
    result = function()
             ^^^^^^^^^^
sqlalchemy.exc.OperationalError: (sqlite3.OperationalError) no such column: users.hashed_password
[SQL: SELECT users.id, users.email, users.name, users.role, users.created_at, users.last_login, users.hashed_password 
FROM users 
WHERE users.email = ?]
[parameters: ('khuojuin11@gmail.conm',)]
(Background on this error at: https://sqlalche.me/e/20/e3q8)
2026-03-03 16:47:55,733 - core.database - DEBUG - [DB_OP] Database session cleanup after 0.0110s
2026-03-03 16:47:55,734 - aiosqlite - DEBUG - executing functools.partial(<built-in method rollback of sqlite3.Connection object at 0x000002B4FBE8A5C0>)
2026-03-03 16:47:55,734 - aiosqlite - DEBUG - operation functools.partial(<built-in method rollback of sqlite3.Connection object at 0x000002B4FBE8A5C0>) completed
2026-03-03 16:47:55,734 - aiosqlite - DEBUG - executing functools.partial(<built-in method rollback of sqlite3.Connection object at 0x000002B4FBE8A5C0>)
2026-03-03 16:47:55,734 - aiosqlite - DEBUG - operation functools.partial(<built-in method rollback of sqlite3.Connection object at 0x000002B4FBE8A5C0>) completed
2026-03-03 16:47:55,735 - aiosqlite - DEBUG - executing functools.partial(<built-in method close of sqlite3.Connection object at 0x000002B4FBE8A5C0>)
2026-03-03 16:47:55,735 - aiosqlite - DEBUG - operation functools.partial(<built-in method close of sqlite3.Connection object at 0x000002B4FBE8A5C0>) completed
2026-03-03 16:47:55,735 - core.database - ERROR - Failed to create database session: (sqlite3.OperationalError) no such column: users.hashed_password
[SQL: SELECT users.id, users.email, users.name, users.role, users.created_at, users.last_login, users.hashed_password 
FROM users 
WHERE users.email = ?]
[parameters: ('khuojuin11@gmail.conm',)]
(Background on this error at: https://sqlalche.me/e/20/e3q8)
Traceback (most recent call last):
  File "D:\ASM1\.venv\Lib\site-packages\sqlalchemy\engine\base.py", line 1967, in _exec_single_context
    self.dialect.do_execute(
  File "D:\ASM1\.venv\Lib\site-packages\sqlalchemy\engine\default.py", line 941, in do_execute
    cursor.execute(statement, parameters)
  File "D:\ASM1\.venv\Lib\site-packages\sqlalchemy\dialects\sqlite\aiosqlite.py", line 147, in execute
    self._adapt_connection._handle_exception(error)
  File "D:\ASM1\.venv\Lib\site-packages\sqlalchemy\dialects\sqlite\aiosqlite.py", line 298, in _handle_exception
    raise error
  File "D:\ASM1\.venv\Lib\site-packages\sqlalchemy\dialects\sqlite\aiosqlite.py", line 129, in execute
    self.await_(_cursor.execute(operation, parameters))
  File "D:\ASM1\.venv\Lib\site-packages\sqlalchemy\util\_concurrency_py3k.py", line 132, in await_only
    return current.parent.switch(awaitable)  # type: ignore[no-any-return,attr-defined] # noqa: E501
           ^^^^^^^^^^^^^^^^^^^^^^^^^^^^^^^^
  File "D:\ASM1\.venv\Lib\site-packages\sqlalchemy\util\_concurrency_py3k.py", line 196, in greenlet_spawn
    value = await result
            ^^^^^^^^^^^^
  File "D:\ASM1\.venv\Lib\site-packages\aiosqlite\cursor.py", line 48, in execute
    await self._execute(self._cursor.execute, sql, parameters)
  File "D:\ASM1\.venv\Lib\site-packages\aiosqlite\cursor.py", line 40, in _execute
    return await self._conn._execute(fn, *args, **kwargs)
           ^^^^^^^^^^^^^^^^^^^^^^^^^^^^^^^^^^^^^^^^^^^^^^
  File "D:\ASM1\.venv\Lib\site-packages\aiosqlite\core.py", line 132, in _execute
    return await future
           ^^^^^^^^^^^^
  File "D:\ASM1\.venv\Lib\site-packages\aiosqlite\core.py", line 115, in run
    result = function()
             ^^^^^^^^^^
sqlite3.OperationalError: no such column: users.hashed_password

The above exception was the direct cause of the following exception:

Traceback (most recent call last):
  File "D:\ASM1\backend\core\database.py", line 542, in get_db
    yield session
  File "D:\ASM1\.venv\Lib\site-packages\fastapi\routing.py", line 301, in app
    raw_response = await run_endpoint_function(
                   ^^^^^^^^^^^^^^^^^^^^^^^^^^^^
  File "D:\ASM1\.venv\Lib\site-packages\fastapi\routing.py", line 212, in run_endpoint_function
    return await dependant.call(**values)
           ^^^^^^^^^^^^^^^^^^^^^^^^^^^^^^
  File "D:\ASM1\backend\routers\auth.py", line 342, in login_password
    result = await db.execute(select(User).where(User.email == user.email))
             ^^^^^^^^^^^^^^^^^^^^^^^^^^^^^^^^^^^^^^^^^^^^^^^^^^^^^^^^^^^^^^
  File "D:\ASM1\.venv\Lib\site-packages\sqlalchemy\ext\asyncio\session.py", line 461, in execute
    result = await greenlet_spawn(
             ^^^^^^^^^^^^^^^^^^^^^
  File "D:\ASM1\.venv\Lib\site-packages\sqlalchemy\util\_concurrency_py3k.py", line 201, in greenlet_spawn
    result = context.throw(*sys.exc_info())
             ^^^^^^^^^^^^^^^^^^^^^^^^^^^^^^
  File "D:\ASM1\.venv\Lib\site-packages\sqlalchemy\orm\session.py", line 2362, in execute
    return self._execute_internal(
           ^^^^^^^^^^^^^^^^^^^^^^^
  File "D:\ASM1\.venv\Lib\site-packages\sqlalchemy\orm\session.py", line 2247, in _execute_internal
    result: Result[Any] = compile_state_cls.orm_execute_statement(
                          ^^^^^^^^^^^^^^^^^^^^^^^^^^^^^^^^^^^^^^^^
  File "D:\ASM1\.venv\Lib\site-packages\sqlalchemy\orm\context.py", line 305, in orm_execute_statement
    result = conn.execute(
             ^^^^^^^^^^^^^
  File "D:\ASM1\.venv\Lib\site-packages\sqlalchemy\engine\base.py", line 1418, in execute
    return meth(
           ^^^^^
  File "D:\ASM1\.venv\Lib\site-packages\sqlalchemy\sql\elements.py", line 515, in _execute_on_connection
    return connection._execute_clauseelement(
           ^^^^^^^^^^^^^^^^^^^^^^^^^^^^^^^^^^
  File "D:\ASM1\.venv\Lib\site-packages\sqlalchemy\engine\base.py", line 1640, in _execute_clauseelement
    ret = self._execute_context(
          ^^^^^^^^^^^^^^^^^^^^^^
  File "D:\ASM1\.venv\Lib\site-packages\sqlalchemy\engine\base.py", line 1846, in _execute_context
    return self._exec_single_context(
           ^^^^^^^^^^^^^^^^^^^^^^^^^^
  File "D:\ASM1\.venv\Lib\site-packages\sqlalchemy\engine\base.py", line 1986, in _exec_single_context
    self._handle_dbapi_exception(
  File "D:\ASM1\.venv\Lib\site-packages\sqlalchemy\engine\base.py", line 2355, in _handle_dbapi_exception
    raise sqlalchemy_exception.with_traceback(exc_info[2]) from e
  File "D:\ASM1\.venv\Lib\site-packages\sqlalchemy\engine\base.py", line 1967, in _exec_single_context
    self.dialect.do_execute(
  File "D:\ASM1\.venv\Lib\site-packages\sqlalchemy\engine\default.py", line 941, in do_execute
    cursor.execute(statement, parameters)
  File "D:\ASM1\.venv\Lib\site-packages\sqlalchemy\dialects\sqlite\aiosqlite.py", line 147, in execute
    self._adapt_connection._handle_exception(error)
  File "D:\ASM1\.venv\Lib\site-packages\sqlalchemy\dialects\sqlite\aiosqlite.py", line 298, in _handle_exception
    raise error
  File "D:\ASM1\.venv\Lib\site-packages\sqlalchemy\dialects\sqlite\aiosqlite.py", line 129, in execute
    self.await_(_cursor.execute(operation, parameters))
  File "D:\ASM1\.venv\Lib\site-packages\sqlalchemy\util\_concurrency_py3k.py", line 132, in await_only
    return current.parent.switch(awaitable)  # type: ignore[no-any-return,attr-defined] # noqa: E501
           ^^^^^^^^^^^^^^^^^^^^^^^^^^^^^^^^
  File "D:\ASM1\.venv\Lib\site-packages\sqlalchemy\util\_concurrency_py3k.py", line 196, in greenlet_spawn
    value = await result
            ^^^^^^^^^^^^
  File "D:\ASM1\.venv\Lib\site-packages\aiosqlite\cursor.py", line 48, in execute
    await self._execute(self._cursor.execute, sql, parameters)
  File "D:\ASM1\.venv\Lib\site-packages\aiosqlite\cursor.py", line 40, in _execute
    return await self._conn._execute(fn, *args, **kwargs)
           ^^^^^^^^^^^^^^^^^^^^^^^^^^^^^^^^^^^^^^^^^^^^^^
  File "D:\ASM1\.venv\Lib\site-packages\aiosqlite\core.py", line 132, in _execute
    return await future
           ^^^^^^^^^^^^
  File "D:\ASM1\.venv\Lib\site-packages\aiosqlite\core.py", line 115, in run
    result = function()
             ^^^^^^^^^^
sqlalchemy.exc.OperationalError: (sqlite3.OperationalError) no such column: users.hashed_password
[SQL: SELECT users.id, users.email, users.name, users.role, users.created_at, users.last_login, users.hashed_password 
FROM users 
WHERE users.email = ?]
[parameters: ('khuojuin11@gmail.conm',)]
(Background on this error at: https://sqlalche.me/e/20/e3q8)
2026-03-03 16:47:55,915 - core.database - DEBUG - [DB_OP] Starting get_db session creation
2026-03-03 16:47:55,915 - core.database - DEBUG - [DB_OP] Database session created successfully in 0.0000s
2026-03-03 16:47:55,916 - aiosqlite - DEBUG - executing <function connect.<locals>.connector at 0x000002B4FC0EA700>
2026-03-03 16:47:55,917 - aiosqlite - DEBUG - operation <function connect.<locals>.connector at 0x000002B4FC0EA700> completed
2026-03-03 16:47:55,917 - aiosqlite - DEBUG - executing functools.partial(<built-in method create_function of sqlite3.Connection object at 0x000002B4FBE8B5B0>, 'regexp', 2, <function SQLiteDialect_pysqlite.on_connect.<locals>.regexp at 0x000002B4FBE180E0>, deterministic=True)
2026-03-03 16:47:55,917 - aiosqlite - DEBUG - operation functools.partial(<built-in method create_function of sqlite3.Connection object at 0x000002B4FBE8B5B0>, 'regexp', 2, <function SQLiteDialect_pysqlite.on_connect.<locals>.regexp at 0x000002B4FBE180E0>, deterministic=True) completed
2026-03-03 16:47:55,918 - aiosqlite - DEBUG - executing functools.partial(<built-in method create_function of sqlite3.Connection object at 0x000002B4FBE8B5B0>, 'floor', 1, <built-in function floor>, deterministic=True)
2026-03-03 16:47:55,918 - aiosqlite - DEBUG - operation functools.partial(<built-in method create_function of sqlite3.Connection object at 0x000002B4FBE8B5B0>, 'floor', 1, <built-in function floor>, deterministic=True) completed
2026-03-03 16:47:55,918 - aiosqlite - DEBUG - executing functools.partial(<built-in method cursor of sqlite3.Connection object at 0x000002B4FBE8B5B0>)
2026-03-03 16:47:55,919 - aiosqlite - DEBUG - operation functools.partial(<built-in method cursor of sqlite3.Connection object at 0x000002B4FBE8B5B0>) completed
2026-03-03 16:47:55,919 - aiosqlite - DEBUG - executing functools.partial(<built-in method execute of sqlite3.Cursor object at 0x000002B4FC138140>, 'SELECT users.id, users.email, users.name, users.role, users.created_at, users.last_login, users.hashed_password \nFROM users \nWHERE users.email = ?', ('khuojuin11@gmail.conm',))
2026-03-03 16:47:55,920 - aiosqlite - DEBUG - returning exception no such column: users.hashed_password
2026-03-03 16:47:55,922 - core.database - ERROR - Database session error: (sqlite3.OperationalError) no such column: users.hashed_password
[SQL: SELECT users.id, users.email, users.name, users.role, users.created_at, users.last_login, users.hashed_password 
FROM users 
WHERE users.email = ?]
[parameters: ('khuojuin11@gmail.conm',)]
(Background on this error at: https://sqlalche.me/e/20/e3q8)
Traceback (most recent call last):
  File "D:\ASM1\.venv\Lib\site-packages\sqlalchemy\engine\base.py", line 1967, in _exec_single_context
    self.dialect.do_execute(
  File "D:\ASM1\.venv\Lib\site-packages\sqlalchemy\engine\default.py", line 941, in do_execute
    cursor.execute(statement, parameters)
  File "D:\ASM1\.venv\Lib\site-packages\sqlalchemy\dialects\sqlite\aiosqlite.py", line 147, in execute
    self._adapt_connection._handle_exception(error)
  File "D:\ASM1\.venv\Lib\site-packages\sqlalchemy\dialects\sqlite\aiosqlite.py", line 298, in _handle_exception
    raise error
  File "D:\ASM1\.venv\Lib\site-packages\sqlalchemy\dialects\sqlite\aiosqlite.py", line 129, in execute
    self.await_(_cursor.execute(operation, parameters))
  File "D:\ASM1\.venv\Lib\site-packages\sqlalchemy\util\_concurrency_py3k.py", line 132, in await_only
    return current.parent.switch(awaitable)  # type: ignore[no-any-return,attr-defined] # noqa: E501
           ^^^^^^^^^^^^^^^^^^^^^^^^^^^^^^^^
  File "D:\ASM1\.venv\Lib\site-packages\sqlalchemy\util\_concurrency_py3k.py", line 196, in greenlet_spawn
    value = await result
            ^^^^^^^^^^^^
  File "D:\ASM1\.venv\Lib\site-packages\aiosqlite\cursor.py", line 48, in execute
    await self._execute(self._cursor.execute, sql, parameters)
  File "D:\ASM1\.venv\Lib\site-packages\aiosqlite\cursor.py", line 40, in _execute
    return await self._conn._execute(fn, *args, **kwargs)
           ^^^^^^^^^^^^^^^^^^^^^^^^^^^^^^^^^^^^^^^^^^^^^^
  File "D:\ASM1\.venv\Lib\site-packages\aiosqlite\core.py", line 132, in _execute
    return await future
           ^^^^^^^^^^^^
  File "D:\ASM1\.venv\Lib\site-packages\aiosqlite\core.py", line 115, in run
    result = function()
             ^^^^^^^^^^
sqlite3.OperationalError: no such column: users.hashed_password

The above exception was the direct cause of the following exception:

Traceback (most recent call last):
  File "D:\ASM1\backend\core\database.py", line 542, in get_db
    yield session
  File "D:\ASM1\.venv\Lib\site-packages\fastapi\routing.py", line 301, in app
    raw_response = await run_endpoint_function(
                   ^^^^^^^^^^^^^^^^^^^^^^^^^^^^
  File "D:\ASM1\.venv\Lib\site-packages\fastapi\routing.py", line 212, in run_endpoint_function
    return await dependant.call(**values)
           ^^^^^^^^^^^^^^^^^^^^^^^^^^^^^^
  File "D:\ASM1\backend\routers\auth.py", line 342, in login_password
    result = await db.execute(select(User).where(User.email == user.email))
             ^^^^^^^^^^^^^^^^^^^^^^^^^^^^^^^^^^^^^^^^^^^^^^^^^^^^^^^^^^^^^^
  File "D:\ASM1\.venv\Lib\site-packages\sqlalchemy\ext\asyncio\session.py", line 461, in execute
    result = await greenlet_spawn(
             ^^^^^^^^^^^^^^^^^^^^^
  File "D:\ASM1\.venv\Lib\site-packages\sqlalchemy\util\_concurrency_py3k.py", line 201, in greenlet_spawn
    result = context.throw(*sys.exc_info())
             ^^^^^^^^^^^^^^^^^^^^^^^^^^^^^^
  File "D:\ASM1\.venv\Lib\site-packages\sqlalchemy\orm\session.py", line 2362, in execute
    return self._execute_internal(
           ^^^^^^^^^^^^^^^^^^^^^^^
  File "D:\ASM1\.venv\Lib\site-packages\sqlalchemy\orm\session.py", line 2247, in _execute_internal
    result: Result[Any] = compile_state_cls.orm_execute_statement(
                          ^^^^^^^^^^^^^^^^^^^^^^^^^^^^^^^^^^^^^^^^
  File "D:\ASM1\.venv\Lib\site-packages\sqlalchemy\orm\context.py", line 305, in orm_execute_statement
    result = conn.execute(
             ^^^^^^^^^^^^^
  File "D:\ASM1\.venv\Lib\site-packages\sqlalchemy\engine\base.py", line 1418, in execute
    return meth(
           ^^^^^
  File "D:\ASM1\.venv\Lib\site-packages\sqlalchemy\sql\elements.py", line 515, in _execute_on_connection
    return connection._execute_clauseelement(
           ^^^^^^^^^^^^^^^^^^^^^^^^^^^^^^^^^^
  File "D:\ASM1\.venv\Lib\site-packages\sqlalchemy\engine\base.py", line 1640, in _execute_clauseelement
    ret = self._execute_context(
          ^^^^^^^^^^^^^^^^^^^^^^
  File "D:\ASM1\.venv\Lib\site-packages\sqlalchemy\engine\base.py", line 1846, in _execute_context
    return self._exec_single_context(
           ^^^^^^^^^^^^^^^^^^^^^^^^^^
  File "D:\ASM1\.venv\Lib\site-packages\sqlalchemy\engine\base.py", line 1986, in _exec_single_context
    self._handle_dbapi_exception(
  File "D:\ASM1\.venv\Lib\site-packages\sqlalchemy\engine\base.py", line 2355, in _handle_dbapi_exception
    raise sqlalchemy_exception.with_traceback(exc_info[2]) from e
  File "D:\ASM1\.venv\Lib\site-packages\sqlalchemy\engine\base.py", line 1967, in _exec_single_context
    self.dialect.do_execute(
  File "D:\ASM1\.venv\Lib\site-packages\sqlalchemy\engine\default.py", line 941, in do_execute
    cursor.execute(statement, parameters)
  File "D:\ASM1\.venv\Lib\site-packages\sqlalchemy\dialects\sqlite\aiosqlite.py", line 147, in execute
    self._adapt_connection._handle_exception(error)
  File "D:\ASM1\.venv\Lib\site-packages\sqlalchemy\dialects\sqlite\aiosqlite.py", line 298, in _handle_exception
    raise error
  File "D:\ASM1\.venv\Lib\site-packages\sqlalchemy\dialects\sqlite\aiosqlite.py", line 129, in execute
    self.await_(_cursor.execute(operation, parameters))
  File "D:\ASM1\.venv\Lib\site-packages\sqlalchemy\util\_concurrency_py3k.py", line 132, in await_only
    return current.parent.switch(awaitable)  # type: ignore[no-any-return,attr-defined] # noqa: E501
           ^^^^^^^^^^^^^^^^^^^^^^^^^^^^^^^^
  File "D:\ASM1\.venv\Lib\site-packages\sqlalchemy\util\_concurrency_py3k.py", line 196, in greenlet_spawn
    value = await result
            ^^^^^^^^^^^^
  File "D:\ASM1\.venv\Lib\site-packages\aiosqlite\cursor.py", line 48, in execute
    await self._execute(self._cursor.execute, sql, parameters)
  File "D:\ASM1\.venv\Lib\site-packages\aiosqlite\cursor.py", line 40, in _execute
    return await self._conn._execute(fn, *args, **kwargs)
           ^^^^^^^^^^^^^^^^^^^^^^^^^^^^^^^^^^^^^^^^^^^^^^
  File "D:\ASM1\.venv\Lib\site-packages\aiosqlite\core.py", line 132, in _execute
    return await future
           ^^^^^^^^^^^^
  File "D:\ASM1\.venv\Lib\site-packages\aiosqlite\core.py", line 115, in run
    result = function()
             ^^^^^^^^^^
sqlalchemy.exc.OperationalError: (sqlite3.OperationalError) no such column: users.hashed_password
[SQL: SELECT users.id, users.email, users.name, users.role, users.created_at, users.last_login, users.hashed_password 
FROM users 
WHERE users.email = ?]
[parameters: ('khuojuin11@gmail.conm',)]
(Background on this error at: https://sqlalche.me/e/20/e3q8)
2026-03-03 16:47:55,929 - core.database - DEBUG - [DB_OP] Database session cleanup after 0.0140s
2026-03-03 16:47:55,929 - aiosqlite - DEBUG - executing functools.partial(<built-in method rollback of sqlite3.Connection object at 0x000002B4FBE8B5B0>)
2026-03-03 16:47:55,929 - aiosqlite - DEBUG - operation functools.partial(<built-in method rollback of sqlite3.Connection object at 0x000002B4FBE8B5B0>) completed
2026-03-03 16:47:55,930 - aiosqlite - DEBUG - executing functools.partial(<built-in method rollback of sqlite3.Connection object at 0x000002B4FBE8B5B0>)
2026-03-03 16:47:55,930 - aiosqlite - DEBUG - operation functools.partial(<built-in method rollback of sqlite3.Connection object at 0x000002B4FBE8B5B0>) completed
2026-03-03 16:47:55,930 - aiosqlite - DEBUG - executing functools.partial(<built-in method close of sqlite3.Connection object at 0x000002B4FBE8B5B0>)
2026-03-03 16:47:55,930 - aiosqlite - DEBUG - operation functools.partial(<built-in method close of sqlite3.Connection object at 0x000002B4FBE8B5B0>) completed
2026-03-03 16:47:55,931 - core.database - ERROR - Failed to create database session: (sqlite3.OperationalError) no such column: users.hashed_password
[SQL: SELECT users.id, users.email, users.name, users.role, users.created_at, users.last_login, users.hashed_password 
FROM users 
WHERE users.email = ?]
[parameters: ('khuojuin11@gmail.conm',)]
(Background on this error at: https://sqlalche.me/e/20/e3q8)
Traceback (most recent call last):
  File "D:\ASM1\.venv\Lib\site-packages\sqlalchemy\engine\base.py", line 1967, in _exec_single_context
    self.dialect.do_execute(
  File "D:\ASM1\.venv\Lib\site-packages\sqlalchemy\engine\default.py", line 941, in do_execute
    cursor.execute(statement, parameters)
  File "D:\ASM1\.venv\Lib\site-packages\sqlalchemy\dialects\sqlite\aiosqlite.py", line 147, in execute
    self._adapt_connection._handle_exception(error)
  File "D:\ASM1\.venv\Lib\site-packages\sqlalchemy\dialects\sqlite\aiosqlite.py", line 298, in _handle_exception
    raise error
  File "D:\ASM1\.venv\Lib\site-packages\sqlalchemy\dialects\sqlite\aiosqlite.py", line 129, in execute
    self.await_(_cursor.execute(operation, parameters))
  File "D:\ASM1\.venv\Lib\site-packages\sqlalchemy\util\_concurrency_py3k.py", line 132, in await_only
    return current.parent.switch(awaitable)  # type: ignore[no-any-return,attr-defined] # noqa: E501
           ^^^^^^^^^^^^^^^^^^^^^^^^^^^^^^^^
  File "D:\ASM1\.venv\Lib\site-packages\sqlalchemy\util\_concurrency_py3k.py", line 196, in greenlet_spawn
    value = await result
            ^^^^^^^^^^^^
  File "D:\ASM1\.venv\Lib\site-packages\aiosqlite\cursor.py", line 48, in execute
    await self._execute(self._cursor.execute, sql, parameters)
  File "D:\ASM1\.venv\Lib\site-packages\aiosqlite\cursor.py", line 40, in _execute
    return await self._conn._execute(fn, *args, **kwargs)
           ^^^^^^^^^^^^^^^^^^^^^^^^^^^^^^^^^^^^^^^^^^^^^^
  File "D:\ASM1\.venv\Lib\site-packages\aiosqlite\core.py", line 132, in _execute
    return await future
           ^^^^^^^^^^^^
  File "D:\ASM1\.venv\Lib\site-packages\aiosqlite\core.py", line 115, in run
    result = function()
             ^^^^^^^^^^
sqlite3.OperationalError: no such column: users.hashed_password

The above exception was the direct cause of the following exception:

Traceback (most recent call last):
  File "D:\ASM1\backend\core\database.py", line 542, in get_db
    yield session
  File "D:\ASM1\.venv\Lib\site-packages\fastapi\routing.py", line 301, in app
    raw_response = await run_endpoint_function(
                   ^^^^^^^^^^^^^^^^^^^^^^^^^^^^
  File "D:\ASM1\.venv\Lib\site-packages\fastapi\routing.py", line 212, in run_endpoint_function
    return await dependant.call(**values)
           ^^^^^^^^^^^^^^^^^^^^^^^^^^^^^^
  File "D:\ASM1\backend\routers\auth.py", line 342, in login_password
    result = await db.execute(select(User).where(User.email == user.email))
             ^^^^^^^^^^^^^^^^^^^^^^^^^^^^^^^^^^^^^^^^^^^^^^^^^^^^^^^^^^^^^^
  File "D:\ASM1\.venv\Lib\site-packages\sqlalchemy\ext\asyncio\session.py", line 461, in execute
    result = await greenlet_spawn(
             ^^^^^^^^^^^^^^^^^^^^^
  File "D:\ASM1\.venv\Lib\site-packages\sqlalchemy\util\_concurrency_py3k.py", line 201, in greenlet_spawn
    result = context.throw(*sys.exc_info())
             ^^^^^^^^^^^^^^^^^^^^^^^^^^^^^^
  File "D:\ASM1\.venv\Lib\site-packages\sqlalchemy\orm\session.py", line 2362, in execute
    return self._execute_internal(
           ^^^^^^^^^^^^^^^^^^^^^^^
  File "D:\ASM1\.venv\Lib\site-packages\sqlalchemy\orm\session.py", line 2247, in _execute_internal
    result: Result[Any] = compile_state_cls.orm_execute_statement(
                          ^^^^^^^^^^^^^^^^^^^^^^^^^^^^^^^^^^^^^^^^
  File "D:\ASM1\.venv\Lib\site-packages\sqlalchemy\orm\context.py", line 305, in orm_execute_statement
    result = conn.execute(
             ^^^^^^^^^^^^^
  File "D:\ASM1\.venv\Lib\site-packages\sqlalchemy\engine\base.py", line 1418, in execute
    return meth(
           ^^^^^
  File "D:\ASM1\.venv\Lib\site-packages\sqlalchemy\sql\elements.py", line 515, in _execute_on_connection
    return connection._execute_clauseelement(
           ^^^^^^^^^^^^^^^^^^^^^^^^^^^^^^^^^^
  File "D:\ASM1\.venv\Lib\site-packages\sqlalchemy\engine\base.py", line 1640, in _execute_clauseelement
    ret = self._execute_context(
          ^^^^^^^^^^^^^^^^^^^^^^
  File "D:\ASM1\.venv\Lib\site-packages\sqlalchemy\engine\base.py", line 1846, in _execute_context
    return self._exec_single_context(
           ^^^^^^^^^^^^^^^^^^^^^^^^^^
  File "D:\ASM1\.venv\Lib\site-packages\sqlalchemy\engine\base.py", line 1986, in _exec_single_context
    self._handle_dbapi_exception(
  File "D:\ASM1\.venv\Lib\site-packages\sqlalchemy\engine\base.py", line 2355, in _handle_dbapi_exception
    raise sqlalchemy_exception.with_traceback(exc_info[2]) from e
  File "D:\ASM1\.venv\Lib\site-packages\sqlalchemy\engine\base.py", line 1967, in _exec_single_context
    self.dialect.do_execute(
  File "D:\ASM1\.venv\Lib\site-packages\sqlalchemy\engine\default.py", line 941, in do_execute
    cursor.execute(statement, parameters)
  File "D:\ASM1\.venv\Lib\site-packages\sqlalchemy\dialects\sqlite\aiosqlite.py", line 147, in execute
    self._adapt_connection._handle_exception(error)
  File "D:\ASM1\.venv\Lib\site-packages\sqlalchemy\dialects\sqlite\aiosqlite.py", line 298, in _handle_exception
    raise error
  File "D:\ASM1\.venv\Lib\site-packages\sqlalchemy\dialects\sqlite\aiosqlite.py", line 129, in execute
    self.await_(_cursor.execute(operation, parameters))
  File "D:\ASM1\.venv\Lib\site-packages\sqlalchemy\util\_concurrency_py3k.py", line 132, in await_only
    return current.parent.switch(awaitable)  # type: ignore[no-any-return,attr-defined] # noqa: E501
           ^^^^^^^^^^^^^^^^^^^^^^^^^^^^^^^^
  File "D:\ASM1\.venv\Lib\site-packages\sqlalchemy\util\_concurrency_py3k.py", line 196, in greenlet_spawn
    value = await result
            ^^^^^^^^^^^^
  File "D:\ASM1\.venv\Lib\site-packages\aiosqlite\cursor.py", line 48, in execute
    await self._execute(self._cursor.execute, sql, parameters)
  File "D:\ASM1\.venv\Lib\site-packages\aiosqlite\cursor.py", line 40, in _execute
    return await self._conn._execute(fn, *args, **kwargs)
           ^^^^^^^^^^^^^^^^^^^^^^^^^^^^^^^^^^^^^^^^^^^^^^
  File "D:\ASM1\.venv\Lib\site-packages\aiosqlite\core.py", line 132, in _execute
    return await future
           ^^^^^^^^^^^^
  File "D:\ASM1\.venv\Lib\site-packages\aiosqlite\core.py", line 115, in run
    result = function()
             ^^^^^^^^^^
sqlalchemy.exc.OperationalError: (sqlite3.OperationalError) no such column: users.hashed_password
[SQL: SELECT users.id, users.email, users.name, users.role, users.created_at, users.last_login, users.hashed_password 
FROM users 
WHERE users.email = ?]
[parameters: ('khuojuin11@gmail.conm',)]
(Background on this error at: https://sqlalche.me/e/20/e3q8)
2026-03-03 16:47:56,090 - core.database - DEBUG - [DB_OP] Starting get_db session creation
2026-03-03 16:47:56,091 - core.database - DEBUG - [DB_OP] Database session created successfully in 0.0010s
2026-03-03 16:47:56,093 - aiosqlite - DEBUG - executing <function connect.<locals>.connector at 0x000002B4FC0EA2A0>
2026-03-03 16:47:56,094 - aiosqlite - DEBUG - operation <function connect.<locals>.connector at 0x000002B4FC0EA2A0> completed
2026-03-03 16:47:56,094 - aiosqlite - DEBUG - executing functools.partial(<built-in method create_function of sqlite3.Connection object at 0x000002B4FBE89990>, 'regexp', 2, <function SQLiteDialect_pysqlite.on_connect.<locals>.regexp at 0x000002B4FBE180E0>, deterministic=True)
2026-03-03 16:47:56,095 - aiosqlite - DEBUG - operation functools.partial(<built-in method create_function of sqlite3.Connection object at 0x000002B4FBE89990>, 'regexp', 2, <function SQLiteDialect_pysqlite.on_connect.<locals>.regexp at 0x000002B4FBE180E0>, deterministic=True) completed
2026-03-03 16:47:56,095 - aiosqlite - DEBUG - executing functools.partial(<built-in method create_function of sqlite3.Connection object at 0x000002B4FBE89990>, 'floor', 1, <built-in function floor>, deterministic=True)
2026-03-03 16:47:56,095 - aiosqlite - DEBUG - operation functools.partial(<built-in method create_function of sqlite3.Connection object at 0x000002B4FBE89990>, 'floor', 1, <built-in function floor>, deterministic=True) completed
2026-03-03 16:47:56,096 - aiosqlite - DEBUG - executing functools.partial(<built-in method cursor of sqlite3.Connection object at 0x000002B4FBE89990>)
2026-03-03 16:47:56,097 - aiosqlite - DEBUG - operation functools.partial(<built-in method cursor of sqlite3.Connection object at 0x000002B4FBE89990>) completed
2026-03-03 16:47:56,097 - aiosqlite - DEBUG - executing functools.partial(<built-in method execute of sqlite3.Cursor object at 0x000002B4FBD9F7C0>, 'SELECT users.id, users.email, users.name, users.role, users.created_at, users.last_login, users.hashed_password \nFROM users \nWHERE users.email = ?', ('khuojuin11@gmail.conm',))
2026-03-03 16:47:56,098 - aiosqlite - DEBUG - returning exception no such column: users.hashed_password
2026-03-03 16:47:56,099 - core.database - ERROR - Database session error: (sqlite3.OperationalError) no such column: users.hashed_password
[SQL: SELECT users.id, users.email, users.name, users.role, users.created_at, users.last_login, users.hashed_password 
FROM users 
WHERE users.email = ?]
[parameters: ('khuojuin11@gmail.conm',)]
(Background on this error at: https://sqlalche.me/e/20/e3q8)
Traceback (most recent call last):
  File "D:\ASM1\.venv\Lib\site-packages\sqlalchemy\engine\base.py", line 1967, in _exec_single_context
    self.dialect.do_execute(
  File "D:\ASM1\.venv\Lib\site-packages\sqlalchemy\engine\default.py", line 941, in do_execute
    cursor.execute(statement, parameters)
  File "D:\ASM1\.venv\Lib\site-packages\sqlalchemy\dialects\sqlite\aiosqlite.py", line 147, in execute
    self._adapt_connection._handle_exception(error)
  File "D:\ASM1\.venv\Lib\site-packages\sqlalchemy\dialects\sqlite\aiosqlite.py", line 298, in _handle_exception
    raise error
  File "D:\ASM1\.venv\Lib\site-packages\sqlalchemy\dialects\sqlite\aiosqlite.py", line 129, in execute
    self.await_(_cursor.execute(operation, parameters))
  File "D:\ASM1\.venv\Lib\site-packages\sqlalchemy\util\_concurrency_py3k.py", line 132, in await_only
    return current.parent.switch(awaitable)  # type: ignore[no-any-return,attr-defined] # noqa: E501
           ^^^^^^^^^^^^^^^^^^^^^^^^^^^^^^^^
  File "D:\ASM1\.venv\Lib\site-packages\sqlalchemy\util\_concurrency_py3k.py", line 196, in greenlet_spawn
    value = await result
            ^^^^^^^^^^^^
  File "D:\ASM1\.venv\Lib\site-packages\aiosqlite\cursor.py", line 48, in execute
    await self._execute(self._cursor.execute, sql, parameters)
  File "D:\ASM1\.venv\Lib\site-packages\aiosqlite\cursor.py", line 40, in _execute
    return await self._conn._execute(fn, *args, **kwargs)
           ^^^^^^^^^^^^^^^^^^^^^^^^^^^^^^^^^^^^^^^^^^^^^^
  File "D:\ASM1\.venv\Lib\site-packages\aiosqlite\core.py", line 132, in _execute
    return await future
           ^^^^^^^^^^^^
  File "D:\ASM1\.venv\Lib\site-packages\aiosqlite\core.py", line 115, in run
    result = function()
             ^^^^^^^^^^
sqlite3.OperationalError: no such column: users.hashed_password

The above exception was the direct cause of the following exception:

Traceback (most recent call last):
  File "D:\ASM1\backend\core\database.py", line 542, in get_db
    yield session
  File "D:\ASM1\.venv\Lib\site-packages\fastapi\routing.py", line 301, in app
    raw_response = await run_endpoint_function(
                   ^^^^^^^^^^^^^^^^^^^^^^^^^^^^
  File "D:\ASM1\.venv\Lib\site-packages\fastapi\routing.py", line 212, in run_endpoint_function
    return await dependant.call(**values)
           ^^^^^^^^^^^^^^^^^^^^^^^^^^^^^^
  File "D:\ASM1\backend\routers\auth.py", line 342, in login_password
    result = await db.execute(select(User).where(User.email == user.email))
             ^^^^^^^^^^^^^^^^^^^^^^^^^^^^^^^^^^^^^^^^^^^^^^^^^^^^^^^^^^^^^^
  File "D:\ASM1\.venv\Lib\site-packages\sqlalchemy\ext\asyncio\session.py", line 461, in execute
    result = await greenlet_spawn(
             ^^^^^^^^^^^^^^^^^^^^^
  File "D:\ASM1\.venv\Lib\site-packages\sqlalchemy\util\_concurrency_py3k.py", line 201, in greenlet_spawn
    result = context.throw(*sys.exc_info())
             ^^^^^^^^^^^^^^^^^^^^^^^^^^^^^^
  File "D:\ASM1\.venv\Lib\site-packages\sqlalchemy\orm\session.py", line 2362, in execute
    return self._execute_internal(
           ^^^^^^^^^^^^^^^^^^^^^^^
  File "D:\ASM1\.venv\Lib\site-packages\sqlalchemy\orm\session.py", line 2247, in _execute_internal
    result: Result[Any] = compile_state_cls.orm_execute_statement(
                          ^^^^^^^^^^^^^^^^^^^^^^^^^^^^^^^^^^^^^^^^
  File "D:\ASM1\.venv\Lib\site-packages\sqlalchemy\orm\context.py", line 305, in orm_execute_statement
    result = conn.execute(
             ^^^^^^^^^^^^^
  File "D:\ASM1\.venv\Lib\site-packages\sqlalchemy\engine\base.py", line 1418, in execute
    return meth(
           ^^^^^
  File "D:\ASM1\.venv\Lib\site-packages\sqlalchemy\sql\elements.py", line 515, in _execute_on_connection
    return connection._execute_clauseelement(
           ^^^^^^^^^^^^^^^^^^^^^^^^^^^^^^^^^^
  File "D:\ASM1\.venv\Lib\site-packages\sqlalchemy\engine\base.py", line 1640, in _execute_clauseelement
    ret = self._execute_context(
          ^^^^^^^^^^^^^^^^^^^^^^
  File "D:\ASM1\.venv\Lib\site-packages\sqlalchemy\engine\base.py", line 1846, in _execute_context
    return self._exec_single_context(
           ^^^^^^^^^^^^^^^^^^^^^^^^^^
  File "D:\ASM1\.venv\Lib\site-packages\sqlalchemy\engine\base.py", line 1986, in _exec_single_context
    self._handle_dbapi_exception(
  File "D:\ASM1\.venv\Lib\site-packages\sqlalchemy\engine\base.py", line 2355, in _handle_dbapi_exception
    raise sqlalchemy_exception.with_traceback(exc_info[2]) from e
  File "D:\ASM1\.venv\Lib\site-packages\sqlalchemy\engine\base.py", line 1967, in _exec_single_context
    self.dialect.do_execute(
  File "D:\ASM1\.venv\Lib\site-packages\sqlalchemy\engine\default.py", line 941, in do_execute
    cursor.execute(statement, parameters)
  File "D:\ASM1\.venv\Lib\site-packages\sqlalchemy\dialects\sqlite\aiosqlite.py", line 147, in execute
    self._adapt_connection._handle_exception(error)
  File "D:\ASM1\.venv\Lib\site-packages\sqlalchemy\dialects\sqlite\aiosqlite.py", line 298, in _handle_exception
    raise error
  File "D:\ASM1\.venv\Lib\site-packages\sqlalchemy\dialects\sqlite\aiosqlite.py", line 129, in execute
    self.await_(_cursor.execute(operation, parameters))
  File "D:\ASM1\.venv\Lib\site-packages\sqlalchemy\util\_concurrency_py3k.py", line 132, in await_only
    return current.parent.switch(awaitable)  # type: ignore[no-any-return,attr-defined] # noqa: E501
           ^^^^^^^^^^^^^^^^^^^^^^^^^^^^^^^^
  File "D:\ASM1\.venv\Lib\site-packages\sqlalchemy\util\_concurrency_py3k.py", line 196, in greenlet_spawn
    value = await result
            ^^^^^^^^^^^^
  File "D:\ASM1\.venv\Lib\site-packages\aiosqlite\cursor.py", line 48, in execute
    await self._execute(self._cursor.execute, sql, parameters)
  File "D:\ASM1\.venv\Lib\site-packages\aiosqlite\cursor.py", line 40, in _execute
    return await self._conn._execute(fn, *args, **kwargs)
           ^^^^^^^^^^^^^^^^^^^^^^^^^^^^^^^^^^^^^^^^^^^^^^
  File "D:\ASM1\.venv\Lib\site-packages\aiosqlite\core.py", line 132, in _execute
    return await future
           ^^^^^^^^^^^^
  File "D:\ASM1\.venv\Lib\site-packages\aiosqlite\core.py", line 115, in run
    result = function()
             ^^^^^^^^^^
sqlalchemy.exc.OperationalError: (sqlite3.OperationalError) no such column: users.hashed_password
[SQL: SELECT users.id, users.email, users.name, users.role, users.created_at, users.last_login, users.hashed_password 
FROM users 
WHERE users.email = ?]
[parameters: ('khuojuin11@gmail.conm',)]
(Background on this error at: https://sqlalche.me/e/20/e3q8)
2026-03-03 16:47:56,107 - core.database - DEBUG - [DB_OP] Database session cleanup after 0.0170s
2026-03-03 16:47:56,108 - aiosqlite - DEBUG - executing functools.partial(<built-in method rollback of sqlite3.Connection object at 0x000002B4FBE89990>)
2026-03-03 16:47:56,108 - aiosqlite - DEBUG - operation functools.partial(<built-in method rollback of sqlite3.Connection object at 0x000002B4FBE89990>) completed
2026-03-03 16:47:56,108 - aiosqlite - DEBUG - executing functools.partial(<built-in method rollback of sqlite3.Connection object at 0x000002B4FBE89990>)
2026-03-03 16:47:56,109 - aiosqlite - DEBUG - operation functools.partial(<built-in method rollback of sqlite3.Connection object at 0x000002B4FBE89990>) completed
2026-03-03 16:47:56,109 - aiosqlite - DEBUG - executing functools.partial(<built-in method close of sqlite3.Connection object at 0x000002B4FBE89990>)
2026-03-03 16:47:56,109 - aiosqlite - DEBUG - operation functools.partial(<built-in method close of sqlite3.Connection object at 0x000002B4FBE89990>) completed
2026-03-03 16:47:56,110 - core.database - ERROR - Failed to create database session: (sqlite3.OperationalError) no such column: users.hashed_password
[SQL: SELECT users.id, users.email, users.name, users.role, users.created_at, users.last_login, users.hashed_password 
FROM users 
WHERE users.email = ?]
[parameters: ('khuojuin11@gmail.conm',)]
(Background on this error at: https://sqlalche.me/e/20/e3q8)
Traceback (most recent call last):
  File "D:\ASM1\.venv\Lib\site-packages\sqlalchemy\engine\base.py", line 1967, in _exec_single_context
    self.dialect.do_execute(
  File "D:\ASM1\.venv\Lib\site-packages\sqlalchemy\engine\default.py", line 941, in do_execute
    cursor.execute(statement, parameters)
  File "D:\ASM1\.venv\Lib\site-packages\sqlalchemy\dialects\sqlite\aiosqlite.py", line 147, in execute
    self._adapt_connection._handle_exception(error)
  File "D:\ASM1\.venv\Lib\site-packages\sqlalchemy\dialects\sqlite\aiosqlite.py", line 298, in _handle_exception
    raise error
  File "D:\ASM1\.venv\Lib\site-packages\sqlalchemy\dialects\sqlite\aiosqlite.py", line 129, in execute
    self.await_(_cursor.execute(operation, parameters))
  File "D:\ASM1\.venv\Lib\site-packages\sqlalchemy\util\_concurrency_py3k.py", line 132, in await_only
    return current.parent.switch(awaitable)  # type: ignore[no-any-return,attr-defined] # noqa: E501
           ^^^^^^^^^^^^^^^^^^^^^^^^^^^^^^^^
  File "D:\ASM1\.venv\Lib\site-packages\sqlalchemy\util\_concurrency_py3k.py", line 196, in greenlet_spawn
    value = await result
            ^^^^^^^^^^^^
  File "D:\ASM1\.venv\Lib\site-packages\aiosqlite\cursor.py", line 48, in execute
    await self._execute(self._cursor.execute, sql, parameters)
  File "D:\ASM1\.venv\Lib\site-packages\aiosqlite\cursor.py", line 40, in _execute
    return await self._conn._execute(fn, *args, **kwargs)
           ^^^^^^^^^^^^^^^^^^^^^^^^^^^^^^^^^^^^^^^^^^^^^^
  File "D:\ASM1\.venv\Lib\site-packages\aiosqlite\core.py", line 132, in _execute
    return await future
           ^^^^^^^^^^^^
  File "D:\ASM1\.venv\Lib\site-packages\aiosqlite\core.py", line 115, in run
    result = function()
             ^^^^^^^^^^
sqlite3.OperationalError: no such column: users.hashed_password

The above exception was the direct cause of the following exception:

Traceback (most recent call last):
  File "D:\ASM1\backend\core\database.py", line 542, in get_db
    yield session
  File "D:\ASM1\.venv\Lib\site-packages\fastapi\routing.py", line 301, in app
    raw_response = await run_endpoint_function(
                   ^^^^^^^^^^^^^^^^^^^^^^^^^^^^
  File "D:\ASM1\.venv\Lib\site-packages\fastapi\routing.py", line 212, in run_endpoint_function
    return await dependant.call(**values)
           ^^^^^^^^^^^^^^^^^^^^^^^^^^^^^^
  File "D:\ASM1\backend\routers\auth.py", line 342, in login_password
    result = await db.execute(select(User).where(User.email == user.email))
             ^^^^^^^^^^^^^^^^^^^^^^^^^^^^^^^^^^^^^^^^^^^^^^^^^^^^^^^^^^^^^^
  File "D:\ASM1\.venv\Lib\site-packages\sqlalchemy\ext\asyncio\session.py", line 461, in execute
    result = await greenlet_spawn(
             ^^^^^^^^^^^^^^^^^^^^^
  File "D:\ASM1\.venv\Lib\site-packages\sqlalchemy\util\_concurrency_py3k.py", line 201, in greenlet_spawn
    result = context.throw(*sys.exc_info())
             ^^^^^^^^^^^^^^^^^^^^^^^^^^^^^^
  File "D:\ASM1\.venv\Lib\site-packages\sqlalchemy\orm\session.py", line 2362, in execute
    return self._execute_internal(
           ^^^^^^^^^^^^^^^^^^^^^^^
  File "D:\ASM1\.venv\Lib\site-packages\sqlalchemy\orm\session.py", line 2247, in _execute_internal
    result: Result[Any] = compile_state_cls.orm_execute_statement(
                          ^^^^^^^^^^^^^^^^^^^^^^^^^^^^^^^^^^^^^^^^
  File "D:\ASM1\.venv\Lib\site-packages\sqlalchemy\orm\context.py", line 305, in orm_execute_statement
    result = conn.execute(
             ^^^^^^^^^^^^^
  File "D:\ASM1\.venv\Lib\site-packages\sqlalchemy\engine\base.py", line 1418, in execute
    return meth(
           ^^^^^
  File "D:\ASM1\.venv\Lib\site-packages\sqlalchemy\sql\elements.py", line 515, in _execute_on_connection
    return connection._execute_clauseelement(
           ^^^^^^^^^^^^^^^^^^^^^^^^^^^^^^^^^^
  File "D:\ASM1\.venv\Lib\site-packages\sqlalchemy\engine\base.py", line 1640, in _execute_clauseelement
    ret = self._execute_context(
          ^^^^^^^^^^^^^^^^^^^^^^
  File "D:\ASM1\.venv\Lib\site-packages\sqlalchemy\engine\base.py", line 1846, in _execute_context
    return self._exec_single_context(
           ^^^^^^^^^^^^^^^^^^^^^^^^^^
  File "D:\ASM1\.venv\Lib\site-packages\sqlalchemy\engine\base.py", line 1986, in _exec_single_context
    self._handle_dbapi_exception(
  File "D:\ASM1\.venv\Lib\site-packages\sqlalchemy\engine\base.py", line 2355, in _handle_dbapi_exception
    raise sqlalchemy_exception.with_traceback(exc_info[2]) from e
  File "D:\ASM1\.venv\Lib\site-packages\sqlalchemy\engine\base.py", line 1967, in _exec_single_context
    self.dialect.do_execute(
  File "D:\ASM1\.venv\Lib\site-packages\sqlalchemy\engine\default.py", line 941, in do_execute
    cursor.execute(statement, parameters)
  File "D:\ASM1\.venv\Lib\site-packages\sqlalchemy\dialects\sqlite\aiosqlite.py", line 147, in execute
    self._adapt_connection._handle_exception(error)
  File "D:\ASM1\.venv\Lib\site-packages\sqlalchemy\dialects\sqlite\aiosqlite.py", line 298, in _handle_exception
    raise error
  File "D:\ASM1\.venv\Lib\site-packages\sqlalchemy\dialects\sqlite\aiosqlite.py", line 129, in execute
    self.await_(_cursor.execute(operation, parameters))
  File "D:\ASM1\.venv\Lib\site-packages\sqlalchemy\util\_concurrency_py3k.py", line 132, in await_only
    return current.parent.switch(awaitable)  # type: ignore[no-any-return,attr-defined] # noqa: E501
           ^^^^^^^^^^^^^^^^^^^^^^^^^^^^^^^^
  File "D:\ASM1\.venv\Lib\site-packages\sqlalchemy\util\_concurrency_py3k.py", line 196, in greenlet_spawn
    value = await result
            ^^^^^^^^^^^^
  File "D:\ASM1\.venv\Lib\site-packages\aiosqlite\cursor.py", line 48, in execute
    await self._execute(self._cursor.execute, sql, parameters)
  File "D:\ASM1\.venv\Lib\site-packages\aiosqlite\cursor.py", line 40, in _execute
    return await self._conn._execute(fn, *args, **kwargs)
           ^^^^^^^^^^^^^^^^^^^^^^^^^^^^^^^^^^^^^^^^^^^^^^
  File "D:\ASM1\.venv\Lib\site-packages\aiosqlite\core.py", line 132, in _execute
    return await future
           ^^^^^^^^^^^^
  File "D:\ASM1\.venv\Lib\site-packages\aiosqlite\core.py", line 115, in run
    result = function()
             ^^^^^^^^^^
sqlalchemy.exc.OperationalError: (sqlite3.OperationalError) no such column: users.hashed_password
[SQL: SELECT users.id, users.email, users.name, users.role, users.created_at, users.last_login, users.hashed_password 
FROM users 
WHERE users.email = ?]
[parameters: ('khuojuin11@gmail.conm',)]
(Background on this error at: https://sqlalche.me/e/20/e3q8)
2026-03-03 16:47:56,250 - core.database - DEBUG - [DB_OP] Starting get_db session creation
2026-03-03 16:47:56,250 - core.database - DEBUG - [DB_OP] Database session created successfully in 0.0000s
2026-03-03 16:47:56,251 - aiosqlite - DEBUG - executing <function connect.<locals>.connector at 0x000002B4FC0EAA20>
2026-03-03 16:47:56,252 - aiosqlite - DEBUG - operation <function connect.<locals>.connector at 0x000002B4FC0EAA20> completed
2026-03-03 16:47:56,252 - aiosqlite - DEBUG - executing functools.partial(<built-in method create_function of sqlite3.Connection object at 0x000002B4FBE8BC40>, 'regexp', 2, <function SQLiteDialect_pysqlite.on_connect.<locals>.regexp at 0x000002B4FBE180E0>, deterministic=True)
2026-03-03 16:47:56,253 - aiosqlite - DEBUG - operation functools.partial(<built-in method create_function of sqlite3.Connection object at 0x000002B4FBE8BC40>, 'regexp', 2, <function SQLiteDialect_pysqlite.on_connect.<locals>.regexp at 0x000002B4FBE180E0>, deterministic=True) completed
2026-03-03 16:47:56,253 - aiosqlite - DEBUG - executing functools.partial(<built-in method create_function of sqlite3.Connection object at 0x000002B4FBE8BC40>, 'floor', 1, <built-in function floor>, deterministic=True)
2026-03-03 16:47:56,253 - aiosqlite - DEBUG - operation functools.partial(<built-in method create_function of sqlite3.Connection object at 0x000002B4FBE8BC40>, 'floor', 1, <built-in function floor>, deterministic=True) completed
2026-03-03 16:47:56,254 - aiosqlite - DEBUG - executing functools.partial(<built-in method cursor of sqlite3.Connection object at 0x000002B4FBE8BC40>)
2026-03-03 16:47:56,255 - aiosqlite - DEBUG - operation functools.partial(<built-in method cursor of sqlite3.Connection object at 0x000002B4FBE8BC40>) completed
2026-03-03 16:47:56,255 - aiosqlite - DEBUG - executing functools.partial(<built-in method execute of sqlite3.Cursor object at 0x000002B4FC1382C0>, 'SELECT users.id, users.email, users.name, users.role, users.created_at, users.last_login, users.hashed_password \nFROM users \nWHERE users.email = ?', ('khuojuin11@gmail.conm',))
2026-03-03 16:47:56,256 - aiosqlite - DEBUG - returning exception no such column: users.hashed_password
2026-03-03 16:47:56,257 - core.database - ERROR - Database session error: (sqlite3.OperationalError) no such column: users.hashed_password
[SQL: SELECT users.id, users.email, users.name, users.role, users.created_at, users.last_login, users.hashed_password 
FROM users 
WHERE users.email = ?]
[parameters: ('khuojuin11@gmail.conm',)]
(Background on this error at: https://sqlalche.me/e/20/e3q8)
Traceback (most recent call last):
  File "D:\ASM1\.venv\Lib\site-packages\sqlalchemy\engine\base.py", line 1967, in _exec_single_context
    self.dialect.do_execute(
  File "D:\ASM1\.venv\Lib\site-packages\sqlalchemy\engine\default.py", line 941, in do_execute
    cursor.execute(statement, parameters)
  File "D:\ASM1\.venv\Lib\site-packages\sqlalchemy\dialects\sqlite\aiosqlite.py", line 147, in execute
    self._adapt_connection._handle_exception(error)
  File "D:\ASM1\.venv\Lib\site-packages\sqlalchemy\dialects\sqlite\aiosqlite.py", line 298, in _handle_exception
    raise error
  File "D:\ASM1\.venv\Lib\site-packages\sqlalchemy\dialects\sqlite\aiosqlite.py", line 129, in execute
    self.await_(_cursor.execute(operation, parameters))
  File "D:\ASM1\.venv\Lib\site-packages\sqlalchemy\util\_concurrency_py3k.py", line 132, in await_only
    return current.parent.switch(awaitable)  # type: ignore[no-any-return,attr-defined] # noqa: E501
           ^^^^^^^^^^^^^^^^^^^^^^^^^^^^^^^^
  File "D:\ASM1\.venv\Lib\site-packages\sqlalchemy\util\_concurrency_py3k.py", line 196, in greenlet_spawn
    value = await result
            ^^^^^^^^^^^^
  File "D:\ASM1\.venv\Lib\site-packages\aiosqlite\cursor.py", line 48, in execute
    await self._execute(self._cursor.execute, sql, parameters)
  File "D:\ASM1\.venv\Lib\site-packages\aiosqlite\cursor.py", line 40, in _execute
    return await self._conn._execute(fn, *args, **kwargs)
           ^^^^^^^^^^^^^^^^^^^^^^^^^^^^^^^^^^^^^^^^^^^^^^
  File "D:\ASM1\.venv\Lib\site-packages\aiosqlite\core.py", line 132, in _execute
    return await future
           ^^^^^^^^^^^^
  File "D:\ASM1\.venv\Lib\site-packages\aiosqlite\core.py", line 115, in run
    result = function()
             ^^^^^^^^^^
sqlite3.OperationalError: no such column: users.hashed_password

The above exception was the direct cause of the following exception:

Traceback (most recent call last):
  File "D:\ASM1\backend\core\database.py", line 542, in get_db
    yield session
  File "D:\ASM1\.venv\Lib\site-packages\fastapi\routing.py", line 301, in app
    raw_response = await run_endpoint_function(
                   ^^^^^^^^^^^^^^^^^^^^^^^^^^^^
  File "D:\ASM1\.venv\Lib\site-packages\fastapi\routing.py", line 212, in run_endpoint_function
    return await dependant.call(**values)
           ^^^^^^^^^^^^^^^^^^^^^^^^^^^^^^
  File "D:\ASM1\backend\routers\auth.py", line 342, in login_password
    result = await db.execute(select(User).where(User.email == user.email))
             ^^^^^^^^^^^^^^^^^^^^^^^^^^^^^^^^^^^^^^^^^^^^^^^^^^^^^^^^^^^^^^
  File "D:\ASM1\.venv\Lib\site-packages\sqlalchemy\ext\asyncio\session.py", line 461, in execute
    result = await greenlet_spawn(
             ^^^^^^^^^^^^^^^^^^^^^
  File "D:\ASM1\.venv\Lib\site-packages\sqlalchemy\util\_concurrency_py3k.py", line 201, in greenlet_spawn
    result = context.throw(*sys.exc_info())
             ^^^^^^^^^^^^^^^^^^^^^^^^^^^^^^
  File "D:\ASM1\.venv\Lib\site-packages\sqlalchemy\orm\session.py", line 2362, in execute
    return self._execute_internal(
           ^^^^^^^^^^^^^^^^^^^^^^^
  File "D:\ASM1\.venv\Lib\site-packages\sqlalchemy\orm\session.py", line 2247, in _execute_internal
    result: Result[Any] = compile_state_cls.orm_execute_statement(
                          ^^^^^^^^^^^^^^^^^^^^^^^^^^^^^^^^^^^^^^^^
  File "D:\ASM1\.venv\Lib\site-packages\sqlalchemy\orm\context.py", line 305, in orm_execute_statement
    result = conn.execute(
             ^^^^^^^^^^^^^
  File "D:\ASM1\.venv\Lib\site-packages\sqlalchemy\engine\base.py", line 1418, in execute
    return meth(
           ^^^^^
  File "D:\ASM1\.venv\Lib\site-packages\sqlalchemy\sql\elements.py", line 515, in _execute_on_connection
    return connection._execute_clauseelement(
           ^^^^^^^^^^^^^^^^^^^^^^^^^^^^^^^^^^
  File "D:\ASM1\.venv\Lib\site-packages\sqlalchemy\engine\base.py", line 1640, in _execute_clauseelement
    ret = self._execute_context(
          ^^^^^^^^^^^^^^^^^^^^^^
  File "D:\ASM1\.venv\Lib\site-packages\sqlalchemy\engine\base.py", line 1846, in _execute_context
    return self._exec_single_context(
           ^^^^^^^^^^^^^^^^^^^^^^^^^^
  File "D:\ASM1\.venv\Lib\site-packages\sqlalchemy\engine\base.py", line 1986, in _exec_single_context
    self._handle_dbapi_exception(
  File "D:\ASM1\.venv\Lib\site-packages\sqlalchemy\engine\base.py", line 2355, in _handle_dbapi_exception
    raise sqlalchemy_exception.with_traceback(exc_info[2]) from e
  File "D:\ASM1\.venv\Lib\site-packages\sqlalchemy\engine\base.py", line 1967, in _exec_single_context
    self.dialect.do_execute(
  File "D:\ASM1\.venv\Lib\site-packages\sqlalchemy\engine\default.py", line 941, in do_execute
    cursor.execute(statement, parameters)
  File "D:\ASM1\.venv\Lib\site-packages\sqlalchemy\dialects\sqlite\aiosqlite.py", line 147, in execute
    self._adapt_connection._handle_exception(error)
  File "D:\ASM1\.venv\Lib\site-packages\sqlalchemy\dialects\sqlite\aiosqlite.py", line 298, in _handle_exception
    raise error
  File "D:\ASM1\.venv\Lib\site-packages\sqlalchemy\dialects\sqlite\aiosqlite.py", line 129, in execute
    self.await_(_cursor.execute(operation, parameters))
  File "D:\ASM1\.venv\Lib\site-packages\sqlalchemy\util\_concurrency_py3k.py", line 132, in await_only
    return current.parent.switch(awaitable)  # type: ignore[no-any-return,attr-defined] # noqa: E501
           ^^^^^^^^^^^^^^^^^^^^^^^^^^^^^^^^
  File "D:\ASM1\.venv\Lib\site-packages\sqlalchemy\util\_concurrency_py3k.py", line 196, in greenlet_spawn
    value = await result
            ^^^^^^^^^^^^
  File "D:\ASM1\.venv\Lib\site-packages\aiosqlite\cursor.py", line 48, in execute
    await self._execute(self._cursor.execute, sql, parameters)
  File "D:\ASM1\.venv\Lib\site-packages\aiosqlite\cursor.py", line 40, in _execute
    return await self._conn._execute(fn, *args, **kwargs)
           ^^^^^^^^^^^^^^^^^^^^^^^^^^^^^^^^^^^^^^^^^^^^^^
  File "D:\ASM1\.venv\Lib\site-packages\aiosqlite\core.py", line 132, in _execute
    return await future
           ^^^^^^^^^^^^
  File "D:\ASM1\.venv\Lib\site-packages\aiosqlite\core.py", line 115, in run
    result = function()
             ^^^^^^^^^^
sqlalchemy.exc.OperationalError: (sqlite3.OperationalError) no such column: users.hashed_password
[SQL: SELECT users.id, users.email, users.name, users.role, users.created_at, users.last_login, users.hashed_password 
FROM users 
WHERE users.email = ?]
[parameters: ('khuojuin11@gmail.conm',)]
(Background on this error at: https://sqlalche.me/e/20/e3q8)
2026-03-03 16:47:56,262 - core.database - DEBUG - [DB_OP] Database session cleanup after 0.0126s
2026-03-03 16:47:56,262 - aiosqlite - DEBUG - executing functools.partial(<built-in method rollback of sqlite3.Connection object at 0x000002B4FBE8BC40>)
2026-03-03 16:47:56,263 - aiosqlite - DEBUG - operation functools.partial(<built-in method rollback of sqlite3.Connection object at 0x000002B4FBE8BC40>) completed
2026-03-03 16:47:56,263 - aiosqlite - DEBUG - executing functools.partial(<built-in method rollback of sqlite3.Connection object at 0x000002B4FBE8BC40>)
2026-03-03 16:47:56,263 - aiosqlite - DEBUG - operation functools.partial(<built-in method rollback of sqlite3.Connection object at 0x000002B4FBE8BC40>) completed
2026-03-03 16:47:56,263 - aiosqlite - DEBUG - executing functools.partial(<built-in method close of sqlite3.Connection object at 0x000002B4FBE8BC40>)
2026-03-03 16:47:56,264 - aiosqlite - DEBUG - operation functools.partial(<built-in method close of sqlite3.Connection object at 0x000002B4FBE8BC40>) completed
2026-03-03 16:47:56,264 - core.database - ERROR - Failed to create database session: (sqlite3.OperationalError) no such column: users.hashed_password
[SQL: SELECT users.id, users.email, users.name, users.role, users.created_at, users.last_login, users.hashed_password 
FROM users 
WHERE users.email = ?]
[parameters: ('khuojuin11@gmail.conm',)]
(Background on this error at: https://sqlalche.me/e/20/e3q8)
Traceback (most recent call last):
  File "D:\ASM1\.venv\Lib\site-packages\sqlalchemy\engine\base.py", line 1967, in _exec_single_context
    self.dialect.do_execute(
  File "D:\ASM1\.venv\Lib\site-packages\sqlalchemy\engine\default.py", line 941, in do_execute
    cursor.execute(statement, parameters)
  File "D:\ASM1\.venv\Lib\site-packages\sqlalchemy\dialects\sqlite\aiosqlite.py", line 147, in execute
    self._adapt_connection._handle_exception(error)
  File "D:\ASM1\.venv\Lib\site-packages\sqlalchemy\dialects\sqlite\aiosqlite.py", line 298, in _handle_exception
    raise error
  File "D:\ASM1\.venv\Lib\site-packages\sqlalchemy\dialects\sqlite\aiosqlite.py", line 129, in execute
    self.await_(_cursor.execute(operation, parameters))
  File "D:\ASM1\.venv\Lib\site-packages\sqlalchemy\util\_concurrency_py3k.py", line 132, in await_only
    return current.parent.switch(awaitable)  # type: ignore[no-any-return,attr-defined] # noqa: E501
           ^^^^^^^^^^^^^^^^^^^^^^^^^^^^^^^^
  File "D:\ASM1\.venv\Lib\site-packages\sqlalchemy\util\_concurrency_py3k.py", line 196, in greenlet_spawn
    value = await result
            ^^^^^^^^^^^^
  File "D:\ASM1\.venv\Lib\site-packages\aiosqlite\cursor.py", line 48, in execute
    await self._execute(self._cursor.execute, sql, parameters)
  File "D:\ASM1\.venv\Lib\site-packages\aiosqlite\cursor.py", line 40, in _execute
    return await self._conn._execute(fn, *args, **kwargs)
           ^^^^^^^^^^^^^^^^^^^^^^^^^^^^^^^^^^^^^^^^^^^^^^
  File "D:\ASM1\.venv\Lib\site-packages\aiosqlite\core.py", line 132, in _execute
    return await future
           ^^^^^^^^^^^^
  File "D:\ASM1\.venv\Lib\site-packages\aiosqlite\core.py", line 115, in run
    result = function()
             ^^^^^^^^^^
sqlite3.OperationalError: no such column: users.hashed_password

The above exception was the direct cause of the following exception:

Traceback (most recent call last):
  File "D:\ASM1\backend\core\database.py", line 542, in get_db
    yield session
  File "D:\ASM1\.venv\Lib\site-packages\fastapi\routing.py", line 301, in app
    raw_response = await run_endpoint_function(
                   ^^^^^^^^^^^^^^^^^^^^^^^^^^^^
  File "D:\ASM1\.venv\Lib\site-packages\fastapi\routing.py", line 212, in run_endpoint_function
    return await dependant.call(**values)
           ^^^^^^^^^^^^^^^^^^^^^^^^^^^^^^
  File "D:\ASM1\backend\routers\auth.py", line 342, in login_password
    result = await db.execute(select(User).where(User.email == user.email))
             ^^^^^^^^^^^^^^^^^^^^^^^^^^^^^^^^^^^^^^^^^^^^^^^^^^^^^^^^^^^^^^
  File "D:\ASM1\.venv\Lib\site-packages\sqlalchemy\ext\asyncio\session.py", line 461, in execute
    result = await greenlet_spawn(
             ^^^^^^^^^^^^^^^^^^^^^
  File "D:\ASM1\.venv\Lib\site-packages\sqlalchemy\util\_concurrency_py3k.py", line 201, in greenlet_spawn
    result = context.throw(*sys.exc_info())
             ^^^^^^^^^^^^^^^^^^^^^^^^^^^^^^
  File "D:\ASM1\.venv\Lib\site-packages\sqlalchemy\orm\session.py", line 2362, in execute
    return self._execute_internal(
           ^^^^^^^^^^^^^^^^^^^^^^^
  File "D:\ASM1\.venv\Lib\site-packages\sqlalchemy\orm\session.py", line 2247, in _execute_internal
    result: Result[Any] = compile_state_cls.orm_execute_statement(
                          ^^^^^^^^^^^^^^^^^^^^^^^^^^^^^^^^^^^^^^^^
  File "D:\ASM1\.venv\Lib\site-packages\sqlalchemy\orm\context.py", line 305, in orm_execute_statement
    result = conn.execute(
             ^^^^^^^^^^^^^
  File "D:\ASM1\.venv\Lib\site-packages\sqlalchemy\engine\base.py", line 1418, in execute
    return meth(
           ^^^^^
  File "D:\ASM1\.venv\Lib\site-packages\sqlalchemy\sql\elements.py", line 515, in _execute_on_connection
    return connection._execute_clauseelement(
           ^^^^^^^^^^^^^^^^^^^^^^^^^^^^^^^^^^
  File "D:\ASM1\.venv\Lib\site-packages\sqlalchemy\engine\base.py", line 1640, in _execute_clauseelement
    ret = self._execute_context(
          ^^^^^^^^^^^^^^^^^^^^^^
  File "D:\ASM1\.venv\Lib\site-packages\sqlalchemy\engine\base.py", line 1846, in _execute_context
    return self._exec_single_context(
           ^^^^^^^^^^^^^^^^^^^^^^^^^^
  File "D:\ASM1\.venv\Lib\site-packages\sqlalchemy\engine\base.py", line 1986, in _exec_single_context
    self._handle_dbapi_exception(
  File "D:\ASM1\.venv\Lib\site-packages\sqlalchemy\engine\base.py", line 2355, in _handle_dbapi_exception
    raise sqlalchemy_exception.with_traceback(exc_info[2]) from e
  File "D:\ASM1\.venv\Lib\site-packages\sqlalchemy\engine\base.py", line 1967, in _exec_single_context
    self.dialect.do_execute(
  File "D:\ASM1\.venv\Lib\site-packages\sqlalchemy\engine\default.py", line 941, in do_execute
    cursor.execute(statement, parameters)
  File "D:\ASM1\.venv\Lib\site-packages\sqlalchemy\dialects\sqlite\aiosqlite.py", line 147, in execute
    self._adapt_connection._handle_exception(error)
  File "D:\ASM1\.venv\Lib\site-packages\sqlalchemy\dialects\sqlite\aiosqlite.py", line 298, in _handle_exception
    raise error
  File "D:\ASM1\.venv\Lib\site-packages\sqlalchemy\dialects\sqlite\aiosqlite.py", line 129, in execute
    self.await_(_cursor.execute(operation, parameters))
  File "D:\ASM1\.venv\Lib\site-packages\sqlalchemy\util\_concurrency_py3k.py", line 132, in await_only
    return current.parent.switch(awaitable)  # type: ignore[no-any-return,attr-defined] # noqa: E501
           ^^^^^^^^^^^^^^^^^^^^^^^^^^^^^^^^
  File "D:\ASM1\.venv\Lib\site-packages\sqlalchemy\util\_concurrency_py3k.py", line 196, in greenlet_spawn
    value = await result
            ^^^^^^^^^^^^
  File "D:\ASM1\.venv\Lib\site-packages\aiosqlite\cursor.py", line 48, in execute
    await self._execute(self._cursor.execute, sql, parameters)
  File "D:\ASM1\.venv\Lib\site-packages\aiosqlite\cursor.py", line 40, in _execute
    return await self._conn._execute(fn, *args, **kwargs)
           ^^^^^^^^^^^^^^^^^^^^^^^^^^^^^^^^^^^^^^^^^^^^^^
  File "D:\ASM1\.venv\Lib\site-packages\aiosqlite\core.py", line 132, in _execute
    return await future
           ^^^^^^^^^^^^
  File "D:\ASM1\.venv\Lib\site-packages\aiosqlite\core.py", line 115, in run
    result = function()
             ^^^^^^^^^^
sqlalchemy.exc.OperationalError: (sqlite3.OperationalError) no such column: users.hashed_password
[SQL: SELECT users.id, users.email, users.name, users.role, users.created_at, users.last_login, users.hashed_password 
FROM users 
WHERE users.email = ?]
[parameters: ('khuojuin11@gmail.conm',)]
(Background on this error at: https://sqlalche.me/e/20/e3q8)
2026-03-03 16:47:56,435 - core.database - DEBUG - [DB_OP] Starting get_db session creation
2026-03-03 16:47:56,435 - core.database - DEBUG - [DB_OP] Database session created successfully in 0.0000s
2026-03-03 16:47:56,436 - aiosqlite - DEBUG - executing <function connect.<locals>.connector at 0x000002B4FC0EAB60>
2026-03-03 16:47:56,436 - aiosqlite - DEBUG - operation <function connect.<locals>.connector at 0x000002B4FC0EAB60> completed
2026-03-03 16:47:56,437 - aiosqlite - DEBUG - executing functools.partial(<built-in method create_function of sqlite3.Connection object at 0x000002B4FC1445E0>, 'regexp', 2, <function SQLiteDialect_pysqlite.on_connect.<locals>.regexp at 0x000002B4FBE180E0>, deterministic=True)
2026-03-03 16:47:56,437 - aiosqlite - DEBUG - operation functools.partial(<built-in method create_function of sqlite3.Connection object at 0x000002B4FC1445E0>, 'regexp', 2, <function SQLiteDialect_pysqlite.on_connect.<locals>.regexp at 0x000002B4FBE180E0>, deterministic=True) completed
2026-03-03 16:47:56,437 - aiosqlite - DEBUG - executing functools.partial(<built-in method create_function of sqlite3.Connection object at 0x000002B4FC1445E0>, 'floor', 1, <built-in function floor>, deterministic=True)
2026-03-03 16:47:56,438 - aiosqlite - DEBUG - operation functools.partial(<built-in method create_function of sqlite3.Connection object at 0x000002B4FC1445E0>, 'floor', 1, <built-in function floor>, deterministic=True) completed
2026-03-03 16:47:56,439 - aiosqlite - DEBUG - executing functools.partial(<built-in method cursor of sqlite3.Connection object at 0x000002B4FC1445E0>)
2026-03-03 16:47:56,439 - aiosqlite - DEBUG - operation functools.partial(<built-in method cursor of sqlite3.Connection object at 0x000002B4FC1445E0>) completed
2026-03-03 16:47:56,439 - aiosqlite - DEBUG - executing functools.partial(<built-in method execute of sqlite3.Cursor object at 0x000002B4FBE21440>, 'SELECT users.id, users.email, users.name, users.role, users.created_at, users.last_login, users.hashed_password \nFROM users \nWHERE users.email = ?', ('khuojuin11@gmail.conm',))
2026-03-03 16:47:56,440 - aiosqlite - DEBUG - returning exception no such column: users.hashed_password
2026-03-03 16:47:56,441 - core.database - ERROR - Database session error: (sqlite3.OperationalError) no such column: users.hashed_password
[SQL: SELECT users.id, users.email, users.name, users.role, users.created_at, users.last_login, users.hashed_password 
FROM users 
WHERE users.email = ?]
[parameters: ('khuojuin11@gmail.conm',)]
(Background on this error at: https://sqlalche.me/e/20/e3q8)
Traceback (most recent call last):
  File "D:\ASM1\.venv\Lib\site-packages\sqlalchemy\engine\base.py", line 1967, in _exec_single_context
    self.dialect.do_execute(
  File "D:\ASM1\.venv\Lib\site-packages\sqlalchemy\engine\default.py", line 941, in do_execute
    cursor.execute(statement, parameters)
  File "D:\ASM1\.venv\Lib\site-packages\sqlalchemy\dialects\sqlite\aiosqlite.py", line 147, in execute
    self._adapt_connection._handle_exception(error)
  File "D:\ASM1\.venv\Lib\site-packages\sqlalchemy\dialects\sqlite\aiosqlite.py", line 298, in _handle_exception
    raise error
  File "D:\ASM1\.venv\Lib\site-packages\sqlalchemy\dialects\sqlite\aiosqlite.py", line 129, in execute
    self.await_(_cursor.execute(operation, parameters))
  File "D:\ASM1\.venv\Lib\site-packages\sqlalchemy\util\_concurrency_py3k.py", line 132, in await_only
    return current.parent.switch(awaitable)  # type: ignore[no-any-return,attr-defined] # noqa: E501
           ^^^^^^^^^^^^^^^^^^^^^^^^^^^^^^^^
  File "D:\ASM1\.venv\Lib\site-packages\sqlalchemy\util\_concurrency_py3k.py", line 196, in greenlet_spawn
    value = await result
            ^^^^^^^^^^^^
  File "D:\ASM1\.venv\Lib\site-packages\aiosqlite\cursor.py", line 48, in execute
    await self._execute(self._cursor.execute, sql, parameters)
  File "D:\ASM1\.venv\Lib\site-packages\aiosqlite\cursor.py", line 40, in _execute
    return await self._conn._execute(fn, *args, **kwargs)
           ^^^^^^^^^^^^^^^^^^^^^^^^^^^^^^^^^^^^^^^^^^^^^^
  File "D:\ASM1\.venv\Lib\site-packages\aiosqlite\core.py", line 132, in _execute
    return await future
           ^^^^^^^^^^^^
  File "D:\ASM1\.venv\Lib\site-packages\aiosqlite\core.py", line 115, in run
    result = function()
             ^^^^^^^^^^
sqlite3.OperationalError: no such column: users.hashed_password

The above exception was the direct cause of the following exception:

Traceback (most recent call last):
  File "D:\ASM1\backend\core\database.py", line 542, in get_db
    yield session
  File "D:\ASM1\.venv\Lib\site-packages\fastapi\routing.py", line 301, in app
    raw_response = await run_endpoint_function(
                   ^^^^^^^^^^^^^^^^^^^^^^^^^^^^
  File "D:\ASM1\.venv\Lib\site-packages\fastapi\routing.py", line 212, in run_endpoint_function
    return await dependant.call(**values)
           ^^^^^^^^^^^^^^^^^^^^^^^^^^^^^^
  File "D:\ASM1\backend\routers\auth.py", line 342, in login_password
    result = await db.execute(select(User).where(User.email == user.email))
             ^^^^^^^^^^^^^^^^^^^^^^^^^^^^^^^^^^^^^^^^^^^^^^^^^^^^^^^^^^^^^^
  File "D:\ASM1\.venv\Lib\site-packages\sqlalchemy\ext\asyncio\session.py", line 461, in execute
    result = await greenlet_spawn(
             ^^^^^^^^^^^^^^^^^^^^^
  File "D:\ASM1\.venv\Lib\site-packages\sqlalchemy\util\_concurrency_py3k.py", line 201, in greenlet_spawn
    result = context.throw(*sys.exc_info())
             ^^^^^^^^^^^^^^^^^^^^^^^^^^^^^^
  File "D:\ASM1\.venv\Lib\site-packages\sqlalchemy\orm\session.py", line 2362, in execute
    return self._execute_internal(
           ^^^^^^^^^^^^^^^^^^^^^^^
  File "D:\ASM1\.venv\Lib\site-packages\sqlalchemy\orm\session.py", line 2247, in _execute_internal
    result: Result[Any] = compile_state_cls.orm_execute_statement(
                          ^^^^^^^^^^^^^^^^^^^^^^^^^^^^^^^^^^^^^^^^
  File "D:\ASM1\.venv\Lib\site-packages\sqlalchemy\orm\context.py", line 305, in orm_execute_statement
    result = conn.execute(
             ^^^^^^^^^^^^^
  File "D:\ASM1\.venv\Lib\site-packages\sqlalchemy\engine\base.py", line 1418, in execute
    return meth(
           ^^^^^
  File "D:\ASM1\.venv\Lib\site-packages\sqlalchemy\sql\elements.py", line 515, in _execute_on_connection
    return connection._execute_clauseelement(
           ^^^^^^^^^^^^^^^^^^^^^^^^^^^^^^^^^^
  File "D:\ASM1\.venv\Lib\site-packages\sqlalchemy\engine\base.py", line 1640, in _execute_clauseelement
    ret = self._execute_context(
          ^^^^^^^^^^^^^^^^^^^^^^
  File "D:\ASM1\.venv\Lib\site-packages\sqlalchemy\engine\base.py", line 1846, in _execute_context
    return self._exec_single_context(
           ^^^^^^^^^^^^^^^^^^^^^^^^^^
  File "D:\ASM1\.venv\Lib\site-packages\sqlalchemy\engine\base.py", line 1986, in _exec_single_context
    self._handle_dbapi_exception(
  File "D:\ASM1\.venv\Lib\site-packages\sqlalchemy\engine\base.py", line 2355, in _handle_dbapi_exception
    raise sqlalchemy_exception.with_traceback(exc_info[2]) from e
  File "D:\ASM1\.venv\Lib\site-packages\sqlalchemy\engine\base.py", line 1967, in _exec_single_context
    self.dialect.do_execute(
  File "D:\ASM1\.venv\Lib\site-packages\sqlalchemy\engine\default.py", line 941, in do_execute
    cursor.execute(statement, parameters)
  File "D:\ASM1\.venv\Lib\site-packages\sqlalchemy\dialects\sqlite\aiosqlite.py", line 147, in execute
    self._adapt_connection._handle_exception(error)
  File "D:\ASM1\.venv\Lib\site-packages\sqlalchemy\dialects\sqlite\aiosqlite.py", line 298, in _handle_exception
    raise error
  File "D:\ASM1\.venv\Lib\site-packages\sqlalchemy\dialects\sqlite\aiosqlite.py", line 129, in execute
    self.await_(_cursor.execute(operation, parameters))
  File "D:\ASM1\.venv\Lib\site-packages\sqlalchemy\util\_concurrency_py3k.py", line 132, in await_only
    return current.parent.switch(awaitable)  # type: ignore[no-any-return,attr-defined] # noqa: E501
           ^^^^^^^^^^^^^^^^^^^^^^^^^^^^^^^^
  File "D:\ASM1\.venv\Lib\site-packages\sqlalchemy\util\_concurrency_py3k.py", line 196, in greenlet_spawn
    value = await result
            ^^^^^^^^^^^^
  File "D:\ASM1\.venv\Lib\site-packages\aiosqlite\cursor.py", line 48, in execute
    await self._execute(self._cursor.execute, sql, parameters)
  File "D:\ASM1\.venv\Lib\site-packages\aiosqlite\cursor.py", line 40, in _execute
    return await self._conn._execute(fn, *args, **kwargs)
           ^^^^^^^^^^^^^^^^^^^^^^^^^^^^^^^^^^^^^^^^^^^^^^
  File "D:\ASM1\.venv\Lib\site-packages\aiosqlite\core.py", line 132, in _execute
    return await future
           ^^^^^^^^^^^^
  File "D:\ASM1\.venv\Lib\site-packages\aiosqlite\core.py", line 115, in run
    result = function()
             ^^^^^^^^^^
sqlalchemy.exc.OperationalError: (sqlite3.OperationalError) no such column: users.hashed_password
[SQL: SELECT users.id, users.email, users.name, users.role, users.created_at, users.last_login, users.hashed_password 
FROM users 
WHERE users.email = ?]
[parameters: ('khuojuin11@gmail.conm',)]
(Background on this error at: https://sqlalche.me/e/20/e3q8)
2026-03-03 16:47:56,448 - core.database - DEBUG - [DB_OP] Database session cleanup after 0.0130s
2026-03-03 16:47:56,449 - aiosqlite - DEBUG - executing functools.partial(<built-in method rollback of sqlite3.Connection object at 0x000002B4FC1445E0>)
2026-03-03 16:47:56,449 - aiosqlite - DEBUG - operation functools.partial(<built-in method rollback of sqlite3.Connection object at 0x000002B4FC1445E0>) completed
2026-03-03 16:47:56,449 - aiosqlite - DEBUG - executing functools.partial(<built-in method rollback of sqlite3.Connection object at 0x000002B4FC1445E0>)
2026-03-03 16:47:56,450 - aiosqlite - DEBUG - operation functools.partial(<built-in method rollback of sqlite3.Connection object at 0x000002B4FC1445E0>) completed
2026-03-03 16:47:56,450 - aiosqlite - DEBUG - executing functools.partial(<built-in method close of sqlite3.Connection object at 0x000002B4FC1445E0>)
2026-03-03 16:47:56,450 - aiosqlite - DEBUG - operation functools.partial(<built-in method close of sqlite3.Connection object at 0x000002B4FC1445E0>) completed
2026-03-03 16:47:56,451 - core.database - ERROR - Failed to create database session: (sqlite3.OperationalError) no such column: users.hashed_password
[SQL: SELECT users.id, users.email, users.name, users.role, users.created_at, users.last_login, users.hashed_password 
FROM users 
WHERE users.email = ?]
[parameters: ('khuojuin11@gmail.conm',)]
(Background on this error at: https://sqlalche.me/e/20/e3q8)
Traceback (most recent call last):
  File "D:\ASM1\.venv\Lib\site-packages\sqlalchemy\engine\base.py", line 1967, in _exec_single_context
    self.dialect.do_execute(
  File "D:\ASM1\.venv\Lib\site-packages\sqlalchemy\engine\default.py", line 941, in do_execute
    cursor.execute(statement, parameters)
  File "D:\ASM1\.venv\Lib\site-packages\sqlalchemy\dialects\sqlite\aiosqlite.py", line 147, in execute
    self._adapt_connection._handle_exception(error)
  File "D:\ASM1\.venv\Lib\site-packages\sqlalchemy\dialects\sqlite\aiosqlite.py", line 298, in _handle_exception
    raise error
  File "D:\ASM1\.venv\Lib\site-packages\sqlalchemy\dialects\sqlite\aiosqlite.py", line 129, in execute
    self.await_(_cursor.execute(operation, parameters))
  File "D:\ASM1\.venv\Lib\site-packages\sqlalchemy\util\_concurrency_py3k.py", line 132, in await_only
    return current.parent.switch(awaitable)  # type: ignore[no-any-return,attr-defined] # noqa: E501
           ^^^^^^^^^^^^^^^^^^^^^^^^^^^^^^^^
  File "D:\ASM1\.venv\Lib\site-packages\sqlalchemy\util\_concurrency_py3k.py", line 196, in greenlet_spawn
    value = await result
            ^^^^^^^^^^^^
  File "D:\ASM1\.venv\Lib\site-packages\aiosqlite\cursor.py", line 48, in execute
    await self._execute(self._cursor.execute, sql, parameters)
  File "D:\ASM1\.venv\Lib\site-packages\aiosqlite\cursor.py", line 40, in _execute
    return await self._conn._execute(fn, *args, **kwargs)
           ^^^^^^^^^^^^^^^^^^^^^^^^^^^^^^^^^^^^^^^^^^^^^^
  File "D:\ASM1\.venv\Lib\site-packages\aiosqlite\core.py", line 132, in _execute
    return await future
           ^^^^^^^^^^^^
  File "D:\ASM1\.venv\Lib\site-packages\aiosqlite\core.py", line 115, in run
    result = function()
             ^^^^^^^^^^
sqlite3.OperationalError: no such column: users.hashed_password

The above exception was the direct cause of the following exception:

Traceback (most recent call last):
  File "D:\ASM1\backend\core\database.py", line 542, in get_db
    yield session
  File "D:\ASM1\.venv\Lib\site-packages\fastapi\routing.py", line 301, in app
    raw_response = await run_endpoint_function(
                   ^^^^^^^^^^^^^^^^^^^^^^^^^^^^
  File "D:\ASM1\.venv\Lib\site-packages\fastapi\routing.py", line 212, in run_endpoint_function
    return await dependant.call(**values)
           ^^^^^^^^^^^^^^^^^^^^^^^^^^^^^^
  File "D:\ASM1\backend\routers\auth.py", line 342, in login_password
    result = await db.execute(select(User).where(User.email == user.email))
             ^^^^^^^^^^^^^^^^^^^^^^^^^^^^^^^^^^^^^^^^^^^^^^^^^^^^^^^^^^^^^^
  File "D:\ASM1\.venv\Lib\site-packages\sqlalchemy\ext\asyncio\session.py", line 461, in execute
    result = await greenlet_spawn(
             ^^^^^^^^^^^^^^^^^^^^^
  File "D:\ASM1\.venv\Lib\site-packages\sqlalchemy\util\_concurrency_py3k.py", line 201, in greenlet_spawn
    result = context.throw(*sys.exc_info())
             ^^^^^^^^^^^^^^^^^^^^^^^^^^^^^^
  File "D:\ASM1\.venv\Lib\site-packages\sqlalchemy\orm\session.py", line 2362, in execute
    return self._execute_internal(
           ^^^^^^^^^^^^^^^^^^^^^^^
  File "D:\ASM1\.venv\Lib\site-packages\sqlalchemy\orm\session.py", line 2247, in _execute_internal
    result: Result[Any] = compile_state_cls.orm_execute_statement(
                          ^^^^^^^^^^^^^^^^^^^^^^^^^^^^^^^^^^^^^^^^
  File "D:\ASM1\.venv\Lib\site-packages\sqlalchemy\orm\context.py", line 305, in orm_execute_statement
    result = conn.execute(
             ^^^^^^^^^^^^^
  File "D:\ASM1\.venv\Lib\site-packages\sqlalchemy\engine\base.py", line 1418, in execute
    return meth(
           ^^^^^
  File "D:\ASM1\.venv\Lib\site-packages\sqlalchemy\sql\elements.py", line 515, in _execute_on_connection
    return connection._execute_clauseelement(
           ^^^^^^^^^^^^^^^^^^^^^^^^^^^^^^^^^^
  File "D:\ASM1\.venv\Lib\site-packages\sqlalchemy\engine\base.py", line 1640, in _execute_clauseelement
    ret = self._execute_context(
          ^^^^^^^^^^^^^^^^^^^^^^
  File "D:\ASM1\.venv\Lib\site-packages\sqlalchemy\engine\base.py", line 1846, in _execute_context
    return self._exec_single_context(
           ^^^^^^^^^^^^^^^^^^^^^^^^^^
  File "D:\ASM1\.venv\Lib\site-packages\sqlalchemy\engine\base.py", line 1986, in _exec_single_context
    self._handle_dbapi_exception(
  File "D:\ASM1\.venv\Lib\site-packages\sqlalchemy\engine\base.py", line 2355, in _handle_dbapi_exception
    raise sqlalchemy_exception.with_traceback(exc_info[2]) from e
  File "D:\ASM1\.venv\Lib\site-packages\sqlalchemy\engine\base.py", line 1967, in _exec_single_context
    self.dialect.do_execute(
  File "D:\ASM1\.venv\Lib\site-packages\sqlalchemy\engine\default.py", line 941, in do_execute
    cursor.execute(statement, parameters)
  File "D:\ASM1\.venv\Lib\site-packages\sqlalchemy\dialects\sqlite\aiosqlite.py", line 147, in execute
    self._adapt_connection._handle_exception(error)
  File "D:\ASM1\.venv\Lib\site-packages\sqlalchemy\dialects\sqlite\aiosqlite.py", line 298, in _handle_exception
    raise error
  File "D:\ASM1\.venv\Lib\site-packages\sqlalchemy\dialects\sqlite\aiosqlite.py", line 129, in execute
    self.await_(_cursor.execute(operation, parameters))
  File "D:\ASM1\.venv\Lib\site-packages\sqlalchemy\util\_concurrency_py3k.py", line 132, in await_only
    return current.parent.switch(awaitable)  # type: ignore[no-any-return,attr-defined] # noqa: E501
           ^^^^^^^^^^^^^^^^^^^^^^^^^^^^^^^^
  File "D:\ASM1\.venv\Lib\site-packages\sqlalchemy\util\_concurrency_py3k.py", line 196, in greenlet_spawn
    value = await result
            ^^^^^^^^^^^^
  File "D:\ASM1\.venv\Lib\site-packages\aiosqlite\cursor.py", line 48, in execute
    await self._execute(self._cursor.execute, sql, parameters)
  File "D:\ASM1\.venv\Lib\site-packages\aiosqlite\cursor.py", line 40, in _execute
    return await self._conn._execute(fn, *args, **kwargs)
           ^^^^^^^^^^^^^^^^^^^^^^^^^^^^^^^^^^^^^^^^^^^^^^
  File "D:\ASM1\.venv\Lib\site-packages\aiosqlite\core.py", line 132, in _execute
    return await future
           ^^^^^^^^^^^^
  File "D:\ASM1\.venv\Lib\site-packages\aiosqlite\core.py", line 115, in run
    result = function()
             ^^^^^^^^^^
sqlalchemy.exc.OperationalError: (sqlite3.OperationalError) no such column: users.hashed_password
[SQL: SELECT users.id, users.email, users.name, users.role, users.created_at, users.last_login, users.hashed_password 
FROM users 
WHERE users.email = ?]
[parameters: ('khuojuin11@gmail.conm',)]
(Background on this error at: https://sqlalche.me/e/20/e3q8)
2026-03-03 16:47:58,523 - core.database - DEBUG - [DB_OP] Starting get_db session creation
2026-03-03 16:47:58,523 - core.database - DEBUG - [DB_OP] Database session created successfully in 0.0000s
2026-03-03 16:47:58,525 - aiosqlite - DEBUG - executing <function connect.<locals>.connector at 0x000002B4FC0EAFC0>
2026-03-03 16:47:58,525 - aiosqlite - DEBUG - operation <function connect.<locals>.connector at 0x000002B4FC0EAFC0> completed
2026-03-03 16:47:58,526 - aiosqlite - DEBUG - executing functools.partial(<built-in method create_function of sqlite3.Connection object at 0x000002B4FBE8A2F0>, 'regexp', 2, <function SQLiteDialect_pysqlite.on_connect.<locals>.regexp at 0x000002B4FBE180E0>, deterministic=True)
2026-03-03 16:47:58,527 - aiosqlite - DEBUG - operation functools.partial(<built-in method create_function of sqlite3.Connection object at 0x000002B4FBE8A2F0>, 'regexp', 2, <function SQLiteDialect_pysqlite.on_connect.<locals>.regexp at 0x000002B4FBE180E0>, deterministic=True) completed
2026-03-03 16:47:58,527 - aiosqlite - DEBUG - executing functools.partial(<built-in method create_function of sqlite3.Connection object at 0x000002B4FBE8A2F0>, 'floor', 1, <built-in function floor>, deterministic=True)
2026-03-03 16:47:58,528 - aiosqlite - DEBUG - operation functools.partial(<built-in method create_function of sqlite3.Connection object at 0x000002B4FBE8A2F0>, 'floor', 1, <built-in function floor>, deterministic=True) completed
2026-03-03 16:47:58,530 - aiosqlite - DEBUG - executing functools.partial(<built-in method cursor of sqlite3.Connection object at 0x000002B4FBE8A2F0>)
2026-03-03 16:47:58,530 - aiosqlite - DEBUG - operation functools.partial(<built-in method cursor of sqlite3.Connection object at 0x000002B4FBE8A2F0>) completed
2026-03-03 16:47:58,531 - aiosqlite - DEBUG - executing functools.partial(<built-in method execute of sqlite3.Cursor object at 0x000002B4FBD47A40>, 'SELECT users.id, users.email, users.name, users.role, users.created_at, users.last_login, users.hashed_password \nFROM users \nWHERE users.role = ?', ('admin',))
2026-03-03 16:47:58,531 - aiosqlite - DEBUG - returning exception no such column: users.hashed_password
2026-03-03 16:47:58,532 - core.database - ERROR - Database session error: (sqlite3.OperationalError) no such column: users.hashed_password
[SQL: SELECT users.id, users.email, users.name, users.role, users.created_at, users.last_login, users.hashed_password 
FROM users 
WHERE users.role = ?]
[parameters: ('admin',)]
(Background on this error at: https://sqlalche.me/e/20/e3q8)
Traceback (most recent call last):
  File "D:\ASM1\.venv\Lib\site-packages\sqlalchemy\engine\base.py", line 1967, in _exec_single_context
    self.dialect.do_execute(
  File "D:\ASM1\.venv\Lib\site-packages\sqlalchemy\engine\default.py", line 941, in do_execute
    cursor.execute(statement, parameters)
  File "D:\ASM1\.venv\Lib\site-packages\sqlalchemy\dialects\sqlite\aiosqlite.py", line 147, in execute
    self._adapt_connection._handle_exception(error)
  File "D:\ASM1\.venv\Lib\site-packages\sqlalchemy\dialects\sqlite\aiosqlite.py", line 298, in _handle_exception
    raise error
  File "D:\ASM1\.venv\Lib\site-packages\sqlalchemy\dialects\sqlite\aiosqlite.py", line 129, in execute
    self.await_(_cursor.execute(operation, parameters))
  File "D:\ASM1\.venv\Lib\site-packages\sqlalchemy\util\_concurrency_py3k.py", line 132, in await_only
    return current.parent.switch(awaitable)  # type: ignore[no-any-return,attr-defined] # noqa: E501
           ^^^^^^^^^^^^^^^^^^^^^^^^^^^^^^^^
  File "D:\ASM1\.venv\Lib\site-packages\sqlalchemy\util\_concurrency_py3k.py", line 196, in greenlet_spawn
    value = await result
            ^^^^^^^^^^^^
  File "D:\ASM1\.venv\Lib\site-packages\aiosqlite\cursor.py", line 48, in execute
    await self._execute(self._cursor.execute, sql, parameters)
  File "D:\ASM1\.venv\Lib\site-packages\aiosqlite\cursor.py", line 40, in _execute
    return await self._conn._execute(fn, *args, **kwargs)
           ^^^^^^^^^^^^^^^^^^^^^^^^^^^^^^^^^^^^^^^^^^^^^^
  File "D:\ASM1\.venv\Lib\site-packages\aiosqlite\core.py", line 132, in _execute
    return await future
           ^^^^^^^^^^^^
  File "D:\ASM1\.venv\Lib\site-packages\aiosqlite\core.py", line 115, in run
    result = function()
             ^^^^^^^^^^
sqlite3.OperationalError: no such column: users.hashed_password

The above exception was the direct cause of the following exception:

Traceback (most recent call last):
  File "D:\ASM1\backend\core\database.py", line 542, in get_db
    yield session
  File "D:\ASM1\.venv\Lib\site-packages\fastapi\routing.py", line 301, in app
    raw_response = await run_endpoint_function(
                   ^^^^^^^^^^^^^^^^^^^^^^^^^^^^
  File "D:\ASM1\.venv\Lib\site-packages\fastapi\routing.py", line 212, in run_endpoint_function
    return await dependant.call(**values)
           ^^^^^^^^^^^^^^^^^^^^^^^^^^^^^^
  File "D:\ASM1\backend\routers\auth.py", line 336, in login_password
    result = await db.execute(select(User).where(User.role == "admin"))
             ^^^^^^^^^^^^^^^^^^^^^^^^^^^^^^^^^^^^^^^^^^^^^^^^^^^^^^^^^^
  File "D:\ASM1\.venv\Lib\site-packages\sqlalchemy\ext\asyncio\session.py", line 461, in execute
    result = await greenlet_spawn(
             ^^^^^^^^^^^^^^^^^^^^^
  File "D:\ASM1\.venv\Lib\site-packages\sqlalchemy\util\_concurrency_py3k.py", line 201, in greenlet_spawn
    result = context.throw(*sys.exc_info())
             ^^^^^^^^^^^^^^^^^^^^^^^^^^^^^^
  File "D:\ASM1\.venv\Lib\site-packages\sqlalchemy\orm\session.py", line 2362, in execute
    return self._execute_internal(
           ^^^^^^^^^^^^^^^^^^^^^^^
  File "D:\ASM1\.venv\Lib\site-packages\sqlalchemy\orm\session.py", line 2247, in _execute_internal
    result: Result[Any] = compile_state_cls.orm_execute_statement(
                          ^^^^^^^^^^^^^^^^^^^^^^^^^^^^^^^^^^^^^^^^
  File "D:\ASM1\.venv\Lib\site-packages\sqlalchemy\orm\context.py", line 305, in orm_execute_statement
    result = conn.execute(
             ^^^^^^^^^^^^^
  File "D:\ASM1\.venv\Lib\site-packages\sqlalchemy\engine\base.py", line 1418, in execute
    return meth(
           ^^^^^
  File "D:\ASM1\.venv\Lib\site-packages\sqlalchemy\sql\elements.py", line 515, in _execute_on_connection
    return connection._execute_clauseelement(
           ^^^^^^^^^^^^^^^^^^^^^^^^^^^^^^^^^^
  File "D:\ASM1\.venv\Lib\site-packages\sqlalchemy\engine\base.py", line 1640, in _execute_clauseelement
    ret = self._execute_context(
          ^^^^^^^^^^^^^^^^^^^^^^
  File "D:\ASM1\.venv\Lib\site-packages\sqlalchemy\engine\base.py", line 1846, in _execute_context
    return self._exec_single_context(
           ^^^^^^^^^^^^^^^^^^^^^^^^^^
  File "D:\ASM1\.venv\Lib\site-packages\sqlalchemy\engine\base.py", line 1986, in _exec_single_context
    self._handle_dbapi_exception(
  File "D:\ASM1\.venv\Lib\site-packages\sqlalchemy\engine\base.py", line 2355, in _handle_dbapi_exception
    raise sqlalchemy_exception.with_traceback(exc_info[2]) from e
  File "D:\ASM1\.venv\Lib\site-packages\sqlalchemy\engine\base.py", line 1967, in _exec_single_context
    self.dialect.do_execute(
  File "D:\ASM1\.venv\Lib\site-packages\sqlalchemy\engine\default.py", line 941, in do_execute
    cursor.execute(statement, parameters)
  File "D:\ASM1\.venv\Lib\site-packages\sqlalchemy\dialects\sqlite\aiosqlite.py", line 147, in execute
    self._adapt_connection._handle_exception(error)
  File "D:\ASM1\.venv\Lib\site-packages\sqlalchemy\dialects\sqlite\aiosqlite.py", line 298, in _handle_exception
    raise error
  File "D:\ASM1\.venv\Lib\site-packages\sqlalchemy\dialects\sqlite\aiosqlite.py", line 129, in execute
    self.await_(_cursor.execute(operation, parameters))
  File "D:\ASM1\.venv\Lib\site-packages\sqlalchemy\util\_concurrency_py3k.py", line 132, in await_only
    return current.parent.switch(awaitable)  # type: ignore[no-any-return,attr-defined] # noqa: E501
           ^^^^^^^^^^^^^^^^^^^^^^^^^^^^^^^^
  File "D:\ASM1\.venv\Lib\site-packages\sqlalchemy\util\_concurrency_py3k.py", line 196, in greenlet_spawn
    value = await result
            ^^^^^^^^^^^^
  File "D:\ASM1\.venv\Lib\site-packages\aiosqlite\cursor.py", line 48, in execute
    await self._execute(self._cursor.execute, sql, parameters)
  File "D:\ASM1\.venv\Lib\site-packages\aiosqlite\cursor.py", line 40, in _execute
    return await self._conn._execute(fn, *args, **kwargs)
           ^^^^^^^^^^^^^^^^^^^^^^^^^^^^^^^^^^^^^^^^^^^^^^
  File "D:\ASM1\.venv\Lib\site-packages\aiosqlite\core.py", line 132, in _execute
    return await future
           ^^^^^^^^^^^^
  File "D:\ASM1\.venv\Lib\site-packages\aiosqlite\core.py", line 115, in run
    result = function()
             ^^^^^^^^^^
sqlalchemy.exc.OperationalError: (sqlite3.OperationalError) no such column: users.hashed_password
[SQL: SELECT users.id, users.email, users.name, users.role, users.created_at, users.last_login, users.hashed_password 
FROM users 
WHERE users.role = ?]
[parameters: ('admin',)]
(Background on this error at: https://sqlalche.me/e/20/e3q8)
2026-03-03 16:47:58,539 - core.database - DEBUG - [DB_OP] Database session cleanup after 0.0159s
2026-03-03 16:47:58,539 - aiosqlite - DEBUG - executing functools.partial(<built-in method rollback of sqlite3.Connection object at 0x000002B4FBE8A2F0>)
2026-03-03 16:47:58,539 - aiosqlite - DEBUG - operation functools.partial(<built-in method rollback of sqlite3.Connection object at 0x000002B4FBE8A2F0>) completed
2026-03-03 16:47:58,539 - aiosqlite - DEBUG - executing functools.partial(<built-in method rollback of sqlite3.Connection object at 0x000002B4FBE8A2F0>)
2026-03-03 16:47:58,540 - aiosqlite - DEBUG - operation functools.partial(<built-in method rollback of sqlite3.Connection object at 0x000002B4FBE8A2F0>) completed
2026-03-03 16:47:58,540 - aiosqlite - DEBUG - executing functools.partial(<built-in method close of sqlite3.Connection object at 0x000002B4FBE8A2F0>)
2026-03-03 16:47:58,540 - aiosqlite - DEBUG - operation functools.partial(<built-in method close of sqlite3.Connection object at 0x000002B4FBE8A2F0>) completed
2026-03-03 16:47:58,541 - core.database - ERROR - Failed to create database session: (sqlite3.OperationalError) no such column: users.hashed_password
[SQL: SELECT users.id, users.email, users.name, users.role, users.created_at, users.last_login, users.hashed_password 
FROM users 
WHERE users.role = ?]
[parameters: ('admin',)]
(Background on this error at: https://sqlalche.me/e/20/e3q8)
Traceback (most recent call last):
  File "D:\ASM1\.venv\Lib\site-packages\sqlalchemy\engine\base.py", line 1967, in _exec_single_context
    self.dialect.do_execute(
  File "D:\ASM1\.venv\Lib\site-packages\sqlalchemy\engine\default.py", line 941, in do_execute
    cursor.execute(statement, parameters)
  File "D:\ASM1\.venv\Lib\site-packages\sqlalchemy\dialects\sqlite\aiosqlite.py", line 147, in execute
    self._adapt_connection._handle_exception(error)
  File "D:\ASM1\.venv\Lib\site-packages\sqlalchemy\dialects\sqlite\aiosqlite.py", line 298, in _handle_exception
    raise error
  File "D:\ASM1\.venv\Lib\site-packages\sqlalchemy\dialects\sqlite\aiosqlite.py", line 129, in execute
    self.await_(_cursor.execute(operation, parameters))
  File "D:\ASM1\.venv\Lib\site-packages\sqlalchemy\util\_concurrency_py3k.py", line 132, in await_only
    return current.parent.switch(awaitable)  # type: ignore[no-any-return,attr-defined] # noqa: E501
           ^^^^^^^^^^^^^^^^^^^^^^^^^^^^^^^^
  File "D:\ASM1\.venv\Lib\site-packages\sqlalchemy\util\_concurrency_py3k.py", line 196, in greenlet_spawn
    value = await result
            ^^^^^^^^^^^^
  File "D:\ASM1\.venv\Lib\site-packages\aiosqlite\cursor.py", line 48, in execute
    await self._execute(self._cursor.execute, sql, parameters)
  File "D:\ASM1\.venv\Lib\site-packages\aiosqlite\cursor.py", line 40, in _execute
    return await self._conn._execute(fn, *args, **kwargs)
           ^^^^^^^^^^^^^^^^^^^^^^^^^^^^^^^^^^^^^^^^^^^^^^
  File "D:\ASM1\.venv\Lib\site-packages\aiosqlite\core.py", line 132, in _execute
    return await future
           ^^^^^^^^^^^^
  File "D:\ASM1\.venv\Lib\site-packages\aiosqlite\core.py", line 115, in run
    result = function()
             ^^^^^^^^^^
sqlite3.OperationalError: no such column: users.hashed_password

The above exception was the direct cause of the following exception:

Traceback (most recent call last):
  File "D:\ASM1\backend\core\database.py", line 542, in get_db
    yield session
  File "D:\ASM1\.venv\Lib\site-packages\fastapi\routing.py", line 301, in app
    raw_response = await run_endpoint_function(
                   ^^^^^^^^^^^^^^^^^^^^^^^^^^^^
  File "D:\ASM1\.venv\Lib\site-packages\fastapi\routing.py", line 212, in run_endpoint_function
    return await dependant.call(**values)
           ^^^^^^^^^^^^^^^^^^^^^^^^^^^^^^
  File "D:\ASM1\backend\routers\auth.py", line 336, in login_password
    result = await db.execute(select(User).where(User.role == "admin"))
             ^^^^^^^^^^^^^^^^^^^^^^^^^^^^^^^^^^^^^^^^^^^^^^^^^^^^^^^^^^
  File "D:\ASM1\.venv\Lib\site-packages\sqlalchemy\ext\asyncio\session.py", line 461, in execute
    result = await greenlet_spawn(
             ^^^^^^^^^^^^^^^^^^^^^
  File "D:\ASM1\.venv\Lib\site-packages\sqlalchemy\util\_concurrency_py3k.py", line 201, in greenlet_spawn
    result = context.throw(*sys.exc_info())
             ^^^^^^^^^^^^^^^^^^^^^^^^^^^^^^
  File "D:\ASM1\.venv\Lib\site-packages\sqlalchemy\orm\session.py", line 2362, in execute
    return self._execute_internal(
           ^^^^^^^^^^^^^^^^^^^^^^^
  File "D:\ASM1\.venv\Lib\site-packages\sqlalchemy\orm\session.py", line 2247, in _execute_internal
    result: Result[Any] = compile_state_cls.orm_execute_statement(
                          ^^^^^^^^^^^^^^^^^^^^^^^^^^^^^^^^^^^^^^^^
  File "D:\ASM1\.venv\Lib\site-packages\sqlalchemy\orm\context.py", line 305, in orm_execute_statement
    result = conn.execute(
             ^^^^^^^^^^^^^
  File "D:\ASM1\.venv\Lib\site-packages\sqlalchemy\engine\base.py", line 1418, in execute
    return meth(
           ^^^^^
  File "D:\ASM1\.venv\Lib\site-packages\sqlalchemy\sql\elements.py", line 515, in _execute_on_connection
    return connection._execute_clauseelement(
           ^^^^^^^^^^^^^^^^^^^^^^^^^^^^^^^^^^
  File "D:\ASM1\.venv\Lib\site-packages\sqlalchemy\engine\base.py", line 1640, in _execute_clauseelement
    ret = self._execute_context(
          ^^^^^^^^^^^^^^^^^^^^^^
  File "D:\ASM1\.venv\Lib\site-packages\sqlalchemy\engine\base.py", line 1846, in _execute_context
    return self._exec_single_context(
           ^^^^^^^^^^^^^^^^^^^^^^^^^^
  File "D:\ASM1\.venv\Lib\site-packages\sqlalchemy\engine\base.py", line 1986, in _exec_single_context
    self._handle_dbapi_exception(
  File "D:\ASM1\.venv\Lib\site-packages\sqlalchemy\engine\base.py", line 2355, in _handle_dbapi_exception
    raise sqlalchemy_exception.with_traceback(exc_info[2]) from e
  File "D:\ASM1\.venv\Lib\site-packages\sqlalchemy\engine\base.py", line 1967, in _exec_single_context
    self.dialect.do_execute(
  File "D:\ASM1\.venv\Lib\site-packages\sqlalchemy\engine\default.py", line 941, in do_execute
    cursor.execute(statement, parameters)
  File "D:\ASM1\.venv\Lib\site-packages\sqlalchemy\dialects\sqlite\aiosqlite.py", line 147, in execute
    self._adapt_connection._handle_exception(error)
  File "D:\ASM1\.venv\Lib\site-packages\sqlalchemy\dialects\sqlite\aiosqlite.py", line 298, in _handle_exception
    raise error
  File "D:\ASM1\.venv\Lib\site-packages\sqlalchemy\dialects\sqlite\aiosqlite.py", line 129, in execute
    self.await_(_cursor.execute(operation, parameters))
  File "D:\ASM1\.venv\Lib\site-packages\sqlalchemy\util\_concurrency_py3k.py", line 132, in await_only
    return current.parent.switch(awaitable)  # type: ignore[no-any-return,attr-defined] # noqa: E501
           ^^^^^^^^^^^^^^^^^^^^^^^^^^^^^^^^
  File "D:\ASM1\.venv\Lib\site-packages\sqlalchemy\util\_concurrency_py3k.py", line 196, in greenlet_spawn
    value = await result
            ^^^^^^^^^^^^
  File "D:\ASM1\.venv\Lib\site-packages\aiosqlite\cursor.py", line 48, in execute
    await self._execute(self._cursor.execute, sql, parameters)
  File "D:\ASM1\.venv\Lib\site-packages\aiosqlite\cursor.py", line 40, in _execute
    return await self._conn._execute(fn, *args, **kwargs)
           ^^^^^^^^^^^^^^^^^^^^^^^^^^^^^^^^^^^^^^^^^^^^^^
  File "D:\ASM1\.venv\Lib\site-packages\aiosqlite\core.py", line 132, in _execute
    return await future
           ^^^^^^^^^^^^
  File "D:\ASM1\.venv\Lib\site-packages\aiosqlite\core.py", line 115, in run
    result = function()
             ^^^^^^^^^^
sqlalchemy.exc.OperationalError: (sqlite3.OperationalError) no such column: users.hashed_password
[SQL: SELECT users.id, users.email, users.name, users.role, users.created_at, users.last_login, users.hashed_password 
FROM users 
WHERE users.role = ?]
[parameters: ('admin',)]
(Background on this error at: https://sqlalche.me/e/20/e3q8)
2026-03-03 16:48:12,332 - core.database - DEBUG - [DB_OP] Starting get_db session creation
2026-03-03 16:48:12,332 - core.database - DEBUG - [DB_OP] Database session created successfully in 0.0000s
2026-03-03 16:48:12,333 - aiosqlite - DEBUG - executing <function connect.<locals>.connector at 0x000002B4FC0EB4C0>
2026-03-03 16:48:12,334 - aiosqlite - DEBUG - operation <function connect.<locals>.connector at 0x000002B4FC0EB4C0> completed
2026-03-03 16:48:12,334 - aiosqlite - DEBUG - executing functools.partial(<built-in method create_function of sqlite3.Connection object at 0x000002B4FBE89990>, 'regexp', 2, <function SQLiteDialect_pysqlite.on_connect.<locals>.regexp at 0x000002B4FBE180E0>, deterministic=True)
2026-03-03 16:48:12,334 - aiosqlite - DEBUG - operation functools.partial(<built-in method create_function of sqlite3.Connection object at 0x000002B4FBE89990>, 'regexp', 2, <function SQLiteDialect_pysqlite.on_connect.<locals>.regexp at 0x000002B4FBE180E0>, deterministic=True) completed
2026-03-03 16:48:12,335 - aiosqlite - DEBUG - executing functools.partial(<built-in method create_function of sqlite3.Connection object at 0x000002B4FBE89990>, 'floor', 1, <built-in function floor>, deterministic=True)
2026-03-03 16:48:12,335 - aiosqlite - DEBUG - operation functools.partial(<built-in method create_function of sqlite3.Connection object at 0x000002B4FBE89990>, 'floor', 1, <built-in function floor>, deterministic=True) completed
2026-03-03 16:48:12,336 - aiosqlite - DEBUG - executing functools.partial(<built-in method cursor of sqlite3.Connection object at 0x000002B4FBE89990>)
2026-03-03 16:48:12,336 - aiosqlite - DEBUG - operation functools.partial(<built-in method cursor of sqlite3.Connection object at 0x000002B4FBE89990>) completed
2026-03-03 16:48:12,336 - aiosqlite - DEBUG - executing functools.partial(<built-in method execute of sqlite3.Cursor object at 0x000002B4FC139440>, 'SELECT users.id, users.email, users.name, users.role, users.created_at, users.last_login, users.hashed_password \nFROM users \nWHERE users.role = ?', ('admin',))
2026-03-03 16:48:12,337 - aiosqlite - DEBUG - returning exception no such column: users.hashed_password
2026-03-03 16:48:12,337 - core.database - ERROR - Database session error: (sqlite3.OperationalError) no such column: users.hashed_password
[SQL: SELECT users.id, users.email, users.name, users.role, users.created_at, users.last_login, users.hashed_password 
FROM users 
WHERE users.role = ?]
[parameters: ('admin',)]
(Background on this error at: https://sqlalche.me/e/20/e3q8)
Traceback (most recent call last):
  File "D:\ASM1\.venv\Lib\site-packages\sqlalchemy\engine\base.py", line 1967, in _exec_single_context
    self.dialect.do_execute(
  File "D:\ASM1\.venv\Lib\site-packages\sqlalchemy\engine\default.py", line 941, in do_execute
    cursor.execute(statement, parameters)
  File "D:\ASM1\.venv\Lib\site-packages\sqlalchemy\dialects\sqlite\aiosqlite.py", line 147, in execute
    self._adapt_connection._handle_exception(error)
  File "D:\ASM1\.venv\Lib\site-packages\sqlalchemy\dialects\sqlite\aiosqlite.py", line 298, in _handle_exception
    raise error
  File "D:\ASM1\.venv\Lib\site-packages\sqlalchemy\dialects\sqlite\aiosqlite.py", line 129, in execute
    self.await_(_cursor.execute(operation, parameters))
  File "D:\ASM1\.venv\Lib\site-packages\sqlalchemy\util\_concurrency_py3k.py", line 132, in await_only
    return current.parent.switch(awaitable)  # type: ignore[no-any-return,attr-defined] # noqa: E501
           ^^^^^^^^^^^^^^^^^^^^^^^^^^^^^^^^
  File "D:\ASM1\.venv\Lib\site-packages\sqlalchemy\util\_concurrency_py3k.py", line 196, in greenlet_spawn
    value = await result
            ^^^^^^^^^^^^
  File "D:\ASM1\.venv\Lib\site-packages\aiosqlite\cursor.py", line 48, in execute
    await self._execute(self._cursor.execute, sql, parameters)
  File "D:\ASM1\.venv\Lib\site-packages\aiosqlite\cursor.py", line 40, in _execute
    return await self._conn._execute(fn, *args, **kwargs)
           ^^^^^^^^^^^^^^^^^^^^^^^^^^^^^^^^^^^^^^^^^^^^^^
  File "D:\ASM1\.venv\Lib\site-packages\aiosqlite\core.py", line 132, in _execute
    return await future
           ^^^^^^^^^^^^
  File "D:\ASM1\.venv\Lib\site-packages\aiosqlite\core.py", line 115, in run
    result = function()
             ^^^^^^^^^^
sqlite3.OperationalError: no such column: users.hashed_password

The above exception was the direct cause of the following exception:

Traceback (most recent call last):
  File "D:\ASM1\backend\core\database.py", line 542, in get_db
    yield session
  File "D:\ASM1\.venv\Lib\site-packages\fastapi\routing.py", line 301, in app
    raw_response = await run_endpoint_function(
                   ^^^^^^^^^^^^^^^^^^^^^^^^^^^^
  File "D:\ASM1\.venv\Lib\site-packages\fastapi\routing.py", line 212, in run_endpoint_function
    return await dependant.call(**values)
           ^^^^^^^^^^^^^^^^^^^^^^^^^^^^^^
  File "D:\ASM1\backend\routers\auth.py", line 336, in login_password
    result = await db.execute(select(User).where(User.role == "admin"))
             ^^^^^^^^^^^^^^^^^^^^^^^^^^^^^^^^^^^^^^^^^^^^^^^^^^^^^^^^^^
  File "D:\ASM1\.venv\Lib\site-packages\sqlalchemy\ext\asyncio\session.py", line 461, in execute
    result = await greenlet_spawn(
             ^^^^^^^^^^^^^^^^^^^^^
  File "D:\ASM1\.venv\Lib\site-packages\sqlalchemy\util\_concurrency_py3k.py", line 201, in greenlet_spawn
    result = context.throw(*sys.exc_info())
             ^^^^^^^^^^^^^^^^^^^^^^^^^^^^^^
  File "D:\ASM1\.venv\Lib\site-packages\sqlalchemy\orm\session.py", line 2362, in execute
    return self._execute_internal(
           ^^^^^^^^^^^^^^^^^^^^^^^
  File "D:\ASM1\.venv\Lib\site-packages\sqlalchemy\orm\session.py", line 2247, in _execute_internal
    result: Result[Any] = compile_state_cls.orm_execute_statement(
                          ^^^^^^^^^^^^^^^^^^^^^^^^^^^^^^^^^^^^^^^^
  File "D:\ASM1\.venv\Lib\site-packages\sqlalchemy\orm\context.py", line 305, in orm_execute_statement
    result = conn.execute(
             ^^^^^^^^^^^^^
  File "D:\ASM1\.venv\Lib\site-packages\sqlalchemy\engine\base.py", line 1418, in execute
    return meth(
           ^^^^^
  File "D:\ASM1\.venv\Lib\site-packages\sqlalchemy\sql\elements.py", line 515, in _execute_on_connection
    return connection._execute_clauseelement(
           ^^^^^^^^^^^^^^^^^^^^^^^^^^^^^^^^^^
  File "D:\ASM1\.venv\Lib\site-packages\sqlalchemy\engine\base.py", line 1640, in _execute_clauseelement
    ret = self._execute_context(
          ^^^^^^^^^^^^^^^^^^^^^^
  File "D:\ASM1\.venv\Lib\site-packages\sqlalchemy\engine\base.py", line 1846, in _execute_context
    return self._exec_single_context(
           ^^^^^^^^^^^^^^^^^^^^^^^^^^
  File "D:\ASM1\.venv\Lib\site-packages\sqlalchemy\engine\base.py", line 1986, in _exec_single_context
    self._handle_dbapi_exception(
  File "D:\ASM1\.venv\Lib\site-packages\sqlalchemy\engine\base.py", line 2355, in _handle_dbapi_exception
    raise sqlalchemy_exception.with_traceback(exc_info[2]) from e
  File "D:\ASM1\.venv\Lib\site-packages\sqlalchemy\engine\base.py", line 1967, in _exec_single_context
    self.dialect.do_execute(
  File "D:\ASM1\.venv\Lib\site-packages\sqlalchemy\engine\default.py", line 941, in do_execute
    cursor.execute(statement, parameters)
  File "D:\ASM1\.venv\Lib\site-packages\sqlalchemy\dialects\sqlite\aiosqlite.py", line 147, in execute
    self._adapt_connection._handle_exception(error)
  File "D:\ASM1\.venv\Lib\site-packages\sqlalchemy\dialects\sqlite\aiosqlite.py", line 298, in _handle_exception
    raise error
  File "D:\ASM1\.venv\Lib\site-packages\sqlalchemy\dialects\sqlite\aiosqlite.py", line 129, in execute
    self.await_(_cursor.execute(operation, parameters))
  File "D:\ASM1\.venv\Lib\site-packages\sqlalchemy\util\_concurrency_py3k.py", line 132, in await_only
    return current.parent.switch(awaitable)  # type: ignore[no-any-return,attr-defined] # noqa: E501
           ^^^^^^^^^^^^^^^^^^^^^^^^^^^^^^^^
  File "D:\ASM1\.venv\Lib\site-packages\sqlalchemy\util\_concurrency_py3k.py", line 196, in greenlet_spawn
    value = await result
            ^^^^^^^^^^^^
  File "D:\ASM1\.venv\Lib\site-packages\aiosqlite\cursor.py", line 48, in execute
    await self._execute(self._cursor.execute, sql, parameters)
  File "D:\ASM1\.venv\Lib\site-packages\aiosqlite\cursor.py", line 40, in _execute
    return await self._conn._execute(fn, *args, **kwargs)
           ^^^^^^^^^^^^^^^^^^^^^^^^^^^^^^^^^^^^^^^^^^^^^^
  File "D:\ASM1\.venv\Lib\site-packages\aiosqlite\core.py", line 132, in _execute
    return await future
           ^^^^^^^^^^^^
  File "D:\ASM1\.venv\Lib\site-packages\aiosqlite\core.py", line 115, in run
    result = function()
             ^^^^^^^^^^
sqlalchemy.exc.OperationalError: (sqlite3.OperationalError) no such column: users.hashed_password
[SQL: SELECT users.id, users.email, users.name, users.role, users.created_at, users.last_login, users.hashed_password 
FROM users 
WHERE users.role = ?]
[parameters: ('admin',)]
(Background on this error at: https://sqlalche.me/e/20/e3q8)
2026-03-03 16:48:12,345 - core.database - DEBUG - [DB_OP] Database session cleanup after 0.0135s
2026-03-03 16:48:12,345 - aiosqlite - DEBUG - executing functools.partial(<built-in method rollback of sqlite3.Connection object at 0x000002B4FBE89990>)
2026-03-03 16:48:12,345 - aiosqlite - DEBUG - operation functools.partial(<built-in method rollback of sqlite3.Connection object at 0x000002B4FBE89990>) completed
2026-03-03 16:48:12,346 - aiosqlite - DEBUG - executing functools.partial(<built-in method rollback of sqlite3.Connection object at 0x000002B4FBE89990>)
2026-03-03 16:48:12,346 - aiosqlite - DEBUG - operation functools.partial(<built-in method rollback of sqlite3.Connection object at 0x000002B4FBE89990>) completed
2026-03-03 16:48:12,346 - aiosqlite - DEBUG - executing functools.partial(<built-in method close of sqlite3.Connection object at 0x000002B4FBE89990>)
2026-03-03 16:48:12,346 - aiosqlite - DEBUG - operation functools.partial(<built-in method close of sqlite3.Connection object at 0x000002B4FBE89990>) completed
2026-03-03 16:48:12,347 - core.database - ERROR - Failed to create database session: (sqlite3.OperationalError) no such column: users.hashed_password
[SQL: SELECT users.id, users.email, users.name, users.role, users.created_at, users.last_login, users.hashed_password 
FROM users 
WHERE users.role = ?]
[parameters: ('admin',)]
(Background on this error at: https://sqlalche.me/e/20/e3q8)
Traceback (most recent call last):
  File "D:\ASM1\.venv\Lib\site-packages\sqlalchemy\engine\base.py", line 1967, in _exec_single_context
    self.dialect.do_execute(
  File "D:\ASM1\.venv\Lib\site-packages\sqlalchemy\engine\default.py", line 941, in do_execute
    cursor.execute(statement, parameters)
  File "D:\ASM1\.venv\Lib\site-packages\sqlalchemy\dialects\sqlite\aiosqlite.py", line 147, in execute
    self._adapt_connection._handle_exception(error)
  File "D:\ASM1\.venv\Lib\site-packages\sqlalchemy\dialects\sqlite\aiosqlite.py", line 298, in _handle_exception
    raise error
  File "D:\ASM1\.venv\Lib\site-packages\sqlalchemy\dialects\sqlite\aiosqlite.py", line 129, in execute
    self.await_(_cursor.execute(operation, parameters))
  File "D:\ASM1\.venv\Lib\site-packages\sqlalchemy\util\_concurrency_py3k.py", line 132, in await_only
    return current.parent.switch(awaitable)  # type: ignore[no-any-return,attr-defined] # noqa: E501
           ^^^^^^^^^^^^^^^^^^^^^^^^^^^^^^^^
  File "D:\ASM1\.venv\Lib\site-packages\sqlalchemy\util\_concurrency_py3k.py", line 196, in greenlet_spawn
    value = await result
            ^^^^^^^^^^^^
  File "D:\ASM1\.venv\Lib\site-packages\aiosqlite\cursor.py", line 48, in execute
    await self._execute(self._cursor.execute, sql, parameters)
  File "D:\ASM1\.venv\Lib\site-packages\aiosqlite\cursor.py", line 40, in _execute
    return await self._conn._execute(fn, *args, **kwargs)
           ^^^^^^^^^^^^^^^^^^^^^^^^^^^^^^^^^^^^^^^^^^^^^^
  File "D:\ASM1\.venv\Lib\site-packages\aiosqlite\core.py", line 132, in _execute
    return await future
           ^^^^^^^^^^^^
  File "D:\ASM1\.venv\Lib\site-packages\aiosqlite\core.py", line 115, in run
    result = function()
             ^^^^^^^^^^
sqlite3.OperationalError: no such column: users.hashed_password

The above exception was the direct cause of the following exception:

Traceback (most recent call last):
  File "D:\ASM1\backend\core\database.py", line 542, in get_db
    yield session
  File "D:\ASM1\.venv\Lib\site-packages\fastapi\routing.py", line 301, in app
    raw_response = await run_endpoint_function(
                   ^^^^^^^^^^^^^^^^^^^^^^^^^^^^
  File "D:\ASM1\.venv\Lib\site-packages\fastapi\routing.py", line 212, in run_endpoint_function
    return await dependant.call(**values)
           ^^^^^^^^^^^^^^^^^^^^^^^^^^^^^^
  File "D:\ASM1\backend\routers\auth.py", line 336, in login_password
    result = await db.execute(select(User).where(User.role == "admin"))
             ^^^^^^^^^^^^^^^^^^^^^^^^^^^^^^^^^^^^^^^^^^^^^^^^^^^^^^^^^^
  File "D:\ASM1\.venv\Lib\site-packages\sqlalchemy\ext\asyncio\session.py", line 461, in execute
    result = await greenlet_spawn(
             ^^^^^^^^^^^^^^^^^^^^^
  File "D:\ASM1\.venv\Lib\site-packages\sqlalchemy\util\_concurrency_py3k.py", line 201, in greenlet_spawn
    result = context.throw(*sys.exc_info())
             ^^^^^^^^^^^^^^^^^^^^^^^^^^^^^^
  File "D:\ASM1\.venv\Lib\site-packages\sqlalchemy\orm\session.py", line 2362, in execute
    return self._execute_internal(
           ^^^^^^^^^^^^^^^^^^^^^^^
  File "D:\ASM1\.venv\Lib\site-packages\sqlalchemy\orm\session.py", line 2247, in _execute_internal
    result: Result[Any] = compile_state_cls.orm_execute_statement(
                          ^^^^^^^^^^^^^^^^^^^^^^^^^^^^^^^^^^^^^^^^
  File "D:\ASM1\.venv\Lib\site-packages\sqlalchemy\orm\context.py", line 305, in orm_execute_statement
    result = conn.execute(
             ^^^^^^^^^^^^^
  File "D:\ASM1\.venv\Lib\site-packages\sqlalchemy\engine\base.py", line 1418, in execute
    return meth(
           ^^^^^
  File "D:\ASM1\.venv\Lib\site-packages\sqlalchemy\sql\elements.py", line 515, in _execute_on_connection
    return connection._execute_clauseelement(
           ^^^^^^^^^^^^^^^^^^^^^^^^^^^^^^^^^^
  File "D:\ASM1\.venv\Lib\site-packages\sqlalchemy\engine\base.py", line 1640, in _execute_clauseelement
    ret = self._execute_context(
          ^^^^^^^^^^^^^^^^^^^^^^
  File "D:\ASM1\.venv\Lib\site-packages\sqlalchemy\engine\base.py", line 1846, in _execute_context
    return self._exec_single_context(
           ^^^^^^^^^^^^^^^^^^^^^^^^^^
  File "D:\ASM1\.venv\Lib\site-packages\sqlalchemy\engine\base.py", line 1986, in _exec_single_context
    self._handle_dbapi_exception(
  File "D:\ASM1\.venv\Lib\site-packages\sqlalchemy\engine\base.py", line 2355, in _handle_dbapi_exception
    raise sqlalchemy_exception.with_traceback(exc_info[2]) from e
  File "D:\ASM1\.venv\Lib\site-packages\sqlalchemy\engine\base.py", line 1967, in _exec_single_context
    self.dialect.do_execute(
  File "D:\ASM1\.venv\Lib\site-packages\sqlalchemy\engine\default.py", line 941, in do_execute
    cursor.execute(statement, parameters)
  File "D:\ASM1\.venv\Lib\site-packages\sqlalchemy\dialects\sqlite\aiosqlite.py", line 147, in execute
    self._adapt_connection._handle_exception(error)
  File "D:\ASM1\.venv\Lib\site-packages\sqlalchemy\dialects\sqlite\aiosqlite.py", line 298, in _handle_exception
    raise error
  File "D:\ASM1\.venv\Lib\site-packages\sqlalchemy\dialects\sqlite\aiosqlite.py", line 129, in execute
    self.await_(_cursor.execute(operation, parameters))
  File "D:\ASM1\.venv\Lib\site-packages\sqlalchemy\util\_concurrency_py3k.py", line 132, in await_only
    return current.parent.switch(awaitable)  # type: ignore[no-any-return,attr-defined] # noqa: E501
           ^^^^^^^^^^^^^^^^^^^^^^^^^^^^^^^^
  File "D:\ASM1\.venv\Lib\site-packages\sqlalchemy\util\_concurrency_py3k.py", line 196, in greenlet_spawn
    value = await result
            ^^^^^^^^^^^^
  File "D:\ASM1\.venv\Lib\site-packages\aiosqlite\cursor.py", line 48, in execute
    await self._execute(self._cursor.execute, sql, parameters)
  File "D:\ASM1\.venv\Lib\site-packages\aiosqlite\cursor.py", line 40, in _execute
    return await self._conn._execute(fn, *args, **kwargs)
           ^^^^^^^^^^^^^^^^^^^^^^^^^^^^^^^^^^^^^^^^^^^^^^
  File "D:\ASM1\.venv\Lib\site-packages\aiosqlite\core.py", line 132, in _execute
    return await future
           ^^^^^^^^^^^^
  File "D:\ASM1\.venv\Lib\site-packages\aiosqlite\core.py", line 115, in run
    result = function()
             ^^^^^^^^^^
sqlalchemy.exc.OperationalError: (sqlite3.OperationalError) no such column: users.hashed_password
[SQL: SELECT users.id, users.email, users.name, users.role, users.created_at, users.last_login, users.hashed_password 
FROM users 
WHERE users.role = ?]
[parameters: ('admin',)]
(Background on this error at: https://sqlalche.me/e/20/e3q8)
2026-03-03 16:48:13,139 - core.database - DEBUG - [DB_OP] Starting get_db session creation
2026-03-03 16:48:13,139 - core.database - DEBUG - [DB_OP] Database session created successfully in 0.0000s
2026-03-03 16:48:13,141 - aiosqlite - DEBUG - executing <function connect.<locals>.connector at 0x000002B4FBE18D60>
2026-03-03 16:48:13,142 - aiosqlite - DEBUG - operation <function connect.<locals>.connector at 0x000002B4FBE18D60> completed
2026-03-03 16:48:13,143 - aiosqlite - DEBUG - executing functools.partial(<built-in method create_function of sqlite3.Connection object at 0x000002B4FBE8B790>, 'regexp', 2, <function SQLiteDialect_pysqlite.on_connect.<locals>.regexp at 0x000002B4FBE180E0>, deterministic=True)
2026-03-03 16:48:13,143 - aiosqlite - DEBUG - operation functools.partial(<built-in method create_function of sqlite3.Connection object at 0x000002B4FBE8B790>, 'regexp', 2, <function SQLiteDialect_pysqlite.on_connect.<locals>.regexp at 0x000002B4FBE180E0>, deterministic=True) completed
2026-03-03 16:48:13,143 - aiosqlite - DEBUG - executing functools.partial(<built-in method create_function of sqlite3.Connection object at 0x000002B4FBE8B790>, 'floor', 1, <built-in function floor>, deterministic=True)
2026-03-03 16:48:13,145 - aiosqlite - DEBUG - operation functools.partial(<built-in method create_function of sqlite3.Connection object at 0x000002B4FBE8B790>, 'floor', 1, <built-in function floor>, deterministic=True) completed
2026-03-03 16:48:13,146 - aiosqlite - DEBUG - executing functools.partial(<built-in method cursor of sqlite3.Connection object at 0x000002B4FBE8B790>)
2026-03-03 16:48:13,146 - aiosqlite - DEBUG - operation functools.partial(<built-in method cursor of sqlite3.Connection object at 0x000002B4FBE8B790>) completed
2026-03-03 16:48:13,146 - aiosqlite - DEBUG - executing functools.partial(<built-in method execute of sqlite3.Cursor object at 0x000002B4FBD80C40>, 'SELECT users.id, users.email, users.name, users.role, users.created_at, users.last_login, users.hashed_password \nFROM users \nWHERE users.role = ?', ('admin',))
2026-03-03 16:48:13,147 - aiosqlite - DEBUG - returning exception no such column: users.hashed_password
2026-03-03 16:48:13,148 - core.database - ERROR - Database session error: (sqlite3.OperationalError) no such column: users.hashed_password
[SQL: SELECT users.id, users.email, users.name, users.role, users.created_at, users.last_login, users.hashed_password 
FROM users 
WHERE users.role = ?]
[parameters: ('admin',)]
(Background on this error at: https://sqlalche.me/e/20/e3q8)
Traceback (most recent call last):
  File "D:\ASM1\.venv\Lib\site-packages\sqlalchemy\engine\base.py", line 1967, in _exec_single_context
    self.dialect.do_execute(
  File "D:\ASM1\.venv\Lib\site-packages\sqlalchemy\engine\default.py", line 941, in do_execute
    cursor.execute(statement, parameters)
  File "D:\ASM1\.venv\Lib\site-packages\sqlalchemy\dialects\sqlite\aiosqlite.py", line 147, in execute
    self._adapt_connection._handle_exception(error)
  File "D:\ASM1\.venv\Lib\site-packages\sqlalchemy\dialects\sqlite\aiosqlite.py", line 298, in _handle_exception
    raise error
  File "D:\ASM1\.venv\Lib\site-packages\sqlalchemy\dialects\sqlite\aiosqlite.py", line 129, in execute
    self.await_(_cursor.execute(operation, parameters))
  File "D:\ASM1\.venv\Lib\site-packages\sqlalchemy\util\_concurrency_py3k.py", line 132, in await_only
    return current.parent.switch(awaitable)  # type: ignore[no-any-return,attr-defined] # noqa: E501
           ^^^^^^^^^^^^^^^^^^^^^^^^^^^^^^^^
  File "D:\ASM1\.venv\Lib\site-packages\sqlalchemy\util\_concurrency_py3k.py", line 196, in greenlet_spawn
    value = await result
            ^^^^^^^^^^^^
  File "D:\ASM1\.venv\Lib\site-packages\aiosqlite\cursor.py", line 48, in execute
    await self._execute(self._cursor.execute, sql, parameters)
  File "D:\ASM1\.venv\Lib\site-packages\aiosqlite\cursor.py", line 40, in _execute
    return await self._conn._execute(fn, *args, **kwargs)
           ^^^^^^^^^^^^^^^^^^^^^^^^^^^^^^^^^^^^^^^^^^^^^^
  File "D:\ASM1\.venv\Lib\site-packages\aiosqlite\core.py", line 132, in _execute
    return await future
           ^^^^^^^^^^^^
  File "D:\ASM1\.venv\Lib\site-packages\aiosqlite\core.py", line 115, in run
    result = function()
             ^^^^^^^^^^
sqlite3.OperationalError: no such column: users.hashed_password

The above exception was the direct cause of the following exception:

Traceback (most recent call last):
  File "D:\ASM1\backend\core\database.py", line 542, in get_db
    yield session
  File "D:\ASM1\.venv\Lib\site-packages\fastapi\routing.py", line 301, in app
    raw_response = await run_endpoint_function(
                   ^^^^^^^^^^^^^^^^^^^^^^^^^^^^
  File "D:\ASM1\.venv\Lib\site-packages\fastapi\routing.py", line 212, in run_endpoint_function
    return await dependant.call(**values)
           ^^^^^^^^^^^^^^^^^^^^^^^^^^^^^^
  File "D:\ASM1\backend\routers\auth.py", line 336, in login_password
    result = await db.execute(select(User).where(User.role == "admin"))
             ^^^^^^^^^^^^^^^^^^^^^^^^^^^^^^^^^^^^^^^^^^^^^^^^^^^^^^^^^^
  File "D:\ASM1\.venv\Lib\site-packages\sqlalchemy\ext\asyncio\session.py", line 461, in execute
    result = await greenlet_spawn(
             ^^^^^^^^^^^^^^^^^^^^^
  File "D:\ASM1\.venv\Lib\site-packages\sqlalchemy\util\_concurrency_py3k.py", line 201, in greenlet_spawn
    result = context.throw(*sys.exc_info())
             ^^^^^^^^^^^^^^^^^^^^^^^^^^^^^^
  File "D:\ASM1\.venv\Lib\site-packages\sqlalchemy\orm\session.py", line 2362, in execute
    return self._execute_internal(
           ^^^^^^^^^^^^^^^^^^^^^^^
  File "D:\ASM1\.venv\Lib\site-packages\sqlalchemy\orm\session.py", line 2247, in _execute_internal
    result: Result[Any] = compile_state_cls.orm_execute_statement(
                          ^^^^^^^^^^^^^^^^^^^^^^^^^^^^^^^^^^^^^^^^
  File "D:\ASM1\.venv\Lib\site-packages\sqlalchemy\orm\context.py", line 305, in orm_execute_statement
    result = conn.execute(
             ^^^^^^^^^^^^^
  File "D:\ASM1\.venv\Lib\site-packages\sqlalchemy\engine\base.py", line 1418, in execute
    return meth(
           ^^^^^
  File "D:\ASM1\.venv\Lib\site-packages\sqlalchemy\sql\elements.py", line 515, in _execute_on_connection
    return connection._execute_clauseelement(
           ^^^^^^^^^^^^^^^^^^^^^^^^^^^^^^^^^^
  File "D:\ASM1\.venv\Lib\site-packages\sqlalchemy\engine\base.py", line 1640, in _execute_clauseelement
    ret = self._execute_context(
          ^^^^^^^^^^^^^^^^^^^^^^
  File "D:\ASM1\.venv\Lib\site-packages\sqlalchemy\engine\base.py", line 1846, in _execute_context
    return self._exec_single_context(
           ^^^^^^^^^^^^^^^^^^^^^^^^^^
  File "D:\ASM1\.venv\Lib\site-packages\sqlalchemy\engine\base.py", line 1986, in _exec_single_context
    self._handle_dbapi_exception(
  File "D:\ASM1\.venv\Lib\site-packages\sqlalchemy\engine\base.py", line 2355, in _handle_dbapi_exception
    raise sqlalchemy_exception.with_traceback(exc_info[2]) from e
  File "D:\ASM1\.venv\Lib\site-packages\sqlalchemy\engine\base.py", line 1967, in _exec_single_context
    self.dialect.do_execute(
  File "D:\ASM1\.venv\Lib\site-packages\sqlalchemy\engine\default.py", line 941, in do_execute
    cursor.execute(statement, parameters)
  File "D:\ASM1\.venv\Lib\site-packages\sqlalchemy\dialects\sqlite\aiosqlite.py", line 147, in execute
    self._adapt_connection._handle_exception(error)
  File "D:\ASM1\.venv\Lib\site-packages\sqlalchemy\dialects\sqlite\aiosqlite.py", line 298, in _handle_exception
    raise error
  File "D:\ASM1\.venv\Lib\site-packages\sqlalchemy\dialects\sqlite\aiosqlite.py", line 129, in execute
    self.await_(_cursor.execute(operation, parameters))
  File "D:\ASM1\.venv\Lib\site-packages\sqlalchemy\util\_concurrency_py3k.py", line 132, in await_only
    return current.parent.switch(awaitable)  # type: ignore[no-any-return,attr-defined] # noqa: E501
           ^^^^^^^^^^^^^^^^^^^^^^^^^^^^^^^^
  File "D:\ASM1\.venv\Lib\site-packages\sqlalchemy\util\_concurrency_py3k.py", line 196, in greenlet_spawn
    value = await result
            ^^^^^^^^^^^^
  File "D:\ASM1\.venv\Lib\site-packages\aiosqlite\cursor.py", line 48, in execute
    await self._execute(self._cursor.execute, sql, parameters)
  File "D:\ASM1\.venv\Lib\site-packages\aiosqlite\cursor.py", line 40, in _execute
    return await self._conn._execute(fn, *args, **kwargs)
           ^^^^^^^^^^^^^^^^^^^^^^^^^^^^^^^^^^^^^^^^^^^^^^
  File "D:\ASM1\.venv\Lib\site-packages\aiosqlite\core.py", line 132, in _execute
    return await future
           ^^^^^^^^^^^^
  File "D:\ASM1\.venv\Lib\site-packages\aiosqlite\core.py", line 115, in run
    result = function()
             ^^^^^^^^^^
sqlalchemy.exc.OperationalError: (sqlite3.OperationalError) no such column: users.hashed_password
[SQL: SELECT users.id, users.email, users.name, users.role, users.created_at, users.last_login, users.hashed_password 
FROM users 
WHERE users.role = ?]
[parameters: ('admin',)]
(Background on this error at: https://sqlalche.me/e/20/e3q8)
2026-03-03 16:48:13,154 - core.database - DEBUG - [DB_OP] Database session cleanup after 0.0150s
2026-03-03 16:48:13,155 - aiosqlite - DEBUG - executing functools.partial(<built-in method rollback of sqlite3.Connection object at 0x000002B4FBE8B790>)
2026-03-03 16:48:13,155 - aiosqlite - DEBUG - operation functools.partial(<built-in method rollback of sqlite3.Connection object at 0x000002B4FBE8B790>) completed
2026-03-03 16:48:13,155 - aiosqlite - DEBUG - executing functools.partial(<built-in method rollback of sqlite3.Connection object at 0x000002B4FBE8B790>)
2026-03-03 16:48:13,155 - aiosqlite - DEBUG - operation functools.partial(<built-in method rollback of sqlite3.Connection object at 0x000002B4FBE8B790>) completed
2026-03-03 16:48:13,156 - aiosqlite - DEBUG - executing functools.partial(<built-in method close of sqlite3.Connection object at 0x000002B4FBE8B790>)
2026-03-03 16:48:13,156 - aiosqlite - DEBUG - operation functools.partial(<built-in method close of sqlite3.Connection object at 0x000002B4FBE8B790>) completed
2026-03-03 16:48:13,156 - core.database - ERROR - Failed to create database session: (sqlite3.OperationalError) no such column: users.hashed_password
[SQL: SELECT users.id, users.email, users.name, users.role, users.created_at, users.last_login, users.hashed_password 
FROM users 
WHERE users.role = ?]
[parameters: ('admin',)]
(Background on this error at: https://sqlalche.me/e/20/e3q8)
Traceback (most recent call last):
  File "D:\ASM1\.venv\Lib\site-packages\sqlalchemy\engine\base.py", line 1967, in _exec_single_context
    self.dialect.do_execute(
  File "D:\ASM1\.venv\Lib\site-packages\sqlalchemy\engine\default.py", line 941, in do_execute
    cursor.execute(statement, parameters)
  File "D:\ASM1\.venv\Lib\site-packages\sqlalchemy\dialects\sqlite\aiosqlite.py", line 147, in execute
    self._adapt_connection._handle_exception(error)
  File "D:\ASM1\.venv\Lib\site-packages\sqlalchemy\dialects\sqlite\aiosqlite.py", line 298, in _handle_exception
    raise error
  File "D:\ASM1\.venv\Lib\site-packages\sqlalchemy\dialects\sqlite\aiosqlite.py", line 129, in execute
    self.await_(_cursor.execute(operation, parameters))
  File "D:\ASM1\.venv\Lib\site-packages\sqlalchemy\util\_concurrency_py3k.py", line 132, in await_only
    return current.parent.switch(awaitable)  # type: ignore[no-any-return,attr-defined] # noqa: E501
           ^^^^^^^^^^^^^^^^^^^^^^^^^^^^^^^^
  File "D:\ASM1\.venv\Lib\site-packages\sqlalchemy\util\_concurrency_py3k.py", line 196, in greenlet_spawn
    value = await result
            ^^^^^^^^^^^^
  File "D:\ASM1\.venv\Lib\site-packages\aiosqlite\cursor.py", line 48, in execute
    await self._execute(self._cursor.execute, sql, parameters)
  File "D:\ASM1\.venv\Lib\site-packages\aiosqlite\cursor.py", line 40, in _execute
    return await self._conn._execute(fn, *args, **kwargs)
           ^^^^^^^^^^^^^^^^^^^^^^^^^^^^^^^^^^^^^^^^^^^^^^
  File "D:\ASM1\.venv\Lib\site-packages\aiosqlite\core.py", line 132, in _execute
    return await future
           ^^^^^^^^^^^^
  File "D:\ASM1\.venv\Lib\site-packages\aiosqlite\core.py", line 115, in run
    result = function()
             ^^^^^^^^^^
sqlite3.OperationalError: no such column: users.hashed_password

The above exception was the direct cause of the following exception:

Traceback (most recent call last):
  File "D:\ASM1\backend\core\database.py", line 542, in get_db
    yield session
  File "D:\ASM1\.venv\Lib\site-packages\fastapi\routing.py", line 301, in app
    raw_response = await run_endpoint_function(
                   ^^^^^^^^^^^^^^^^^^^^^^^^^^^^
  File "D:\ASM1\.venv\Lib\site-packages\fastapi\routing.py", line 212, in run_endpoint_function
    return await dependant.call(**values)
           ^^^^^^^^^^^^^^^^^^^^^^^^^^^^^^
  File "D:\ASM1\backend\routers\auth.py", line 336, in login_password
    result = await db.execute(select(User).where(User.role == "admin"))
             ^^^^^^^^^^^^^^^^^^^^^^^^^^^^^^^^^^^^^^^^^^^^^^^^^^^^^^^^^^
  File "D:\ASM1\.venv\Lib\site-packages\sqlalchemy\ext\asyncio\session.py", line 461, in execute
    result = await greenlet_spawn(
             ^^^^^^^^^^^^^^^^^^^^^
  File "D:\ASM1\.venv\Lib\site-packages\sqlalchemy\util\_concurrency_py3k.py", line 201, in greenlet_spawn
    result = context.throw(*sys.exc_info())
             ^^^^^^^^^^^^^^^^^^^^^^^^^^^^^^
  File "D:\ASM1\.venv\Lib\site-packages\sqlalchemy\orm\session.py", line 2362, in execute
    return self._execute_internal(
           ^^^^^^^^^^^^^^^^^^^^^^^
  File "D:\ASM1\.venv\Lib\site-packages\sqlalchemy\orm\session.py", line 2247, in _execute_internal
    result: Result[Any] = compile_state_cls.orm_execute_statement(
                          ^^^^^^^^^^^^^^^^^^^^^^^^^^^^^^^^^^^^^^^^
  File "D:\ASM1\.venv\Lib\site-packages\sqlalchemy\orm\context.py", line 305, in orm_execute_statement
    result = conn.execute(
             ^^^^^^^^^^^^^
  File "D:\ASM1\.venv\Lib\site-packages\sqlalchemy\engine\base.py", line 1418, in execute
    return meth(
           ^^^^^
  File "D:\ASM1\.venv\Lib\site-packages\sqlalchemy\sql\elements.py", line 515, in _execute_on_connection
    return connection._execute_clauseelement(
           ^^^^^^^^^^^^^^^^^^^^^^^^^^^^^^^^^^
  File "D:\ASM1\.venv\Lib\site-packages\sqlalchemy\engine\base.py", line 1640, in _execute_clauseelement
    ret = self._execute_context(
          ^^^^^^^^^^^^^^^^^^^^^^
  File "D:\ASM1\.venv\Lib\site-packages\sqlalchemy\engine\base.py", line 1846, in _execute_context
    return self._exec_single_context(
           ^^^^^^^^^^^^^^^^^^^^^^^^^^
  File "D:\ASM1\.venv\Lib\site-packages\sqlalchemy\engine\base.py", line 1986, in _exec_single_context
    self._handle_dbapi_exception(
  File "D:\ASM1\.venv\Lib\site-packages\sqlalchemy\engine\base.py", line 2355, in _handle_dbapi_exception
    raise sqlalchemy_exception.with_traceback(exc_info[2]) from e
  File "D:\ASM1\.venv\Lib\site-packages\sqlalchemy\engine\base.py", line 1967, in _exec_single_context
    self.dialect.do_execute(
  File "D:\ASM1\.venv\Lib\site-packages\sqlalchemy\engine\default.py", line 941, in do_execute
    cursor.execute(statement, parameters)
  File "D:\ASM1\.venv\Lib\site-packages\sqlalchemy\dialects\sqlite\aiosqlite.py", line 147, in execute
    self._adapt_connection._handle_exception(error)
  File "D:\ASM1\.venv\Lib\site-packages\sqlalchemy\dialects\sqlite\aiosqlite.py", line 298, in _handle_exception
    raise error
  File "D:\ASM1\.venv\Lib\site-packages\sqlalchemy\dialects\sqlite\aiosqlite.py", line 129, in execute
    self.await_(_cursor.execute(operation, parameters))
  File "D:\ASM1\.venv\Lib\site-packages\sqlalchemy\util\_concurrency_py3k.py", line 132, in await_only
    return current.parent.switch(awaitable)  # type: ignore[no-any-return,attr-defined] # noqa: E501
           ^^^^^^^^^^^^^^^^^^^^^^^^^^^^^^^^
  File "D:\ASM1\.venv\Lib\site-packages\sqlalchemy\util\_concurrency_py3k.py", line 196, in greenlet_spawn
    value = await result
            ^^^^^^^^^^^^
  File "D:\ASM1\.venv\Lib\site-packages\aiosqlite\cursor.py", line 48, in execute
    await self._execute(self._cursor.execute, sql, parameters)
  File "D:\ASM1\.venv\Lib\site-packages\aiosqlite\cursor.py", line 40, in _execute
    return await self._conn._execute(fn, *args, **kwargs)
           ^^^^^^^^^^^^^^^^^^^^^^^^^^^^^^^^^^^^^^^^^^^^^^
  File "D:\ASM1\.venv\Lib\site-packages\aiosqlite\core.py", line 132, in _execute
    return await future
           ^^^^^^^^^^^^
  File "D:\ASM1\.venv\Lib\site-packages\aiosqlite\core.py", line 115, in run
    result = function()
             ^^^^^^^^^^
sqlalchemy.exc.OperationalError: (sqlite3.OperationalError) no such column: users.hashed_password
[SQL: SELECT users.id, users.email, users.name, users.role, users.created_at, users.last_login, users.hashed_password 
FROM users 
WHERE users.role = ?]
[parameters: ('admin',)]
(Background on this error at: https://sqlalche.me/e/20/e3q8)
2026-03-03 16:48:13,460 - core.database - DEBUG - [DB_OP] Starting get_db session creation
2026-03-03 16:48:13,461 - core.database - DEBUG - [DB_OP] Database session created successfully in 0.0010s
2026-03-03 16:48:13,462 - aiosqlite - DEBUG - executing <function connect.<locals>.connector at 0x000002B4FC0EB380>
2026-03-03 16:48:13,462 - aiosqlite - DEBUG - operation <function connect.<locals>.connector at 0x000002B4FC0EB380> completed
2026-03-03 16:48:13,463 - aiosqlite - DEBUG - executing functools.partial(<built-in method create_function of sqlite3.Connection object at 0x000002B4FBE8AA70>, 'regexp', 2, <function SQLiteDialect_pysqlite.on_connect.<locals>.regexp at 0x000002B4FBE180E0>, deterministic=True)
2026-03-03 16:48:13,464 - aiosqlite - DEBUG - operation functools.partial(<built-in method create_function of sqlite3.Connection object at 0x000002B4FBE8AA70>, 'regexp', 2, <function SQLiteDialect_pysqlite.on_connect.<locals>.regexp at 0x000002B4FBE180E0>, deterministic=True) completed
2026-03-03 16:48:13,464 - aiosqlite - DEBUG - executing functools.partial(<built-in method create_function of sqlite3.Connection object at 0x000002B4FBE8AA70>, 'floor', 1, <built-in function floor>, deterministic=True)
2026-03-03 16:48:13,465 - aiosqlite - DEBUG - operation functools.partial(<built-in method create_function of sqlite3.Connection object at 0x000002B4FBE8AA70>, 'floor', 1, <built-in function floor>, deterministic=True) completed
2026-03-03 16:48:13,465 - aiosqlite - DEBUG - executing functools.partial(<built-in method cursor of sqlite3.Connection object at 0x000002B4FBE8AA70>)
2026-03-03 16:48:13,465 - aiosqlite - DEBUG - operation functools.partial(<built-in method cursor of sqlite3.Connection object at 0x000002B4FBE8AA70>) completed
2026-03-03 16:48:13,466 - aiosqlite - DEBUG - executing functools.partial(<built-in method execute of sqlite3.Cursor object at 0x000002B4FBE7D6C0>, 'SELECT users.id, users.email, users.name, users.role, users.created_at, users.last_login, users.hashed_password \nFROM users \nWHERE users.role = ?', ('admin',))
2026-03-03 16:48:13,467 - aiosqlite - DEBUG - returning exception no such column: users.hashed_password
2026-03-03 16:48:13,468 - core.database - ERROR - Database session error: (sqlite3.OperationalError) no such column: users.hashed_password
[SQL: SELECT users.id, users.email, users.name, users.role, users.created_at, users.last_login, users.hashed_password 
FROM users 
WHERE users.role = ?]
[parameters: ('admin',)]
(Background on this error at: https://sqlalche.me/e/20/e3q8)
Traceback (most recent call last):
  File "D:\ASM1\.venv\Lib\site-packages\sqlalchemy\engine\base.py", line 1967, in _exec_single_context
    self.dialect.do_execute(
  File "D:\ASM1\.venv\Lib\site-packages\sqlalchemy\engine\default.py", line 941, in do_execute
    cursor.execute(statement, parameters)
  File "D:\ASM1\.venv\Lib\site-packages\sqlalchemy\dialects\sqlite\aiosqlite.py", line 147, in execute
    self._adapt_connection._handle_exception(error)
  File "D:\ASM1\.venv\Lib\site-packages\sqlalchemy\dialects\sqlite\aiosqlite.py", line 298, in _handle_exception
    raise error
  File "D:\ASM1\.venv\Lib\site-packages\sqlalchemy\dialects\sqlite\aiosqlite.py", line 129, in execute
    self.await_(_cursor.execute(operation, parameters))
  File "D:\ASM1\.venv\Lib\site-packages\sqlalchemy\util\_concurrency_py3k.py", line 132, in await_only
    return current.parent.switch(awaitable)  # type: ignore[no-any-return,attr-defined] # noqa: E501
           ^^^^^^^^^^^^^^^^^^^^^^^^^^^^^^^^
  File "D:\ASM1\.venv\Lib\site-packages\sqlalchemy\util\_concurrency_py3k.py", line 196, in greenlet_spawn
    value = await result
            ^^^^^^^^^^^^
  File "D:\ASM1\.venv\Lib\site-packages\aiosqlite\cursor.py", line 48, in execute
    await self._execute(self._cursor.execute, sql, parameters)
  File "D:\ASM1\.venv\Lib\site-packages\aiosqlite\cursor.py", line 40, in _execute
    return await self._conn._execute(fn, *args, **kwargs)
           ^^^^^^^^^^^^^^^^^^^^^^^^^^^^^^^^^^^^^^^^^^^^^^
  File "D:\ASM1\.venv\Lib\site-packages\aiosqlite\core.py", line 132, in _execute
    return await future
           ^^^^^^^^^^^^
  File "D:\ASM1\.venv\Lib\site-packages\aiosqlite\core.py", line 115, in run
    result = function()
             ^^^^^^^^^^
sqlite3.OperationalError: no such column: users.hashed_password

The above exception was the direct cause of the following exception:

Traceback (most recent call last):
  File "D:\ASM1\backend\core\database.py", line 542, in get_db
    yield session
  File "D:\ASM1\.venv\Lib\site-packages\fastapi\routing.py", line 301, in app
    raw_response = await run_endpoint_function(
                   ^^^^^^^^^^^^^^^^^^^^^^^^^^^^
  File "D:\ASM1\.venv\Lib\site-packages\fastapi\routing.py", line 212, in run_endpoint_function
    return await dependant.call(**values)
           ^^^^^^^^^^^^^^^^^^^^^^^^^^^^^^
  File "D:\ASM1\backend\routers\auth.py", line 336, in login_password
    result = await db.execute(select(User).where(User.role == "admin"))
             ^^^^^^^^^^^^^^^^^^^^^^^^^^^^^^^^^^^^^^^^^^^^^^^^^^^^^^^^^^
  File "D:\ASM1\.venv\Lib\site-packages\sqlalchemy\ext\asyncio\session.py", line 461, in execute
    result = await greenlet_spawn(
             ^^^^^^^^^^^^^^^^^^^^^
  File "D:\ASM1\.venv\Lib\site-packages\sqlalchemy\util\_concurrency_py3k.py", line 201, in greenlet_spawn
    result = context.throw(*sys.exc_info())
             ^^^^^^^^^^^^^^^^^^^^^^^^^^^^^^
  File "D:\ASM1\.venv\Lib\site-packages\sqlalchemy\orm\session.py", line 2362, in execute
    return self._execute_internal(
           ^^^^^^^^^^^^^^^^^^^^^^^
  File "D:\ASM1\.venv\Lib\site-packages\sqlalchemy\orm\session.py", line 2247, in _execute_internal
    result: Result[Any] = compile_state_cls.orm_execute_statement(
                          ^^^^^^^^^^^^^^^^^^^^^^^^^^^^^^^^^^^^^^^^
  File "D:\ASM1\.venv\Lib\site-packages\sqlalchemy\orm\context.py", line 305, in orm_execute_statement
    result = conn.execute(
             ^^^^^^^^^^^^^
  File "D:\ASM1\.venv\Lib\site-packages\sqlalchemy\engine\base.py", line 1418, in execute
    return meth(
           ^^^^^
  File "D:\ASM1\.venv\Lib\site-packages\sqlalchemy\sql\elements.py", line 515, in _execute_on_connection
    return connection._execute_clauseelement(
           ^^^^^^^^^^^^^^^^^^^^^^^^^^^^^^^^^^
  File "D:\ASM1\.venv\Lib\site-packages\sqlalchemy\engine\base.py", line 1640, in _execute_clauseelement
    ret = self._execute_context(
          ^^^^^^^^^^^^^^^^^^^^^^
  File "D:\ASM1\.venv\Lib\site-packages\sqlalchemy\engine\base.py", line 1846, in _execute_context
    return self._exec_single_context(
           ^^^^^^^^^^^^^^^^^^^^^^^^^^
  File "D:\ASM1\.venv\Lib\site-packages\sqlalchemy\engine\base.py", line 1986, in _exec_single_context
    self._handle_dbapi_exception(
  File "D:\ASM1\.venv\Lib\site-packages\sqlalchemy\engine\base.py", line 2355, in _handle_dbapi_exception
    raise sqlalchemy_exception.with_traceback(exc_info[2]) from e
  File "D:\ASM1\.venv\Lib\site-packages\sqlalchemy\engine\base.py", line 1967, in _exec_single_context
    self.dialect.do_execute(
  File "D:\ASM1\.venv\Lib\site-packages\sqlalchemy\engine\default.py", line 941, in do_execute
    cursor.execute(statement, parameters)
  File "D:\ASM1\.venv\Lib\site-packages\sqlalchemy\dialects\sqlite\aiosqlite.py", line 147, in execute
    self._adapt_connection._handle_exception(error)
  File "D:\ASM1\.venv\Lib\site-packages\sqlalchemy\dialects\sqlite\aiosqlite.py", line 298, in _handle_exception
    raise error
  File "D:\ASM1\.venv\Lib\site-packages\sqlalchemy\dialects\sqlite\aiosqlite.py", line 129, in execute
    self.await_(_cursor.execute(operation, parameters))
  File "D:\ASM1\.venv\Lib\site-packages\sqlalchemy\util\_concurrency_py3k.py", line 132, in await_only
    return current.parent.switch(awaitable)  # type: ignore[no-any-return,attr-defined] # noqa: E501
           ^^^^^^^^^^^^^^^^^^^^^^^^^^^^^^^^
  File "D:\ASM1\.venv\Lib\site-packages\sqlalchemy\util\_concurrency_py3k.py", line 196, in greenlet_spawn
    value = await result
            ^^^^^^^^^^^^
  File "D:\ASM1\.venv\Lib\site-packages\aiosqlite\cursor.py", line 48, in execute
    await self._execute(self._cursor.execute, sql, parameters)
  File "D:\ASM1\.venv\Lib\site-packages\aiosqlite\cursor.py", line 40, in _execute
    return await self._conn._execute(fn, *args, **kwargs)
           ^^^^^^^^^^^^^^^^^^^^^^^^^^^^^^^^^^^^^^^^^^^^^^
  File "D:\ASM1\.venv\Lib\site-packages\aiosqlite\core.py", line 132, in _execute
    return await future
           ^^^^^^^^^^^^
  File "D:\ASM1\.venv\Lib\site-packages\aiosqlite\core.py", line 115, in run
    result = function()
             ^^^^^^^^^^
sqlalchemy.exc.OperationalError: (sqlite3.OperationalError) no such column: users.hashed_password
[SQL: SELECT users.id, users.email, users.name, users.role, users.created_at, users.last_login, users.hashed_password 
FROM users 
WHERE users.role = ?]
[parameters: ('admin',)]
(Background on this error at: https://sqlalche.me/e/20/e3q8)
2026-03-03 16:48:13,473 - core.database - DEBUG - [DB_OP] Database session cleanup after 0.0128s
2026-03-03 16:48:13,474 - aiosqlite - DEBUG - executing functools.partial(<built-in method rollback of sqlite3.Connection object at 0x000002B4FBE8AA70>)
2026-03-03 16:48:13,474 - aiosqlite - DEBUG - operation functools.partial(<built-in method rollback of sqlite3.Connection object at 0x000002B4FBE8AA70>) completed
2026-03-03 16:48:13,475 - aiosqlite - DEBUG - executing functools.partial(<built-in method rollback of sqlite3.Connection object at 0x000002B4FBE8AA70>)
2026-03-03 16:48:13,475 - aiosqlite - DEBUG - operation functools.partial(<built-in method rollback of sqlite3.Connection object at 0x000002B4FBE8AA70>) completed
2026-03-03 16:48:13,475 - aiosqlite - DEBUG - executing functools.partial(<built-in method close of sqlite3.Connection object at 0x000002B4FBE8AA70>)
2026-03-03 16:48:13,475 - aiosqlite - DEBUG - operation functools.partial(<built-in method close of sqlite3.Connection object at 0x000002B4FBE8AA70>) completed
2026-03-03 16:48:13,475 - core.database - ERROR - Failed to create database session: (sqlite3.OperationalError) no such column: users.hashed_password
[SQL: SELECT users.id, users.email, users.name, users.role, users.created_at, users.last_login, users.hashed_password 
FROM users 
WHERE users.role = ?]
[parameters: ('admin',)]
(Background on this error at: https://sqlalche.me/e/20/e3q8)
Traceback (most recent call last):
  File "D:\ASM1\.venv\Lib\site-packages\sqlalchemy\engine\base.py", line 1967, in _exec_single_context
    self.dialect.do_execute(
  File "D:\ASM1\.venv\Lib\site-packages\sqlalchemy\engine\default.py", line 941, in do_execute
    cursor.execute(statement, parameters)
  File "D:\ASM1\.venv\Lib\site-packages\sqlalchemy\dialects\sqlite\aiosqlite.py", line 147, in execute
    self._adapt_connection._handle_exception(error)
  File "D:\ASM1\.venv\Lib\site-packages\sqlalchemy\dialects\sqlite\aiosqlite.py", line 298, in _handle_exception
    raise error
  File "D:\ASM1\.venv\Lib\site-packages\sqlalchemy\dialects\sqlite\aiosqlite.py", line 129, in execute
    self.await_(_cursor.execute(operation, parameters))
  File "D:\ASM1\.venv\Lib\site-packages\sqlalchemy\util\_concurrency_py3k.py", line 132, in await_only
    return current.parent.switch(awaitable)  # type: ignore[no-any-return,attr-defined] # noqa: E501
           ^^^^^^^^^^^^^^^^^^^^^^^^^^^^^^^^
  File "D:\ASM1\.venv\Lib\site-packages\sqlalchemy\util\_concurrency_py3k.py", line 196, in greenlet_spawn
    value = await result
            ^^^^^^^^^^^^
  File "D:\ASM1\.venv\Lib\site-packages\aiosqlite\cursor.py", line 48, in execute
    await self._execute(self._cursor.execute, sql, parameters)
  File "D:\ASM1\.venv\Lib\site-packages\aiosqlite\cursor.py", line 40, in _execute
    return await self._conn._execute(fn, *args, **kwargs)
           ^^^^^^^^^^^^^^^^^^^^^^^^^^^^^^^^^^^^^^^^^^^^^^
  File "D:\ASM1\.venv\Lib\site-packages\aiosqlite\core.py", line 132, in _execute
    return await future
           ^^^^^^^^^^^^
  File "D:\ASM1\.venv\Lib\site-packages\aiosqlite\core.py", line 115, in run
    result = function()
             ^^^^^^^^^^
sqlite3.OperationalError: no such column: users.hashed_password

The above exception was the direct cause of the following exception:

Traceback (most recent call last):
  File "D:\ASM1\backend\core\database.py", line 542, in get_db
    yield session
  File "D:\ASM1\.venv\Lib\site-packages\fastapi\routing.py", line 301, in app
    raw_response = await run_endpoint_function(
                   ^^^^^^^^^^^^^^^^^^^^^^^^^^^^
  File "D:\ASM1\.venv\Lib\site-packages\fastapi\routing.py", line 212, in run_endpoint_function
    return await dependant.call(**values)
           ^^^^^^^^^^^^^^^^^^^^^^^^^^^^^^
  File "D:\ASM1\backend\routers\auth.py", line 336, in login_password
    result = await db.execute(select(User).where(User.role == "admin"))
             ^^^^^^^^^^^^^^^^^^^^^^^^^^^^^^^^^^^^^^^^^^^^^^^^^^^^^^^^^^
  File "D:\ASM1\.venv\Lib\site-packages\sqlalchemy\ext\asyncio\session.py", line 461, in execute
    result = await greenlet_spawn(
             ^^^^^^^^^^^^^^^^^^^^^
  File "D:\ASM1\.venv\Lib\site-packages\sqlalchemy\util\_concurrency_py3k.py", line 201, in greenlet_spawn
    result = context.throw(*sys.exc_info())
             ^^^^^^^^^^^^^^^^^^^^^^^^^^^^^^
  File "D:\ASM1\.venv\Lib\site-packages\sqlalchemy\orm\session.py", line 2362, in execute
    return self._execute_internal(
           ^^^^^^^^^^^^^^^^^^^^^^^
  File "D:\ASM1\.venv\Lib\site-packages\sqlalchemy\orm\session.py", line 2247, in _execute_internal
    result: Result[Any] = compile_state_cls.orm_execute_statement(
                          ^^^^^^^^^^^^^^^^^^^^^^^^^^^^^^^^^^^^^^^^
  File "D:\ASM1\.venv\Lib\site-packages\sqlalchemy\orm\context.py", line 305, in orm_execute_statement
    result = conn.execute(
             ^^^^^^^^^^^^^
  File "D:\ASM1\.venv\Lib\site-packages\sqlalchemy\engine\base.py", line 1418, in execute
    return meth(
           ^^^^^
  File "D:\ASM1\.venv\Lib\site-packages\sqlalchemy\sql\elements.py", line 515, in _execute_on_connection
    return connection._execute_clauseelement(
           ^^^^^^^^^^^^^^^^^^^^^^^^^^^^^^^^^^
  File "D:\ASM1\.venv\Lib\site-packages\sqlalchemy\engine\base.py", line 1640, in _execute_clauseelement
    ret = self._execute_context(
          ^^^^^^^^^^^^^^^^^^^^^^
  File "D:\ASM1\.venv\Lib\site-packages\sqlalchemy\engine\base.py", line 1846, in _execute_context
    return self._exec_single_context(
           ^^^^^^^^^^^^^^^^^^^^^^^^^^
  File "D:\ASM1\.venv\Lib\site-packages\sqlalchemy\engine\base.py", line 1986, in _exec_single_context
    self._handle_dbapi_exception(
  File "D:\ASM1\.venv\Lib\site-packages\sqlalchemy\engine\base.py", line 2355, in _handle_dbapi_exception
    raise sqlalchemy_exception.with_traceback(exc_info[2]) from e
  File "D:\ASM1\.venv\Lib\site-packages\sqlalchemy\engine\base.py", line 1967, in _exec_single_context
    self.dialect.do_execute(
  File "D:\ASM1\.venv\Lib\site-packages\sqlalchemy\engine\default.py", line 941, in do_execute
    cursor.execute(statement, parameters)
  File "D:\ASM1\.venv\Lib\site-packages\sqlalchemy\dialects\sqlite\aiosqlite.py", line 147, in execute
    self._adapt_connection._handle_exception(error)
  File "D:\ASM1\.venv\Lib\site-packages\sqlalchemy\dialects\sqlite\aiosqlite.py", line 298, in _handle_exception
    raise error
  File "D:\ASM1\.venv\Lib\site-packages\sqlalchemy\dialects\sqlite\aiosqlite.py", line 129, in execute
    self.await_(_cursor.execute(operation, parameters))
  File "D:\ASM1\.venv\Lib\site-packages\sqlalchemy\util\_concurrency_py3k.py", line 132, in await_only
    return current.parent.switch(awaitable)  # type: ignore[no-any-return,attr-defined] # noqa: E501
           ^^^^^^^^^^^^^^^^^^^^^^^^^^^^^^^^
  File "D:\ASM1\.venv\Lib\site-packages\sqlalchemy\util\_concurrency_py3k.py", line 196, in greenlet_spawn
    value = await result
            ^^^^^^^^^^^^
  File "D:\ASM1\.venv\Lib\site-packages\aiosqlite\cursor.py", line 48, in execute
    await self._execute(self._cursor.execute, sql, parameters)
  File "D:\ASM1\.venv\Lib\site-packages\aiosqlite\cursor.py", line 40, in _execute
    return await self._conn._execute(fn, *args, **kwargs)
           ^^^^^^^^^^^^^^^^^^^^^^^^^^^^^^^^^^^^^^^^^^^^^^
  File "D:\ASM1\.venv\Lib\site-packages\aiosqlite\core.py", line 132, in _execute
    return await future
           ^^^^^^^^^^^^
  File "D:\ASM1\.venv\Lib\site-packages\aiosqlite\core.py", line 115, in run
    result = function()
             ^^^^^^^^^^
sqlalchemy.exc.OperationalError: (sqlite3.OperationalError) no such column: users.hashed_password
[SQL: SELECT users.id, users.email, users.name, users.role, users.created_at, users.last_login, users.hashed_password 
FROM users 
WHERE users.role = ?]
[parameters: ('admin',)]
(Background on this error at: https://sqlalche.me/e/20/e3q8)
2026-03-03 16:48:13,634 - core.database - DEBUG - [DB_OP] Starting get_db session creation
2026-03-03 16:48:13,634 - core.database - DEBUG - [DB_OP] Database session created successfully in 0.0000s
2026-03-03 16:48:13,635 - aiosqlite - DEBUG - executing <function connect.<locals>.connector at 0x000002B4FC0E9C60>
2026-03-03 16:48:13,635 - aiosqlite - DEBUG - operation <function connect.<locals>.connector at 0x000002B4FC0E9C60> completed
2026-03-03 16:48:13,636 - aiosqlite - DEBUG - executing functools.partial(<built-in method create_function of sqlite3.Connection object at 0x000002B4FBE89F30>, 'regexp', 2, <function SQLiteDialect_pysqlite.on_connect.<locals>.regexp at 0x000002B4FBE180E0>, deterministic=True)
2026-03-03 16:48:13,636 - aiosqlite - DEBUG - operation functools.partial(<built-in method create_function of sqlite3.Connection object at 0x000002B4FBE89F30>, 'regexp', 2, <function SQLiteDialect_pysqlite.on_connect.<locals>.regexp at 0x000002B4FBE180E0>, deterministic=True) completed
2026-03-03 16:48:13,636 - aiosqlite - DEBUG - executing functools.partial(<built-in method create_function of sqlite3.Connection object at 0x000002B4FBE89F30>, 'floor', 1, <built-in function floor>, deterministic=True)
2026-03-03 16:48:13,637 - aiosqlite - DEBUG - operation functools.partial(<built-in method create_function of sqlite3.Connection object at 0x000002B4FBE89F30>, 'floor', 1, <built-in function floor>, deterministic=True) completed
2026-03-03 16:48:13,637 - aiosqlite - DEBUG - executing functools.partial(<built-in method cursor of sqlite3.Connection object at 0x000002B4FBE89F30>)
2026-03-03 16:48:13,637 - aiosqlite - DEBUG - operation functools.partial(<built-in method cursor of sqlite3.Connection object at 0x000002B4FBE89F30>) completed
2026-03-03 16:48:13,638 - aiosqlite - DEBUG - executing functools.partial(<built-in method execute of sqlite3.Cursor object at 0x000002B4FC138EC0>, 'SELECT users.id, users.email, users.name, users.role, users.created_at, users.last_login, users.hashed_password \nFROM users \nWHERE users.role = ?', ('admin',))
2026-03-03 16:48:13,638 - aiosqlite - DEBUG - returning exception no such column: users.hashed_password
2026-03-03 16:48:13,639 - core.database - ERROR - Database session error: (sqlite3.OperationalError) no such column: users.hashed_password
[SQL: SELECT users.id, users.email, users.name, users.role, users.created_at, users.last_login, users.hashed_password 
FROM users 
WHERE users.role = ?]
[parameters: ('admin',)]
(Background on this error at: https://sqlalche.me/e/20/e3q8)
Traceback (most recent call last):
  File "D:\ASM1\.venv\Lib\site-packages\sqlalchemy\engine\base.py", line 1967, in _exec_single_context
    self.dialect.do_execute(
  File "D:\ASM1\.venv\Lib\site-packages\sqlalchemy\engine\default.py", line 941, in do_execute
    cursor.execute(statement, parameters)
  File "D:\ASM1\.venv\Lib\site-packages\sqlalchemy\dialects\sqlite\aiosqlite.py", line 147, in execute
    self._adapt_connection._handle_exception(error)
  File "D:\ASM1\.venv\Lib\site-packages\sqlalchemy\dialects\sqlite\aiosqlite.py", line 298, in _handle_exception
    raise error
  File "D:\ASM1\.venv\Lib\site-packages\sqlalchemy\dialects\sqlite\aiosqlite.py", line 129, in execute
    self.await_(_cursor.execute(operation, parameters))
  File "D:\ASM1\.venv\Lib\site-packages\sqlalchemy\util\_concurrency_py3k.py", line 132, in await_only
    return current.parent.switch(awaitable)  # type: ignore[no-any-return,attr-defined] # noqa: E501
           ^^^^^^^^^^^^^^^^^^^^^^^^^^^^^^^^
  File "D:\ASM1\.venv\Lib\site-packages\sqlalchemy\util\_concurrency_py3k.py", line 196, in greenlet_spawn
    value = await result
            ^^^^^^^^^^^^
  File "D:\ASM1\.venv\Lib\site-packages\aiosqlite\cursor.py", line 48, in execute
    await self._execute(self._cursor.execute, sql, parameters)
  File "D:\ASM1\.venv\Lib\site-packages\aiosqlite\cursor.py", line 40, in _execute
    return await self._conn._execute(fn, *args, **kwargs)
           ^^^^^^^^^^^^^^^^^^^^^^^^^^^^^^^^^^^^^^^^^^^^^^
  File "D:\ASM1\.venv\Lib\site-packages\aiosqlite\core.py", line 132, in _execute
    return await future
           ^^^^^^^^^^^^
  File "D:\ASM1\.venv\Lib\site-packages\aiosqlite\core.py", line 115, in run
    result = function()
             ^^^^^^^^^^
sqlite3.OperationalError: no such column: users.hashed_password

The above exception was the direct cause of the following exception:

Traceback (most recent call last):
  File "D:\ASM1\backend\core\database.py", line 542, in get_db
    yield session
  File "D:\ASM1\.venv\Lib\site-packages\fastapi\routing.py", line 301, in app
    raw_response = await run_endpoint_function(
                   ^^^^^^^^^^^^^^^^^^^^^^^^^^^^
  File "D:\ASM1\.venv\Lib\site-packages\fastapi\routing.py", line 212, in run_endpoint_function
    return await dependant.call(**values)
           ^^^^^^^^^^^^^^^^^^^^^^^^^^^^^^
  File "D:\ASM1\backend\routers\auth.py", line 336, in login_password
    result = await db.execute(select(User).where(User.role == "admin"))
             ^^^^^^^^^^^^^^^^^^^^^^^^^^^^^^^^^^^^^^^^^^^^^^^^^^^^^^^^^^
  File "D:\ASM1\.venv\Lib\site-packages\sqlalchemy\ext\asyncio\session.py", line 461, in execute
    result = await greenlet_spawn(
             ^^^^^^^^^^^^^^^^^^^^^
  File "D:\ASM1\.venv\Lib\site-packages\sqlalchemy\util\_concurrency_py3k.py", line 201, in greenlet_spawn
    result = context.throw(*sys.exc_info())
             ^^^^^^^^^^^^^^^^^^^^^^^^^^^^^^
  File "D:\ASM1\.venv\Lib\site-packages\sqlalchemy\orm\session.py", line 2362, in execute
    return self._execute_internal(
           ^^^^^^^^^^^^^^^^^^^^^^^
  File "D:\ASM1\.venv\Lib\site-packages\sqlalchemy\orm\session.py", line 2247, in _execute_internal
    result: Result[Any] = compile_state_cls.orm_execute_statement(
                          ^^^^^^^^^^^^^^^^^^^^^^^^^^^^^^^^^^^^^^^^
  File "D:\ASM1\.venv\Lib\site-packages\sqlalchemy\orm\context.py", line 305, in orm_execute_statement
    result = conn.execute(
             ^^^^^^^^^^^^^
  File "D:\ASM1\.venv\Lib\site-packages\sqlalchemy\engine\base.py", line 1418, in execute
    return meth(
           ^^^^^
  File "D:\ASM1\.venv\Lib\site-packages\sqlalchemy\sql\elements.py", line 515, in _execute_on_connection
    return connection._execute_clauseelement(
           ^^^^^^^^^^^^^^^^^^^^^^^^^^^^^^^^^^
  File "D:\ASM1\.venv\Lib\site-packages\sqlalchemy\engine\base.py", line 1640, in _execute_clauseelement
    ret = self._execute_context(
          ^^^^^^^^^^^^^^^^^^^^^^
  File "D:\ASM1\.venv\Lib\site-packages\sqlalchemy\engine\base.py", line 1846, in _execute_context
    return self._exec_single_context(
           ^^^^^^^^^^^^^^^^^^^^^^^^^^
  File "D:\ASM1\.venv\Lib\site-packages\sqlalchemy\engine\base.py", line 1986, in _exec_single_context
    self._handle_dbapi_exception(
  File "D:\ASM1\.venv\Lib\site-packages\sqlalchemy\engine\base.py", line 2355, in _handle_dbapi_exception
    raise sqlalchemy_exception.with_traceback(exc_info[2]) from e
  File "D:\ASM1\.venv\Lib\site-packages\sqlalchemy\engine\base.py", line 1967, in _exec_single_context
    self.dialect.do_execute(
  File "D:\ASM1\.venv\Lib\site-packages\sqlalchemy\engine\default.py", line 941, in do_execute
    cursor.execute(statement, parameters)
  File "D:\ASM1\.venv\Lib\site-packages\sqlalchemy\dialects\sqlite\aiosqlite.py", line 147, in execute
    self._adapt_connection._handle_exception(error)
  File "D:\ASM1\.venv\Lib\site-packages\sqlalchemy\dialects\sqlite\aiosqlite.py", line 298, in _handle_exception
    raise error
  File "D:\ASM1\.venv\Lib\site-packages\sqlalchemy\dialects\sqlite\aiosqlite.py", line 129, in execute
    self.await_(_cursor.execute(operation, parameters))
  File "D:\ASM1\.venv\Lib\site-packages\sqlalchemy\util\_concurrency_py3k.py", line 132, in await_only
    return current.parent.switch(awaitable)  # type: ignore[no-any-return,attr-defined] # noqa: E501
           ^^^^^^^^^^^^^^^^^^^^^^^^^^^^^^^^
  File "D:\ASM1\.venv\Lib\site-packages\sqlalchemy\util\_concurrency_py3k.py", line 196, in greenlet_spawn
    value = await result
            ^^^^^^^^^^^^
  File "D:\ASM1\.venv\Lib\site-packages\aiosqlite\cursor.py", line 48, in execute
    await self._execute(self._cursor.execute, sql, parameters)
  File "D:\ASM1\.venv\Lib\site-packages\aiosqlite\cursor.py", line 40, in _execute
    return await self._conn._execute(fn, *args, **kwargs)
           ^^^^^^^^^^^^^^^^^^^^^^^^^^^^^^^^^^^^^^^^^^^^^^
  File "D:\ASM1\.venv\Lib\site-packages\aiosqlite\core.py", line 132, in _execute
    return await future
           ^^^^^^^^^^^^
  File "D:\ASM1\.venv\Lib\site-packages\aiosqlite\core.py", line 115, in run
    result = function()
             ^^^^^^^^^^
sqlalchemy.exc.OperationalError: (sqlite3.OperationalError) no such column: users.hashed_password
[SQL: SELECT users.id, users.email, users.name, users.role, users.created_at, users.last_login, users.hashed_password 
FROM users 
WHERE users.role = ?]
[parameters: ('admin',)]
(Background on this error at: https://sqlalche.me/e/20/e3q8)
2026-03-03 16:48:13,644 - core.database - DEBUG - [DB_OP] Database session cleanup after 0.0101s
2026-03-03 16:48:13,644 - aiosqlite - DEBUG - executing functools.partial(<built-in method rollback of sqlite3.Connection object at 0x000002B4FBE89F30>)
2026-03-03 16:48:13,645 - aiosqlite - DEBUG - operation functools.partial(<built-in method rollback of sqlite3.Connection object at 0x000002B4FBE89F30>) completed
2026-03-03 16:48:13,645 - aiosqlite - DEBUG - executing functools.partial(<built-in method rollback of sqlite3.Connection object at 0x000002B4FBE89F30>)
2026-03-03 16:48:13,645 - aiosqlite - DEBUG - operation functools.partial(<built-in method rollback of sqlite3.Connection object at 0x000002B4FBE89F30>) completed
2026-03-03 16:48:13,646 - aiosqlite - DEBUG - executing functools.partial(<built-in method close of sqlite3.Connection object at 0x000002B4FBE89F30>)
2026-03-03 16:48:13,646 - aiosqlite - DEBUG - operation functools.partial(<built-in method close of sqlite3.Connection object at 0x000002B4FBE89F30>) completed
2026-03-03 16:48:13,646 - core.database - ERROR - Failed to create database session: (sqlite3.OperationalError) no such column: users.hashed_password
[SQL: SELECT users.id, users.email, users.name, users.role, users.created_at, users.last_login, users.hashed_password 
FROM users 
WHERE users.role = ?]
[parameters: ('admin',)]
(Background on this error at: https://sqlalche.me/e/20/e3q8)
Traceback (most recent call last):
  File "D:\ASM1\.venv\Lib\site-packages\sqlalchemy\engine\base.py", line 1967, in _exec_single_context
    self.dialect.do_execute(
  File "D:\ASM1\.venv\Lib\site-packages\sqlalchemy\engine\default.py", line 941, in do_execute
    cursor.execute(statement, parameters)
  File "D:\ASM1\.venv\Lib\site-packages\sqlalchemy\dialects\sqlite\aiosqlite.py", line 147, in execute
    self._adapt_connection._handle_exception(error)
  File "D:\ASM1\.venv\Lib\site-packages\sqlalchemy\dialects\sqlite\aiosqlite.py", line 298, in _handle_exception
    raise error
  File "D:\ASM1\.venv\Lib\site-packages\sqlalchemy\dialects\sqlite\aiosqlite.py", line 129, in execute
    self.await_(_cursor.execute(operation, parameters))
  File "D:\ASM1\.venv\Lib\site-packages\sqlalchemy\util\_concurrency_py3k.py", line 132, in await_only
    return current.parent.switch(awaitable)  # type: ignore[no-any-return,attr-defined] # noqa: E501
           ^^^^^^^^^^^^^^^^^^^^^^^^^^^^^^^^
  File "D:\ASM1\.venv\Lib\site-packages\sqlalchemy\util\_concurrency_py3k.py", line 196, in greenlet_spawn
    value = await result
            ^^^^^^^^^^^^
  File "D:\ASM1\.venv\Lib\site-packages\aiosqlite\cursor.py", line 48, in execute
    await self._execute(self._cursor.execute, sql, parameters)
  File "D:\ASM1\.venv\Lib\site-packages\aiosqlite\cursor.py", line 40, in _execute
    return await self._conn._execute(fn, *args, **kwargs)
           ^^^^^^^^^^^^^^^^^^^^^^^^^^^^^^^^^^^^^^^^^^^^^^
  File "D:\ASM1\.venv\Lib\site-packages\aiosqlite\core.py", line 132, in _execute
    return await future
           ^^^^^^^^^^^^
  File "D:\ASM1\.venv\Lib\site-packages\aiosqlite\core.py", line 115, in run
    result = function()
             ^^^^^^^^^^
sqlite3.OperationalError: no such column: users.hashed_password

The above exception was the direct cause of the following exception:

Traceback (most recent call last):
  File "D:\ASM1\backend\core\database.py", line 542, in get_db
    yield session
  File "D:\ASM1\.venv\Lib\site-packages\fastapi\routing.py", line 301, in app
    raw_response = await run_endpoint_function(
                   ^^^^^^^^^^^^^^^^^^^^^^^^^^^^
  File "D:\ASM1\.venv\Lib\site-packages\fastapi\routing.py", line 212, in run_endpoint_function
    return await dependant.call(**values)
           ^^^^^^^^^^^^^^^^^^^^^^^^^^^^^^
  File "D:\ASM1\backend\routers\auth.py", line 336, in login_password
    result = await db.execute(select(User).where(User.role == "admin"))
             ^^^^^^^^^^^^^^^^^^^^^^^^^^^^^^^^^^^^^^^^^^^^^^^^^^^^^^^^^^
  File "D:\ASM1\.venv\Lib\site-packages\sqlalchemy\ext\asyncio\session.py", line 461, in execute
    result = await greenlet_spawn(
             ^^^^^^^^^^^^^^^^^^^^^
  File "D:\ASM1\.venv\Lib\site-packages\sqlalchemy\util\_concurrency_py3k.py", line 201, in greenlet_spawn
    result = context.throw(*sys.exc_info())
             ^^^^^^^^^^^^^^^^^^^^^^^^^^^^^^
  File "D:\ASM1\.venv\Lib\site-packages\sqlalchemy\orm\session.py", line 2362, in execute
    return self._execute_internal(
           ^^^^^^^^^^^^^^^^^^^^^^^
  File "D:\ASM1\.venv\Lib\site-packages\sqlalchemy\orm\session.py", line 2247, in _execute_internal
    result: Result[Any] = compile_state_cls.orm_execute_statement(
                          ^^^^^^^^^^^^^^^^^^^^^^^^^^^^^^^^^^^^^^^^
  File "D:\ASM1\.venv\Lib\site-packages\sqlalchemy\orm\context.py", line 305, in orm_execute_statement
    result = conn.execute(
             ^^^^^^^^^^^^^
  File "D:\ASM1\.venv\Lib\site-packages\sqlalchemy\engine\base.py", line 1418, in execute
    return meth(
           ^^^^^
  File "D:\ASM1\.venv\Lib\site-packages\sqlalchemy\sql\elements.py", line 515, in _execute_on_connection
    return connection._execute_clauseelement(
           ^^^^^^^^^^^^^^^^^^^^^^^^^^^^^^^^^^
  File "D:\ASM1\.venv\Lib\site-packages\sqlalchemy\engine\base.py", line 1640, in _execute_clauseelement
    ret = self._execute_context(
          ^^^^^^^^^^^^^^^^^^^^^^
  File "D:\ASM1\.venv\Lib\site-packages\sqlalchemy\engine\base.py", line 1846, in _execute_context
    return self._exec_single_context(
           ^^^^^^^^^^^^^^^^^^^^^^^^^^
  File "D:\ASM1\.venv\Lib\site-packages\sqlalchemy\engine\base.py", line 1986, in _exec_single_context
    self._handle_dbapi_exception(
  File "D:\ASM1\.venv\Lib\site-packages\sqlalchemy\engine\base.py", line 2355, in _handle_dbapi_exception
    raise sqlalchemy_exception.with_traceback(exc_info[2]) from e
  File "D:\ASM1\.venv\Lib\site-packages\sqlalchemy\engine\base.py", line 1967, in _exec_single_context
    self.dialect.do_execute(
  File "D:\ASM1\.venv\Lib\site-packages\sqlalchemy\engine\default.py", line 941, in do_execute
    cursor.execute(statement, parameters)
  File "D:\ASM1\.venv\Lib\site-packages\sqlalchemy\dialects\sqlite\aiosqlite.py", line 147, in execute
    self._adapt_connection._handle_exception(error)
  File "D:\ASM1\.venv\Lib\site-packages\sqlalchemy\dialects\sqlite\aiosqlite.py", line 298, in _handle_exception
    raise error
  File "D:\ASM1\.venv\Lib\site-packages\sqlalchemy\dialects\sqlite\aiosqlite.py", line 129, in execute
    self.await_(_cursor.execute(operation, parameters))
  File "D:\ASM1\.venv\Lib\site-packages\sqlalchemy\util\_concurrency_py3k.py", line 132, in await_only
    return current.parent.switch(awaitable)  # type: ignore[no-any-return,attr-defined] # noqa: E501
           ^^^^^^^^^^^^^^^^^^^^^^^^^^^^^^^^
  File "D:\ASM1\.venv\Lib\site-packages\sqlalchemy\util\_concurrency_py3k.py", line 196, in greenlet_spawn
    value = await result
            ^^^^^^^^^^^^
  File "D:\ASM1\.venv\Lib\site-packages\aiosqlite\cursor.py", line 48, in execute
    await self._execute(self._cursor.execute, sql, parameters)
  File "D:\ASM1\.venv\Lib\site-packages\aiosqlite\cursor.py", line 40, in _execute
    return await self._conn._execute(fn, *args, **kwargs)
           ^^^^^^^^^^^^^^^^^^^^^^^^^^^^^^^^^^^^^^^^^^^^^^
  File "D:\ASM1\.venv\Lib\site-packages\aiosqlite\core.py", line 132, in _execute
    return await future
           ^^^^^^^^^^^^
  File "D:\ASM1\.venv\Lib\site-packages\aiosqlite\core.py", line 115, in run
    result = function()
             ^^^^^^^^^^
sqlalchemy.exc.OperationalError: (sqlite3.OperationalError) no such column: users.hashed_password
[SQL: SELECT users.id, users.email, users.name, users.role, users.created_at, users.last_login, users.hashed_password 
FROM users 
WHERE users.role = ?]
[parameters: ('admin',)]
(Background on this error at: https://sqlalche.me/e/20/e3q8)
2026-03-03 16:48:13,811 - core.database - DEBUG - [DB_OP] Starting get_db session creation
2026-03-03 16:48:13,811 - core.database - DEBUG - [DB_OP] Database session created successfully in 0.0000s
2026-03-03 16:48:13,813 - aiosqlite - DEBUG - executing <function connect.<locals>.connector at 0x000002B4FBE19300>
2026-03-03 16:48:13,814 - aiosqlite - DEBUG - operation <function connect.<locals>.connector at 0x000002B4FBE19300> completed
2026-03-03 16:48:13,814 - aiosqlite - DEBUG - executing functools.partial(<built-in method create_function of sqlite3.Connection object at 0x000002B4FBE89F30>, 'regexp', 2, <function SQLiteDialect_pysqlite.on_connect.<locals>.regexp at 0x000002B4FBE180E0>, deterministic=True)
2026-03-03 16:48:13,814 - aiosqlite - DEBUG - operation functools.partial(<built-in method create_function of sqlite3.Connection object at 0x000002B4FBE89F30>, 'regexp', 2, <function SQLiteDialect_pysqlite.on_connect.<locals>.regexp at 0x000002B4FBE180E0>, deterministic=True) completed
2026-03-03 16:48:13,816 - aiosqlite - DEBUG - executing functools.partial(<built-in method create_function of sqlite3.Connection object at 0x000002B4FBE89F30>, 'floor', 1, <built-in function floor>, deterministic=True)
2026-03-03 16:48:13,816 - aiosqlite - DEBUG - operation functools.partial(<built-in method create_function of sqlite3.Connection object at 0x000002B4FBE89F30>, 'floor', 1, <built-in function floor>, deterministic=True) completed
2026-03-03 16:48:13,817 - aiosqlite - DEBUG - executing functools.partial(<built-in method cursor of sqlite3.Connection object at 0x000002B4FBE89F30>)
2026-03-03 16:48:13,818 - aiosqlite - DEBUG - operation functools.partial(<built-in method cursor of sqlite3.Connection object at 0x000002B4FBE89F30>) completed
2026-03-03 16:48:13,818 - aiosqlite - DEBUG - executing functools.partial(<built-in method execute of sqlite3.Cursor object at 0x000002B4FBE7D240>, 'SELECT users.id, users.email, users.name, users.role, users.created_at, users.last_login, users.hashed_password \nFROM users \nWHERE users.role = ?', ('admin',))
2026-03-03 16:48:13,819 - aiosqlite - DEBUG - returning exception no such column: users.hashed_password
2026-03-03 16:48:13,819 - core.database - ERROR - Database session error: (sqlite3.OperationalError) no such column: users.hashed_password
[SQL: SELECT users.id, users.email, users.name, users.role, users.created_at, users.last_login, users.hashed_password 
FROM users 
WHERE users.role = ?]
[parameters: ('admin',)]
(Background on this error at: https://sqlalche.me/e/20/e3q8)
Traceback (most recent call last):
  File "D:\ASM1\.venv\Lib\site-packages\sqlalchemy\engine\base.py", line 1967, in _exec_single_context
    self.dialect.do_execute(
  File "D:\ASM1\.venv\Lib\site-packages\sqlalchemy\engine\default.py", line 941, in do_execute
    cursor.execute(statement, parameters)
  File "D:\ASM1\.venv\Lib\site-packages\sqlalchemy\dialects\sqlite\aiosqlite.py", line 147, in execute
    self._adapt_connection._handle_exception(error)
  File "D:\ASM1\.venv\Lib\site-packages\sqlalchemy\dialects\sqlite\aiosqlite.py", line 298, in _handle_exception
    raise error
  File "D:\ASM1\.venv\Lib\site-packages\sqlalchemy\dialects\sqlite\aiosqlite.py", line 129, in execute
    self.await_(_cursor.execute(operation, parameters))
  File "D:\ASM1\.venv\Lib\site-packages\sqlalchemy\util\_concurrency_py3k.py", line 132, in await_only
    return current.parent.switch(awaitable)  # type: ignore[no-any-return,attr-defined] # noqa: E501
           ^^^^^^^^^^^^^^^^^^^^^^^^^^^^^^^^
  File "D:\ASM1\.venv\Lib\site-packages\sqlalchemy\util\_concurrency_py3k.py", line 196, in greenlet_spawn
    value = await result
            ^^^^^^^^^^^^
  File "D:\ASM1\.venv\Lib\site-packages\aiosqlite\cursor.py", line 48, in execute
    await self._execute(self._cursor.execute, sql, parameters)
  File "D:\ASM1\.venv\Lib\site-packages\aiosqlite\cursor.py", line 40, in _execute
    return await self._conn._execute(fn, *args, **kwargs)
           ^^^^^^^^^^^^^^^^^^^^^^^^^^^^^^^^^^^^^^^^^^^^^^
  File "D:\ASM1\.venv\Lib\site-packages\aiosqlite\core.py", line 132, in _execute
    return await future
           ^^^^^^^^^^^^
  File "D:\ASM1\.venv\Lib\site-packages\aiosqlite\core.py", line 115, in run
    result = function()
             ^^^^^^^^^^
sqlite3.OperationalError: no such column: users.hashed_password

The above exception was the direct cause of the following exception:

Traceback (most recent call last):
  File "D:\ASM1\backend\core\database.py", line 542, in get_db
    yield session
  File "D:\ASM1\.venv\Lib\site-packages\fastapi\routing.py", line 301, in app
    raw_response = await run_endpoint_function(
                   ^^^^^^^^^^^^^^^^^^^^^^^^^^^^
  File "D:\ASM1\.venv\Lib\site-packages\fastapi\routing.py", line 212, in run_endpoint_function
    return await dependant.call(**values)
           ^^^^^^^^^^^^^^^^^^^^^^^^^^^^^^
  File "D:\ASM1\backend\routers\auth.py", line 336, in login_password
    result = await db.execute(select(User).where(User.role == "admin"))
             ^^^^^^^^^^^^^^^^^^^^^^^^^^^^^^^^^^^^^^^^^^^^^^^^^^^^^^^^^^
  File "D:\ASM1\.venv\Lib\site-packages\sqlalchemy\ext\asyncio\session.py", line 461, in execute
    result = await greenlet_spawn(
             ^^^^^^^^^^^^^^^^^^^^^
  File "D:\ASM1\.venv\Lib\site-packages\sqlalchemy\util\_concurrency_py3k.py", line 201, in greenlet_spawn
    result = context.throw(*sys.exc_info())
             ^^^^^^^^^^^^^^^^^^^^^^^^^^^^^^
  File "D:\ASM1\.venv\Lib\site-packages\sqlalchemy\orm\session.py", line 2362, in execute
    return self._execute_internal(
           ^^^^^^^^^^^^^^^^^^^^^^^
  File "D:\ASM1\.venv\Lib\site-packages\sqlalchemy\orm\session.py", line 2247, in _execute_internal
    result: Result[Any] = compile_state_cls.orm_execute_statement(
                          ^^^^^^^^^^^^^^^^^^^^^^^^^^^^^^^^^^^^^^^^
  File "D:\ASM1\.venv\Lib\site-packages\sqlalchemy\orm\context.py", line 305, in orm_execute_statement
    result = conn.execute(
             ^^^^^^^^^^^^^
  File "D:\ASM1\.venv\Lib\site-packages\sqlalchemy\engine\base.py", line 1418, in execute
    return meth(
           ^^^^^
  File "D:\ASM1\.venv\Lib\site-packages\sqlalchemy\sql\elements.py", line 515, in _execute_on_connection
    return connection._execute_clauseelement(
           ^^^^^^^^^^^^^^^^^^^^^^^^^^^^^^^^^^
  File "D:\ASM1\.venv\Lib\site-packages\sqlalchemy\engine\base.py", line 1640, in _execute_clauseelement
    ret = self._execute_context(
          ^^^^^^^^^^^^^^^^^^^^^^
  File "D:\ASM1\.venv\Lib\site-packages\sqlalchemy\engine\base.py", line 1846, in _execute_context
    return self._exec_single_context(
           ^^^^^^^^^^^^^^^^^^^^^^^^^^
  File "D:\ASM1\.venv\Lib\site-packages\sqlalchemy\engine\base.py", line 1986, in _exec_single_context
    self._handle_dbapi_exception(
  File "D:\ASM1\.venv\Lib\site-packages\sqlalchemy\engine\base.py", line 2355, in _handle_dbapi_exception
    raise sqlalchemy_exception.with_traceback(exc_info[2]) from e
  File "D:\ASM1\.venv\Lib\site-packages\sqlalchemy\engine\base.py", line 1967, in _exec_single_context
    self.dialect.do_execute(
  File "D:\ASM1\.venv\Lib\site-packages\sqlalchemy\engine\default.py", line 941, in do_execute
    cursor.execute(statement, parameters)
  File "D:\ASM1\.venv\Lib\site-packages\sqlalchemy\dialects\sqlite\aiosqlite.py", line 147, in execute
    self._adapt_connection._handle_exception(error)
  File "D:\ASM1\.venv\Lib\site-packages\sqlalchemy\dialects\sqlite\aiosqlite.py", line 298, in _handle_exception
    raise error
  File "D:\ASM1\.venv\Lib\site-packages\sqlalchemy\dialects\sqlite\aiosqlite.py", line 129, in execute
    self.await_(_cursor.execute(operation, parameters))
  File "D:\ASM1\.venv\Lib\site-packages\sqlalchemy\util\_concurrency_py3k.py", line 132, in await_only
    return current.parent.switch(awaitable)  # type: ignore[no-any-return,attr-defined] # noqa: E501
           ^^^^^^^^^^^^^^^^^^^^^^^^^^^^^^^^
  File "D:\ASM1\.venv\Lib\site-packages\sqlalchemy\util\_concurrency_py3k.py", line 196, in greenlet_spawn
    value = await result
            ^^^^^^^^^^^^
  File "D:\ASM1\.venv\Lib\site-packages\aiosqlite\cursor.py", line 48, in execute
    await self._execute(self._cursor.execute, sql, parameters)
  File "D:\ASM1\.venv\Lib\site-packages\aiosqlite\cursor.py", line 40, in _execute
    return await self._conn._execute(fn, *args, **kwargs)
           ^^^^^^^^^^^^^^^^^^^^^^^^^^^^^^^^^^^^^^^^^^^^^^
  File "D:\ASM1\.venv\Lib\site-packages\aiosqlite\core.py", line 132, in _execute
    return await future
           ^^^^^^^^^^^^
  File "D:\ASM1\.venv\Lib\site-packages\aiosqlite\core.py", line 115, in run
    result = function()
             ^^^^^^^^^^
sqlalchemy.exc.OperationalError: (sqlite3.OperationalError) no such column: users.hashed_password
[SQL: SELECT users.id, users.email, users.name, users.role, users.created_at, users.last_login, users.hashed_password 
FROM users 
WHERE users.role = ?]
[parameters: ('admin',)]
(Background on this error at: https://sqlalche.me/e/20/e3q8)
2026-03-03 16:48:13,825 - core.database - DEBUG - [DB_OP] Database session cleanup after 0.0139s
2026-03-03 16:48:13,825 - aiosqlite - DEBUG - executing functools.partial(<built-in method rollback of sqlite3.Connection object at 0x000002B4FBE89F30>)
2026-03-03 16:48:13,826 - aiosqlite - DEBUG - operation functools.partial(<built-in method rollback of sqlite3.Connection object at 0x000002B4FBE89F30>) completed
2026-03-03 16:48:13,826 - aiosqlite - DEBUG - executing functools.partial(<built-in method rollback of sqlite3.Connection object at 0x000002B4FBE89F30>)
2026-03-03 16:48:13,826 - aiosqlite - DEBUG - operation functools.partial(<built-in method rollback of sqlite3.Connection object at 0x000002B4FBE89F30>) completed
2026-03-03 16:48:13,826 - aiosqlite - DEBUG - executing functools.partial(<built-in method close of sqlite3.Connection object at 0x000002B4FBE89F30>)
2026-03-03 16:48:13,826 - aiosqlite - DEBUG - operation functools.partial(<built-in method close of sqlite3.Connection object at 0x000002B4FBE89F30>) completed
2026-03-03 16:48:13,827 - core.database - ERROR - Failed to create database session: (sqlite3.OperationalError) no such column: users.hashed_password
[SQL: SELECT users.id, users.email, users.name, users.role, users.created_at, users.last_login, users.hashed_password 
FROM users 
WHERE users.role = ?]
[parameters: ('admin',)]
(Background on this error at: https://sqlalche.me/e/20/e3q8)
Traceback (most recent call last):
  File "D:\ASM1\.venv\Lib\site-packages\sqlalchemy\engine\base.py", line 1967, in _exec_single_context
    self.dialect.do_execute(
  File "D:\ASM1\.venv\Lib\site-packages\sqlalchemy\engine\default.py", line 941, in do_execute
    cursor.execute(statement, parameters)
  File "D:\ASM1\.venv\Lib\site-packages\sqlalchemy\dialects\sqlite\aiosqlite.py", line 147, in execute
    self._adapt_connection._handle_exception(error)
  File "D:\ASM1\.venv\Lib\site-packages\sqlalchemy\dialects\sqlite\aiosqlite.py", line 298, in _handle_exception
    raise error
  File "D:\ASM1\.venv\Lib\site-packages\sqlalchemy\dialects\sqlite\aiosqlite.py", line 129, in execute
    self.await_(_cursor.execute(operation, parameters))
  File "D:\ASM1\.venv\Lib\site-packages\sqlalchemy\util\_concurrency_py3k.py", line 132, in await_only
    return current.parent.switch(awaitable)  # type: ignore[no-any-return,attr-defined] # noqa: E501
           ^^^^^^^^^^^^^^^^^^^^^^^^^^^^^^^^
  File "D:\ASM1\.venv\Lib\site-packages\sqlalchemy\util\_concurrency_py3k.py", line 196, in greenlet_spawn
    value = await result
            ^^^^^^^^^^^^
  File "D:\ASM1\.venv\Lib\site-packages\aiosqlite\cursor.py", line 48, in execute
    await self._execute(self._cursor.execute, sql, parameters)
  File "D:\ASM1\.venv\Lib\site-packages\aiosqlite\cursor.py", line 40, in _execute
    return await self._conn._execute(fn, *args, **kwargs)
           ^^^^^^^^^^^^^^^^^^^^^^^^^^^^^^^^^^^^^^^^^^^^^^
  File "D:\ASM1\.venv\Lib\site-packages\aiosqlite\core.py", line 132, in _execute
    return await future
           ^^^^^^^^^^^^
  File "D:\ASM1\.venv\Lib\site-packages\aiosqlite\core.py", line 115, in run
    result = function()
             ^^^^^^^^^^
sqlite3.OperationalError: no such column: users.hashed_password

The above exception was the direct cause of the following exception:

Traceback (most recent call last):
  File "D:\ASM1\backend\core\database.py", line 542, in get_db
    yield session
  File "D:\ASM1\.venv\Lib\site-packages\fastapi\routing.py", line 301, in app
    raw_response = await run_endpoint_function(
                   ^^^^^^^^^^^^^^^^^^^^^^^^^^^^
  File "D:\ASM1\.venv\Lib\site-packages\fastapi\routing.py", line 212, in run_endpoint_function
    return await dependant.call(**values)
           ^^^^^^^^^^^^^^^^^^^^^^^^^^^^^^
  File "D:\ASM1\backend\routers\auth.py", line 336, in login_password
    result = await db.execute(select(User).where(User.role == "admin"))
             ^^^^^^^^^^^^^^^^^^^^^^^^^^^^^^^^^^^^^^^^^^^^^^^^^^^^^^^^^^
  File "D:\ASM1\.venv\Lib\site-packages\sqlalchemy\ext\asyncio\session.py", line 461, in execute
    result = await greenlet_spawn(
             ^^^^^^^^^^^^^^^^^^^^^
  File "D:\ASM1\.venv\Lib\site-packages\sqlalchemy\util\_concurrency_py3k.py", line 201, in greenlet_spawn
    result = context.throw(*sys.exc_info())
             ^^^^^^^^^^^^^^^^^^^^^^^^^^^^^^
  File "D:\ASM1\.venv\Lib\site-packages\sqlalchemy\orm\session.py", line 2362, in execute
    return self._execute_internal(
           ^^^^^^^^^^^^^^^^^^^^^^^
  File "D:\ASM1\.venv\Lib\site-packages\sqlalchemy\orm\session.py", line 2247, in _execute_internal
    result: Result[Any] = compile_state_cls.orm_execute_statement(
                          ^^^^^^^^^^^^^^^^^^^^^^^^^^^^^^^^^^^^^^^^
  File "D:\ASM1\.venv\Lib\site-packages\sqlalchemy\orm\context.py", line 305, in orm_execute_statement
    result = conn.execute(
             ^^^^^^^^^^^^^
  File "D:\ASM1\.venv\Lib\site-packages\sqlalchemy\engine\base.py", line 1418, in execute
    return meth(
           ^^^^^
  File "D:\ASM1\.venv\Lib\site-packages\sqlalchemy\sql\elements.py", line 515, in _execute_on_connection
    return connection._execute_clauseelement(
           ^^^^^^^^^^^^^^^^^^^^^^^^^^^^^^^^^^
  File "D:\ASM1\.venv\Lib\site-packages\sqlalchemy\engine\base.py", line 1640, in _execute_clauseelement
    ret = self._execute_context(
          ^^^^^^^^^^^^^^^^^^^^^^
  File "D:\ASM1\.venv\Lib\site-packages\sqlalchemy\engine\base.py", line 1846, in _execute_context
    return self._exec_single_context(
           ^^^^^^^^^^^^^^^^^^^^^^^^^^
  File "D:\ASM1\.venv\Lib\site-packages\sqlalchemy\engine\base.py", line 1986, in _exec_single_context
    self._handle_dbapi_exception(
  File "D:\ASM1\.venv\Lib\site-packages\sqlalchemy\engine\base.py", line 2355, in _handle_dbapi_exception
    raise sqlalchemy_exception.with_traceback(exc_info[2]) from e
  File "D:\ASM1\.venv\Lib\site-packages\sqlalchemy\engine\base.py", line 1967, in _exec_single_context
    self.dialect.do_execute(
  File "D:\ASM1\.venv\Lib\site-packages\sqlalchemy\engine\default.py", line 941, in do_execute
    cursor.execute(statement, parameters)
  File "D:\ASM1\.venv\Lib\site-packages\sqlalchemy\dialects\sqlite\aiosqlite.py", line 147, in execute
    self._adapt_connection._handle_exception(error)
  File "D:\ASM1\.venv\Lib\site-packages\sqlalchemy\dialects\sqlite\aiosqlite.py", line 298, in _handle_exception
    raise error
  File "D:\ASM1\.venv\Lib\site-packages\sqlalchemy\dialects\sqlite\aiosqlite.py", line 129, in execute
    self.await_(_cursor.execute(operation, parameters))
  File "D:\ASM1\.venv\Lib\site-packages\sqlalchemy\util\_concurrency_py3k.py", line 132, in await_only
    return current.parent.switch(awaitable)  # type: ignore[no-any-return,attr-defined] # noqa: E501
           ^^^^^^^^^^^^^^^^^^^^^^^^^^^^^^^^
  File "D:\ASM1\.venv\Lib\site-packages\sqlalchemy\util\_concurrency_py3k.py", line 196, in greenlet_spawn
    value = await result
            ^^^^^^^^^^^^
  File "D:\ASM1\.venv\Lib\site-packages\aiosqlite\cursor.py", line 48, in execute
    await self._execute(self._cursor.execute, sql, parameters)
  File "D:\ASM1\.venv\Lib\site-packages\aiosqlite\cursor.py", line 40, in _execute
    return await self._conn._execute(fn, *args, **kwargs)
           ^^^^^^^^^^^^^^^^^^^^^^^^^^^^^^^^^^^^^^^^^^^^^^
  File "D:\ASM1\.venv\Lib\site-packages\aiosqlite\core.py", line 132, in _execute
    return await future
           ^^^^^^^^^^^^
  File "D:\ASM1\.venv\Lib\site-packages\aiosqlite\core.py", line 115, in run
    result = function()
             ^^^^^^^^^^
sqlalchemy.exc.OperationalError: (sqlite3.OperationalError) no such column: users.hashed_password
[SQL: SELECT users.id, users.email, users.name, users.role, users.created_at, users.last_login, users.hashed_password 
FROM users 
WHERE users.role = ?]
[parameters: ('admin',)]
(Background on this error at: https://sqlalche.me/e/20/e3q8)
2026-03-03 16:48:13,970 - core.database - DEBUG - [DB_OP] Starting get_db session creation
2026-03-03 16:48:13,970 - core.database - DEBUG - [DB_OP] Database session created successfully in 0.0000s
2026-03-03 16:48:13,971 - aiosqlite - DEBUG - executing <function connect.<locals>.connector at 0x000002B4FC0EB380>
2026-03-03 16:48:13,971 - aiosqlite - DEBUG - operation <function connect.<locals>.connector at 0x000002B4FC0EB380> completed
2026-03-03 16:48:13,972 - aiosqlite - DEBUG - executing functools.partial(<built-in method create_function of sqlite3.Connection object at 0x000002B4FBE8A2F0>, 'regexp', 2, <function SQLiteDialect_pysqlite.on_connect.<locals>.regexp at 0x000002B4FBE180E0>, deterministic=True)
2026-03-03 16:48:13,972 - aiosqlite - DEBUG - operation functools.partial(<built-in method create_function of sqlite3.Connection object at 0x000002B4FBE8A2F0>, 'regexp', 2, <function SQLiteDialect_pysqlite.on_connect.<locals>.regexp at 0x000002B4FBE180E0>, deterministic=True) completed
2026-03-03 16:48:13,972 - aiosqlite - DEBUG - executing functools.partial(<built-in method create_function of sqlite3.Connection object at 0x000002B4FBE8A2F0>, 'floor', 1, <built-in function floor>, deterministic=True)
2026-03-03 16:48:13,972 - aiosqlite - DEBUG - operation functools.partial(<built-in method create_function of sqlite3.Connection object at 0x000002B4FBE8A2F0>, 'floor', 1, <built-in function floor>, deterministic=True) completed
2026-03-03 16:48:13,973 - aiosqlite - DEBUG - executing functools.partial(<built-in method cursor of sqlite3.Connection object at 0x000002B4FBE8A2F0>)
2026-03-03 16:48:13,973 - aiosqlite - DEBUG - operation functools.partial(<built-in method cursor of sqlite3.Connection object at 0x000002B4FBE8A2F0>) completed
2026-03-03 16:48:13,974 - aiosqlite - DEBUG - executing functools.partial(<built-in method execute of sqlite3.Cursor object at 0x000002B4FBD9F6C0>, 'SELECT users.id, users.email, users.name, users.role, users.created_at, users.last_login, users.hashed_password \nFROM users \nWHERE users.role = ?', ('admin',))
2026-03-03 16:48:13,974 - aiosqlite - DEBUG - returning exception no such column: users.hashed_password
2026-03-03 16:48:13,975 - core.database - ERROR - Database session error: (sqlite3.OperationalError) no such column: users.hashed_password
[SQL: SELECT users.id, users.email, users.name, users.role, users.created_at, users.last_login, users.hashed_password 
FROM users 
WHERE users.role = ?]
[parameters: ('admin',)]
(Background on this error at: https://sqlalche.me/e/20/e3q8)
Traceback (most recent call last):
  File "D:\ASM1\.venv\Lib\site-packages\sqlalchemy\engine\base.py", line 1967, in _exec_single_context
    self.dialect.do_execute(
  File "D:\ASM1\.venv\Lib\site-packages\sqlalchemy\engine\default.py", line 941, in do_execute
    cursor.execute(statement, parameters)
  File "D:\ASM1\.venv\Lib\site-packages\sqlalchemy\dialects\sqlite\aiosqlite.py", line 147, in execute
    self._adapt_connection._handle_exception(error)
  File "D:\ASM1\.venv\Lib\site-packages\sqlalchemy\dialects\sqlite\aiosqlite.py", line 298, in _handle_exception
    raise error
  File "D:\ASM1\.venv\Lib\site-packages\sqlalchemy\dialects\sqlite\aiosqlite.py", line 129, in execute
    self.await_(_cursor.execute(operation, parameters))
  File "D:\ASM1\.venv\Lib\site-packages\sqlalchemy\util\_concurrency_py3k.py", line 132, in await_only
    return current.parent.switch(awaitable)  # type: ignore[no-any-return,attr-defined] # noqa: E501
           ^^^^^^^^^^^^^^^^^^^^^^^^^^^^^^^^
  File "D:\ASM1\.venv\Lib\site-packages\sqlalchemy\util\_concurrency_py3k.py", line 196, in greenlet_spawn
    value = await result
            ^^^^^^^^^^^^
  File "D:\ASM1\.venv\Lib\site-packages\aiosqlite\cursor.py", line 48, in execute
    await self._execute(self._cursor.execute, sql, parameters)
  File "D:\ASM1\.venv\Lib\site-packages\aiosqlite\cursor.py", line 40, in _execute
    return await self._conn._execute(fn, *args, **kwargs)
           ^^^^^^^^^^^^^^^^^^^^^^^^^^^^^^^^^^^^^^^^^^^^^^
  File "D:\ASM1\.venv\Lib\site-packages\aiosqlite\core.py", line 132, in _execute
    return await future
           ^^^^^^^^^^^^
  File "D:\ASM1\.venv\Lib\site-packages\aiosqlite\core.py", line 115, in run
    result = function()
             ^^^^^^^^^^
sqlite3.OperationalError: no such column: users.hashed_password

The above exception was the direct cause of the following exception:

Traceback (most recent call last):
  File "D:\ASM1\backend\core\database.py", line 542, in get_db
    yield session
  File "D:\ASM1\.venv\Lib\site-packages\fastapi\routing.py", line 301, in app
    raw_response = await run_endpoint_function(
                   ^^^^^^^^^^^^^^^^^^^^^^^^^^^^
  File "D:\ASM1\.venv\Lib\site-packages\fastapi\routing.py", line 212, in run_endpoint_function
    return await dependant.call(**values)
           ^^^^^^^^^^^^^^^^^^^^^^^^^^^^^^
  File "D:\ASM1\backend\routers\auth.py", line 336, in login_password
    result = await db.execute(select(User).where(User.role == "admin"))
             ^^^^^^^^^^^^^^^^^^^^^^^^^^^^^^^^^^^^^^^^^^^^^^^^^^^^^^^^^^
  File "D:\ASM1\.venv\Lib\site-packages\sqlalchemy\ext\asyncio\session.py", line 461, in execute
    result = await greenlet_spawn(
             ^^^^^^^^^^^^^^^^^^^^^
  File "D:\ASM1\.venv\Lib\site-packages\sqlalchemy\util\_concurrency_py3k.py", line 201, in greenlet_spawn
    result = context.throw(*sys.exc_info())
             ^^^^^^^^^^^^^^^^^^^^^^^^^^^^^^
  File "D:\ASM1\.venv\Lib\site-packages\sqlalchemy\orm\session.py", line 2362, in execute
    return self._execute_internal(
           ^^^^^^^^^^^^^^^^^^^^^^^
  File "D:\ASM1\.venv\Lib\site-packages\sqlalchemy\orm\session.py", line 2247, in _execute_internal
    result: Result[Any] = compile_state_cls.orm_execute_statement(
                          ^^^^^^^^^^^^^^^^^^^^^^^^^^^^^^^^^^^^^^^^
  File "D:\ASM1\.venv\Lib\site-packages\sqlalchemy\orm\context.py", line 305, in orm_execute_statement
    result = conn.execute(
             ^^^^^^^^^^^^^
  File "D:\ASM1\.venv\Lib\site-packages\sqlalchemy\engine\base.py", line 1418, in execute
    return meth(
           ^^^^^
  File "D:\ASM1\.venv\Lib\site-packages\sqlalchemy\sql\elements.py", line 515, in _execute_on_connection
    return connection._execute_clauseelement(
           ^^^^^^^^^^^^^^^^^^^^^^^^^^^^^^^^^^
  File "D:\ASM1\.venv\Lib\site-packages\sqlalchemy\engine\base.py", line 1640, in _execute_clauseelement
    ret = self._execute_context(
          ^^^^^^^^^^^^^^^^^^^^^^
  File "D:\ASM1\.venv\Lib\site-packages\sqlalchemy\engine\base.py", line 1846, in _execute_context
    return self._exec_single_context(
           ^^^^^^^^^^^^^^^^^^^^^^^^^^
  File "D:\ASM1\.venv\Lib\site-packages\sqlalchemy\engine\base.py", line 1986, in _exec_single_context
    self._handle_dbapi_exception(
  File "D:\ASM1\.venv\Lib\site-packages\sqlalchemy\engine\base.py", line 2355, in _handle_dbapi_exception
    raise sqlalchemy_exception.with_traceback(exc_info[2]) from e
  File "D:\ASM1\.venv\Lib\site-packages\sqlalchemy\engine\base.py", line 1967, in _exec_single_context
    self.dialect.do_execute(
  File "D:\ASM1\.venv\Lib\site-packages\sqlalchemy\engine\default.py", line 941, in do_execute
    cursor.execute(statement, parameters)
  File "D:\ASM1\.venv\Lib\site-packages\sqlalchemy\dialects\sqlite\aiosqlite.py", line 147, in execute
    self._adapt_connection._handle_exception(error)
  File "D:\ASM1\.venv\Lib\site-packages\sqlalchemy\dialects\sqlite\aiosqlite.py", line 298, in _handle_exception
    raise error
  File "D:\ASM1\.venv\Lib\site-packages\sqlalchemy\dialects\sqlite\aiosqlite.py", line 129, in execute
    self.await_(_cursor.execute(operation, parameters))
  File "D:\ASM1\.venv\Lib\site-packages\sqlalchemy\util\_concurrency_py3k.py", line 132, in await_only
    return current.parent.switch(awaitable)  # type: ignore[no-any-return,attr-defined] # noqa: E501
           ^^^^^^^^^^^^^^^^^^^^^^^^^^^^^^^^
  File "D:\ASM1\.venv\Lib\site-packages\sqlalchemy\util\_concurrency_py3k.py", line 196, in greenlet_spawn
    value = await result
            ^^^^^^^^^^^^
  File "D:\ASM1\.venv\Lib\site-packages\aiosqlite\cursor.py", line 48, in execute
    await self._execute(self._cursor.execute, sql, parameters)
  File "D:\ASM1\.venv\Lib\site-packages\aiosqlite\cursor.py", line 40, in _execute
    return await self._conn._execute(fn, *args, **kwargs)
           ^^^^^^^^^^^^^^^^^^^^^^^^^^^^^^^^^^^^^^^^^^^^^^
  File "D:\ASM1\.venv\Lib\site-packages\aiosqlite\core.py", line 132, in _execute
    return await future
           ^^^^^^^^^^^^
  File "D:\ASM1\.venv\Lib\site-packages\aiosqlite\core.py", line 115, in run
    result = function()
             ^^^^^^^^^^
sqlalchemy.exc.OperationalError: (sqlite3.OperationalError) no such column: users.hashed_password
[SQL: SELECT users.id, users.email, users.name, users.role, users.created_at, users.last_login, users.hashed_password 
FROM users 
WHERE users.role = ?]
[parameters: ('admin',)]
(Background on this error at: https://sqlalche.me/e/20/e3q8)
2026-03-03 16:48:13,981 - core.database - DEBUG - [DB_OP] Database session cleanup after 0.0110s
2026-03-03 16:48:13,981 - aiosqlite - DEBUG - executing functools.partial(<built-in method rollback of sqlite3.Connection object at 0x000002B4FBE8A2F0>)
2026-03-03 16:48:13,981 - aiosqlite - DEBUG - operation functools.partial(<built-in method rollback of sqlite3.Connection object at 0x000002B4FBE8A2F0>) completed
2026-03-03 16:48:13,982 - aiosqlite - DEBUG - executing functools.partial(<built-in method rollback of sqlite3.Connection object at 0x000002B4FBE8A2F0>)
2026-03-03 16:48:13,982 - aiosqlite - DEBUG - operation functools.partial(<built-in method rollback of sqlite3.Connection object at 0x000002B4FBE8A2F0>) completed
2026-03-03 16:48:13,982 - aiosqlite - DEBUG - executing functools.partial(<built-in method close of sqlite3.Connection object at 0x000002B4FBE8A2F0>)
2026-03-03 16:48:13,983 - aiosqlite - DEBUG - operation functools.partial(<built-in method close of sqlite3.Connection object at 0x000002B4FBE8A2F0>) completed
2026-03-03 16:48:13,983 - core.database - ERROR - Failed to create database session: (sqlite3.OperationalError) no such column: users.hashed_password
[SQL: SELECT users.id, users.email, users.name, users.role, users.created_at, users.last_login, users.hashed_password 
FROM users 
WHERE users.role = ?]
[parameters: ('admin',)]
(Background on this error at: https://sqlalche.me/e/20/e3q8)
Traceback (most recent call last):
  File "D:\ASM1\.venv\Lib\site-packages\sqlalchemy\engine\base.py", line 1967, in _exec_single_context
    self.dialect.do_execute(
  File "D:\ASM1\.venv\Lib\site-packages\sqlalchemy\engine\default.py", line 941, in do_execute
    cursor.execute(statement, parameters)
  File "D:\ASM1\.venv\Lib\site-packages\sqlalchemy\dialects\sqlite\aiosqlite.py", line 147, in execute
    self._adapt_connection._handle_exception(error)
  File "D:\ASM1\.venv\Lib\site-packages\sqlalchemy\dialects\sqlite\aiosqlite.py", line 298, in _handle_exception
    raise error
  File "D:\ASM1\.venv\Lib\site-packages\sqlalchemy\dialects\sqlite\aiosqlite.py", line 129, in execute
    self.await_(_cursor.execute(operation, parameters))
  File "D:\ASM1\.venv\Lib\site-packages\sqlalchemy\util\_concurrency_py3k.py", line 132, in await_only
    return current.parent.switch(awaitable)  # type: ignore[no-any-return,attr-defined] # noqa: E501
           ^^^^^^^^^^^^^^^^^^^^^^^^^^^^^^^^
  File "D:\ASM1\.venv\Lib\site-packages\sqlalchemy\util\_concurrency_py3k.py", line 196, in greenlet_spawn
    value = await result
            ^^^^^^^^^^^^
  File "D:\ASM1\.venv\Lib\site-packages\aiosqlite\cursor.py", line 48, in execute
    await self._execute(self._cursor.execute, sql, parameters)
  File "D:\ASM1\.venv\Lib\site-packages\aiosqlite\cursor.py", line 40, in _execute
    return await self._conn._execute(fn, *args, **kwargs)
           ^^^^^^^^^^^^^^^^^^^^^^^^^^^^^^^^^^^^^^^^^^^^^^
  File "D:\ASM1\.venv\Lib\site-packages\aiosqlite\core.py", line 132, in _execute
    return await future
           ^^^^^^^^^^^^
  File "D:\ASM1\.venv\Lib\site-packages\aiosqlite\core.py", line 115, in run
    result = function()
             ^^^^^^^^^^
sqlite3.OperationalError: no such column: users.hashed_password

The above exception was the direct cause of the following exception:

Traceback (most recent call last):
  File "D:\ASM1\backend\core\database.py", line 542, in get_db
    yield session
  File "D:\ASM1\.venv\Lib\site-packages\fastapi\routing.py", line 301, in app
    raw_response = await run_endpoint_function(
                   ^^^^^^^^^^^^^^^^^^^^^^^^^^^^
  File "D:\ASM1\.venv\Lib\site-packages\fastapi\routing.py", line 212, in run_endpoint_function
    return await dependant.call(**values)
           ^^^^^^^^^^^^^^^^^^^^^^^^^^^^^^
  File "D:\ASM1\backend\routers\auth.py", line 336, in login_password
    result = await db.execute(select(User).where(User.role == "admin"))
             ^^^^^^^^^^^^^^^^^^^^^^^^^^^^^^^^^^^^^^^^^^^^^^^^^^^^^^^^^^
  File "D:\ASM1\.venv\Lib\site-packages\sqlalchemy\ext\asyncio\session.py", line 461, in execute
    result = await greenlet_spawn(
             ^^^^^^^^^^^^^^^^^^^^^
  File "D:\ASM1\.venv\Lib\site-packages\sqlalchemy\util\_concurrency_py3k.py", line 201, in greenlet_spawn
    result = context.throw(*sys.exc_info())
             ^^^^^^^^^^^^^^^^^^^^^^^^^^^^^^
  File "D:\ASM1\.venv\Lib\site-packages\sqlalchemy\orm\session.py", line 2362, in execute
    return self._execute_internal(
           ^^^^^^^^^^^^^^^^^^^^^^^
  File "D:\ASM1\.venv\Lib\site-packages\sqlalchemy\orm\session.py", line 2247, in _execute_internal
    result: Result[Any] = compile_state_cls.orm_execute_statement(
                          ^^^^^^^^^^^^^^^^^^^^^^^^^^^^^^^^^^^^^^^^
  File "D:\ASM1\.venv\Lib\site-packages\sqlalchemy\orm\context.py", line 305, in orm_execute_statement
    result = conn.execute(
             ^^^^^^^^^^^^^
  File "D:\ASM1\.venv\Lib\site-packages\sqlalchemy\engine\base.py", line 1418, in execute
    return meth(
           ^^^^^
  File "D:\ASM1\.venv\Lib\site-packages\sqlalchemy\sql\elements.py", line 515, in _execute_on_connection
    return connection._execute_clauseelement(
           ^^^^^^^^^^^^^^^^^^^^^^^^^^^^^^^^^^
  File "D:\ASM1\.venv\Lib\site-packages\sqlalchemy\engine\base.py", line 1640, in _execute_clauseelement
    ret = self._execute_context(
          ^^^^^^^^^^^^^^^^^^^^^^
  File "D:\ASM1\.venv\Lib\site-packages\sqlalchemy\engine\base.py", line 1846, in _execute_context
    return self._exec_single_context(
           ^^^^^^^^^^^^^^^^^^^^^^^^^^
  File "D:\ASM1\.venv\Lib\site-packages\sqlalchemy\engine\base.py", line 1986, in _exec_single_context
    self._handle_dbapi_exception(
  File "D:\ASM1\.venv\Lib\site-packages\sqlalchemy\engine\base.py", line 2355, in _handle_dbapi_exception
    raise sqlalchemy_exception.with_traceback(exc_info[2]) from e
  File "D:\ASM1\.venv\Lib\site-packages\sqlalchemy\engine\base.py", line 1967, in _exec_single_context
    self.dialect.do_execute(
  File "D:\ASM1\.venv\Lib\site-packages\sqlalchemy\engine\default.py", line 941, in do_execute
    cursor.execute(statement, parameters)
  File "D:\ASM1\.venv\Lib\site-packages\sqlalchemy\dialects\sqlite\aiosqlite.py", line 147, in execute
    self._adapt_connection._handle_exception(error)
  File "D:\ASM1\.venv\Lib\site-packages\sqlalchemy\dialects\sqlite\aiosqlite.py", line 298, in _handle_exception
    raise error
  File "D:\ASM1\.venv\Lib\site-packages\sqlalchemy\dialects\sqlite\aiosqlite.py", line 129, in execute
    self.await_(_cursor.execute(operation, parameters))
  File "D:\ASM1\.venv\Lib\site-packages\sqlalchemy\util\_concurrency_py3k.py", line 132, in await_only
    return current.parent.switch(awaitable)  # type: ignore[no-any-return,attr-defined] # noqa: E501
           ^^^^^^^^^^^^^^^^^^^^^^^^^^^^^^^^
  File "D:\ASM1\.venv\Lib\site-packages\sqlalchemy\util\_concurrency_py3k.py", line 196, in greenlet_spawn
    value = await result
            ^^^^^^^^^^^^
  File "D:\ASM1\.venv\Lib\site-packages\aiosqlite\cursor.py", line 48, in execute
    await self._execute(self._cursor.execute, sql, parameters)
  File "D:\ASM1\.venv\Lib\site-packages\aiosqlite\cursor.py", line 40, in _execute
    return await self._conn._execute(fn, *args, **kwargs)
           ^^^^^^^^^^^^^^^^^^^^^^^^^^^^^^^^^^^^^^^^^^^^^^
  File "D:\ASM1\.venv\Lib\site-packages\aiosqlite\core.py", line 132, in _execute
    return await future
           ^^^^^^^^^^^^
  File "D:\ASM1\.venv\Lib\site-packages\aiosqlite\core.py", line 115, in run
    result = function()
             ^^^^^^^^^^
sqlalchemy.exc.OperationalError: (sqlite3.OperationalError) no such column: users.hashed_password
[SQL: SELECT users.id, users.email, users.name, users.role, users.created_at, users.last_login, users.hashed_password 
FROM users 
WHERE users.role = ?]
[parameters: ('admin',)]
(Background on this error at: https://sqlalche.me/e/20/e3q8)
2026-03-03 16:48:14,139 - core.database - DEBUG - [DB_OP] Starting get_db session creation
2026-03-03 16:48:14,139 - core.database - DEBUG - [DB_OP] Database session created successfully in 0.0009s
2026-03-03 16:48:14,140 - aiosqlite - DEBUG - executing <function connect.<locals>.connector at 0x000002B4FC14C2C0>
2026-03-03 16:48:14,140 - aiosqlite - DEBUG - operation <function connect.<locals>.connector at 0x000002B4FC14C2C0> completed
2026-03-03 16:48:14,141 - aiosqlite - DEBUG - executing functools.partial(<built-in method create_function of sqlite3.Connection object at 0x000002B4FBE8A980>, 'regexp', 2, <function SQLiteDialect_pysqlite.on_connect.<locals>.regexp at 0x000002B4FBE180E0>, deterministic=True)
2026-03-03 16:48:14,141 - aiosqlite - DEBUG - operation functools.partial(<built-in method create_function of sqlite3.Connection object at 0x000002B4FBE8A980>, 'regexp', 2, <function SQLiteDialect_pysqlite.on_connect.<locals>.regexp at 0x000002B4FBE180E0>, deterministic=True) completed
2026-03-03 16:48:14,142 - aiosqlite - DEBUG - executing functools.partial(<built-in method create_function of sqlite3.Connection object at 0x000002B4FBE8A980>, 'floor', 1, <built-in function floor>, deterministic=True)
2026-03-03 16:48:14,142 - aiosqlite - DEBUG - operation functools.partial(<built-in method create_function of sqlite3.Connection object at 0x000002B4FBE8A980>, 'floor', 1, <built-in function floor>, deterministic=True) completed
2026-03-03 16:48:14,143 - aiosqlite - DEBUG - executing functools.partial(<built-in method cursor of sqlite3.Connection object at 0x000002B4FBE8A980>)
2026-03-03 16:48:14,143 - aiosqlite - DEBUG - operation functools.partial(<built-in method cursor of sqlite3.Connection object at 0x000002B4FBE8A980>) completed
2026-03-03 16:48:14,143 - aiosqlite - DEBUG - executing functools.partial(<built-in method execute of sqlite3.Cursor object at 0x000002B4FC139740>, 'SELECT users.id, users.email, users.name, users.role, users.created_at, users.last_login, users.hashed_password \nFROM users \nWHERE users.role = ?', ('admin',))
2026-03-03 16:48:14,144 - aiosqlite - DEBUG - returning exception no such column: users.hashed_password
2026-03-03 16:48:14,145 - core.database - ERROR - Database session error: (sqlite3.OperationalError) no such column: users.hashed_password
[SQL: SELECT users.id, users.email, users.name, users.role, users.created_at, users.last_login, users.hashed_password 
FROM users 
WHERE users.role = ?]
[parameters: ('admin',)]
(Background on this error at: https://sqlalche.me/e/20/e3q8)
Traceback (most recent call last):
  File "D:\ASM1\.venv\Lib\site-packages\sqlalchemy\engine\base.py", line 1967, in _exec_single_context
    self.dialect.do_execute(
  File "D:\ASM1\.venv\Lib\site-packages\sqlalchemy\engine\default.py", line 941, in do_execute
    cursor.execute(statement, parameters)
  File "D:\ASM1\.venv\Lib\site-packages\sqlalchemy\dialects\sqlite\aiosqlite.py", line 147, in execute
    self._adapt_connection._handle_exception(error)
  File "D:\ASM1\.venv\Lib\site-packages\sqlalchemy\dialects\sqlite\aiosqlite.py", line 298, in _handle_exception
    raise error
  File "D:\ASM1\.venv\Lib\site-packages\sqlalchemy\dialects\sqlite\aiosqlite.py", line 129, in execute
    self.await_(_cursor.execute(operation, parameters))
  File "D:\ASM1\.venv\Lib\site-packages\sqlalchemy\util\_concurrency_py3k.py", line 132, in await_only
    return current.parent.switch(awaitable)  # type: ignore[no-any-return,attr-defined] # noqa: E501
           ^^^^^^^^^^^^^^^^^^^^^^^^^^^^^^^^
  File "D:\ASM1\.venv\Lib\site-packages\sqlalchemy\util\_concurrency_py3k.py", line 196, in greenlet_spawn
    value = await result
            ^^^^^^^^^^^^
  File "D:\ASM1\.venv\Lib\site-packages\aiosqlite\cursor.py", line 48, in execute
    await self._execute(self._cursor.execute, sql, parameters)
  File "D:\ASM1\.venv\Lib\site-packages\aiosqlite\cursor.py", line 40, in _execute
    return await self._conn._execute(fn, *args, **kwargs)
           ^^^^^^^^^^^^^^^^^^^^^^^^^^^^^^^^^^^^^^^^^^^^^^
  File "D:\ASM1\.venv\Lib\site-packages\aiosqlite\core.py", line 132, in _execute
    return await future
           ^^^^^^^^^^^^
  File "D:\ASM1\.venv\Lib\site-packages\aiosqlite\core.py", line 115, in run
    result = function()
             ^^^^^^^^^^
sqlite3.OperationalError: no such column: users.hashed_password

The above exception was the direct cause of the following exception:

Traceback (most recent call last):
  File "D:\ASM1\backend\core\database.py", line 542, in get_db
    yield session
  File "D:\ASM1\.venv\Lib\site-packages\fastapi\routing.py", line 301, in app
    raw_response = await run_endpoint_function(
                   ^^^^^^^^^^^^^^^^^^^^^^^^^^^^
  File "D:\ASM1\.venv\Lib\site-packages\fastapi\routing.py", line 212, in run_endpoint_function
    return await dependant.call(**values)
           ^^^^^^^^^^^^^^^^^^^^^^^^^^^^^^
  File "D:\ASM1\backend\routers\auth.py", line 336, in login_password
    result = await db.execute(select(User).where(User.role == "admin"))
             ^^^^^^^^^^^^^^^^^^^^^^^^^^^^^^^^^^^^^^^^^^^^^^^^^^^^^^^^^^
  File "D:\ASM1\.venv\Lib\site-packages\sqlalchemy\ext\asyncio\session.py", line 461, in execute
    result = await greenlet_spawn(
             ^^^^^^^^^^^^^^^^^^^^^
  File "D:\ASM1\.venv\Lib\site-packages\sqlalchemy\util\_concurrency_py3k.py", line 201, in greenlet_spawn
    result = context.throw(*sys.exc_info())
             ^^^^^^^^^^^^^^^^^^^^^^^^^^^^^^
  File "D:\ASM1\.venv\Lib\site-packages\sqlalchemy\orm\session.py", line 2362, in execute
    return self._execute_internal(
           ^^^^^^^^^^^^^^^^^^^^^^^
  File "D:\ASM1\.venv\Lib\site-packages\sqlalchemy\orm\session.py", line 2247, in _execute_internal
    result: Result[Any] = compile_state_cls.orm_execute_statement(
                          ^^^^^^^^^^^^^^^^^^^^^^^^^^^^^^^^^^^^^^^^
  File "D:\ASM1\.venv\Lib\site-packages\sqlalchemy\orm\context.py", line 305, in orm_execute_statement
    result = conn.execute(
             ^^^^^^^^^^^^^
  File "D:\ASM1\.venv\Lib\site-packages\sqlalchemy\engine\base.py", line 1418, in execute
    return meth(
           ^^^^^
  File "D:\ASM1\.venv\Lib\site-packages\sqlalchemy\sql\elements.py", line 515, in _execute_on_connection
    return connection._execute_clauseelement(
           ^^^^^^^^^^^^^^^^^^^^^^^^^^^^^^^^^^
  File "D:\ASM1\.venv\Lib\site-packages\sqlalchemy\engine\base.py", line 1640, in _execute_clauseelement
    ret = self._execute_context(
          ^^^^^^^^^^^^^^^^^^^^^^
  File "D:\ASM1\.venv\Lib\site-packages\sqlalchemy\engine\base.py", line 1846, in _execute_context
    return self._exec_single_context(
           ^^^^^^^^^^^^^^^^^^^^^^^^^^
  File "D:\ASM1\.venv\Lib\site-packages\sqlalchemy\engine\base.py", line 1986, in _exec_single_context
    self._handle_dbapi_exception(
  File "D:\ASM1\.venv\Lib\site-packages\sqlalchemy\engine\base.py", line 2355, in _handle_dbapi_exception
    raise sqlalchemy_exception.with_traceback(exc_info[2]) from e
  File "D:\ASM1\.venv\Lib\site-packages\sqlalchemy\engine\base.py", line 1967, in _exec_single_context
    self.dialect.do_execute(
  File "D:\ASM1\.venv\Lib\site-packages\sqlalchemy\engine\default.py", line 941, in do_execute
    cursor.execute(statement, parameters)
  File "D:\ASM1\.venv\Lib\site-packages\sqlalchemy\dialects\sqlite\aiosqlite.py", line 147, in execute
    self._adapt_connection._handle_exception(error)
  File "D:\ASM1\.venv\Lib\site-packages\sqlalchemy\dialects\sqlite\aiosqlite.py", line 298, in _handle_exception
    raise error
  File "D:\ASM1\.venv\Lib\site-packages\sqlalchemy\dialects\sqlite\aiosqlite.py", line 129, in execute
    self.await_(_cursor.execute(operation, parameters))
  File "D:\ASM1\.venv\Lib\site-packages\sqlalchemy\util\_concurrency_py3k.py", line 132, in await_only
    return current.parent.switch(awaitable)  # type: ignore[no-any-return,attr-defined] # noqa: E501
           ^^^^^^^^^^^^^^^^^^^^^^^^^^^^^^^^
  File "D:\ASM1\.venv\Lib\site-packages\sqlalchemy\util\_concurrency_py3k.py", line 196, in greenlet_spawn
    value = await result
            ^^^^^^^^^^^^
  File "D:\ASM1\.venv\Lib\site-packages\aiosqlite\cursor.py", line 48, in execute
    await self._execute(self._cursor.execute, sql, parameters)
  File "D:\ASM1\.venv\Lib\site-packages\aiosqlite\cursor.py", line 40, in _execute
    return await self._conn._execute(fn, *args, **kwargs)
           ^^^^^^^^^^^^^^^^^^^^^^^^^^^^^^^^^^^^^^^^^^^^^^
  File "D:\ASM1\.venv\Lib\site-packages\aiosqlite\core.py", line 132, in _execute
    return await future
           ^^^^^^^^^^^^
  File "D:\ASM1\.venv\Lib\site-packages\aiosqlite\core.py", line 115, in run
    result = function()
             ^^^^^^^^^^
sqlalchemy.exc.OperationalError: (sqlite3.OperationalError) no such column: users.hashed_password
[SQL: SELECT users.id, users.email, users.name, users.role, users.created_at, users.last_login, users.hashed_password 
FROM users 
WHERE users.role = ?]
[parameters: ('admin',)]
(Background on this error at: https://sqlalche.me/e/20/e3q8)
2026-03-03 16:48:14,150 - core.database - DEBUG - [DB_OP] Database session cleanup after 0.0119s
2026-03-03 16:48:14,151 - aiosqlite - DEBUG - executing functools.partial(<built-in method rollback of sqlite3.Connection object at 0x000002B4FBE8A980>)
2026-03-03 16:48:14,151 - aiosqlite - DEBUG - operation functools.partial(<built-in method rollback of sqlite3.Connection object at 0x000002B4FBE8A980>) completed
2026-03-03 16:48:14,151 - aiosqlite - DEBUG - executing functools.partial(<built-in method rollback of sqlite3.Connection object at 0x000002B4FBE8A980>)
2026-03-03 16:48:14,152 - aiosqlite - DEBUG - operation functools.partial(<built-in method rollback of sqlite3.Connection object at 0x000002B4FBE8A980>) completed
2026-03-03 16:48:14,152 - aiosqlite - DEBUG - executing functools.partial(<built-in method close of sqlite3.Connection object at 0x000002B4FBE8A980>)
2026-03-03 16:48:14,152 - aiosqlite - DEBUG - operation functools.partial(<built-in method close of sqlite3.Connection object at 0x000002B4FBE8A980>) completed
2026-03-03 16:48:14,153 - core.database - ERROR - Failed to create database session: (sqlite3.OperationalError) no such column: users.hashed_password
[SQL: SELECT users.id, users.email, users.name, users.role, users.created_at, users.last_login, users.hashed_password 
FROM users 
WHERE users.role = ?]
[parameters: ('admin',)]
(Background on this error at: https://sqlalche.me/e/20/e3q8)
Traceback (most recent call last):
  File "D:\ASM1\.venv\Lib\site-packages\sqlalchemy\engine\base.py", line 1967, in _exec_single_context
    self.dialect.do_execute(
  File "D:\ASM1\.venv\Lib\site-packages\sqlalchemy\engine\default.py", line 941, in do_execute
    cursor.execute(statement, parameters)
  File "D:\ASM1\.venv\Lib\site-packages\sqlalchemy\dialects\sqlite\aiosqlite.py", line 147, in execute
    self._adapt_connection._handle_exception(error)
  File "D:\ASM1\.venv\Lib\site-packages\sqlalchemy\dialects\sqlite\aiosqlite.py", line 298, in _handle_exception
    raise error
  File "D:\ASM1\.venv\Lib\site-packages\sqlalchemy\dialects\sqlite\aiosqlite.py", line 129, in execute
    self.await_(_cursor.execute(operation, parameters))
  File "D:\ASM1\.venv\Lib\site-packages\sqlalchemy\util\_concurrency_py3k.py", line 132, in await_only
    return current.parent.switch(awaitable)  # type: ignore[no-any-return,attr-defined] # noqa: E501
           ^^^^^^^^^^^^^^^^^^^^^^^^^^^^^^^^
  File "D:\ASM1\.venv\Lib\site-packages\sqlalchemy\util\_concurrency_py3k.py", line 196, in greenlet_spawn
    value = await result
            ^^^^^^^^^^^^
  File "D:\ASM1\.venv\Lib\site-packages\aiosqlite\cursor.py", line 48, in execute
    await self._execute(self._cursor.execute, sql, parameters)
  File "D:\ASM1\.venv\Lib\site-packages\aiosqlite\cursor.py", line 40, in _execute
    return await self._conn._execute(fn, *args, **kwargs)
           ^^^^^^^^^^^^^^^^^^^^^^^^^^^^^^^^^^^^^^^^^^^^^^
  File "D:\ASM1\.venv\Lib\site-packages\aiosqlite\core.py", line 132, in _execute
    return await future
           ^^^^^^^^^^^^
  File "D:\ASM1\.venv\Lib\site-packages\aiosqlite\core.py", line 115, in run
    result = function()
             ^^^^^^^^^^
sqlite3.OperationalError: no such column: users.hashed_password

The above exception was the direct cause of the following exception:

Traceback (most recent call last):
  File "D:\ASM1\backend\core\database.py", line 542, in get_db
    yield session
  File "D:\ASM1\.venv\Lib\site-packages\fastapi\routing.py", line 301, in app
    raw_response = await run_endpoint_function(
                   ^^^^^^^^^^^^^^^^^^^^^^^^^^^^
  File "D:\ASM1\.venv\Lib\site-packages\fastapi\routing.py", line 212, in run_endpoint_function
    return await dependant.call(**values)
           ^^^^^^^^^^^^^^^^^^^^^^^^^^^^^^
  File "D:\ASM1\backend\routers\auth.py", line 336, in login_password
    result = await db.execute(select(User).where(User.role == "admin"))
             ^^^^^^^^^^^^^^^^^^^^^^^^^^^^^^^^^^^^^^^^^^^^^^^^^^^^^^^^^^
  File "D:\ASM1\.venv\Lib\site-packages\sqlalchemy\ext\asyncio\session.py", line 461, in execute
    result = await greenlet_spawn(
             ^^^^^^^^^^^^^^^^^^^^^
  File "D:\ASM1\.venv\Lib\site-packages\sqlalchemy\util\_concurrency_py3k.py", line 201, in greenlet_spawn
    result = context.throw(*sys.exc_info())
             ^^^^^^^^^^^^^^^^^^^^^^^^^^^^^^
  File "D:\ASM1\.venv\Lib\site-packages\sqlalchemy\orm\session.py", line 2362, in execute
    return self._execute_internal(
           ^^^^^^^^^^^^^^^^^^^^^^^
  File "D:\ASM1\.venv\Lib\site-packages\sqlalchemy\orm\session.py", line 2247, in _execute_internal
    result: Result[Any] = compile_state_cls.orm_execute_statement(
                          ^^^^^^^^^^^^^^^^^^^^^^^^^^^^^^^^^^^^^^^^
  File "D:\ASM1\.venv\Lib\site-packages\sqlalchemy\orm\context.py", line 305, in orm_execute_statement
    result = conn.execute(
             ^^^^^^^^^^^^^
  File "D:\ASM1\.venv\Lib\site-packages\sqlalchemy\engine\base.py", line 1418, in execute
    return meth(
           ^^^^^
  File "D:\ASM1\.venv\Lib\site-packages\sqlalchemy\sql\elements.py", line 515, in _execute_on_connection
    return connection._execute_clauseelement(
           ^^^^^^^^^^^^^^^^^^^^^^^^^^^^^^^^^^
  File "D:\ASM1\.venv\Lib\site-packages\sqlalchemy\engine\base.py", line 1640, in _execute_clauseelement
    ret = self._execute_context(
          ^^^^^^^^^^^^^^^^^^^^^^
  File "D:\ASM1\.venv\Lib\site-packages\sqlalchemy\engine\base.py", line 1846, in _execute_context
    return self._exec_single_context(
           ^^^^^^^^^^^^^^^^^^^^^^^^^^
  File "D:\ASM1\.venv\Lib\site-packages\sqlalchemy\engine\base.py", line 1986, in _exec_single_context
    self._handle_dbapi_exception(
  File "D:\ASM1\.venv\Lib\site-packages\sqlalchemy\engine\base.py", line 2355, in _handle_dbapi_exception
    raise sqlalchemy_exception.with_traceback(exc_info[2]) from e
  File "D:\ASM1\.venv\Lib\site-packages\sqlalchemy\engine\base.py", line 1967, in _exec_single_context
    self.dialect.do_execute(
  File "D:\ASM1\.venv\Lib\site-packages\sqlalchemy\engine\default.py", line 941, in do_execute
    cursor.execute(statement, parameters)
  File "D:\ASM1\.venv\Lib\site-packages\sqlalchemy\dialects\sqlite\aiosqlite.py", line 147, in execute
    self._adapt_connection._handle_exception(error)
  File "D:\ASM1\.venv\Lib\site-packages\sqlalchemy\dialects\sqlite\aiosqlite.py", line 298, in _handle_exception
    raise error
  File "D:\ASM1\.venv\Lib\site-packages\sqlalchemy\dialects\sqlite\aiosqlite.py", line 129, in execute
    self.await_(_cursor.execute(operation, parameters))
  File "D:\ASM1\.venv\Lib\site-packages\sqlalchemy\util\_concurrency_py3k.py", line 132, in await_only
    return current.parent.switch(awaitable)  # type: ignore[no-any-return,attr-defined] # noqa: E501
           ^^^^^^^^^^^^^^^^^^^^^^^^^^^^^^^^
  File "D:\ASM1\.venv\Lib\site-packages\sqlalchemy\util\_concurrency_py3k.py", line 196, in greenlet_spawn
    value = await result
            ^^^^^^^^^^^^
  File "D:\ASM1\.venv\Lib\site-packages\aiosqlite\cursor.py", line 48, in execute
    await self._execute(self._cursor.execute, sql, parameters)
  File "D:\ASM1\.venv\Lib\site-packages\aiosqlite\cursor.py", line 40, in _execute
    return await self._conn._execute(fn, *args, **kwargs)
           ^^^^^^^^^^^^^^^^^^^^^^^^^^^^^^^^^^^^^^^^^^^^^^
  File "D:\ASM1\.venv\Lib\site-packages\aiosqlite\core.py", line 132, in _execute
    return await future
           ^^^^^^^^^^^^
  File "D:\ASM1\.venv\Lib\site-packages\aiosqlite\core.py", line 115, in run
    result = function()
             ^^^^^^^^^^
sqlalchemy.exc.OperationalError: (sqlite3.OperationalError) no such column: users.hashed_password
[SQL: SELECT users.id, users.email, users.name, users.role, users.created_at, users.last_login, users.hashed_password 
FROM users 
WHERE users.role = ?]
[parameters: ('admin',)]
(Background on this error at: https://sqlalche.me/e/20/e3q8)
2026-03-03 16:48:14,291 - core.database - DEBUG - [DB_OP] Starting get_db session creation
2026-03-03 16:48:14,291 - core.database - DEBUG - [DB_OP] Database session created successfully in 0.0000s
2026-03-03 16:48:14,293 - aiosqlite - DEBUG - executing <function connect.<locals>.connector at 0x000002B4F847D1C0>
2026-03-03 16:48:14,293 - aiosqlite - DEBUG - operation <function connect.<locals>.connector at 0x000002B4F847D1C0> completed
2026-03-03 16:48:14,294 - aiosqlite - DEBUG - executing functools.partial(<built-in method create_function of sqlite3.Connection object at 0x000002B4FBE89D50>, 'regexp', 2, <function SQLiteDialect_pysqlite.on_connect.<locals>.regexp at 0x000002B4FBE180E0>, deterministic=True)
2026-03-03 16:48:14,295 - aiosqlite - DEBUG - operation functools.partial(<built-in method create_function of sqlite3.Connection object at 0x000002B4FBE89D50>, 'regexp', 2, <function SQLiteDialect_pysqlite.on_connect.<locals>.regexp at 0x000002B4FBE180E0>, deterministic=True) completed
2026-03-03 16:48:14,295 - aiosqlite - DEBUG - executing functools.partial(<built-in method create_function of sqlite3.Connection object at 0x000002B4FBE89D50>, 'floor', 1, <built-in function floor>, deterministic=True)
2026-03-03 16:48:14,296 - aiosqlite - DEBUG - operation functools.partial(<built-in method create_function of sqlite3.Connection object at 0x000002B4FBE89D50>, 'floor', 1, <built-in function floor>, deterministic=True) completed
2026-03-03 16:48:14,296 - aiosqlite - DEBUG - executing functools.partial(<built-in method cursor of sqlite3.Connection object at 0x000002B4FBE89D50>)
2026-03-03 16:48:14,296 - aiosqlite - DEBUG - operation functools.partial(<built-in method cursor of sqlite3.Connection object at 0x000002B4FBE89D50>) completed
2026-03-03 16:48:14,297 - aiosqlite - DEBUG - executing functools.partial(<built-in method execute of sqlite3.Cursor object at 0x000002B4FBD9F840>, 'SELECT users.id, users.email, users.name, users.role, users.created_at, users.last_login, users.hashed_password \nFROM users \nWHERE users.role = ?', ('admin',))
2026-03-03 16:48:14,297 - aiosqlite - DEBUG - returning exception no such column: users.hashed_password
2026-03-03 16:48:14,298 - core.database - ERROR - Database session error: (sqlite3.OperationalError) no such column: users.hashed_password
[SQL: SELECT users.id, users.email, users.name, users.role, users.created_at, users.last_login, users.hashed_password 
FROM users 
WHERE users.role = ?]
[parameters: ('admin',)]
(Background on this error at: https://sqlalche.me/e/20/e3q8)
Traceback (most recent call last):
  File "D:\ASM1\.venv\Lib\site-packages\sqlalchemy\engine\base.py", line 1967, in _exec_single_context
    self.dialect.do_execute(
  File "D:\ASM1\.venv\Lib\site-packages\sqlalchemy\engine\default.py", line 941, in do_execute
    cursor.execute(statement, parameters)
  File "D:\ASM1\.venv\Lib\site-packages\sqlalchemy\dialects\sqlite\aiosqlite.py", line 147, in execute
    self._adapt_connection._handle_exception(error)
  File "D:\ASM1\.venv\Lib\site-packages\sqlalchemy\dialects\sqlite\aiosqlite.py", line 298, in _handle_exception
    raise error
  File "D:\ASM1\.venv\Lib\site-packages\sqlalchemy\dialects\sqlite\aiosqlite.py", line 129, in execute
    self.await_(_cursor.execute(operation, parameters))
  File "D:\ASM1\.venv\Lib\site-packages\sqlalchemy\util\_concurrency_py3k.py", line 132, in await_only
    return current.parent.switch(awaitable)  # type: ignore[no-any-return,attr-defined] # noqa: E501
           ^^^^^^^^^^^^^^^^^^^^^^^^^^^^^^^^
  File "D:\ASM1\.venv\Lib\site-packages\sqlalchemy\util\_concurrency_py3k.py", line 196, in greenlet_spawn
    value = await result
            ^^^^^^^^^^^^
  File "D:\ASM1\.venv\Lib\site-packages\aiosqlite\cursor.py", line 48, in execute
    await self._execute(self._cursor.execute, sql, parameters)
  File "D:\ASM1\.venv\Lib\site-packages\aiosqlite\cursor.py", line 40, in _execute
    return await self._conn._execute(fn, *args, **kwargs)
           ^^^^^^^^^^^^^^^^^^^^^^^^^^^^^^^^^^^^^^^^^^^^^^
  File "D:\ASM1\.venv\Lib\site-packages\aiosqlite\core.py", line 132, in _execute
    return await future
           ^^^^^^^^^^^^
  File "D:\ASM1\.venv\Lib\site-packages\aiosqlite\core.py", line 115, in run
    result = function()
             ^^^^^^^^^^
sqlite3.OperationalError: no such column: users.hashed_password

The above exception was the direct cause of the following exception:

Traceback (most recent call last):
  File "D:\ASM1\backend\core\database.py", line 542, in get_db
    yield session
  File "D:\ASM1\.venv\Lib\site-packages\fastapi\routing.py", line 301, in app
    raw_response = await run_endpoint_function(
                   ^^^^^^^^^^^^^^^^^^^^^^^^^^^^
  File "D:\ASM1\.venv\Lib\site-packages\fastapi\routing.py", line 212, in run_endpoint_function
    return await dependant.call(**values)
           ^^^^^^^^^^^^^^^^^^^^^^^^^^^^^^
  File "D:\ASM1\backend\routers\auth.py", line 336, in login_password
    result = await db.execute(select(User).where(User.role == "admin"))
             ^^^^^^^^^^^^^^^^^^^^^^^^^^^^^^^^^^^^^^^^^^^^^^^^^^^^^^^^^^
  File "D:\ASM1\.venv\Lib\site-packages\sqlalchemy\ext\asyncio\session.py", line 461, in execute
    result = await greenlet_spawn(
             ^^^^^^^^^^^^^^^^^^^^^
  File "D:\ASM1\.venv\Lib\site-packages\sqlalchemy\util\_concurrency_py3k.py", line 201, in greenlet_spawn
    result = context.throw(*sys.exc_info())
             ^^^^^^^^^^^^^^^^^^^^^^^^^^^^^^
  File "D:\ASM1\.venv\Lib\site-packages\sqlalchemy\orm\session.py", line 2362, in execute
    return self._execute_internal(
           ^^^^^^^^^^^^^^^^^^^^^^^
  File "D:\ASM1\.venv\Lib\site-packages\sqlalchemy\orm\session.py", line 2247, in _execute_internal
    result: Result[Any] = compile_state_cls.orm_execute_statement(
                          ^^^^^^^^^^^^^^^^^^^^^^^^^^^^^^^^^^^^^^^^
  File "D:\ASM1\.venv\Lib\site-packages\sqlalchemy\orm\context.py", line 305, in orm_execute_statement
    result = conn.execute(
             ^^^^^^^^^^^^^
  File "D:\ASM1\.venv\Lib\site-packages\sqlalchemy\engine\base.py", line 1418, in execute
    return meth(
           ^^^^^
  File "D:\ASM1\.venv\Lib\site-packages\sqlalchemy\sql\elements.py", line 515, in _execute_on_connection
    return connection._execute_clauseelement(
           ^^^^^^^^^^^^^^^^^^^^^^^^^^^^^^^^^^
  File "D:\ASM1\.venv\Lib\site-packages\sqlalchemy\engine\base.py", line 1640, in _execute_clauseelement
    ret = self._execute_context(
          ^^^^^^^^^^^^^^^^^^^^^^
  File "D:\ASM1\.venv\Lib\site-packages\sqlalchemy\engine\base.py", line 1846, in _execute_context
    return self._exec_single_context(
           ^^^^^^^^^^^^^^^^^^^^^^^^^^
  File "D:\ASM1\.venv\Lib\site-packages\sqlalchemy\engine\base.py", line 1986, in _exec_single_context
    self._handle_dbapi_exception(
  File "D:\ASM1\.venv\Lib\site-packages\sqlalchemy\engine\base.py", line 2355, in _handle_dbapi_exception
    raise sqlalchemy_exception.with_traceback(exc_info[2]) from e
  File "D:\ASM1\.venv\Lib\site-packages\sqlalchemy\engine\base.py", line 1967, in _exec_single_context
    self.dialect.do_execute(
  File "D:\ASM1\.venv\Lib\site-packages\sqlalchemy\engine\default.py", line 941, in do_execute
    cursor.execute(statement, parameters)
  File "D:\ASM1\.venv\Lib\site-packages\sqlalchemy\dialects\sqlite\aiosqlite.py", line 147, in execute
    self._adapt_connection._handle_exception(error)
  File "D:\ASM1\.venv\Lib\site-packages\sqlalchemy\dialects\sqlite\aiosqlite.py", line 298, in _handle_exception
    raise error
  File "D:\ASM1\.venv\Lib\site-packages\sqlalchemy\dialects\sqlite\aiosqlite.py", line 129, in execute
    self.await_(_cursor.execute(operation, parameters))
  File "D:\ASM1\.venv\Lib\site-packages\sqlalchemy\util\_concurrency_py3k.py", line 132, in await_only
    return current.parent.switch(awaitable)  # type: ignore[no-any-return,attr-defined] # noqa: E501
           ^^^^^^^^^^^^^^^^^^^^^^^^^^^^^^^^
  File "D:\ASM1\.venv\Lib\site-packages\sqlalchemy\util\_concurrency_py3k.py", line 196, in greenlet_spawn
    value = await result
            ^^^^^^^^^^^^
  File "D:\ASM1\.venv\Lib\site-packages\aiosqlite\cursor.py", line 48, in execute
    await self._execute(self._cursor.execute, sql, parameters)
  File "D:\ASM1\.venv\Lib\site-packages\aiosqlite\cursor.py", line 40, in _execute
    return await self._conn._execute(fn, *args, **kwargs)
           ^^^^^^^^^^^^^^^^^^^^^^^^^^^^^^^^^^^^^^^^^^^^^^
  File "D:\ASM1\.venv\Lib\site-packages\aiosqlite\core.py", line 132, in _execute
    return await future
           ^^^^^^^^^^^^
  File "D:\ASM1\.venv\Lib\site-packages\aiosqlite\core.py", line 115, in run
    result = function()
             ^^^^^^^^^^
sqlalchemy.exc.OperationalError: (sqlite3.OperationalError) no such column: users.hashed_password
[SQL: SELECT users.id, users.email, users.name, users.role, users.created_at, users.last_login, users.hashed_password 
FROM users 
WHERE users.role = ?]
[parameters: ('admin',)]
(Background on this error at: https://sqlalche.me/e/20/e3q8)
2026-03-03 16:48:14,304 - core.database - DEBUG - [DB_OP] Database session cleanup after 0.0130s
2026-03-03 16:48:14,305 - aiosqlite - DEBUG - executing functools.partial(<built-in method rollback of sqlite3.Connection object at 0x000002B4FBE89D50>)
2026-03-03 16:48:14,305 - aiosqlite - DEBUG - operation functools.partial(<built-in method rollback of sqlite3.Connection object at 0x000002B4FBE89D50>) completed
2026-03-03 16:48:14,305 - aiosqlite - DEBUG - executing functools.partial(<built-in method rollback of sqlite3.Connection object at 0x000002B4FBE89D50>)
2026-03-03 16:48:14,305 - aiosqlite - DEBUG - operation functools.partial(<built-in method rollback of sqlite3.Connection object at 0x000002B4FBE89D50>) completed
2026-03-03 16:48:14,305 - aiosqlite - DEBUG - executing functools.partial(<built-in method close of sqlite3.Connection object at 0x000002B4FBE89D50>)
2026-03-03 16:48:14,306 - aiosqlite - DEBUG - operation functools.partial(<built-in method close of sqlite3.Connection object at 0x000002B4FBE89D50>) completed
2026-03-03 16:48:14,306 - core.database - ERROR - Failed to create database session: (sqlite3.OperationalError) no such column: users.hashed_password
[SQL: SELECT users.id, users.email, users.name, users.role, users.created_at, users.last_login, users.hashed_password 
FROM users 
WHERE users.role = ?]
[parameters: ('admin',)]
(Background on this error at: https://sqlalche.me/e/20/e3q8)
Traceback (most recent call last):
  File "D:\ASM1\.venv\Lib\site-packages\sqlalchemy\engine\base.py", line 1967, in _exec_single_context
    self.dialect.do_execute(
  File "D:\ASM1\.venv\Lib\site-packages\sqlalchemy\engine\default.py", line 941, in do_execute
    cursor.execute(statement, parameters)
  File "D:\ASM1\.venv\Lib\site-packages\sqlalchemy\dialects\sqlite\aiosqlite.py", line 147, in execute
    self._adapt_connection._handle_exception(error)
  File "D:\ASM1\.venv\Lib\site-packages\sqlalchemy\dialects\sqlite\aiosqlite.py", line 298, in _handle_exception
    raise error
  File "D:\ASM1\.venv\Lib\site-packages\sqlalchemy\dialects\sqlite\aiosqlite.py", line 129, in execute
    self.await_(_cursor.execute(operation, parameters))
  File "D:\ASM1\.venv\Lib\site-packages\sqlalchemy\util\_concurrency_py3k.py", line 132, in await_only
    return current.parent.switch(awaitable)  # type: ignore[no-any-return,attr-defined] # noqa: E501
           ^^^^^^^^^^^^^^^^^^^^^^^^^^^^^^^^
  File "D:\ASM1\.venv\Lib\site-packages\sqlalchemy\util\_concurrency_py3k.py", line 196, in greenlet_spawn
    value = await result
            ^^^^^^^^^^^^
  File "D:\ASM1\.venv\Lib\site-packages\aiosqlite\cursor.py", line 48, in execute
    await self._execute(self._cursor.execute, sql, parameters)
  File "D:\ASM1\.venv\Lib\site-packages\aiosqlite\cursor.py", line 40, in _execute
    return await self._conn._execute(fn, *args, **kwargs)
           ^^^^^^^^^^^^^^^^^^^^^^^^^^^^^^^^^^^^^^^^^^^^^^
  File "D:\ASM1\.venv\Lib\site-packages\aiosqlite\core.py", line 132, in _execute
    return await future
           ^^^^^^^^^^^^
  File "D:\ASM1\.venv\Lib\site-packages\aiosqlite\core.py", line 115, in run
    result = function()
             ^^^^^^^^^^
sqlite3.OperationalError: no such column: users.hashed_password

The above exception was the direct cause of the following exception:

Traceback (most recent call last):
  File "D:\ASM1\backend\core\database.py", line 542, in get_db
    yield session
  File "D:\ASM1\.venv\Lib\site-packages\fastapi\routing.py", line 301, in app
    raw_response = await run_endpoint_function(
                   ^^^^^^^^^^^^^^^^^^^^^^^^^^^^
  File "D:\ASM1\.venv\Lib\site-packages\fastapi\routing.py", line 212, in run_endpoint_function
    return await dependant.call(**values)
           ^^^^^^^^^^^^^^^^^^^^^^^^^^^^^^
  File "D:\ASM1\backend\routers\auth.py", line 336, in login_password
    result = await db.execute(select(User).where(User.role == "admin"))
             ^^^^^^^^^^^^^^^^^^^^^^^^^^^^^^^^^^^^^^^^^^^^^^^^^^^^^^^^^^
  File "D:\ASM1\.venv\Lib\site-packages\sqlalchemy\ext\asyncio\session.py", line 461, in execute
    result = await greenlet_spawn(
             ^^^^^^^^^^^^^^^^^^^^^
  File "D:\ASM1\.venv\Lib\site-packages\sqlalchemy\util\_concurrency_py3k.py", line 201, in greenlet_spawn
    result = context.throw(*sys.exc_info())
             ^^^^^^^^^^^^^^^^^^^^^^^^^^^^^^
  File "D:\ASM1\.venv\Lib\site-packages\sqlalchemy\orm\session.py", line 2362, in execute
    return self._execute_internal(
           ^^^^^^^^^^^^^^^^^^^^^^^
  File "D:\ASM1\.venv\Lib\site-packages\sqlalchemy\orm\session.py", line 2247, in _execute_internal
    result: Result[Any] = compile_state_cls.orm_execute_statement(
                          ^^^^^^^^^^^^^^^^^^^^^^^^^^^^^^^^^^^^^^^^
  File "D:\ASM1\.venv\Lib\site-packages\sqlalchemy\orm\context.py", line 305, in orm_execute_statement
    result = conn.execute(
             ^^^^^^^^^^^^^
  File "D:\ASM1\.venv\Lib\site-packages\sqlalchemy\engine\base.py", line 1418, in execute
    return meth(
           ^^^^^
  File "D:\ASM1\.venv\Lib\site-packages\sqlalchemy\sql\elements.py", line 515, in _execute_on_connection
    return connection._execute_clauseelement(
           ^^^^^^^^^^^^^^^^^^^^^^^^^^^^^^^^^^
  File "D:\ASM1\.venv\Lib\site-packages\sqlalchemy\engine\base.py", line 1640, in _execute_clauseelement
    ret = self._execute_context(
          ^^^^^^^^^^^^^^^^^^^^^^
  File "D:\ASM1\.venv\Lib\site-packages\sqlalchemy\engine\base.py", line 1846, in _execute_context
    return self._exec_single_context(
           ^^^^^^^^^^^^^^^^^^^^^^^^^^
  File "D:\ASM1\.venv\Lib\site-packages\sqlalchemy\engine\base.py", line 1986, in _exec_single_context
    self._handle_dbapi_exception(
  File "D:\ASM1\.venv\Lib\site-packages\sqlalchemy\engine\base.py", line 2355, in _handle_dbapi_exception
    raise sqlalchemy_exception.with_traceback(exc_info[2]) from e
  File "D:\ASM1\.venv\Lib\site-packages\sqlalchemy\engine\base.py", line 1967, in _exec_single_context
    self.dialect.do_execute(
  File "D:\ASM1\.venv\Lib\site-packages\sqlalchemy\engine\default.py", line 941, in do_execute
    cursor.execute(statement, parameters)
  File "D:\ASM1\.venv\Lib\site-packages\sqlalchemy\dialects\sqlite\aiosqlite.py", line 147, in execute
    self._adapt_connection._handle_exception(error)
  File "D:\ASM1\.venv\Lib\site-packages\sqlalchemy\dialects\sqlite\aiosqlite.py", line 298, in _handle_exception
    raise error
  File "D:\ASM1\.venv\Lib\site-packages\sqlalchemy\dialects\sqlite\aiosqlite.py", line 129, in execute
    self.await_(_cursor.execute(operation, parameters))
  File "D:\ASM1\.venv\Lib\site-packages\sqlalchemy\util\_concurrency_py3k.py", line 132, in await_only
    return current.parent.switch(awaitable)  # type: ignore[no-any-return,attr-defined] # noqa: E501
           ^^^^^^^^^^^^^^^^^^^^^^^^^^^^^^^^
  File "D:\ASM1\.venv\Lib\site-packages\sqlalchemy\util\_concurrency_py3k.py", line 196, in greenlet_spawn
    value = await result
            ^^^^^^^^^^^^
  File "D:\ASM1\.venv\Lib\site-packages\aiosqlite\cursor.py", line 48, in execute
    await self._execute(self._cursor.execute, sql, parameters)
  File "D:\ASM1\.venv\Lib\site-packages\aiosqlite\cursor.py", line 40, in _execute
    return await self._conn._execute(fn, *args, **kwargs)
           ^^^^^^^^^^^^^^^^^^^^^^^^^^^^^^^^^^^^^^^^^^^^^^
  File "D:\ASM1\.venv\Lib\site-packages\aiosqlite\core.py", line 132, in _execute
    return await future
           ^^^^^^^^^^^^
  File "D:\ASM1\.venv\Lib\site-packages\aiosqlite\core.py", line 115, in run
    result = function()
             ^^^^^^^^^^
sqlalchemy.exc.OperationalError: (sqlite3.OperationalError) no such column: users.hashed_password
[SQL: SELECT users.id, users.email, users.name, users.role, users.created_at, users.last_login, users.hashed_password 
FROM users 
WHERE users.role = ?]
[parameters: ('admin',)]
(Background on this error at: https://sqlalche.me/e/20/e3q8)
2026-03-03 16:48:14,442 - core.database - DEBUG - [DB_OP] Starting get_db session creation
2026-03-03 16:48:14,442 - core.database - DEBUG - [DB_OP] Database session created successfully in 0.0000s
2026-03-03 16:48:14,443 - aiosqlite - DEBUG - executing <function connect.<locals>.connector at 0x000002B4FC0EB920>
2026-03-03 16:48:14,443 - aiosqlite - DEBUG - operation <function connect.<locals>.connector at 0x000002B4FC0EB920> completed
2026-03-03 16:48:14,444 - aiosqlite - DEBUG - executing functools.partial(<built-in method create_function of sqlite3.Connection object at 0x000002B4FBE8AA70>, 'regexp', 2, <function SQLiteDialect_pysqlite.on_connect.<locals>.regexp at 0x000002B4FBE180E0>, deterministic=True)
2026-03-03 16:48:14,444 - aiosqlite - DEBUG - operation functools.partial(<built-in method create_function of sqlite3.Connection object at 0x000002B4FBE8AA70>, 'regexp', 2, <function SQLiteDialect_pysqlite.on_connect.<locals>.regexp at 0x000002B4FBE180E0>, deterministic=True) completed
2026-03-03 16:48:14,445 - aiosqlite - DEBUG - executing functools.partial(<built-in method create_function of sqlite3.Connection object at 0x000002B4FBE8AA70>, 'floor', 1, <built-in function floor>, deterministic=True)
2026-03-03 16:48:14,445 - aiosqlite - DEBUG - operation functools.partial(<built-in method create_function of sqlite3.Connection object at 0x000002B4FBE8AA70>, 'floor', 1, <built-in function floor>, deterministic=True) completed
2026-03-03 16:48:14,446 - aiosqlite - DEBUG - executing functools.partial(<built-in method cursor of sqlite3.Connection object at 0x000002B4FBE8AA70>)
2026-03-03 16:48:14,446 - aiosqlite - DEBUG - operation functools.partial(<built-in method cursor of sqlite3.Connection object at 0x000002B4FBE8AA70>) completed
2026-03-03 16:48:14,446 - aiosqlite - DEBUG - executing functools.partial(<built-in method execute of sqlite3.Cursor object at 0x000002B4FC1395C0>, 'SELECT users.id, users.email, users.name, users.role, users.created_at, users.last_login, users.hashed_password \nFROM users \nWHERE users.role = ?', ('admin',))
2026-03-03 16:48:14,447 - aiosqlite - DEBUG - returning exception no such column: users.hashed_password
2026-03-03 16:48:14,448 - core.database - ERROR - Database session error: (sqlite3.OperationalError) no such column: users.hashed_password
[SQL: SELECT users.id, users.email, users.name, users.role, users.created_at, users.last_login, users.hashed_password 
FROM users 
WHERE users.role = ?]
[parameters: ('admin',)]
(Background on this error at: https://sqlalche.me/e/20/e3q8)
Traceback (most recent call last):
  File "D:\ASM1\.venv\Lib\site-packages\sqlalchemy\engine\base.py", line 1967, in _exec_single_context
    self.dialect.do_execute(
  File "D:\ASM1\.venv\Lib\site-packages\sqlalchemy\engine\default.py", line 941, in do_execute
    cursor.execute(statement, parameters)
  File "D:\ASM1\.venv\Lib\site-packages\sqlalchemy\dialects\sqlite\aiosqlite.py", line 147, in execute
    self._adapt_connection._handle_exception(error)
  File "D:\ASM1\.venv\Lib\site-packages\sqlalchemy\dialects\sqlite\aiosqlite.py", line 298, in _handle_exception
    raise error
  File "D:\ASM1\.venv\Lib\site-packages\sqlalchemy\dialects\sqlite\aiosqlite.py", line 129, in execute
    self.await_(_cursor.execute(operation, parameters))
  File "D:\ASM1\.venv\Lib\site-packages\sqlalchemy\util\_concurrency_py3k.py", line 132, in await_only
    return current.parent.switch(awaitable)  # type: ignore[no-any-return,attr-defined] # noqa: E501
           ^^^^^^^^^^^^^^^^^^^^^^^^^^^^^^^^
  File "D:\ASM1\.venv\Lib\site-packages\sqlalchemy\util\_concurrency_py3k.py", line 196, in greenlet_spawn
    value = await result
            ^^^^^^^^^^^^
  File "D:\ASM1\.venv\Lib\site-packages\aiosqlite\cursor.py", line 48, in execute
    await self._execute(self._cursor.execute, sql, parameters)
  File "D:\ASM1\.venv\Lib\site-packages\aiosqlite\cursor.py", line 40, in _execute
    return await self._conn._execute(fn, *args, **kwargs)
           ^^^^^^^^^^^^^^^^^^^^^^^^^^^^^^^^^^^^^^^^^^^^^^
  File "D:\ASM1\.venv\Lib\site-packages\aiosqlite\core.py", line 132, in _execute
    return await future
           ^^^^^^^^^^^^
  File "D:\ASM1\.venv\Lib\site-packages\aiosqlite\core.py", line 115, in run
    result = function()
             ^^^^^^^^^^
sqlite3.OperationalError: no such column: users.hashed_password

The above exception was the direct cause of the following exception:

Traceback (most recent call last):
  File "D:\ASM1\backend\core\database.py", line 542, in get_db
    yield session
  File "D:\ASM1\.venv\Lib\site-packages\fastapi\routing.py", line 301, in app
    raw_response = await run_endpoint_function(
                   ^^^^^^^^^^^^^^^^^^^^^^^^^^^^
  File "D:\ASM1\.venv\Lib\site-packages\fastapi\routing.py", line 212, in run_endpoint_function
    return await dependant.call(**values)
           ^^^^^^^^^^^^^^^^^^^^^^^^^^^^^^
  File "D:\ASM1\backend\routers\auth.py", line 336, in login_password
    result = await db.execute(select(User).where(User.role == "admin"))
             ^^^^^^^^^^^^^^^^^^^^^^^^^^^^^^^^^^^^^^^^^^^^^^^^^^^^^^^^^^
  File "D:\ASM1\.venv\Lib\site-packages\sqlalchemy\ext\asyncio\session.py", line 461, in execute
    result = await greenlet_spawn(
             ^^^^^^^^^^^^^^^^^^^^^
  File "D:\ASM1\.venv\Lib\site-packages\sqlalchemy\util\_concurrency_py3k.py", line 201, in greenlet_spawn
    result = context.throw(*sys.exc_info())
             ^^^^^^^^^^^^^^^^^^^^^^^^^^^^^^
  File "D:\ASM1\.venv\Lib\site-packages\sqlalchemy\orm\session.py", line 2362, in execute
    return self._execute_internal(
           ^^^^^^^^^^^^^^^^^^^^^^^
  File "D:\ASM1\.venv\Lib\site-packages\sqlalchemy\orm\session.py", line 2247, in _execute_internal
    result: Result[Any] = compile_state_cls.orm_execute_statement(
                          ^^^^^^^^^^^^^^^^^^^^^^^^^^^^^^^^^^^^^^^^
  File "D:\ASM1\.venv\Lib\site-packages\sqlalchemy\orm\context.py", line 305, in orm_execute_statement
    result = conn.execute(
             ^^^^^^^^^^^^^
  File "D:\ASM1\.venv\Lib\site-packages\sqlalchemy\engine\base.py", line 1418, in execute
    return meth(
           ^^^^^
  File "D:\ASM1\.venv\Lib\site-packages\sqlalchemy\sql\elements.py", line 515, in _execute_on_connection
    return connection._execute_clauseelement(
           ^^^^^^^^^^^^^^^^^^^^^^^^^^^^^^^^^^
  File "D:\ASM1\.venv\Lib\site-packages\sqlalchemy\engine\base.py", line 1640, in _execute_clauseelement
    ret = self._execute_context(
          ^^^^^^^^^^^^^^^^^^^^^^
  File "D:\ASM1\.venv\Lib\site-packages\sqlalchemy\engine\base.py", line 1846, in _execute_context
    return self._exec_single_context(
           ^^^^^^^^^^^^^^^^^^^^^^^^^^
  File "D:\ASM1\.venv\Lib\site-packages\sqlalchemy\engine\base.py", line 1986, in _exec_single_context
    self._handle_dbapi_exception(
  File "D:\ASM1\.venv\Lib\site-packages\sqlalchemy\engine\base.py", line 2355, in _handle_dbapi_exception
    raise sqlalchemy_exception.with_traceback(exc_info[2]) from e
  File "D:\ASM1\.venv\Lib\site-packages\sqlalchemy\engine\base.py", line 1967, in _exec_single_context
    self.dialect.do_execute(
  File "D:\ASM1\.venv\Lib\site-packages\sqlalchemy\engine\default.py", line 941, in do_execute
    cursor.execute(statement, parameters)
  File "D:\ASM1\.venv\Lib\site-packages\sqlalchemy\dialects\sqlite\aiosqlite.py", line 147, in execute
    self._adapt_connection._handle_exception(error)
  File "D:\ASM1\.venv\Lib\site-packages\sqlalchemy\dialects\sqlite\aiosqlite.py", line 298, in _handle_exception
    raise error
  File "D:\ASM1\.venv\Lib\site-packages\sqlalchemy\dialects\sqlite\aiosqlite.py", line 129, in execute
    self.await_(_cursor.execute(operation, parameters))
  File "D:\ASM1\.venv\Lib\site-packages\sqlalchemy\util\_concurrency_py3k.py", line 132, in await_only
    return current.parent.switch(awaitable)  # type: ignore[no-any-return,attr-defined] # noqa: E501
           ^^^^^^^^^^^^^^^^^^^^^^^^^^^^^^^^
  File "D:\ASM1\.venv\Lib\site-packages\sqlalchemy\util\_concurrency_py3k.py", line 196, in greenlet_spawn
    value = await result
            ^^^^^^^^^^^^
  File "D:\ASM1\.venv\Lib\site-packages\aiosqlite\cursor.py", line 48, in execute
    await self._execute(self._cursor.execute, sql, parameters)
  File "D:\ASM1\.venv\Lib\site-packages\aiosqlite\cursor.py", line 40, in _execute
    return await self._conn._execute(fn, *args, **kwargs)
           ^^^^^^^^^^^^^^^^^^^^^^^^^^^^^^^^^^^^^^^^^^^^^^
  File "D:\ASM1\.venv\Lib\site-packages\aiosqlite\core.py", line 132, in _execute
    return await future
           ^^^^^^^^^^^^
  File "D:\ASM1\.venv\Lib\site-packages\aiosqlite\core.py", line 115, in run
    result = function()
             ^^^^^^^^^^
sqlalchemy.exc.OperationalError: (sqlite3.OperationalError) no such column: users.hashed_password
[SQL: SELECT users.id, users.email, users.name, users.role, users.created_at, users.last_login, users.hashed_password 
FROM users 
WHERE users.role = ?]
[parameters: ('admin',)]
(Background on this error at: https://sqlalche.me/e/20/e3q8)
2026-03-03 16:48:14,455 - core.database - DEBUG - [DB_OP] Database session cleanup after 0.0130s
2026-03-03 16:48:14,456 - aiosqlite - DEBUG - executing functools.partial(<built-in method rollback of sqlite3.Connection object at 0x000002B4FBE8AA70>)
2026-03-03 16:48:14,456 - aiosqlite - DEBUG - operation functools.partial(<built-in method rollback of sqlite3.Connection object at 0x000002B4FBE8AA70>) completed
2026-03-03 16:48:14,456 - aiosqlite - DEBUG - executing functools.partial(<built-in method rollback of sqlite3.Connection object at 0x000002B4FBE8AA70>)
2026-03-03 16:48:14,456 - aiosqlite - DEBUG - operation functools.partial(<built-in method rollback of sqlite3.Connection object at 0x000002B4FBE8AA70>) completed
2026-03-03 16:48:14,456 - aiosqlite - DEBUG - executing functools.partial(<built-in method close of sqlite3.Connection object at 0x000002B4FBE8AA70>)
2026-03-03 16:48:14,457 - aiosqlite - DEBUG - operation functools.partial(<built-in method close of sqlite3.Connection object at 0x000002B4FBE8AA70>) completed
2026-03-03 16:48:14,457 - core.database - ERROR - Failed to create database session: (sqlite3.OperationalError) no such column: users.hashed_password
[SQL: SELECT users.id, users.email, users.name, users.role, users.created_at, users.last_login, users.hashed_password 
FROM users 
WHERE users.role = ?]
[parameters: ('admin',)]
(Background on this error at: https://sqlalche.me/e/20/e3q8)
Traceback (most recent call last):
  File "D:\ASM1\.venv\Lib\site-packages\sqlalchemy\engine\base.py", line 1967, in _exec_single_context
    self.dialect.do_execute(
  File "D:\ASM1\.venv\Lib\site-packages\sqlalchemy\engine\default.py", line 941, in do_execute
    cursor.execute(statement, parameters)
  File "D:\ASM1\.venv\Lib\site-packages\sqlalchemy\dialects\sqlite\aiosqlite.py", line 147, in execute
    self._adapt_connection._handle_exception(error)
  File "D:\ASM1\.venv\Lib\site-packages\sqlalchemy\dialects\sqlite\aiosqlite.py", line 298, in _handle_exception
    raise error
  File "D:\ASM1\.venv\Lib\site-packages\sqlalchemy\dialects\sqlite\aiosqlite.py", line 129, in execute
    self.await_(_cursor.execute(operation, parameters))
  File "D:\ASM1\.venv\Lib\site-packages\sqlalchemy\util\_concurrency_py3k.py", line 132, in await_only
    return current.parent.switch(awaitable)  # type: ignore[no-any-return,attr-defined] # noqa: E501
           ^^^^^^^^^^^^^^^^^^^^^^^^^^^^^^^^
  File "D:\ASM1\.venv\Lib\site-packages\sqlalchemy\util\_concurrency_py3k.py", line 196, in greenlet_spawn
    value = await result
            ^^^^^^^^^^^^
  File "D:\ASM1\.venv\Lib\site-packages\aiosqlite\cursor.py", line 48, in execute
    await self._execute(self._cursor.execute, sql, parameters)
  File "D:\ASM1\.venv\Lib\site-packages\aiosqlite\cursor.py", line 40, in _execute
    return await self._conn._execute(fn, *args, **kwargs)
           ^^^^^^^^^^^^^^^^^^^^^^^^^^^^^^^^^^^^^^^^^^^^^^
  File "D:\ASM1\.venv\Lib\site-packages\aiosqlite\core.py", line 132, in _execute
    return await future
           ^^^^^^^^^^^^
  File "D:\ASM1\.venv\Lib\site-packages\aiosqlite\core.py", line 115, in run
    result = function()
             ^^^^^^^^^^
sqlite3.OperationalError: no such column: users.hashed_password

The above exception was the direct cause of the following exception:

Traceback (most recent call last):
  File "D:\ASM1\backend\core\database.py", line 542, in get_db
    yield session
  File "D:\ASM1\.venv\Lib\site-packages\fastapi\routing.py", line 301, in app
    raw_response = await run_endpoint_function(
                   ^^^^^^^^^^^^^^^^^^^^^^^^^^^^
  File "D:\ASM1\.venv\Lib\site-packages\fastapi\routing.py", line 212, in run_endpoint_function
    return await dependant.call(**values)
           ^^^^^^^^^^^^^^^^^^^^^^^^^^^^^^
  File "D:\ASM1\backend\routers\auth.py", line 336, in login_password
    result = await db.execute(select(User).where(User.role == "admin"))
             ^^^^^^^^^^^^^^^^^^^^^^^^^^^^^^^^^^^^^^^^^^^^^^^^^^^^^^^^^^
  File "D:\ASM1\.venv\Lib\site-packages\sqlalchemy\ext\asyncio\session.py", line 461, in execute
    result = await greenlet_spawn(
             ^^^^^^^^^^^^^^^^^^^^^
  File "D:\ASM1\.venv\Lib\site-packages\sqlalchemy\util\_concurrency_py3k.py", line 201, in greenlet_spawn
    result = context.throw(*sys.exc_info())
             ^^^^^^^^^^^^^^^^^^^^^^^^^^^^^^
  File "D:\ASM1\.venv\Lib\site-packages\sqlalchemy\orm\session.py", line 2362, in execute
    return self._execute_internal(
           ^^^^^^^^^^^^^^^^^^^^^^^
  File "D:\ASM1\.venv\Lib\site-packages\sqlalchemy\orm\session.py", line 2247, in _execute_internal
    result: Result[Any] = compile_state_cls.orm_execute_statement(
                          ^^^^^^^^^^^^^^^^^^^^^^^^^^^^^^^^^^^^^^^^
  File "D:\ASM1\.venv\Lib\site-packages\sqlalchemy\orm\context.py", line 305, in orm_execute_statement
    result = conn.execute(
             ^^^^^^^^^^^^^
  File "D:\ASM1\.venv\Lib\site-packages\sqlalchemy\engine\base.py", line 1418, in execute
    return meth(
           ^^^^^
  File "D:\ASM1\.venv\Lib\site-packages\sqlalchemy\sql\elements.py", line 515, in _execute_on_connection
    return connection._execute_clauseelement(
           ^^^^^^^^^^^^^^^^^^^^^^^^^^^^^^^^^^
  File "D:\ASM1\.venv\Lib\site-packages\sqlalchemy\engine\base.py", line 1640, in _execute_clauseelement
    ret = self._execute_context(
          ^^^^^^^^^^^^^^^^^^^^^^
  File "D:\ASM1\.venv\Lib\site-packages\sqlalchemy\engine\base.py", line 1846, in _execute_context
    return self._exec_single_context(
           ^^^^^^^^^^^^^^^^^^^^^^^^^^
  File "D:\ASM1\.venv\Lib\site-packages\sqlalchemy\engine\base.py", line 1986, in _exec_single_context
    self._handle_dbapi_exception(
  File "D:\ASM1\.venv\Lib\site-packages\sqlalchemy\engine\base.py", line 2355, in _handle_dbapi_exception
    raise sqlalchemy_exception.with_traceback(exc_info[2]) from e
  File "D:\ASM1\.venv\Lib\site-packages\sqlalchemy\engine\base.py", line 1967, in _exec_single_context
    self.dialect.do_execute(
  File "D:\ASM1\.venv\Lib\site-packages\sqlalchemy\engine\default.py", line 941, in do_execute
    cursor.execute(statement, parameters)
  File "D:\ASM1\.venv\Lib\site-packages\sqlalchemy\dialects\sqlite\aiosqlite.py", line 147, in execute
    self._adapt_connection._handle_exception(error)
  File "D:\ASM1\.venv\Lib\site-packages\sqlalchemy\dialects\sqlite\aiosqlite.py", line 298, in _handle_exception
    raise error
  File "D:\ASM1\.venv\Lib\site-packages\sqlalchemy\dialects\sqlite\aiosqlite.py", line 129, in execute
    self.await_(_cursor.execute(operation, parameters))
  File "D:\ASM1\.venv\Lib\site-packages\sqlalchemy\util\_concurrency_py3k.py", line 132, in await_only
    return current.parent.switch(awaitable)  # type: ignore[no-any-return,attr-defined] # noqa: E501
           ^^^^^^^^^^^^^^^^^^^^^^^^^^^^^^^^
  File "D:\ASM1\.venv\Lib\site-packages\sqlalchemy\util\_concurrency_py3k.py", line 196, in greenlet_spawn
    value = await result
            ^^^^^^^^^^^^
  File "D:\ASM1\.venv\Lib\site-packages\aiosqlite\cursor.py", line 48, in execute
    await self._execute(self._cursor.execute, sql, parameters)
  File "D:\ASM1\.venv\Lib\site-packages\aiosqlite\cursor.py", line 40, in _execute
    return await self._conn._execute(fn, *args, **kwargs)
           ^^^^^^^^^^^^^^^^^^^^^^^^^^^^^^^^^^^^^^^^^^^^^^
  File "D:\ASM1\.venv\Lib\site-packages\aiosqlite\core.py", line 132, in _execute
    return await future
           ^^^^^^^^^^^^
  File "D:\ASM1\.venv\Lib\site-packages\aiosqlite\core.py", line 115, in run
    result = function()
             ^^^^^^^^^^
sqlalchemy.exc.OperationalError: (sqlite3.OperationalError) no such column: users.hashed_password
[SQL: SELECT users.id, users.email, users.name, users.role, users.created_at, users.last_login, users.hashed_password 
FROM users 
WHERE users.role = ?]
[parameters: ('admin',)]
(Background on this error at: https://sqlalche.me/e/20/e3q8)
2026-03-03 16:48:20,323 - core.database - DEBUG - [DB_OP] Starting get_db session creation
2026-03-03 16:48:20,324 - core.database - DEBUG - [DB_OP] Database session created successfully in 0.0008s
2026-03-03 16:48:20,325 - aiosqlite - DEBUG - executing <function connect.<locals>.connector at 0x000002B4FC0EB7E0>
2026-03-03 16:48:20,325 - aiosqlite - DEBUG - operation <function connect.<locals>.connector at 0x000002B4FC0EB7E0> completed
2026-03-03 16:48:20,325 - aiosqlite - DEBUG - executing functools.partial(<built-in method create_function of sqlite3.Connection object at 0x000002B4FBE8A4D0>, 'regexp', 2, <function SQLiteDialect_pysqlite.on_connect.<locals>.regexp at 0x000002B4FBE180E0>, deterministic=True)
2026-03-03 16:48:20,326 - aiosqlite - DEBUG - operation functools.partial(<built-in method create_function of sqlite3.Connection object at 0x000002B4FBE8A4D0>, 'regexp', 2, <function SQLiteDialect_pysqlite.on_connect.<locals>.regexp at 0x000002B4FBE180E0>, deterministic=True) completed
2026-03-03 16:48:20,326 - aiosqlite - DEBUG - executing functools.partial(<built-in method create_function of sqlite3.Connection object at 0x000002B4FBE8A4D0>, 'floor', 1, <built-in function floor>, deterministic=True)
2026-03-03 16:48:20,326 - aiosqlite - DEBUG - operation functools.partial(<built-in method create_function of sqlite3.Connection object at 0x000002B4FBE8A4D0>, 'floor', 1, <built-in function floor>, deterministic=True) completed
2026-03-03 16:48:20,327 - aiosqlite - DEBUG - executing functools.partial(<built-in method cursor of sqlite3.Connection object at 0x000002B4FBE8A4D0>)
2026-03-03 16:48:20,327 - aiosqlite - DEBUG - operation functools.partial(<built-in method cursor of sqlite3.Connection object at 0x000002B4FBE8A4D0>) completed
2026-03-03 16:48:20,327 - aiosqlite - DEBUG - executing functools.partial(<built-in method execute of sqlite3.Cursor object at 0x000002B4FC139CC0>, 'SELECT users.id, users.email, users.name, users.role, users.created_at, users.last_login, users.hashed_password \nFROM users \nWHERE users.role = ?', ('admin',))
2026-03-03 16:48:20,328 - aiosqlite - DEBUG - returning exception no such column: users.hashed_password
2026-03-03 16:48:20,328 - core.database - ERROR - Database session error: (sqlite3.OperationalError) no such column: users.hashed_password
[SQL: SELECT users.id, users.email, users.name, users.role, users.created_at, users.last_login, users.hashed_password 
FROM users 
WHERE users.role = ?]
[parameters: ('admin',)]
(Background on this error at: https://sqlalche.me/e/20/e3q8)
Traceback (most recent call last):
  File "D:\ASM1\.venv\Lib\site-packages\sqlalchemy\engine\base.py", line 1967, in _exec_single_context
    self.dialect.do_execute(
  File "D:\ASM1\.venv\Lib\site-packages\sqlalchemy\engine\default.py", line 941, in do_execute
    cursor.execute(statement, parameters)
  File "D:\ASM1\.venv\Lib\site-packages\sqlalchemy\dialects\sqlite\aiosqlite.py", line 147, in execute
    self._adapt_connection._handle_exception(error)
  File "D:\ASM1\.venv\Lib\site-packages\sqlalchemy\dialects\sqlite\aiosqlite.py", line 298, in _handle_exception
    raise error
  File "D:\ASM1\.venv\Lib\site-packages\sqlalchemy\dialects\sqlite\aiosqlite.py", line 129, in execute
    self.await_(_cursor.execute(operation, parameters))
  File "D:\ASM1\.venv\Lib\site-packages\sqlalchemy\util\_concurrency_py3k.py", line 132, in await_only
    return current.parent.switch(awaitable)  # type: ignore[no-any-return,attr-defined] # noqa: E501
           ^^^^^^^^^^^^^^^^^^^^^^^^^^^^^^^^
  File "D:\ASM1\.venv\Lib\site-packages\sqlalchemy\util\_concurrency_py3k.py", line 196, in greenlet_spawn
    value = await result
            ^^^^^^^^^^^^
  File "D:\ASM1\.venv\Lib\site-packages\aiosqlite\cursor.py", line 48, in execute
    await self._execute(self._cursor.execute, sql, parameters)
  File "D:\ASM1\.venv\Lib\site-packages\aiosqlite\cursor.py", line 40, in _execute
    return await self._conn._execute(fn, *args, **kwargs)
           ^^^^^^^^^^^^^^^^^^^^^^^^^^^^^^^^^^^^^^^^^^^^^^
  File "D:\ASM1\.venv\Lib\site-packages\aiosqlite\core.py", line 132, in _execute
    return await future
           ^^^^^^^^^^^^
  File "D:\ASM1\.venv\Lib\site-packages\aiosqlite\core.py", line 115, in run
    result = function()
             ^^^^^^^^^^
sqlite3.OperationalError: no such column: users.hashed_password

The above exception was the direct cause of the following exception:

Traceback (most recent call last):
  File "D:\ASM1\backend\core\database.py", line 542, in get_db
    yield session
  File "D:\ASM1\.venv\Lib\site-packages\fastapi\routing.py", line 301, in app
    raw_response = await run_endpoint_function(
                   ^^^^^^^^^^^^^^^^^^^^^^^^^^^^
  File "D:\ASM1\.venv\Lib\site-packages\fastapi\routing.py", line 212, in run_endpoint_function
    return await dependant.call(**values)
           ^^^^^^^^^^^^^^^^^^^^^^^^^^^^^^
  File "D:\ASM1\backend\routers\auth.py", line 336, in login_password
    result = await db.execute(select(User).where(User.role == "admin"))
             ^^^^^^^^^^^^^^^^^^^^^^^^^^^^^^^^^^^^^^^^^^^^^^^^^^^^^^^^^^
  File "D:\ASM1\.venv\Lib\site-packages\sqlalchemy\ext\asyncio\session.py", line 461, in execute
    result = await greenlet_spawn(
             ^^^^^^^^^^^^^^^^^^^^^
  File "D:\ASM1\.venv\Lib\site-packages\sqlalchemy\util\_concurrency_py3k.py", line 201, in greenlet_spawn
    result = context.throw(*sys.exc_info())
             ^^^^^^^^^^^^^^^^^^^^^^^^^^^^^^
  File "D:\ASM1\.venv\Lib\site-packages\sqlalchemy\orm\session.py", line 2362, in execute
    return self._execute_internal(
           ^^^^^^^^^^^^^^^^^^^^^^^
  File "D:\ASM1\.venv\Lib\site-packages\sqlalchemy\orm\session.py", line 2247, in _execute_internal
    result: Result[Any] = compile_state_cls.orm_execute_statement(
                          ^^^^^^^^^^^^^^^^^^^^^^^^^^^^^^^^^^^^^^^^
  File "D:\ASM1\.venv\Lib\site-packages\sqlalchemy\orm\context.py", line 305, in orm_execute_statement
    result = conn.execute(
             ^^^^^^^^^^^^^
  File "D:\ASM1\.venv\Lib\site-packages\sqlalchemy\engine\base.py", line 1418, in execute
    return meth(
           ^^^^^
  File "D:\ASM1\.venv\Lib\site-packages\sqlalchemy\sql\elements.py", line 515, in _execute_on_connection
    return connection._execute_clauseelement(
           ^^^^^^^^^^^^^^^^^^^^^^^^^^^^^^^^^^
  File "D:\ASM1\.venv\Lib\site-packages\sqlalchemy\engine\base.py", line 1640, in _execute_clauseelement
    ret = self._execute_context(
          ^^^^^^^^^^^^^^^^^^^^^^
  File "D:\ASM1\.venv\Lib\site-packages\sqlalchemy\engine\base.py", line 1846, in _execute_context
    return self._exec_single_context(
           ^^^^^^^^^^^^^^^^^^^^^^^^^^
  File "D:\ASM1\.venv\Lib\site-packages\sqlalchemy\engine\base.py", line 1986, in _exec_single_context
    self._handle_dbapi_exception(
  File "D:\ASM1\.venv\Lib\site-packages\sqlalchemy\engine\base.py", line 2355, in _handle_dbapi_exception
    raise sqlalchemy_exception.with_traceback(exc_info[2]) from e
  File "D:\ASM1\.venv\Lib\site-packages\sqlalchemy\engine\base.py", line 1967, in _exec_single_context
    self.dialect.do_execute(
  File "D:\ASM1\.venv\Lib\site-packages\sqlalchemy\engine\default.py", line 941, in do_execute
    cursor.execute(statement, parameters)
  File "D:\ASM1\.venv\Lib\site-packages\sqlalchemy\dialects\sqlite\aiosqlite.py", line 147, in execute
    self._adapt_connection._handle_exception(error)
  File "D:\ASM1\.venv\Lib\site-packages\sqlalchemy\dialects\sqlite\aiosqlite.py", line 298, in _handle_exception
    raise error
  File "D:\ASM1\.venv\Lib\site-packages\sqlalchemy\dialects\sqlite\aiosqlite.py", line 129, in execute
    self.await_(_cursor.execute(operation, parameters))
  File "D:\ASM1\.venv\Lib\site-packages\sqlalchemy\util\_concurrency_py3k.py", line 132, in await_only
    return current.parent.switch(awaitable)  # type: ignore[no-any-return,attr-defined] # noqa: E501
           ^^^^^^^^^^^^^^^^^^^^^^^^^^^^^^^^
  File "D:\ASM1\.venv\Lib\site-packages\sqlalchemy\util\_concurrency_py3k.py", line 196, in greenlet_spawn
    value = await result
            ^^^^^^^^^^^^
  File "D:\ASM1\.venv\Lib\site-packages\aiosqlite\cursor.py", line 48, in execute
    await self._execute(self._cursor.execute, sql, parameters)
  File "D:\ASM1\.venv\Lib\site-packages\aiosqlite\cursor.py", line 40, in _execute
    return await self._conn._execute(fn, *args, **kwargs)
           ^^^^^^^^^^^^^^^^^^^^^^^^^^^^^^^^^^^^^^^^^^^^^^
  File "D:\ASM1\.venv\Lib\site-packages\aiosqlite\core.py", line 132, in _execute
    return await future
           ^^^^^^^^^^^^
  File "D:\ASM1\.venv\Lib\site-packages\aiosqlite\core.py", line 115, in run
    result = function()
             ^^^^^^^^^^
sqlalchemy.exc.OperationalError: (sqlite3.OperationalError) no such column: users.hashed_password
[SQL: SELECT users.id, users.email, users.name, users.role, users.created_at, users.last_login, users.hashed_password 
FROM users 
WHERE users.role = ?]
[parameters: ('admin',)]
(Background on this error at: https://sqlalche.me/e/20/e3q8)
2026-03-03 16:48:20,335 - core.database - DEBUG - [DB_OP] Database session cleanup after 0.0121s
2026-03-03 16:48:20,336 - aiosqlite - DEBUG - executing functools.partial(<built-in method rollback of sqlite3.Connection object at 0x000002B4FBE8A4D0>)
2026-03-03 16:48:20,336 - aiosqlite - DEBUG - operation functools.partial(<built-in method rollback of sqlite3.Connection object at 0x000002B4FBE8A4D0>) completed
2026-03-03 16:48:20,336 - aiosqlite - DEBUG - executing functools.partial(<built-in method rollback of sqlite3.Connection object at 0x000002B4FBE8A4D0>)
2026-03-03 16:48:20,337 - aiosqlite - DEBUG - operation functools.partial(<built-in method rollback of sqlite3.Connection object at 0x000002B4FBE8A4D0>) completed
2026-03-03 16:48:20,337 - aiosqlite - DEBUG - executing functools.partial(<built-in method close of sqlite3.Connection object at 0x000002B4FBE8A4D0>)
2026-03-03 16:48:20,337 - aiosqlite - DEBUG - operation functools.partial(<built-in method close of sqlite3.Connection object at 0x000002B4FBE8A4D0>) completed
2026-03-03 16:48:20,338 - core.database - ERROR - Failed to create database session: (sqlite3.OperationalError) no such column: users.hashed_password
[SQL: SELECT users.id, users.email, users.name, users.role, users.created_at, users.last_login, users.hashed_password 
FROM users 
WHERE users.role = ?]
[parameters: ('admin',)]
(Background on this error at: https://sqlalche.me/e/20/e3q8)
Traceback (most recent call last):
  File "D:\ASM1\.venv\Lib\site-packages\sqlalchemy\engine\base.py", line 1967, in _exec_single_context
    self.dialect.do_execute(
  File "D:\ASM1\.venv\Lib\site-packages\sqlalchemy\engine\default.py", line 941, in do_execute
    cursor.execute(statement, parameters)
  File "D:\ASM1\.venv\Lib\site-packages\sqlalchemy\dialects\sqlite\aiosqlite.py", line 147, in execute
    self._adapt_connection._handle_exception(error)
  File "D:\ASM1\.venv\Lib\site-packages\sqlalchemy\dialects\sqlite\aiosqlite.py", line 298, in _handle_exception
    raise error
  File "D:\ASM1\.venv\Lib\site-packages\sqlalchemy\dialects\sqlite\aiosqlite.py", line 129, in execute
    self.await_(_cursor.execute(operation, parameters))
  File "D:\ASM1\.venv\Lib\site-packages\sqlalchemy\util\_concurrency_py3k.py", line 132, in await_only
    return current.parent.switch(awaitable)  # type: ignore[no-any-return,attr-defined] # noqa: E501
           ^^^^^^^^^^^^^^^^^^^^^^^^^^^^^^^^
  File "D:\ASM1\.venv\Lib\site-packages\sqlalchemy\util\_concurrency_py3k.py", line 196, in greenlet_spawn
    value = await result
            ^^^^^^^^^^^^
  File "D:\ASM1\.venv\Lib\site-packages\aiosqlite\cursor.py", line 48, in execute
    await self._execute(self._cursor.execute, sql, parameters)
  File "D:\ASM1\.venv\Lib\site-packages\aiosqlite\cursor.py", line 40, in _execute
    return await self._conn._execute(fn, *args, **kwargs)
           ^^^^^^^^^^^^^^^^^^^^^^^^^^^^^^^^^^^^^^^^^^^^^^
  File "D:\ASM1\.venv\Lib\site-packages\aiosqlite\core.py", line 132, in _execute
    return await future
           ^^^^^^^^^^^^
  File "D:\ASM1\.venv\Lib\site-packages\aiosqlite\core.py", line 115, in run
    result = function()
             ^^^^^^^^^^
sqlite3.OperationalError: no such column: users.hashed_password

The above exception was the direct cause of the following exception:

Traceback (most recent call last):
  File "D:\ASM1\backend\core\database.py", line 542, in get_db
    yield session
  File "D:\ASM1\.venv\Lib\site-packages\fastapi\routing.py", line 301, in app
    raw_response = await run_endpoint_function(
                   ^^^^^^^^^^^^^^^^^^^^^^^^^^^^
  File "D:\ASM1\.venv\Lib\site-packages\fastapi\routing.py", line 212, in run_endpoint_function
    return await dependant.call(**values)
           ^^^^^^^^^^^^^^^^^^^^^^^^^^^^^^
  File "D:\ASM1\backend\routers\auth.py", line 336, in login_password
    result = await db.execute(select(User).where(User.role == "admin"))
             ^^^^^^^^^^^^^^^^^^^^^^^^^^^^^^^^^^^^^^^^^^^^^^^^^^^^^^^^^^
  File "D:\ASM1\.venv\Lib\site-packages\sqlalchemy\ext\asyncio\session.py", line 461, in execute
    result = await greenlet_spawn(
             ^^^^^^^^^^^^^^^^^^^^^
  File "D:\ASM1\.venv\Lib\site-packages\sqlalchemy\util\_concurrency_py3k.py", line 201, in greenlet_spawn
    result = context.throw(*sys.exc_info())
             ^^^^^^^^^^^^^^^^^^^^^^^^^^^^^^
  File "D:\ASM1\.venv\Lib\site-packages\sqlalchemy\orm\session.py", line 2362, in execute
    return self._execute_internal(
           ^^^^^^^^^^^^^^^^^^^^^^^
  File "D:\ASM1\.venv\Lib\site-packages\sqlalchemy\orm\session.py", line 2247, in _execute_internal
    result: Result[Any] = compile_state_cls.orm_execute_statement(
                          ^^^^^^^^^^^^^^^^^^^^^^^^^^^^^^^^^^^^^^^^
  File "D:\ASM1\.venv\Lib\site-packages\sqlalchemy\orm\context.py", line 305, in orm_execute_statement
    result = conn.execute(
             ^^^^^^^^^^^^^
  File "D:\ASM1\.venv\Lib\site-packages\sqlalchemy\engine\base.py", line 1418, in execute
    return meth(
           ^^^^^
  File "D:\ASM1\.venv\Lib\site-packages\sqlalchemy\sql\elements.py", line 515, in _execute_on_connection
    return connection._execute_clauseelement(
           ^^^^^^^^^^^^^^^^^^^^^^^^^^^^^^^^^^
  File "D:\ASM1\.venv\Lib\site-packages\sqlalchemy\engine\base.py", line 1640, in _execute_clauseelement
    ret = self._execute_context(
          ^^^^^^^^^^^^^^^^^^^^^^
  File "D:\ASM1\.venv\Lib\site-packages\sqlalchemy\engine\base.py", line 1846, in _execute_context
    return self._exec_single_context(
           ^^^^^^^^^^^^^^^^^^^^^^^^^^
  File "D:\ASM1\.venv\Lib\site-packages\sqlalchemy\engine\base.py", line 1986, in _exec_single_context
    self._handle_dbapi_exception(
  File "D:\ASM1\.venv\Lib\site-packages\sqlalchemy\engine\base.py", line 2355, in _handle_dbapi_exception
    raise sqlalchemy_exception.with_traceback(exc_info[2]) from e
  File "D:\ASM1\.venv\Lib\site-packages\sqlalchemy\engine\base.py", line 1967, in _exec_single_context
    self.dialect.do_execute(
  File "D:\ASM1\.venv\Lib\site-packages\sqlalchemy\engine\default.py", line 941, in do_execute
    cursor.execute(statement, parameters)
  File "D:\ASM1\.venv\Lib\site-packages\sqlalchemy\dialects\sqlite\aiosqlite.py", line 147, in execute
    self._adapt_connection._handle_exception(error)
  File "D:\ASM1\.venv\Lib\site-packages\sqlalchemy\dialects\sqlite\aiosqlite.py", line 298, in _handle_exception
    raise error
  File "D:\ASM1\.venv\Lib\site-packages\sqlalchemy\dialects\sqlite\aiosqlite.py", line 129, in execute
    self.await_(_cursor.execute(operation, parameters))
  File "D:\ASM1\.venv\Lib\site-packages\sqlalchemy\util\_concurrency_py3k.py", line 132, in await_only
    return current.parent.switch(awaitable)  # type: ignore[no-any-return,attr-defined] # noqa: E501
           ^^^^^^^^^^^^^^^^^^^^^^^^^^^^^^^^
  File "D:\ASM1\.venv\Lib\site-packages\sqlalchemy\util\_concurrency_py3k.py", line 196, in greenlet_spawn
    value = await result
            ^^^^^^^^^^^^
  File "D:\ASM1\.venv\Lib\site-packages\aiosqlite\cursor.py", line 48, in execute
    await self._execute(self._cursor.execute, sql, parameters)
  File "D:\ASM1\.venv\Lib\site-packages\aiosqlite\cursor.py", line 40, in _execute
    return await self._conn._execute(fn, *args, **kwargs)
           ^^^^^^^^^^^^^^^^^^^^^^^^^^^^^^^^^^^^^^^^^^^^^^
  File "D:\ASM1\.venv\Lib\site-packages\aiosqlite\core.py", line 132, in _execute
    return await future
           ^^^^^^^^^^^^
  File "D:\ASM1\.venv\Lib\site-packages\aiosqlite\core.py", line 115, in run
    result = function()
             ^^^^^^^^^^
sqlalchemy.exc.OperationalError: (sqlite3.OperationalError) no such column: users.hashed_password
[SQL: SELECT users.id, users.email, users.name, users.role, users.created_at, users.last_login, users.hashed_password 
FROM users 
WHERE users.role = ?]
[parameters: ('admin',)]
(Background on this error at: https://sqlalche.me/e/20/e3q8)
2026-03-03 17:00:36,422 - services.database - DEBUG - [DB_OP] Starting database close
2026-03-03 17:00:36,423 - core.database - INFO - Database connection closed and engine disposed
2026-03-03 17:00:36,423 - services.database - INFO - Database connections closed
2026-03-03 17:00:36,424 - services.database - DEBUG - [DB_OP] Database close completed in 0.0020s
