2026-03-03 14:02:53,100 - main - INFO - === Logging system initialized ===
2026-03-03 14:02:53,100 - main - INFO - Log file: logs/app_20260303_140253.log
2026-03-03 14:02:53,100 - main - INFO - Log level: INFO
2026-03-03 14:02:53,110 - main - INFO - Timestamp: 20260303_140253
2026-03-03 14:02:53,596 - main - INFO - Included router: routers.aihub.router
2026-03-03 14:02:53,620 - passlib.utils.compat - DEBUG - loaded lazy attr 'SafeConfigParser': <class 'configparser.ConfigParser'>
2026-03-03 14:02:53,620 - passlib.utils.compat - DEBUG - loaded lazy attr 'NativeStringIO': <class '_io.StringIO'>
2026-03-03 14:02:53,620 - passlib.utils.compat - DEBUG - loaded lazy attr 'BytesIO': <class '_io.BytesIO'>
2026-03-03 14:02:53,631 - passlib.registry - DEBUG - registered 'bcrypt' handler: <class 'passlib.handlers.bcrypt.bcrypt'>
2026-03-03 14:02:53,640 - main - INFO - Included router: routers.auth.router
2026-03-03 14:02:53,640 - main - INFO - Included router: routers.health.router
2026-03-03 14:02:53,651 - main - INFO - Included router: routers.orders.router
2026-03-03 14:02:53,690 - main - INFO - Included router: routers.products.router
2026-03-03 14:02:53,690 - main - WARNING - Failed to import module 'routers.settings': cannot import name 'get_admin_user' from 'dependencies.auth' (D:\ASM1\backend\dependencies\auth.py)
2026-03-03 14:02:53,690 - main - WARNING - Failed to import module 'routers.storage': cannot import name 'get_admin_user' from 'dependencies.auth' (D:\ASM1\backend\dependencies\auth.py)
2026-03-03 14:02:53,701 - main - INFO - Included router: routers.user.router
2026-03-03 14:02:53,701 - main - INFO - === Application startup initiated ===
2026-03-03 14:02:53,701 - services.database - DEBUG - [DB_OP] Starting database initialization
2026-03-03 14:02:53,701 - services.database - INFO - 🔧 Starting database initialization...
2026-03-03 14:02:53,701 - core.database - INFO - Starting database initialization...
2026-03-03 14:02:53,701 - core.database - INFO - Normalizing database URL for async compatibility...
2026-03-03 14:02:53,711 - core.database - DEBUG - Database exists:./test.db
2026-03-03 14:02:53,711 - core.database - WARNING - Adjusted database URL driver for async compatibility
2026-03-03 14:02:53,711 - core.database - INFO - Creating async database engine...
2026-03-03 14:02:53,711 - core.database - INFO - Using NullPool for sqlite+aiosqlite environment
2026-03-03 14:02:53,730 - core.database - INFO - Database engine created successfully
2026-03-03 14:02:53,730 - core.database - INFO - Creating async session maker...
2026-03-03 14:02:53,730 - core.database - INFO - Async session maker created successfully
2026-03-03 14:02:53,730 - core.database - INFO - Database connection initialized successfully
2026-03-03 14:02:53,801 - services.database - INFO - 🔧 Database connection initialized, now creating tables if tables not exist...
2026-03-03 14:02:53,801 - core.database - DEBUG - [DB_OP] Starting create_tables
2026-03-03 14:02:53,801 - core.database - INFO - 🔧 Starting table creation...
2026-03-03 14:02:53,801 - aiosqlite - DEBUG - executing <function connect.<locals>.connector at 0x00000237BEFD8F40>
2026-03-03 14:02:53,801 - aiosqlite - DEBUG - operation <function connect.<locals>.connector at 0x00000237BEFD8F40> completed
2026-03-03 14:02:53,801 - aiosqlite - DEBUG - executing functools.partial(<built-in method create_function of sqlite3.Connection object at 0x00000237BEFB16C0>, 'regexp', 2, <function SQLiteDialect_pysqlite.on_connect.<locals>.regexp at 0x00000237BEFD8220>, deterministic=True)
2026-03-03 14:02:53,801 - aiosqlite - DEBUG - operation functools.partial(<built-in method create_function of sqlite3.Connection object at 0x00000237BEFB16C0>, 'regexp', 2, <function SQLiteDialect_pysqlite.on_connect.<locals>.regexp at 0x00000237BEFD8220>, deterministic=True) completed
2026-03-03 14:02:53,801 - aiosqlite - DEBUG - executing functools.partial(<built-in method create_function of sqlite3.Connection object at 0x00000237BEFB16C0>, 'floor', 1, <built-in function floor>, deterministic=True)
2026-03-03 14:02:53,811 - aiosqlite - DEBUG - operation functools.partial(<built-in method create_function of sqlite3.Connection object at 0x00000237BEFB16C0>, 'floor', 1, <built-in function floor>, deterministic=True) completed
2026-03-03 14:02:53,811 - aiosqlite - DEBUG - executing functools.partial(<built-in method cursor of sqlite3.Connection object at 0x00000237BEFB16C0>)
2026-03-03 14:02:53,811 - aiosqlite - DEBUG - operation functools.partial(<built-in method cursor of sqlite3.Connection object at 0x00000237BEFB16C0>) completed
2026-03-03 14:02:53,811 - aiosqlite - DEBUG - executing functools.partial(<built-in method execute of sqlite3.Cursor object at 0x00000237BEFA2740>, 'PRAGMA read_uncommitted', [])
2026-03-03 14:02:53,811 - aiosqlite - DEBUG - operation functools.partial(<built-in method execute of sqlite3.Cursor object at 0x00000237BEFA2740>, 'PRAGMA read_uncommitted', []) completed
2026-03-03 14:02:53,811 - aiosqlite - DEBUG - executing functools.partial(<built-in method fetchall of sqlite3.Cursor object at 0x00000237BEFA2740>)
2026-03-03 14:02:53,811 - aiosqlite - DEBUG - operation functools.partial(<built-in method fetchall of sqlite3.Cursor object at 0x00000237BEFA2740>) completed
2026-03-03 14:02:53,811 - aiosqlite - DEBUG - executing functools.partial(<built-in method close of sqlite3.Cursor object at 0x00000237BEFA2740>)
2026-03-03 14:02:53,811 - aiosqlite - DEBUG - operation functools.partial(<built-in method close of sqlite3.Cursor object at 0x00000237BEFA2740>) completed
2026-03-03 14:02:53,811 - aiosqlite - DEBUG - executing functools.partial(<built-in method rollback of sqlite3.Connection object at 0x00000237BEFB16C0>)
2026-03-03 14:02:53,811 - aiosqlite - DEBUG - operation functools.partial(<built-in method rollback of sqlite3.Connection object at 0x00000237BEFB16C0>) completed
2026-03-03 14:02:53,811 - aiosqlite - DEBUG - executing functools.partial(<built-in method cursor of sqlite3.Connection object at 0x00000237BEFB16C0>)
2026-03-03 14:02:53,811 - aiosqlite - DEBUG - operation functools.partial(<built-in method cursor of sqlite3.Connection object at 0x00000237BEFB16C0>) completed
2026-03-03 14:02:53,820 - aiosqlite - DEBUG - executing functools.partial(<built-in method execute of sqlite3.Cursor object at 0x00000237BEFA2840>, 'PRAGMA main.table_info("users")', ())
2026-03-03 14:02:53,820 - aiosqlite - DEBUG - operation functools.partial(<built-in method execute of sqlite3.Cursor object at 0x00000237BEFA2840>, 'PRAGMA main.table_info("users")', ()) completed
2026-03-03 14:02:53,820 - aiosqlite - DEBUG - executing functools.partial(<built-in method fetchall of sqlite3.Cursor object at 0x00000237BEFA2840>)
2026-03-03 14:02:53,820 - aiosqlite - DEBUG - operation functools.partial(<built-in method fetchall of sqlite3.Cursor object at 0x00000237BEFA2840>) completed
2026-03-03 14:02:53,830 - aiosqlite - DEBUG - executing functools.partial(<built-in method close of sqlite3.Cursor object at 0x00000237BEFA2840>)
2026-03-03 14:02:53,831 - aiosqlite - DEBUG - operation functools.partial(<built-in method close of sqlite3.Cursor object at 0x00000237BEFA2840>) completed
2026-03-03 14:02:53,831 - aiosqlite - DEBUG - executing functools.partial(<built-in method cursor of sqlite3.Connection object at 0x00000237BEFB16C0>)
2026-03-03 14:02:53,831 - aiosqlite - DEBUG - operation functools.partial(<built-in method cursor of sqlite3.Connection object at 0x00000237BEFB16C0>) completed
2026-03-03 14:02:53,831 - aiosqlite - DEBUG - executing functools.partial(<built-in method execute of sqlite3.Cursor object at 0x00000237BEFA2840>, 'PRAGMA main.table_info("oidc_states")', ())
2026-03-03 14:02:53,831 - aiosqlite - DEBUG - operation functools.partial(<built-in method execute of sqlite3.Cursor object at 0x00000237BEFA2840>, 'PRAGMA main.table_info("oidc_states")', ()) completed
2026-03-03 14:02:53,831 - aiosqlite - DEBUG - executing functools.partial(<built-in method fetchall of sqlite3.Cursor object at 0x00000237BEFA2840>)
2026-03-03 14:02:53,831 - aiosqlite - DEBUG - operation functools.partial(<built-in method fetchall of sqlite3.Cursor object at 0x00000237BEFA2840>) completed
2026-03-03 14:02:53,836 - aiosqlite - DEBUG - executing functools.partial(<built-in method close of sqlite3.Cursor object at 0x00000237BEFA2840>)
2026-03-03 14:02:53,836 - aiosqlite - DEBUG - operation functools.partial(<built-in method close of sqlite3.Cursor object at 0x00000237BEFA2840>) completed
2026-03-03 14:02:53,836 - aiosqlite - DEBUG - executing functools.partial(<built-in method cursor of sqlite3.Connection object at 0x00000237BEFB16C0>)
2026-03-03 14:02:53,836 - aiosqlite - DEBUG - operation functools.partial(<built-in method cursor of sqlite3.Connection object at 0x00000237BEFB16C0>) completed
2026-03-03 14:02:53,836 - aiosqlite - DEBUG - executing functools.partial(<built-in method execute of sqlite3.Cursor object at 0x00000237BEFA2840>, 'PRAGMA main.table_info("orders")', ())
2026-03-03 14:02:53,836 - aiosqlite - DEBUG - operation functools.partial(<built-in method execute of sqlite3.Cursor object at 0x00000237BEFA2840>, 'PRAGMA main.table_info("orders")', ()) completed
2026-03-03 14:02:53,836 - aiosqlite - DEBUG - executing functools.partial(<built-in method fetchall of sqlite3.Cursor object at 0x00000237BEFA2840>)
2026-03-03 14:02:53,836 - aiosqlite - DEBUG - operation functools.partial(<built-in method fetchall of sqlite3.Cursor object at 0x00000237BEFA2840>) completed
2026-03-03 14:02:53,836 - aiosqlite - DEBUG - executing functools.partial(<built-in method close of sqlite3.Cursor object at 0x00000237BEFA2840>)
2026-03-03 14:02:53,836 - aiosqlite - DEBUG - operation functools.partial(<built-in method close of sqlite3.Cursor object at 0x00000237BEFA2840>) completed
2026-03-03 14:02:53,841 - aiosqlite - DEBUG - executing functools.partial(<built-in method cursor of sqlite3.Connection object at 0x00000237BEFB16C0>)
2026-03-03 14:02:53,841 - aiosqlite - DEBUG - operation functools.partial(<built-in method cursor of sqlite3.Connection object at 0x00000237BEFB16C0>) completed
2026-03-03 14:02:53,841 - aiosqlite - DEBUG - executing functools.partial(<built-in method execute of sqlite3.Cursor object at 0x00000237BEFA2840>, 'PRAGMA main.table_info("products")', ())
2026-03-03 14:02:53,841 - aiosqlite - DEBUG - operation functools.partial(<built-in method execute of sqlite3.Cursor object at 0x00000237BEFA2840>, 'PRAGMA main.table_info("products")', ()) completed
2026-03-03 14:02:53,841 - aiosqlite - DEBUG - executing functools.partial(<built-in method fetchall of sqlite3.Cursor object at 0x00000237BEFA2840>)
2026-03-03 14:02:53,841 - aiosqlite - DEBUG - operation functools.partial(<built-in method fetchall of sqlite3.Cursor object at 0x00000237BEFA2840>) completed
2026-03-03 14:02:53,841 - aiosqlite - DEBUG - executing functools.partial(<built-in method close of sqlite3.Cursor object at 0x00000237BEFA2840>)
2026-03-03 14:02:53,841 - aiosqlite - DEBUG - operation functools.partial(<built-in method close of sqlite3.Cursor object at 0x00000237BEFA2840>) completed
2026-03-03 14:02:53,841 - core.database - INFO - Tables initialized successfully
2026-03-03 14:02:53,841 - core.database - DEBUG - [DB_OP] Create tables completed in 0.0401s
2026-03-03 14:02:53,841 - aiosqlite - DEBUG - executing functools.partial(<built-in method commit of sqlite3.Connection object at 0x00000237BEFB16C0>)
2026-03-03 14:02:53,841 - aiosqlite - DEBUG - operation functools.partial(<built-in method commit of sqlite3.Connection object at 0x00000237BEFB16C0>) completed
2026-03-03 14:02:53,841 - aiosqlite - DEBUG - executing functools.partial(<built-in method rollback of sqlite3.Connection object at 0x00000237BEFB16C0>)
2026-03-03 14:02:53,841 - aiosqlite - DEBUG - operation functools.partial(<built-in method rollback of sqlite3.Connection object at 0x00000237BEFB16C0>) completed
2026-03-03 14:02:53,841 - aiosqlite - DEBUG - executing functools.partial(<built-in method close of sqlite3.Connection object at 0x00000237BEFB16C0>)
2026-03-03 14:02:53,841 - aiosqlite - DEBUG - operation functools.partial(<built-in method close of sqlite3.Connection object at 0x00000237BEFB16C0>) completed
2026-03-03 14:02:53,841 - services.database - INFO - 🔧 Table creation completed
2026-03-03 14:02:53,841 - services.database - INFO - Database initialized successfully
2026-03-03 14:02:53,841 - services.database - DEBUG - [DB_OP] Database initialization completed in 0.1400s
2026-03-03 14:02:53,851 - services.mock_data - INFO - Processing mock data file products.json for table products
2026-03-03 14:02:53,851 - aiosqlite - DEBUG - executing <function connect.<locals>.connector at 0x00000237BEFD94E0>
2026-03-03 14:02:53,851 - aiosqlite - DEBUG - operation <function connect.<locals>.connector at 0x00000237BEFD94E0> completed
2026-03-03 14:02:53,855 - aiosqlite - DEBUG - executing functools.partial(<built-in method create_function of sqlite3.Connection object at 0x00000237BEFB17B0>, 'regexp', 2, <function SQLiteDialect_pysqlite.on_connect.<locals>.regexp at 0x00000237BEFD8220>, deterministic=True)
2026-03-03 14:02:53,855 - aiosqlite - DEBUG - operation functools.partial(<built-in method create_function of sqlite3.Connection object at 0x00000237BEFB17B0>, 'regexp', 2, <function SQLiteDialect_pysqlite.on_connect.<locals>.regexp at 0x00000237BEFD8220>, deterministic=True) completed
2026-03-03 14:02:53,856 - aiosqlite - DEBUG - executing functools.partial(<built-in method create_function of sqlite3.Connection object at 0x00000237BEFB17B0>, 'floor', 1, <built-in function floor>, deterministic=True)
2026-03-03 14:02:53,856 - aiosqlite - DEBUG - operation functools.partial(<built-in method create_function of sqlite3.Connection object at 0x00000237BEFB17B0>, 'floor', 1, <built-in function floor>, deterministic=True) completed
2026-03-03 14:02:53,858 - aiosqlite - DEBUG - executing functools.partial(<built-in method cursor of sqlite3.Connection object at 0x00000237BEFB17B0>)
2026-03-03 14:02:53,858 - aiosqlite - DEBUG - operation functools.partial(<built-in method cursor of sqlite3.Connection object at 0x00000237BEFB17B0>) completed
2026-03-03 14:02:53,858 - aiosqlite - DEBUG - executing functools.partial(<built-in method execute of sqlite3.Cursor object at 0x00000237BEFA2C40>, 'PRAGMA main.table_xinfo("products")', ())
2026-03-03 14:02:53,858 - aiosqlite - DEBUG - operation functools.partial(<built-in method execute of sqlite3.Cursor object at 0x00000237BEFA2C40>, 'PRAGMA main.table_xinfo("products")', ()) completed
2026-03-03 14:02:53,861 - aiosqlite - DEBUG - executing functools.partial(<built-in method fetchall of sqlite3.Cursor object at 0x00000237BEFA2C40>)
2026-03-03 14:02:53,861 - aiosqlite - DEBUG - operation functools.partial(<built-in method fetchall of sqlite3.Cursor object at 0x00000237BEFA2C40>) completed
2026-03-03 14:02:53,861 - aiosqlite - DEBUG - executing functools.partial(<built-in method close of sqlite3.Cursor object at 0x00000237BEFA2C40>)
2026-03-03 14:02:53,861 - aiosqlite - DEBUG - operation functools.partial(<built-in method close of sqlite3.Cursor object at 0x00000237BEFA2C40>) completed
2026-03-03 14:02:53,861 - aiosqlite - DEBUG - executing functools.partial(<built-in method cursor of sqlite3.Connection object at 0x00000237BEFB17B0>)
2026-03-03 14:02:53,861 - aiosqlite - DEBUG - operation functools.partial(<built-in method cursor of sqlite3.Connection object at 0x00000237BEFB17B0>) completed
2026-03-03 14:02:53,861 - aiosqlite - DEBUG - executing functools.partial(<built-in method execute of sqlite3.Cursor object at 0x00000237BEFA2C40>, "SELECT sql FROM  (SELECT * FROM sqlite_master UNION ALL   SELECT * FROM sqlite_temp_master) WHERE name = ? AND type in ('table', 'view')", ('products',))
2026-03-03 14:02:53,861 - aiosqlite - DEBUG - operation functools.partial(<built-in method execute of sqlite3.Cursor object at 0x00000237BEFA2C40>, "SELECT sql FROM  (SELECT * FROM sqlite_master UNION ALL   SELECT * FROM sqlite_temp_master) WHERE name = ? AND type in ('table', 'view')", ('products',)) completed
2026-03-03 14:02:53,861 - aiosqlite - DEBUG - executing functools.partial(<built-in method fetchall of sqlite3.Cursor object at 0x00000237BEFA2C40>)
2026-03-03 14:02:53,861 - aiosqlite - DEBUG - operation functools.partial(<built-in method fetchall of sqlite3.Cursor object at 0x00000237BEFA2C40>) completed
2026-03-03 14:02:53,861 - aiosqlite - DEBUG - executing functools.partial(<built-in method close of sqlite3.Cursor object at 0x00000237BEFA2C40>)
2026-03-03 14:02:53,861 - aiosqlite - DEBUG - operation functools.partial(<built-in method close of sqlite3.Cursor object at 0x00000237BEFA2C40>) completed
2026-03-03 14:02:53,861 - aiosqlite - DEBUG - executing functools.partial(<built-in method cursor of sqlite3.Connection object at 0x00000237BEFB17B0>)
2026-03-03 14:02:53,861 - aiosqlite - DEBUG - operation functools.partial(<built-in method cursor of sqlite3.Connection object at 0x00000237BEFB17B0>) completed
2026-03-03 14:02:53,861 - aiosqlite - DEBUG - executing functools.partial(<built-in method execute of sqlite3.Cursor object at 0x00000237BEFA2C40>, 'PRAGMA main.foreign_key_list("products")', ())
2026-03-03 14:02:53,861 - aiosqlite - DEBUG - operation functools.partial(<built-in method execute of sqlite3.Cursor object at 0x00000237BEFA2C40>, 'PRAGMA main.foreign_key_list("products")', ()) completed
2026-03-03 14:02:53,870 - aiosqlite - DEBUG - executing functools.partial(<built-in method fetchall of sqlite3.Cursor object at 0x00000237BEFA2C40>)
2026-03-03 14:02:53,870 - aiosqlite - DEBUG - operation functools.partial(<built-in method fetchall of sqlite3.Cursor object at 0x00000237BEFA2C40>) completed
2026-03-03 14:02:53,870 - aiosqlite - DEBUG - executing functools.partial(<built-in method close of sqlite3.Cursor object at 0x00000237BEFA2C40>)
2026-03-03 14:02:53,870 - aiosqlite - DEBUG - operation functools.partial(<built-in method close of sqlite3.Cursor object at 0x00000237BEFA2C40>) completed
2026-03-03 14:02:53,870 - aiosqlite - DEBUG - executing functools.partial(<built-in method cursor of sqlite3.Connection object at 0x00000237BEFB17B0>)
2026-03-03 14:02:53,870 - aiosqlite - DEBUG - operation functools.partial(<built-in method cursor of sqlite3.Connection object at 0x00000237BEFB17B0>) completed
2026-03-03 14:02:53,870 - aiosqlite - DEBUG - executing functools.partial(<built-in method execute of sqlite3.Cursor object at 0x00000237BEFA2C40>, 'PRAGMA temp.foreign_key_list("products")', ())
2026-03-03 14:02:53,870 - aiosqlite - DEBUG - operation functools.partial(<built-in method execute of sqlite3.Cursor object at 0x00000237BEFA2C40>, 'PRAGMA temp.foreign_key_list("products")', ()) completed
2026-03-03 14:02:53,870 - aiosqlite - DEBUG - executing functools.partial(<built-in method fetchall of sqlite3.Cursor object at 0x00000237BEFA2C40>)
2026-03-03 14:02:53,870 - aiosqlite - DEBUG - operation functools.partial(<built-in method fetchall of sqlite3.Cursor object at 0x00000237BEFA2C40>) completed
2026-03-03 14:02:53,870 - aiosqlite - DEBUG - executing functools.partial(<built-in method close of sqlite3.Cursor object at 0x00000237BEFA2C40>)
2026-03-03 14:02:53,870 - aiosqlite - DEBUG - operation functools.partial(<built-in method close of sqlite3.Cursor object at 0x00000237BEFA2C40>) completed
2026-03-03 14:02:53,870 - aiosqlite - DEBUG - executing functools.partial(<built-in method cursor of sqlite3.Connection object at 0x00000237BEFB17B0>)
2026-03-03 14:02:53,870 - aiosqlite - DEBUG - operation functools.partial(<built-in method cursor of sqlite3.Connection object at 0x00000237BEFB17B0>) completed
2026-03-03 14:02:53,870 - aiosqlite - DEBUG - executing functools.partial(<built-in method execute of sqlite3.Cursor object at 0x00000237BEFA2C40>, "SELECT sql FROM  (SELECT * FROM sqlite_master UNION ALL   SELECT * FROM sqlite_temp_master) WHERE name = ? AND type in ('table', 'view')", ('products',))
2026-03-03 14:02:53,870 - aiosqlite - DEBUG - operation functools.partial(<built-in method execute of sqlite3.Cursor object at 0x00000237BEFA2C40>, "SELECT sql FROM  (SELECT * FROM sqlite_master UNION ALL   SELECT * FROM sqlite_temp_master) WHERE name = ? AND type in ('table', 'view')", ('products',)) completed
2026-03-03 14:02:53,870 - aiosqlite - DEBUG - executing functools.partial(<built-in method fetchall of sqlite3.Cursor object at 0x00000237BEFA2C40>)
2026-03-03 14:02:53,870 - aiosqlite - DEBUG - operation functools.partial(<built-in method fetchall of sqlite3.Cursor object at 0x00000237BEFA2C40>) completed
2026-03-03 14:02:53,878 - aiosqlite - DEBUG - executing functools.partial(<built-in method close of sqlite3.Cursor object at 0x00000237BEFA2C40>)
2026-03-03 14:02:53,878 - aiosqlite - DEBUG - operation functools.partial(<built-in method close of sqlite3.Cursor object at 0x00000237BEFA2C40>) completed
2026-03-03 14:02:53,878 - aiosqlite - DEBUG - executing functools.partial(<built-in method cursor of sqlite3.Connection object at 0x00000237BEFB17B0>)
2026-03-03 14:02:53,878 - aiosqlite - DEBUG - operation functools.partial(<built-in method cursor of sqlite3.Connection object at 0x00000237BEFB17B0>) completed
2026-03-03 14:02:53,878 - aiosqlite - DEBUG - executing functools.partial(<built-in method execute of sqlite3.Cursor object at 0x00000237BEFA2C40>, 'PRAGMA main.index_list("products")', ())
2026-03-03 14:02:53,878 - aiosqlite - DEBUG - operation functools.partial(<built-in method execute of sqlite3.Cursor object at 0x00000237BEFA2C40>, 'PRAGMA main.index_list("products")', ()) completed
2026-03-03 14:02:53,878 - aiosqlite - DEBUG - executing functools.partial(<built-in method fetchall of sqlite3.Cursor object at 0x00000237BEFA2C40>)
2026-03-03 14:02:53,878 - aiosqlite - DEBUG - operation functools.partial(<built-in method fetchall of sqlite3.Cursor object at 0x00000237BEFA2C40>) completed
2026-03-03 14:02:53,878 - aiosqlite - DEBUG - executing functools.partial(<built-in method close of sqlite3.Cursor object at 0x00000237BEFA2C40>)
2026-03-03 14:02:53,878 - aiosqlite - DEBUG - operation functools.partial(<built-in method close of sqlite3.Cursor object at 0x00000237BEFA2C40>) completed
2026-03-03 14:02:53,878 - aiosqlite - DEBUG - executing functools.partial(<built-in method cursor of sqlite3.Connection object at 0x00000237BEFB17B0>)
2026-03-03 14:02:53,878 - aiosqlite - DEBUG - operation functools.partial(<built-in method cursor of sqlite3.Connection object at 0x00000237BEFB17B0>) completed
2026-03-03 14:02:53,878 - aiosqlite - DEBUG - executing functools.partial(<built-in method execute of sqlite3.Cursor object at 0x00000237BEFA2C40>, 'PRAGMA main.index_info("ix_products_id")', ())
2026-03-03 14:02:53,878 - aiosqlite - DEBUG - operation functools.partial(<built-in method execute of sqlite3.Cursor object at 0x00000237BEFA2C40>, 'PRAGMA main.index_info("ix_products_id")', ()) completed
2026-03-03 14:02:53,878 - aiosqlite - DEBUG - executing functools.partial(<built-in method fetchall of sqlite3.Cursor object at 0x00000237BEFA2C40>)
2026-03-03 14:02:53,886 - aiosqlite - DEBUG - operation functools.partial(<built-in method fetchall of sqlite3.Cursor object at 0x00000237BEFA2C40>) completed
2026-03-03 14:02:53,886 - aiosqlite - DEBUG - executing functools.partial(<built-in method close of sqlite3.Cursor object at 0x00000237BEFA2C40>)
2026-03-03 14:02:53,886 - aiosqlite - DEBUG - operation functools.partial(<built-in method close of sqlite3.Cursor object at 0x00000237BEFA2C40>) completed
2026-03-03 14:02:53,886 - aiosqlite - DEBUG - executing functools.partial(<built-in method cursor of sqlite3.Connection object at 0x00000237BEFB17B0>)
2026-03-03 14:02:53,886 - aiosqlite - DEBUG - operation functools.partial(<built-in method cursor of sqlite3.Connection object at 0x00000237BEFB17B0>) completed
2026-03-03 14:02:53,886 - aiosqlite - DEBUG - executing functools.partial(<built-in method execute of sqlite3.Cursor object at 0x00000237BEFA2C40>, 'PRAGMA main.index_list("products")', ())
2026-03-03 14:02:53,886 - aiosqlite - DEBUG - operation functools.partial(<built-in method execute of sqlite3.Cursor object at 0x00000237BEFA2C40>, 'PRAGMA main.index_list("products")', ()) completed
2026-03-03 14:02:53,886 - aiosqlite - DEBUG - executing functools.partial(<built-in method fetchall of sqlite3.Cursor object at 0x00000237BEFA2C40>)
2026-03-03 14:02:53,886 - aiosqlite - DEBUG - operation functools.partial(<built-in method fetchall of sqlite3.Cursor object at 0x00000237BEFA2C40>) completed
2026-03-03 14:02:53,886 - aiosqlite - DEBUG - executing functools.partial(<built-in method close of sqlite3.Cursor object at 0x00000237BEFA2C40>)
2026-03-03 14:02:53,886 - aiosqlite - DEBUG - operation functools.partial(<built-in method close of sqlite3.Cursor object at 0x00000237BEFA2C40>) completed
2026-03-03 14:02:53,886 - aiosqlite - DEBUG - executing functools.partial(<built-in method cursor of sqlite3.Connection object at 0x00000237BEFB17B0>)
2026-03-03 14:02:53,886 - aiosqlite - DEBUG - operation functools.partial(<built-in method cursor of sqlite3.Connection object at 0x00000237BEFB17B0>) completed
2026-03-03 14:02:53,886 - aiosqlite - DEBUG - executing functools.partial(<built-in method execute of sqlite3.Cursor object at 0x00000237BEFA2C40>, 'PRAGMA main.index_info("ix_products_id")', ())
2026-03-03 14:02:53,886 - aiosqlite - DEBUG - operation functools.partial(<built-in method execute of sqlite3.Cursor object at 0x00000237BEFA2C40>, 'PRAGMA main.index_info("ix_products_id")', ()) completed
2026-03-03 14:02:53,886 - aiosqlite - DEBUG - executing functools.partial(<built-in method fetchall of sqlite3.Cursor object at 0x00000237BEFA2C40>)
2026-03-03 14:02:53,886 - aiosqlite - DEBUG - operation functools.partial(<built-in method fetchall of sqlite3.Cursor object at 0x00000237BEFA2C40>) completed
2026-03-03 14:02:53,886 - aiosqlite - DEBUG - executing functools.partial(<built-in method close of sqlite3.Cursor object at 0x00000237BEFA2C40>)
2026-03-03 14:02:53,886 - aiosqlite - DEBUG - operation functools.partial(<built-in method close of sqlite3.Cursor object at 0x00000237BEFA2C40>) completed
2026-03-03 14:02:53,886 - aiosqlite - DEBUG - executing functools.partial(<built-in method cursor of sqlite3.Connection object at 0x00000237BEFB17B0>)
2026-03-03 14:02:53,886 - aiosqlite - DEBUG - operation functools.partial(<built-in method cursor of sqlite3.Connection object at 0x00000237BEFB17B0>) completed
2026-03-03 14:02:53,886 - aiosqlite - DEBUG - executing functools.partial(<built-in method execute of sqlite3.Cursor object at 0x00000237BEFA2C40>, "SELECT sql FROM  (SELECT * FROM sqlite_master UNION ALL   SELECT * FROM sqlite_temp_master) WHERE name = ? AND type in ('table', 'view')", ('products',))
2026-03-03 14:02:53,894 - aiosqlite - DEBUG - operation functools.partial(<built-in method execute of sqlite3.Cursor object at 0x00000237BEFA2C40>, "SELECT sql FROM  (SELECT * FROM sqlite_master UNION ALL   SELECT * FROM sqlite_temp_master) WHERE name = ? AND type in ('table', 'view')", ('products',)) completed
2026-03-03 14:02:53,894 - aiosqlite - DEBUG - executing functools.partial(<built-in method fetchall of sqlite3.Cursor object at 0x00000237BEFA2C40>)
2026-03-03 14:02:53,894 - aiosqlite - DEBUG - operation functools.partial(<built-in method fetchall of sqlite3.Cursor object at 0x00000237BEFA2C40>) completed
2026-03-03 14:02:53,894 - aiosqlite - DEBUG - executing functools.partial(<built-in method close of sqlite3.Cursor object at 0x00000237BEFA2C40>)
2026-03-03 14:02:53,894 - aiosqlite - DEBUG - operation functools.partial(<built-in method close of sqlite3.Cursor object at 0x00000237BEFA2C40>) completed
2026-03-03 14:02:53,894 - aiosqlite - DEBUG - executing functools.partial(<built-in method cursor of sqlite3.Connection object at 0x00000237BEFB17B0>)
2026-03-03 14:02:53,894 - aiosqlite - DEBUG - operation functools.partial(<built-in method cursor of sqlite3.Connection object at 0x00000237BEFB17B0>) completed
2026-03-03 14:02:53,894 - aiosqlite - DEBUG - executing functools.partial(<built-in method execute of sqlite3.Cursor object at 0x00000237BEF57040>, 'SELECT count(*) AS count_1 \nFROM products', ())
2026-03-03 14:02:53,894 - aiosqlite - DEBUG - operation functools.partial(<built-in method execute of sqlite3.Cursor object at 0x00000237BEF57040>, 'SELECT count(*) AS count_1 \nFROM products', ()) completed
2026-03-03 14:02:53,894 - aiosqlite - DEBUG - executing functools.partial(<built-in method fetchall of sqlite3.Cursor object at 0x00000237BEF57040>)
2026-03-03 14:02:53,894 - aiosqlite - DEBUG - operation functools.partial(<built-in method fetchall of sqlite3.Cursor object at 0x00000237BEF57040>) completed
2026-03-03 14:02:53,894 - aiosqlite - DEBUG - executing functools.partial(<built-in method close of sqlite3.Cursor object at 0x00000237BEF57040>)
2026-03-03 14:02:53,894 - aiosqlite - DEBUG - operation functools.partial(<built-in method close of sqlite3.Cursor object at 0x00000237BEF57040>) completed
2026-03-03 14:02:53,894 - services.mock_data - INFO - Table products already has 14 rows; skipping mock insert
2026-03-03 14:02:53,894 - aiosqlite - DEBUG - executing functools.partial(<built-in method commit of sqlite3.Connection object at 0x00000237BEFB17B0>)
2026-03-03 14:02:53,894 - aiosqlite - DEBUG - operation functools.partial(<built-in method commit of sqlite3.Connection object at 0x00000237BEFB17B0>) completed
2026-03-03 14:02:53,894 - aiosqlite - DEBUG - executing functools.partial(<built-in method rollback of sqlite3.Connection object at 0x00000237BEFB17B0>)
2026-03-03 14:02:53,894 - aiosqlite - DEBUG - operation functools.partial(<built-in method rollback of sqlite3.Connection object at 0x00000237BEFB17B0>) completed
2026-03-03 14:02:53,905 - aiosqlite - DEBUG - executing functools.partial(<built-in method close of sqlite3.Connection object at 0x00000237BEFB17B0>)
2026-03-03 14:02:53,905 - aiosqlite - DEBUG - operation functools.partial(<built-in method close of sqlite3.Connection object at 0x00000237BEFB17B0>) completed
2026-03-03 14:02:53,905 - services.database - DEBUG - [DB_OP] Starting database initialization
2026-03-03 14:02:53,905 - services.database - INFO - 🔧 Starting database initialization...
2026-03-03 14:02:53,905 - core.database - INFO - Starting database initialization...
2026-03-03 14:02:53,905 - core.database - INFO - Database already initialized
2026-03-03 14:02:53,905 - services.database - INFO - 🔧 Database connection initialized, now creating tables if tables not exist...
2026-03-03 14:02:53,905 - core.database - DEBUG - [DB_OP] Starting create_tables
2026-03-03 14:02:53,905 - core.database - INFO - Tables already initialized
2026-03-03 14:02:53,905 - services.database - INFO - 🔧 Table creation completed
2026-03-03 14:02:53,905 - services.database - INFO - Database initialized successfully
2026-03-03 14:02:53,905 - services.database - DEBUG - [DB_OP] Database initialization completed in 0.0000s
2026-03-03 14:02:53,905 - services.auth - WARNING - Admin user ID or email not configured, skipping admin initialization
2026-03-03 14:02:53,905 - main - INFO - === Application startup completed successfully ===
2026-03-03 14:03:08,681 - core.database - DEBUG - [DB_OP] Starting get_db session creation
2026-03-03 14:03:08,681 - core.database - DEBUG - [DB_OP] Database session created successfully in 0.0000s
2026-03-03 14:03:08,690 - routers.products - DEBUG - Querying productss: query=None, sort=None, skip=0, limit=1000, fields=None
2026-03-03 14:03:08,690 - aiosqlite - DEBUG - executing <function connect.<locals>.connector at 0x00000237BEFF4540>
2026-03-03 14:03:08,690 - aiosqlite - DEBUG - operation <function connect.<locals>.connector at 0x00000237BEFF4540> completed
2026-03-03 14:03:08,690 - aiosqlite - DEBUG - executing functools.partial(<built-in method create_function of sqlite3.Connection object at 0x00000237BEFDF2E0>, 'regexp', 2, <function SQLiteDialect_pysqlite.on_connect.<locals>.regexp at 0x00000237BEFD8220>, deterministic=True)
2026-03-03 14:03:08,690 - aiosqlite - DEBUG - operation functools.partial(<built-in method create_function of sqlite3.Connection object at 0x00000237BEFDF2E0>, 'regexp', 2, <function SQLiteDialect_pysqlite.on_connect.<locals>.regexp at 0x00000237BEFD8220>, deterministic=True) completed
2026-03-03 14:03:08,690 - aiosqlite - DEBUG - executing functools.partial(<built-in method create_function of sqlite3.Connection object at 0x00000237BEFDF2E0>, 'floor', 1, <built-in function floor>, deterministic=True)
2026-03-03 14:03:08,690 - aiosqlite - DEBUG - operation functools.partial(<built-in method create_function of sqlite3.Connection object at 0x00000237BEFDF2E0>, 'floor', 1, <built-in function floor>, deterministic=True) completed
2026-03-03 14:03:08,699 - aiosqlite - DEBUG - executing functools.partial(<built-in method cursor of sqlite3.Connection object at 0x00000237BEFDF2E0>)
2026-03-03 14:03:08,701 - aiosqlite - DEBUG - operation functools.partial(<built-in method cursor of sqlite3.Connection object at 0x00000237BEFDF2E0>) completed
2026-03-03 14:03:08,701 - aiosqlite - DEBUG - executing functools.partial(<built-in method execute of sqlite3.Cursor object at 0x00000237BEFFAB40>, 'SELECT count(products.id) AS count_1 \nFROM products', ())
2026-03-03 14:03:08,701 - aiosqlite - DEBUG - operation functools.partial(<built-in method execute of sqlite3.Cursor object at 0x00000237BEFFAB40>, 'SELECT count(products.id) AS count_1 \nFROM products', ()) completed
2026-03-03 14:03:08,701 - aiosqlite - DEBUG - executing functools.partial(<built-in method fetchall of sqlite3.Cursor object at 0x00000237BEFFAB40>)
2026-03-03 14:03:08,701 - aiosqlite - DEBUG - operation functools.partial(<built-in method fetchall of sqlite3.Cursor object at 0x00000237BEFFAB40>) completed
2026-03-03 14:03:08,701 - aiosqlite - DEBUG - executing functools.partial(<built-in method close of sqlite3.Cursor object at 0x00000237BEFFAB40>)
2026-03-03 14:03:08,701 - aiosqlite - DEBUG - operation functools.partial(<built-in method close of sqlite3.Cursor object at 0x00000237BEFFAB40>) completed
2026-03-03 14:03:08,701 - aiosqlite - DEBUG - executing functools.partial(<built-in method cursor of sqlite3.Connection object at 0x00000237BEFDF2E0>)
2026-03-03 14:03:08,701 - aiosqlite - DEBUG - operation functools.partial(<built-in method cursor of sqlite3.Connection object at 0x00000237BEFDF2E0>) completed
2026-03-03 14:03:08,701 - aiosqlite - DEBUG - executing functools.partial(<built-in method execute of sqlite3.Cursor object at 0x00000237BEFA2340>, 'SELECT products.id, products.name, products.description, products.price, products.image, products.category, products.size, products.color, products.stock, products.created_at \nFROM products ORDER BY products.id DESC\n LIMIT ? OFFSET ?', (1000, 0))
2026-03-03 14:03:08,701 - aiosqlite - DEBUG - operation functools.partial(<built-in method execute of sqlite3.Cursor object at 0x00000237BEFA2340>, 'SELECT products.id, products.name, products.description, products.price, products.image, products.category, products.size, products.color, products.stock, products.created_at \nFROM products ORDER BY products.id DESC\n LIMIT ? OFFSET ?', (1000, 0)) completed
2026-03-03 14:03:08,710 - aiosqlite - DEBUG - executing functools.partial(<built-in method fetchall of sqlite3.Cursor object at 0x00000237BEFA2340>)
2026-03-03 14:03:08,710 - aiosqlite - DEBUG - operation functools.partial(<built-in method fetchall of sqlite3.Cursor object at 0x00000237BEFA2340>) completed
2026-03-03 14:03:08,710 - aiosqlite - DEBUG - executing functools.partial(<built-in method close of sqlite3.Cursor object at 0x00000237BEFA2340>)
2026-03-03 14:03:08,710 - aiosqlite - DEBUG - operation functools.partial(<built-in method close of sqlite3.Cursor object at 0x00000237BEFA2340>) completed
2026-03-03 14:03:08,716 - routers.products - DEBUG - Found 14 productss
2026-03-03 14:03:08,716 - core.database - DEBUG - [DB_OP] Database session cleanup after 0.0351s
2026-03-03 14:03:08,716 - aiosqlite - DEBUG - executing functools.partial(<built-in method rollback of sqlite3.Connection object at 0x00000237BEFDF2E0>)
2026-03-03 14:03:08,716 - aiosqlite - DEBUG - operation functools.partial(<built-in method rollback of sqlite3.Connection object at 0x00000237BEFDF2E0>) completed
2026-03-03 14:03:08,716 - aiosqlite - DEBUG - executing functools.partial(<built-in method rollback of sqlite3.Connection object at 0x00000237BEFDF2E0>)
2026-03-03 14:03:08,720 - aiosqlite - DEBUG - operation functools.partial(<built-in method rollback of sqlite3.Connection object at 0x00000237BEFDF2E0>) completed
2026-03-03 14:03:08,720 - aiosqlite - DEBUG - executing functools.partial(<built-in method close of sqlite3.Connection object at 0x00000237BEFDF2E0>)
2026-03-03 14:03:08,720 - aiosqlite - DEBUG - operation functools.partial(<built-in method close of sqlite3.Connection object at 0x00000237BEFDF2E0>) completed
2026-03-03 14:03:17,498 - core.database - DEBUG - [DB_OP] Starting get_db session creation
2026-03-03 14:03:17,498 - core.database - DEBUG - [DB_OP] Database session created successfully in 0.0000s
2026-03-03 14:03:17,498 - routers.products - DEBUG - Querying productss: query=None, sort=None, skip=0, limit=100, fields=None
2026-03-03 14:03:17,506 - aiosqlite - DEBUG - executing <function connect.<locals>.connector at 0x00000237BEFD8EA0>
2026-03-03 14:03:17,506 - aiosqlite - DEBUG - operation <function connect.<locals>.connector at 0x00000237BEFD8EA0> completed
2026-03-03 14:03:17,506 - aiosqlite - DEBUG - executing functools.partial(<built-in method create_function of sqlite3.Connection object at 0x00000237BF0344F0>, 'regexp', 2, <function SQLiteDialect_pysqlite.on_connect.<locals>.regexp at 0x00000237BEFD8220>, deterministic=True)
2026-03-03 14:03:17,506 - aiosqlite - DEBUG - operation functools.partial(<built-in method create_function of sqlite3.Connection object at 0x00000237BF0344F0>, 'regexp', 2, <function SQLiteDialect_pysqlite.on_connect.<locals>.regexp at 0x00000237BEFD8220>, deterministic=True) completed
2026-03-03 14:03:17,506 - aiosqlite - DEBUG - executing functools.partial(<built-in method create_function of sqlite3.Connection object at 0x00000237BF0344F0>, 'floor', 1, <built-in function floor>, deterministic=True)
2026-03-03 14:03:17,506 - aiosqlite - DEBUG - operation functools.partial(<built-in method create_function of sqlite3.Connection object at 0x00000237BF0344F0>, 'floor', 1, <built-in function floor>, deterministic=True) completed
2026-03-03 14:03:17,506 - aiosqlite - DEBUG - executing functools.partial(<built-in method cursor of sqlite3.Connection object at 0x00000237BF0344F0>)
2026-03-03 14:03:17,506 - aiosqlite - DEBUG - operation functools.partial(<built-in method cursor of sqlite3.Connection object at 0x00000237BF0344F0>) completed
2026-03-03 14:03:17,506 - aiosqlite - DEBUG - executing functools.partial(<built-in method execute of sqlite3.Cursor object at 0x00000237BEFFADC0>, 'SELECT count(products.id) AS count_1 \nFROM products', ())
2026-03-03 14:03:17,506 - aiosqlite - DEBUG - operation functools.partial(<built-in method execute of sqlite3.Cursor object at 0x00000237BEFFADC0>, 'SELECT count(products.id) AS count_1 \nFROM products', ()) completed
2026-03-03 14:03:17,514 - aiosqlite - DEBUG - executing functools.partial(<built-in method fetchall of sqlite3.Cursor object at 0x00000237BEFFADC0>)
2026-03-03 14:03:17,514 - aiosqlite - DEBUG - operation functools.partial(<built-in method fetchall of sqlite3.Cursor object at 0x00000237BEFFADC0>) completed
2026-03-03 14:03:17,514 - aiosqlite - DEBUG - executing functools.partial(<built-in method close of sqlite3.Cursor object at 0x00000237BEFFADC0>)
2026-03-03 14:03:17,514 - aiosqlite - DEBUG - operation functools.partial(<built-in method close of sqlite3.Cursor object at 0x00000237BEFFADC0>) completed
2026-03-03 14:03:17,514 - aiosqlite - DEBUG - executing functools.partial(<built-in method cursor of sqlite3.Connection object at 0x00000237BF0344F0>)
2026-03-03 14:03:17,514 - aiosqlite - DEBUG - operation functools.partial(<built-in method cursor of sqlite3.Connection object at 0x00000237BF0344F0>) completed
2026-03-03 14:03:17,514 - aiosqlite - DEBUG - executing functools.partial(<built-in method execute of sqlite3.Cursor object at 0x00000237BEFFADC0>, 'SELECT products.id, products.name, products.description, products.price, products.image, products.category, products.size, products.color, products.stock, products.created_at \nFROM products ORDER BY products.id DESC\n LIMIT ? OFFSET ?', (100, 0))
2026-03-03 14:03:17,514 - aiosqlite - DEBUG - operation functools.partial(<built-in method execute of sqlite3.Cursor object at 0x00000237BEFFADC0>, 'SELECT products.id, products.name, products.description, products.price, products.image, products.category, products.size, products.color, products.stock, products.created_at \nFROM products ORDER BY products.id DESC\n LIMIT ? OFFSET ?', (100, 0)) completed
2026-03-03 14:03:17,514 - aiosqlite - DEBUG - executing functools.partial(<built-in method fetchall of sqlite3.Cursor object at 0x00000237BEFFADC0>)
2026-03-03 14:03:17,522 - aiosqlite - DEBUG - operation functools.partial(<built-in method fetchall of sqlite3.Cursor object at 0x00000237BEFFADC0>) completed
2026-03-03 14:03:17,522 - aiosqlite - DEBUG - executing functools.partial(<built-in method close of sqlite3.Cursor object at 0x00000237BEFFADC0>)
2026-03-03 14:03:17,522 - aiosqlite - DEBUG - operation functools.partial(<built-in method close of sqlite3.Cursor object at 0x00000237BEFFADC0>) completed
2026-03-03 14:03:17,522 - routers.products - DEBUG - Found 14 productss
2026-03-03 14:03:17,522 - core.database - DEBUG - [DB_OP] Database session cleanup after 0.0240s
2026-03-03 14:03:17,522 - aiosqlite - DEBUG - executing functools.partial(<built-in method rollback of sqlite3.Connection object at 0x00000237BF0344F0>)
2026-03-03 14:03:17,528 - aiosqlite - DEBUG - operation functools.partial(<built-in method rollback of sqlite3.Connection object at 0x00000237BF0344F0>) completed
2026-03-03 14:03:17,528 - aiosqlite - DEBUG - executing functools.partial(<built-in method rollback of sqlite3.Connection object at 0x00000237BF0344F0>)
2026-03-03 14:03:17,531 - aiosqlite - DEBUG - operation functools.partial(<built-in method rollback of sqlite3.Connection object at 0x00000237BF0344F0>) completed
2026-03-03 14:03:17,531 - aiosqlite - DEBUG - executing functools.partial(<built-in method close of sqlite3.Connection object at 0x00000237BF0344F0>)
2026-03-03 14:03:17,531 - aiosqlite - DEBUG - operation functools.partial(<built-in method close of sqlite3.Connection object at 0x00000237BF0344F0>) completed
2026-03-03 14:03:40,728 - core.database - DEBUG - [DB_OP] Starting get_db session creation
2026-03-03 14:03:40,728 - core.database - DEBUG - [DB_OP] Database session created successfully in 0.0000s
2026-03-03 14:03:40,730 - routers.products - DEBUG - Creating new products with data: name='Áo khoác gió Nam "Cao Cấp" 2 lớp, chất liệu gió tráng bạc chống tia UV chống nắng ngăn gió' description='Áo khoác gió nam nữ cao cấp 2 lớp, chất liệu gió tráng bạc chống tia UV chống nắng ngăn gió.\n\n\n\nGiới thiệu Áo gió nam nữ shop 2 lớp size châu á, áo khoác gió dù vải tráng bạc chống nước, chắn gió, chống nắng, và chống bụi cực tốt.\n\n\n\nÁo khoác gió nam nữ được thiết kế với tính năng đặc biệt giúp người mặc đi dưới mưa thoải mái. Áo gió là sản phẩm cao cấp được may và kiểm duyệt tại Việt Nam 100%, với chất liệu thân thiện môi trường, cùng thông điệp “ Người Việt dùng hàng Việt “ chắc chắn sẽ làm hài lòng bạn dù bất kì lí do nào.\n\n\n\nChất liệu dày dặn và được lót thêm 1 lớp lót luới bên trong, sản phẩm áo gió này giúp giữ ấm và bền đẹp hơn so với các loại áo vải gió thông thường khác.\n\n\n\nÁo khoác chống gió, nắng, mưa, bụi 100% nhờ công nghệ vải goretex ( chuyên dùng may áo gió ) \n\n\n\nÁo khoác gió 2 lớp, lớp ngoài được tráng nhựa chống gió, nắng, mưa, bụi, lớp trong là lớp lưới thông hơi được may bằng tơ Polyester\n\n\n\nTay áo khoác được thiết kế bo chắc chắn, đường may áo kĩ càng, giúp tăng cao khả năng chống gió.\n\n\n\nÁo có túi 2 bên cùng bo dưới tuy chỉnh tiện lợi\n\n\n\nForm áo khoác gió nam nữ 2 lớp thích hợp cho mọi người, đặc biệt với những người thích du lịch, du học, phượt …\n\n\n\nÁo khoác có 2 màu trẻ trung: Đen - Xanh là những tone màu cực dễ phối đồ.\n\n\n\nSize số và màu sắc áo khoác đa dạng nên cả nam và nữ đều có thể mặc được. Có thể mua để làm áo đôi rất đẹp\n\n\n\n🏠Cam kết:\n\n ✅- Bán hàng chuẩn nhất cho khách hàng\n\n ✅- Giao hàng nhanh, nhận hàng thanh toán tại nhà \n\n ✅- Hỗ trợ đổi trả khi hàng lỗi do nhà sản xuất\n\n ✅- Đánh giá của chính khách hàng trên mỗi sản phẩm đã khẳng định chất lượng hàng của shop' price=70000.0 image='https://down-vn.img.susercontent.com/file/vn-11134207-7ras8-m2lr8z4kt1qead.webp' category='men' size='M' color='Màu Xanh Lá' stock=88 created_at=None
2026-03-03 14:03:40,736 - aiosqlite - DEBUG - executing <function connect.<locals>.connector at 0x00000237BF03A0C0>
2026-03-03 14:03:40,736 - aiosqlite - DEBUG - operation <function connect.<locals>.connector at 0x00000237BF03A0C0> completed
2026-03-03 14:03:40,736 - aiosqlite - DEBUG - executing functools.partial(<built-in method create_function of sqlite3.Connection object at 0x00000237BF0344F0>, 'regexp', 2, <function SQLiteDialect_pysqlite.on_connect.<locals>.regexp at 0x00000237BEFD8220>, deterministic=True)
2026-03-03 14:03:40,736 - aiosqlite - DEBUG - operation functools.partial(<built-in method create_function of sqlite3.Connection object at 0x00000237BF0344F0>, 'regexp', 2, <function SQLiteDialect_pysqlite.on_connect.<locals>.regexp at 0x00000237BEFD8220>, deterministic=True) completed
2026-03-03 14:03:40,741 - aiosqlite - DEBUG - executing functools.partial(<built-in method create_function of sqlite3.Connection object at 0x00000237BF0344F0>, 'floor', 1, <built-in function floor>, deterministic=True)
2026-03-03 14:03:40,741 - aiosqlite - DEBUG - operation functools.partial(<built-in method create_function of sqlite3.Connection object at 0x00000237BF0344F0>, 'floor', 1, <built-in function floor>, deterministic=True) completed
2026-03-03 14:03:40,741 - aiosqlite - DEBUG - executing functools.partial(<built-in method cursor of sqlite3.Connection object at 0x00000237BF0344F0>)
2026-03-03 14:03:40,741 - aiosqlite - DEBUG - operation functools.partial(<built-in method cursor of sqlite3.Connection object at 0x00000237BF0344F0>) completed
2026-03-03 14:03:40,741 - aiosqlite - DEBUG - executing functools.partial(<built-in method execute of sqlite3.Cursor object at 0x00000237BEFFB240>, 'INSERT INTO products (name, description, price, image, category, size, color, stock, created_at) VALUES (?, ?, ?, ?, ?, ?, ?, ?, ?)', ('Áo khoác gió Nam "Cao Cấp" 2 lớp, chất liệu gió tráng bạc chống tia UV chống nắng ngăn gió', 'Áo khoác gió nam nữ cao cấp 2 lớp, chất liệu gió tráng bạc chống tia UV chống nắng ngăn gió.\n\n\n\nGiới thiệu Áo gió nam nữ shop 2 lớp size châu á, áo khoác gió dù vải tráng bạc chống nước, chắn gió, chống nắng, và chống bụi cực tốt.\n\n\n\nÁo khoác gió nam nữ được thiết kế với tính năng đặc biệt giúp người mặc đi dưới mưa thoải mái. Áo gió là sản phẩm cao cấp được may và kiểm duyệt tại Việt Nam 100%, với chất liệu thân thiện môi trường, cùng thông điệp “ Người Việt dùng hàng Việt “ chắc chắn sẽ làm hài lòng bạn dù bất kì lí do nào.\n\n\n\nChất liệu dày dặn và được lót thêm 1 lớp lót luới bên trong, sản phẩm áo gió này giúp giữ ấm và bền đẹp hơn so với các loại áo vải gió thông thường khác.\n\n\n\nÁo khoác chống gió, nắng, mưa, bụi 100% nhờ công nghệ vải goretex ( chuyên dùng may áo gió ) \n\n\n\nÁo khoác gió 2 lớp, lớp ngoài được tráng nhựa chống gió, nắng, mưa, bụi, lớp trong là lớp lưới thông hơi được may bằng tơ Polyester\n\n\n\nTay áo khoác được thiết kế bo chắc chắn, đường may áo kĩ càng, giúp tăng cao khả năng chống gió.\n\n\n\nÁo có túi 2 bên cùng bo dưới tuy chỉnh tiện lợi\n\n\n\nForm áo khoác gió nam nữ 2 lớp thích hợp cho mọi người, đặc biệt với những người thích du lịch, du học, phượt …\n\n\n\nÁo khoác có 2 màu trẻ trung: Đen - Xanh là những tone màu cực dễ phối đồ.\n\n\n\nSize số và màu sắc áo khoác đa dạng nên cả nam và nữ đều có thể mặc được. Có thể mua để làm áo đôi rất đẹp\n\n\n\n🏠Cam kết:\n\n ✅- Bán hàng chuẩn nhất cho khách hàng\n\n ✅- Giao hàng nhanh, nhận hàng thanh toán tại nhà \n\n ✅- Hỗ trợ đổi trả khi hàng lỗi do nhà sản xuất\n\n ✅- Đánh giá của chính khách hàng trên mỗi sản phẩm đã khẳng định chất lượng hàng của shop', 70000.0, 'https://down-vn.img.susercontent.com/file/vn-11134207-7ras8-m2lr8z4kt1qead.webp', 'men', 'M', 'Màu Xanh Lá', 88, None))
2026-03-03 14:03:40,741 - aiosqlite - DEBUG - operation functools.partial(<built-in method execute of sqlite3.Cursor object at 0x00000237BEFFB240>, 'INSERT INTO products (name, description, price, image, category, size, color, stock, created_at) VALUES (?, ?, ?, ?, ?, ?, ?, ?, ?)', ('Áo khoác gió Nam "Cao Cấp" 2 lớp, chất liệu gió tráng bạc chống tia UV chống nắng ngăn gió', 'Áo khoác gió nam nữ cao cấp 2 lớp, chất liệu gió tráng bạc chống tia UV chống nắng ngăn gió.\n\n\n\nGiới thiệu Áo gió nam nữ shop 2 lớp size châu á, áo khoác gió dù vải tráng bạc chống nước, chắn gió, chống nắng, và chống bụi cực tốt.\n\n\n\nÁo khoác gió nam nữ được thiết kế với tính năng đặc biệt giúp người mặc đi dưới mưa thoải mái. Áo gió là sản phẩm cao cấp được may và kiểm duyệt tại Việt Nam 100%, với chất liệu thân thiện môi trường, cùng thông điệp “ Người Việt dùng hàng Việt “ chắc chắn sẽ làm hài lòng bạn dù bất kì lí do nào.\n\n\n\nChất liệu dày dặn và được lót thêm 1 lớp lót luới bên trong, sản phẩm áo gió này giúp giữ ấm và bền đẹp hơn so với các loại áo vải gió thông thường khác.\n\n\n\nÁo khoác chống gió, nắng, mưa, bụi 100% nhờ công nghệ vải goretex ( chuyên dùng may áo gió ) \n\n\n\nÁo khoác gió 2 lớp, lớp ngoài được tráng nhựa chống gió, nắng, mưa, bụi, lớp trong là lớp lưới thông hơi được may bằng tơ Polyester\n\n\n\nTay áo khoác được thiết kế bo chắc chắn, đường may áo kĩ càng, giúp tăng cao khả năng chống gió.\n\n\n\nÁo có túi 2 bên cùng bo dưới tuy chỉnh tiện lợi\n\n\n\nForm áo khoác gió nam nữ 2 lớp thích hợp cho mọi người, đặc biệt với những người thích du lịch, du học, phượt …\n\n\n\nÁo khoác có 2 màu trẻ trung: Đen - Xanh là những tone màu cực dễ phối đồ.\n\n\n\nSize số và màu sắc áo khoác đa dạng nên cả nam và nữ đều có thể mặc được. Có thể mua để làm áo đôi rất đẹp\n\n\n\n🏠Cam kết:\n\n ✅- Bán hàng chuẩn nhất cho khách hàng\n\n ✅- Giao hàng nhanh, nhận hàng thanh toán tại nhà \n\n ✅- Hỗ trợ đổi trả khi hàng lỗi do nhà sản xuất\n\n ✅- Đánh giá của chính khách hàng trên mỗi sản phẩm đã khẳng định chất lượng hàng của shop', 70000.0, 'https://down-vn.img.susercontent.com/file/vn-11134207-7ras8-m2lr8z4kt1qead.webp', 'men', 'M', 'Màu Xanh Lá', 88, None)) completed
2026-03-03 14:03:40,749 - aiosqlite - DEBUG - executing functools.partial(<built-in method close of sqlite3.Cursor object at 0x00000237BEFFB240>)
2026-03-03 14:03:40,749 - aiosqlite - DEBUG - operation functools.partial(<built-in method close of sqlite3.Cursor object at 0x00000237BEFFB240>) completed
2026-03-03 14:03:40,751 - aiosqlite - DEBUG - executing functools.partial(<built-in method commit of sqlite3.Connection object at 0x00000237BF0344F0>)
2026-03-03 14:03:40,751 - aiosqlite - DEBUG - operation functools.partial(<built-in method commit of sqlite3.Connection object at 0x00000237BF0344F0>) completed
2026-03-03 14:03:40,751 - aiosqlite - DEBUG - executing functools.partial(<built-in method rollback of sqlite3.Connection object at 0x00000237BF0344F0>)
2026-03-03 14:03:40,751 - aiosqlite - DEBUG - operation functools.partial(<built-in method rollback of sqlite3.Connection object at 0x00000237BF0344F0>) completed
2026-03-03 14:03:40,751 - aiosqlite - DEBUG - executing functools.partial(<built-in method close of sqlite3.Connection object at 0x00000237BF0344F0>)
2026-03-03 14:03:40,751 - aiosqlite - DEBUG - operation functools.partial(<built-in method close of sqlite3.Connection object at 0x00000237BF0344F0>) completed
2026-03-03 14:03:40,751 - aiosqlite - DEBUG - executing <function connect.<locals>.connector at 0x00000237BF03A520>
2026-03-03 14:03:40,760 - aiosqlite - DEBUG - operation <function connect.<locals>.connector at 0x00000237BF03A520> completed
2026-03-03 14:03:40,760 - aiosqlite - DEBUG - executing functools.partial(<built-in method create_function of sqlite3.Connection object at 0x00000237BEFDEE30>, 'regexp', 2, <function SQLiteDialect_pysqlite.on_connect.<locals>.regexp at 0x00000237BEFD8220>, deterministic=True)
2026-03-03 14:03:40,760 - aiosqlite - DEBUG - operation functools.partial(<built-in method create_function of sqlite3.Connection object at 0x00000237BEFDEE30>, 'regexp', 2, <function SQLiteDialect_pysqlite.on_connect.<locals>.regexp at 0x00000237BEFD8220>, deterministic=True) completed
2026-03-03 14:03:40,760 - aiosqlite - DEBUG - executing functools.partial(<built-in method create_function of sqlite3.Connection object at 0x00000237BEFDEE30>, 'floor', 1, <built-in function floor>, deterministic=True)
2026-03-03 14:03:40,760 - aiosqlite - DEBUG - operation functools.partial(<built-in method create_function of sqlite3.Connection object at 0x00000237BEFDEE30>, 'floor', 1, <built-in function floor>, deterministic=True) completed
2026-03-03 14:03:40,760 - aiosqlite - DEBUG - executing functools.partial(<built-in method cursor of sqlite3.Connection object at 0x00000237BEFDEE30>)
2026-03-03 14:03:40,760 - aiosqlite - DEBUG - operation functools.partial(<built-in method cursor of sqlite3.Connection object at 0x00000237BEFDEE30>) completed
2026-03-03 14:03:40,760 - aiosqlite - DEBUG - executing functools.partial(<built-in method execute of sqlite3.Cursor object at 0x00000237BF0466C0>, 'SELECT products.id, products.name, products.description, products.price, products.image, products.category, products.size, products.color, products.stock, products.created_at \nFROM products \nWHERE products.id = ?', (16,))
2026-03-03 14:03:40,760 - aiosqlite - DEBUG - operation functools.partial(<built-in method execute of sqlite3.Cursor object at 0x00000237BF0466C0>, 'SELECT products.id, products.name, products.description, products.price, products.image, products.category, products.size, products.color, products.stock, products.created_at \nFROM products \nWHERE products.id = ?', (16,)) completed
2026-03-03 14:03:40,760 - aiosqlite - DEBUG - executing functools.partial(<built-in method fetchall of sqlite3.Cursor object at 0x00000237BF0466C0>)
2026-03-03 14:03:40,760 - aiosqlite - DEBUG - operation functools.partial(<built-in method fetchall of sqlite3.Cursor object at 0x00000237BF0466C0>) completed
2026-03-03 14:03:40,760 - aiosqlite - DEBUG - executing functools.partial(<built-in method close of sqlite3.Cursor object at 0x00000237BF0466C0>)
2026-03-03 14:03:40,760 - aiosqlite - DEBUG - operation functools.partial(<built-in method close of sqlite3.Cursor object at 0x00000237BF0466C0>) completed
2026-03-03 14:03:40,770 - services.products - INFO - Created products with id: 16
2026-03-03 14:03:40,770 - routers.products - INFO - Products created successfully with id: 16
2026-03-03 14:03:40,770 - core.database - DEBUG - [DB_OP] Database session cleanup after 0.0414s
2026-03-03 14:03:40,770 - aiosqlite - DEBUG - executing functools.partial(<built-in method rollback of sqlite3.Connection object at 0x00000237BEFDEE30>)
2026-03-03 14:03:40,770 - aiosqlite - DEBUG - operation functools.partial(<built-in method rollback of sqlite3.Connection object at 0x00000237BEFDEE30>) completed
2026-03-03 14:03:40,770 - aiosqlite - DEBUG - executing functools.partial(<built-in method rollback of sqlite3.Connection object at 0x00000237BEFDEE30>)
2026-03-03 14:03:40,770 - aiosqlite - DEBUG - operation functools.partial(<built-in method rollback of sqlite3.Connection object at 0x00000237BEFDEE30>) completed
2026-03-03 14:03:40,770 - aiosqlite - DEBUG - executing functools.partial(<built-in method close of sqlite3.Connection object at 0x00000237BEFDEE30>)
2026-03-03 14:03:40,770 - aiosqlite - DEBUG - operation functools.partial(<built-in method close of sqlite3.Connection object at 0x00000237BEFDEE30>) completed
2026-03-03 14:03:40,778 - core.database - DEBUG - [DB_OP] Starting get_db session creation
2026-03-03 14:03:40,778 - core.database - DEBUG - [DB_OP] Database session created successfully in 0.0000s
2026-03-03 14:03:40,778 - routers.products - DEBUG - Querying productss: query=None, sort=None, skip=0, limit=100, fields=None
2026-03-03 14:03:40,778 - aiosqlite - DEBUG - executing <function connect.<locals>.connector at 0x00000237BF03B2E0>
2026-03-03 14:03:40,778 - aiosqlite - DEBUG - operation <function connect.<locals>.connector at 0x00000237BF03B2E0> completed
2026-03-03 14:03:40,778 - aiosqlite - DEBUG - executing functools.partial(<built-in method create_function of sqlite3.Connection object at 0x00000237BEFDC7C0>, 'regexp', 2, <function SQLiteDialect_pysqlite.on_connect.<locals>.regexp at 0x00000237BEFD8220>, deterministic=True)
2026-03-03 14:03:40,786 - aiosqlite - DEBUG - operation functools.partial(<built-in method create_function of sqlite3.Connection object at 0x00000237BEFDC7C0>, 'regexp', 2, <function SQLiteDialect_pysqlite.on_connect.<locals>.regexp at 0x00000237BEFD8220>, deterministic=True) completed
2026-03-03 14:03:40,786 - aiosqlite - DEBUG - executing functools.partial(<built-in method create_function of sqlite3.Connection object at 0x00000237BEFDC7C0>, 'floor', 1, <built-in function floor>, deterministic=True)
2026-03-03 14:03:40,786 - aiosqlite - DEBUG - operation functools.partial(<built-in method create_function of sqlite3.Connection object at 0x00000237BEFDC7C0>, 'floor', 1, <built-in function floor>, deterministic=True) completed
2026-03-03 14:03:40,786 - aiosqlite - DEBUG - executing functools.partial(<built-in method cursor of sqlite3.Connection object at 0x00000237BEFDC7C0>)
2026-03-03 14:03:40,786 - aiosqlite - DEBUG - operation functools.partial(<built-in method cursor of sqlite3.Connection object at 0x00000237BEFDC7C0>) completed
2026-03-03 14:03:40,786 - aiosqlite - DEBUG - executing functools.partial(<built-in method execute of sqlite3.Cursor object at 0x00000237BF046740>, 'SELECT count(products.id) AS count_1 \nFROM products', ())
2026-03-03 14:03:40,791 - aiosqlite - DEBUG - operation functools.partial(<built-in method execute of sqlite3.Cursor object at 0x00000237BF046740>, 'SELECT count(products.id) AS count_1 \nFROM products', ()) completed
2026-03-03 14:03:40,791 - aiosqlite - DEBUG - executing functools.partial(<built-in method fetchall of sqlite3.Cursor object at 0x00000237BF046740>)
2026-03-03 14:03:40,791 - aiosqlite - DEBUG - operation functools.partial(<built-in method fetchall of sqlite3.Cursor object at 0x00000237BF046740>) completed
2026-03-03 14:03:40,791 - aiosqlite - DEBUG - executing functools.partial(<built-in method close of sqlite3.Cursor object at 0x00000237BF046740>)
2026-03-03 14:03:40,791 - aiosqlite - DEBUG - operation functools.partial(<built-in method close of sqlite3.Cursor object at 0x00000237BF046740>) completed
2026-03-03 14:03:40,791 - aiosqlite - DEBUG - executing functools.partial(<built-in method cursor of sqlite3.Connection object at 0x00000237BEFDC7C0>)
2026-03-03 14:03:40,791 - aiosqlite - DEBUG - operation functools.partial(<built-in method cursor of sqlite3.Connection object at 0x00000237BEFDC7C0>) completed
2026-03-03 14:03:40,791 - aiosqlite - DEBUG - executing functools.partial(<built-in method execute of sqlite3.Cursor object at 0x00000237BF046740>, 'SELECT products.id, products.name, products.description, products.price, products.image, products.category, products.size, products.color, products.stock, products.created_at \nFROM products ORDER BY products.id DESC\n LIMIT ? OFFSET ?', (100, 0))
2026-03-03 14:03:40,791 - aiosqlite - DEBUG - operation functools.partial(<built-in method execute of sqlite3.Cursor object at 0x00000237BF046740>, 'SELECT products.id, products.name, products.description, products.price, products.image, products.category, products.size, products.color, products.stock, products.created_at \nFROM products ORDER BY products.id DESC\n LIMIT ? OFFSET ?', (100, 0)) completed
2026-03-03 14:03:40,791 - aiosqlite - DEBUG - executing functools.partial(<built-in method fetchall of sqlite3.Cursor object at 0x00000237BF046740>)
2026-03-03 14:03:40,799 - aiosqlite - DEBUG - operation functools.partial(<built-in method fetchall of sqlite3.Cursor object at 0x00000237BF046740>) completed
2026-03-03 14:03:40,801 - aiosqlite - DEBUG - executing functools.partial(<built-in method close of sqlite3.Cursor object at 0x00000237BF046740>)
2026-03-03 14:03:40,801 - aiosqlite - DEBUG - operation functools.partial(<built-in method close of sqlite3.Cursor object at 0x00000237BF046740>) completed
2026-03-03 14:03:40,801 - routers.products - DEBUG - Found 15 productss
2026-03-03 14:03:40,801 - core.database - DEBUG - [DB_OP] Database session cleanup after 0.0227s
2026-03-03 14:03:40,801 - aiosqlite - DEBUG - executing functools.partial(<built-in method rollback of sqlite3.Connection object at 0x00000237BEFDC7C0>)
2026-03-03 14:03:40,801 - aiosqlite - DEBUG - operation functools.partial(<built-in method rollback of sqlite3.Connection object at 0x00000237BEFDC7C0>) completed
2026-03-03 14:03:40,806 - aiosqlite - DEBUG - executing functools.partial(<built-in method rollback of sqlite3.Connection object at 0x00000237BEFDC7C0>)
2026-03-03 14:03:40,806 - aiosqlite - DEBUG - operation functools.partial(<built-in method rollback of sqlite3.Connection object at 0x00000237BEFDC7C0>) completed
2026-03-03 14:03:40,806 - aiosqlite - DEBUG - executing functools.partial(<built-in method close of sqlite3.Connection object at 0x00000237BEFDC7C0>)
2026-03-03 14:03:40,806 - aiosqlite - DEBUG - operation functools.partial(<built-in method close of sqlite3.Connection object at 0x00000237BEFDC7C0>) completed
2026-03-03 14:03:43,670 - core.database - DEBUG - [DB_OP] Starting get_db session creation
2026-03-03 14:03:43,681 - core.database - DEBUG - [DB_OP] Database session created successfully in 0.0102s
2026-03-03 14:03:43,681 - routers.products - DEBUG - Querying productss: query=None, sort=None, skip=0, limit=1000, fields=None
2026-03-03 14:03:43,681 - aiosqlite - DEBUG - executing <function connect.<locals>.connector at 0x00000237BF03B1A0>
2026-03-03 14:03:43,681 - aiosqlite - DEBUG - operation <function connect.<locals>.connector at 0x00000237BF03B1A0> completed
2026-03-03 14:03:43,681 - aiosqlite - DEBUG - executing functools.partial(<built-in method create_function of sqlite3.Connection object at 0x00000237BEFDD3F0>, 'regexp', 2, <function SQLiteDialect_pysqlite.on_connect.<locals>.regexp at 0x00000237BEFD8220>, deterministic=True)
2026-03-03 14:03:43,681 - aiosqlite - DEBUG - operation functools.partial(<built-in method create_function of sqlite3.Connection object at 0x00000237BEFDD3F0>, 'regexp', 2, <function SQLiteDialect_pysqlite.on_connect.<locals>.regexp at 0x00000237BEFD8220>, deterministic=True) completed
2026-03-03 14:03:43,681 - aiosqlite - DEBUG - executing functools.partial(<built-in method create_function of sqlite3.Connection object at 0x00000237BEFDD3F0>, 'floor', 1, <built-in function floor>, deterministic=True)
2026-03-03 14:03:43,681 - aiosqlite - DEBUG - operation functools.partial(<built-in method create_function of sqlite3.Connection object at 0x00000237BEFDD3F0>, 'floor', 1, <built-in function floor>, deterministic=True) completed
2026-03-03 14:03:43,681 - aiosqlite - DEBUG - executing functools.partial(<built-in method cursor of sqlite3.Connection object at 0x00000237BEFDD3F0>)
2026-03-03 14:03:43,681 - aiosqlite - DEBUG - operation functools.partial(<built-in method cursor of sqlite3.Connection object at 0x00000237BEFDD3F0>) completed
2026-03-03 14:03:43,681 - aiosqlite - DEBUG - executing functools.partial(<built-in method execute of sqlite3.Cursor object at 0x00000237BF045140>, 'SELECT count(products.id) AS count_1 \nFROM products', ())
2026-03-03 14:03:43,681 - aiosqlite - DEBUG - operation functools.partial(<built-in method execute of sqlite3.Cursor object at 0x00000237BF045140>, 'SELECT count(products.id) AS count_1 \nFROM products', ()) completed
2026-03-03 14:03:43,681 - aiosqlite - DEBUG - executing functools.partial(<built-in method fetchall of sqlite3.Cursor object at 0x00000237BF045140>)
2026-03-03 14:03:43,690 - aiosqlite - DEBUG - operation functools.partial(<built-in method fetchall of sqlite3.Cursor object at 0x00000237BF045140>) completed
2026-03-03 14:03:43,690 - aiosqlite - DEBUG - executing functools.partial(<built-in method close of sqlite3.Cursor object at 0x00000237BF045140>)
2026-03-03 14:03:43,690 - aiosqlite - DEBUG - operation functools.partial(<built-in method close of sqlite3.Cursor object at 0x00000237BF045140>) completed
2026-03-03 14:03:43,690 - aiosqlite - DEBUG - executing functools.partial(<built-in method cursor of sqlite3.Connection object at 0x00000237BEFDD3F0>)
2026-03-03 14:03:43,690 - aiosqlite - DEBUG - operation functools.partial(<built-in method cursor of sqlite3.Connection object at 0x00000237BEFDD3F0>) completed
2026-03-03 14:03:43,690 - aiosqlite - DEBUG - executing functools.partial(<built-in method execute of sqlite3.Cursor object at 0x00000237BF045140>, 'SELECT products.id, products.name, products.description, products.price, products.image, products.category, products.size, products.color, products.stock, products.created_at \nFROM products ORDER BY products.id DESC\n LIMIT ? OFFSET ?', (1000, 0))
2026-03-03 14:03:43,690 - aiosqlite - DEBUG - operation functools.partial(<built-in method execute of sqlite3.Cursor object at 0x00000237BF045140>, 'SELECT products.id, products.name, products.description, products.price, products.image, products.category, products.size, products.color, products.stock, products.created_at \nFROM products ORDER BY products.id DESC\n LIMIT ? OFFSET ?', (1000, 0)) completed
2026-03-03 14:03:43,690 - aiosqlite - DEBUG - executing functools.partial(<built-in method fetchall of sqlite3.Cursor object at 0x00000237BF045140>)
2026-03-03 14:03:43,690 - aiosqlite - DEBUG - operation functools.partial(<built-in method fetchall of sqlite3.Cursor object at 0x00000237BF045140>) completed
2026-03-03 14:03:43,690 - aiosqlite - DEBUG - executing functools.partial(<built-in method close of sqlite3.Cursor object at 0x00000237BF045140>)
2026-03-03 14:03:43,690 - aiosqlite - DEBUG - operation functools.partial(<built-in method close of sqlite3.Cursor object at 0x00000237BF045140>) completed
2026-03-03 14:03:43,690 - routers.products - DEBUG - Found 15 productss
2026-03-03 14:03:43,698 - core.database - DEBUG - [DB_OP] Database session cleanup after 0.0273s
2026-03-03 14:03:43,698 - aiosqlite - DEBUG - executing functools.partial(<built-in method rollback of sqlite3.Connection object at 0x00000237BEFDD3F0>)
2026-03-03 14:03:43,698 - aiosqlite - DEBUG - operation functools.partial(<built-in method rollback of sqlite3.Connection object at 0x00000237BEFDD3F0>) completed
2026-03-03 14:03:43,698 - aiosqlite - DEBUG - executing functools.partial(<built-in method rollback of sqlite3.Connection object at 0x00000237BEFDD3F0>)
2026-03-03 14:03:43,698 - aiosqlite - DEBUG - operation functools.partial(<built-in method rollback of sqlite3.Connection object at 0x00000237BEFDD3F0>) completed
2026-03-03 14:03:43,698 - aiosqlite - DEBUG - executing functools.partial(<built-in method close of sqlite3.Connection object at 0x00000237BEFDD3F0>)
2026-03-03 14:03:43,698 - aiosqlite - DEBUG - operation functools.partial(<built-in method close of sqlite3.Connection object at 0x00000237BEFDD3F0>) completed
2026-03-03 14:03:54,492 - core.database - DEBUG - [DB_OP] Starting get_db session creation
2026-03-03 14:03:54,492 - core.database - DEBUG - [DB_OP] Database session created successfully in 0.0000s
2026-03-03 14:03:54,492 - routers.products - DEBUG - Querying productss: query=None, sort=None, skip=0, limit=100, fields=None
2026-03-03 14:03:54,492 - aiosqlite - DEBUG - executing <function connect.<locals>.connector at 0x00000237BF03B1A0>
2026-03-03 14:03:54,492 - aiosqlite - DEBUG - operation <function connect.<locals>.connector at 0x00000237BF03B1A0> completed
2026-03-03 14:03:54,492 - aiosqlite - DEBUG - executing functools.partial(<built-in method create_function of sqlite3.Connection object at 0x00000237BEFDC4F0>, 'regexp', 2, <function SQLiteDialect_pysqlite.on_connect.<locals>.regexp at 0x00000237BEFD8220>, deterministic=True)
2026-03-03 14:03:54,500 - aiosqlite - DEBUG - operation functools.partial(<built-in method create_function of sqlite3.Connection object at 0x00000237BEFDC4F0>, 'regexp', 2, <function SQLiteDialect_pysqlite.on_connect.<locals>.regexp at 0x00000237BEFD8220>, deterministic=True) completed
2026-03-03 14:03:54,500 - aiosqlite - DEBUG - executing functools.partial(<built-in method create_function of sqlite3.Connection object at 0x00000237BEFDC4F0>, 'floor', 1, <built-in function floor>, deterministic=True)
2026-03-03 14:03:54,500 - aiosqlite - DEBUG - operation functools.partial(<built-in method create_function of sqlite3.Connection object at 0x00000237BEFDC4F0>, 'floor', 1, <built-in function floor>, deterministic=True) completed
2026-03-03 14:03:54,500 - aiosqlite - DEBUG - executing functools.partial(<built-in method cursor of sqlite3.Connection object at 0x00000237BEFDC4F0>)
2026-03-03 14:03:54,500 - aiosqlite - DEBUG - operation functools.partial(<built-in method cursor of sqlite3.Connection object at 0x00000237BEFDC4F0>) completed
2026-03-03 14:03:54,500 - aiosqlite - DEBUG - executing functools.partial(<built-in method execute of sqlite3.Cursor object at 0x00000237BF047240>, 'SELECT count(products.id) AS count_1 \nFROM products', ())
2026-03-03 14:03:54,500 - aiosqlite - DEBUG - operation functools.partial(<built-in method execute of sqlite3.Cursor object at 0x00000237BF047240>, 'SELECT count(products.id) AS count_1 \nFROM products', ()) completed
2026-03-03 14:03:54,500 - aiosqlite - DEBUG - executing functools.partial(<built-in method fetchall of sqlite3.Cursor object at 0x00000237BF047240>)
2026-03-03 14:03:54,508 - aiosqlite - DEBUG - operation functools.partial(<built-in method fetchall of sqlite3.Cursor object at 0x00000237BF047240>) completed
2026-03-03 14:03:54,508 - aiosqlite - DEBUG - executing functools.partial(<built-in method close of sqlite3.Cursor object at 0x00000237BF047240>)
2026-03-03 14:03:54,508 - aiosqlite - DEBUG - operation functools.partial(<built-in method close of sqlite3.Cursor object at 0x00000237BF047240>) completed
2026-03-03 14:03:54,511 - aiosqlite - DEBUG - executing functools.partial(<built-in method cursor of sqlite3.Connection object at 0x00000237BEFDC4F0>)
2026-03-03 14:03:54,511 - aiosqlite - DEBUG - operation functools.partial(<built-in method cursor of sqlite3.Connection object at 0x00000237BEFDC4F0>) completed
2026-03-03 14:03:54,511 - aiosqlite - DEBUG - executing functools.partial(<built-in method execute of sqlite3.Cursor object at 0x00000237BF047240>, 'SELECT products.id, products.name, products.description, products.price, products.image, products.category, products.size, products.color, products.stock, products.created_at \nFROM products ORDER BY products.id DESC\n LIMIT ? OFFSET ?', (100, 0))
2026-03-03 14:03:54,511 - aiosqlite - DEBUG - operation functools.partial(<built-in method execute of sqlite3.Cursor object at 0x00000237BF047240>, 'SELECT products.id, products.name, products.description, products.price, products.image, products.category, products.size, products.color, products.stock, products.created_at \nFROM products ORDER BY products.id DESC\n LIMIT ? OFFSET ?', (100, 0)) completed
2026-03-03 14:03:54,511 - aiosqlite - DEBUG - executing functools.partial(<built-in method fetchall of sqlite3.Cursor object at 0x00000237BF047240>)
2026-03-03 14:03:54,511 - aiosqlite - DEBUG - operation functools.partial(<built-in method fetchall of sqlite3.Cursor object at 0x00000237BF047240>) completed
2026-03-03 14:03:54,511 - aiosqlite - DEBUG - executing functools.partial(<built-in method close of sqlite3.Cursor object at 0x00000237BF047240>)
2026-03-03 14:03:54,511 - aiosqlite - DEBUG - operation functools.partial(<built-in method close of sqlite3.Cursor object at 0x00000237BF047240>) completed
2026-03-03 14:03:54,520 - routers.products - DEBUG - Found 15 productss
2026-03-03 14:03:54,520 - core.database - DEBUG - [DB_OP] Database session cleanup after 0.0285s
2026-03-03 14:03:54,520 - aiosqlite - DEBUG - executing functools.partial(<built-in method rollback of sqlite3.Connection object at 0x00000237BEFDC4F0>)
2026-03-03 14:03:54,520 - aiosqlite - DEBUG - operation functools.partial(<built-in method rollback of sqlite3.Connection object at 0x00000237BEFDC4F0>) completed
2026-03-03 14:03:54,520 - aiosqlite - DEBUG - executing functools.partial(<built-in method rollback of sqlite3.Connection object at 0x00000237BEFDC4F0>)
2026-03-03 14:03:54,520 - aiosqlite - DEBUG - operation functools.partial(<built-in method rollback of sqlite3.Connection object at 0x00000237BEFDC4F0>) completed
2026-03-03 14:03:54,520 - aiosqlite - DEBUG - executing functools.partial(<built-in method close of sqlite3.Connection object at 0x00000237BEFDC4F0>)
2026-03-03 14:03:54,520 - aiosqlite - DEBUG - operation functools.partial(<built-in method close of sqlite3.Connection object at 0x00000237BEFDC4F0>) completed
2026-03-03 14:04:57,809 - core.database - DEBUG - [DB_OP] Starting get_db session creation
2026-03-03 14:04:57,809 - core.database - DEBUG - [DB_OP] Database session created successfully in 0.0000s
2026-03-03 14:04:57,811 - routers.products - DEBUG - Updating products 15 with data: name='Áo Khoác Lông Thỏ Form Dài Rộng Siêu Mềm Mịn Siêu Ấm Áp Màu XÁM LÔNG CHUỘT Phong Cách Hàn Quốc' description='Thông tin sản phẩm ;Áo Khoác Lông Thỏ Form Dài Rộng Siêu Mềm Mịn Siêu Ấm Áp Màu XÁM LÔNG CHUỘT Phong Cách Hàn Quốc\n\n\n\n- Chất liệu:Áo Khoác Lông Thỏ Form Dài Rộng Siêu Mềm Mịn Siêu Ấm Áp Màu XÁM LÔNG CHUỘT Phong Cách Hàn Quốc\n\n- Đường may tỉ mỉ, chắc chắn\n\n- Công dụng: mặc ở nhà, mặc đi chơi , mặc đi làm , mặc hàng ngày\n\n- Thiết kế hiện đại, trẻ trung, năng động. Dễ phối đồ\n\n\n\n* Bảng size mẫu \n\n- Đủ size: M - L - XL  \n\nSize M: Nặng 43-51kg  ; Cao 1m52-1m60\n\nSize L: Nặng ; 51-59kg ; Cao 1m60-1m70\n\nSize XL: Nặng 60-72kg ; Cao 1m65-1m73\n\nLưu ý: Đây là bảng thông số chọn size cơ bản, tùy thuộc và vào mỗi người mà có thể +/- 1 Size\n\n\n\nHướng dẫn sử dụng sản phẩm \n\n- Không giặt máy giặt tay, tránh nước ở phần da tay \n\n- Nên giặt khô , lấy khăn ướt lau \n\n- không phơi trực tiếp dưới ánh nắng mặt trời\n\n- Có thể dùng cồn lau \n\n- Không sử dụng thuốc tẩy\n\n- Nhớ lộn trái áo khi giặt và không giặt ngâm\n\n\n\n Shop CAM KẾT\n\nSản phẩm giống mô tả .\n\nĐảm bảo vải chất lượng dày dặn\n\nÁo được kiểm tra kĩ càng, cẩn thận và tư vấn nhiệt tình trước khi gói hàng giao cho Quý Khách\n\nHàng có sẵn, giao hàng ngay khi nhận được đơn \n\nChấp nhận đổi hàng khi size không vừa\n\nGiao hàng trên toàn quốc, nhận hàng trả tiền \n\n\n\n1. Điều kiện áp dụng (trong vòng 2 ngày kể từ khi nhận sản phẩm) \n\n- Hàng hoá vẫn còn mới, chưa qua sử dụng \n\n- Hàng hoá bị lỗi hoặc hư hỏng do vận chuyển hoặc do nhà sản xuất \n\n2. Trường hợp được chấp nhận: \n\n- Hàng không đúng size, mẫu mã như quý khách đặt hàng \n\n- Không đủ số lượng, không đủ bộ như trong đơn hàng \n\n3. Trường hợp không đủ điều kiện áp dụng chính sách: \n\n- Quá 02 ngày kể từ khi Quý khách nhận hàng \n\n- Gửi lại hàng không đúng mẫu mã, không phải sản phẩm của Shop\n\n- Không thích, không hợp, đặt nhầm mã, nhầm màu,... \n\nDo màn hình và điều kiện ánh sáng khác nhau, màu sắc thực tế của sản phẩm có thể chênh lệch khoảng 3-5%' price=66000.0 image='https://down-vn.img.susercontent.com/file/vn-11134207-7ras8-m3cestztuaw8d0.webp' category='women' size='XL' color='Trắng' stock=66 created_at=None
2026-03-03 14:04:57,811 - aiosqlite - DEBUG - executing <function connect.<locals>.connector at 0x00000237BF0658A0>
2026-03-03 14:04:57,811 - aiosqlite - DEBUG - operation <function connect.<locals>.connector at 0x00000237BF0658A0> completed
2026-03-03 14:04:57,811 - aiosqlite - DEBUG - executing functools.partial(<built-in method create_function of sqlite3.Connection object at 0x00000237BEFDC7C0>, 'regexp', 2, <function SQLiteDialect_pysqlite.on_connect.<locals>.regexp at 0x00000237BEFD8220>, deterministic=True)
2026-03-03 14:04:57,820 - aiosqlite - DEBUG - operation functools.partial(<built-in method create_function of sqlite3.Connection object at 0x00000237BEFDC7C0>, 'regexp', 2, <function SQLiteDialect_pysqlite.on_connect.<locals>.regexp at 0x00000237BEFD8220>, deterministic=True) completed
2026-03-03 14:04:57,820 - aiosqlite - DEBUG - executing functools.partial(<built-in method create_function of sqlite3.Connection object at 0x00000237BEFDC7C0>, 'floor', 1, <built-in function floor>, deterministic=True)
2026-03-03 14:04:57,820 - aiosqlite - DEBUG - operation functools.partial(<built-in method create_function of sqlite3.Connection object at 0x00000237BEFDC7C0>, 'floor', 1, <built-in function floor>, deterministic=True) completed
2026-03-03 14:04:57,820 - aiosqlite - DEBUG - executing functools.partial(<built-in method cursor of sqlite3.Connection object at 0x00000237BEFDC7C0>)
2026-03-03 14:04:57,820 - aiosqlite - DEBUG - operation functools.partial(<built-in method cursor of sqlite3.Connection object at 0x00000237BEFDC7C0>) completed
2026-03-03 14:04:57,820 - aiosqlite - DEBUG - executing functools.partial(<built-in method execute of sqlite3.Cursor object at 0x00000237BF047540>, 'SELECT products.id, products.name, products.description, products.price, products.image, products.category, products.size, products.color, products.stock, products.created_at \nFROM products \nWHERE products.id = ?', (15,))
2026-03-03 14:04:57,820 - aiosqlite - DEBUG - operation functools.partial(<built-in method execute of sqlite3.Cursor object at 0x00000237BF047540>, 'SELECT products.id, products.name, products.description, products.price, products.image, products.category, products.size, products.color, products.stock, products.created_at \nFROM products \nWHERE products.id = ?', (15,)) completed
2026-03-03 14:04:57,820 - aiosqlite - DEBUG - executing functools.partial(<built-in method fetchall of sqlite3.Cursor object at 0x00000237BF047540>)
2026-03-03 14:04:57,820 - aiosqlite - DEBUG - operation functools.partial(<built-in method fetchall of sqlite3.Cursor object at 0x00000237BF047540>) completed
2026-03-03 14:04:57,820 - aiosqlite - DEBUG - executing functools.partial(<built-in method close of sqlite3.Cursor object at 0x00000237BF047540>)
2026-03-03 14:04:57,820 - aiosqlite - DEBUG - operation functools.partial(<built-in method close of sqlite3.Cursor object at 0x00000237BF047540>) completed
2026-03-03 14:04:57,831 - aiosqlite - DEBUG - executing functools.partial(<built-in method cursor of sqlite3.Connection object at 0x00000237BEFDC7C0>)
2026-03-03 14:04:57,831 - aiosqlite - DEBUG - operation functools.partial(<built-in method cursor of sqlite3.Connection object at 0x00000237BEFDC7C0>) completed
2026-03-03 14:04:57,831 - aiosqlite - DEBUG - executing functools.partial(<built-in method execute of sqlite3.Cursor object at 0x00000237BF047540>, 'UPDATE products SET name=?, description=?, price=?, image=?, category=?, size=? WHERE products.id = ?', ('Áo Khoác Lông Thỏ Form Dài Rộng Siêu Mềm Mịn Siêu Ấm Áp Màu XÁM LÔNG CHUỘT Phong Cách Hàn Quốc', 'Thông tin sản phẩm ;Áo Khoác Lông Thỏ Form Dài Rộng Siêu Mềm Mịn Siêu Ấm Áp Màu XÁM LÔNG CHUỘT Phong Cách Hàn Quốc\n\n\n\n- Chất liệu:Áo Khoác Lông Thỏ Form Dài Rộng Siêu Mềm Mịn Siêu Ấm Áp Màu XÁM LÔNG CHUỘT Phong Cách Hàn Quốc\n\n- Đường may tỉ mỉ, chắc chắn\n\n- Công dụng: mặc ở nhà, mặc đi chơi , mặc đi làm , mặc hàng ngày\n\n- Thiết kế hiện đại, trẻ trung, năng động. Dễ phối đồ\n\n\n\n* Bảng size mẫu \n\n- Đủ size: M - L - XL  \n\nSize M: Nặng 43-51kg  ; Cao 1m52-1m60\n\nSize L: Nặng ; 51-59kg ; Cao 1m60-1m70\n\nSize XL: Nặng 60-72kg ; Cao 1m65-1m73\n\nLưu ý: Đây là bảng thông số chọn size cơ bản, tùy thuộc và vào mỗi người mà có thể +/- 1 Size\n\n\n\nHướng dẫn sử dụng sản phẩm \n\n- Không giặt máy giặt tay, tránh nước ở phần da tay \n\n- Nên giặt khô , lấy khăn ướt lau \n\n- không phơi trực tiếp dưới ánh nắng mặt trời\n\n- Có thể dùng cồn lau \n\n- Không sử dụng thuốc tẩy\n\n- Nhớ lộn trái áo khi giặt và không giặt ngâm\n\n\n\n Shop CAM KẾT\n\nSản phẩm giống mô tả .\n\nĐảm bảo vải chất lượng dày dặn\n\nÁo được kiểm tra kĩ càng, cẩn thận và tư vấn nhiệt tình trước khi gói hàng giao cho Quý Khách\n\nHàng có sẵn, giao hàng ngay khi nhận được đơn \n\nChấp nhận đổi hàng khi size không vừa\n\nGiao hàng trên toàn quốc, nhận hàng trả tiền \n\n\n\n1. Điều kiện áp dụng (trong vòng 2 ngày kể từ khi nhận sản phẩm) \n\n- Hàng hoá vẫn còn mới, chưa qua sử dụng \n\n- Hàng hoá bị lỗi hoặc hư hỏng do vận chuyển hoặc do nhà sản xuất \n\n2. Trường hợp được chấp nhận: \n\n- Hàng không đúng size, mẫu mã như quý khách đặt hàng \n\n- Không đủ số lượng, không đủ bộ như trong đơn hàng \n\n3. Trường hợp không đủ điều kiện áp dụng chính sách: \n\n- Quá 02 ngày kể từ khi Quý khách nhận hàng \n\n- Gửi lại hàng không đúng mẫu mã, không phải sản phẩm của Shop\n\n- Không thích, không hợp, đặt nhầm mã, nhầm màu,... \n\nDo màn hình và điều kiện ánh sáng khác nhau, màu sắc thực tế của sản phẩm có thể chênh lệch khoảng 3-5%', 66000.0, 'https://down-vn.img.susercontent.com/file/vn-11134207-7ras8-m3cestztuaw8d0.webp', 'women', 'XL', 15))
2026-03-03 14:04:57,836 - aiosqlite - DEBUG - operation functools.partial(<built-in method execute of sqlite3.Cursor object at 0x00000237BF047540>, 'UPDATE products SET name=?, description=?, price=?, image=?, category=?, size=? WHERE products.id = ?', ('Áo Khoác Lông Thỏ Form Dài Rộng Siêu Mềm Mịn Siêu Ấm Áp Màu XÁM LÔNG CHUỘT Phong Cách Hàn Quốc', 'Thông tin sản phẩm ;Áo Khoác Lông Thỏ Form Dài Rộng Siêu Mềm Mịn Siêu Ấm Áp Màu XÁM LÔNG CHUỘT Phong Cách Hàn Quốc\n\n\n\n- Chất liệu:Áo Khoác Lông Thỏ Form Dài Rộng Siêu Mềm Mịn Siêu Ấm Áp Màu XÁM LÔNG CHUỘT Phong Cách Hàn Quốc\n\n- Đường may tỉ mỉ, chắc chắn\n\n- Công dụng: mặc ở nhà, mặc đi chơi , mặc đi làm , mặc hàng ngày\n\n- Thiết kế hiện đại, trẻ trung, năng động. Dễ phối đồ\n\n\n\n* Bảng size mẫu \n\n- Đủ size: M - L - XL  \n\nSize M: Nặng 43-51kg  ; Cao 1m52-1m60\n\nSize L: Nặng ; 51-59kg ; Cao 1m60-1m70\n\nSize XL: Nặng 60-72kg ; Cao 1m65-1m73\n\nLưu ý: Đây là bảng thông số chọn size cơ bản, tùy thuộc và vào mỗi người mà có thể +/- 1 Size\n\n\n\nHướng dẫn sử dụng sản phẩm \n\n- Không giặt máy giặt tay, tránh nước ở phần da tay \n\n- Nên giặt khô , lấy khăn ướt lau \n\n- không phơi trực tiếp dưới ánh nắng mặt trời\n\n- Có thể dùng cồn lau \n\n- Không sử dụng thuốc tẩy\n\n- Nhớ lộn trái áo khi giặt và không giặt ngâm\n\n\n\n Shop CAM KẾT\n\nSản phẩm giống mô tả .\n\nĐảm bảo vải chất lượng dày dặn\n\nÁo được kiểm tra kĩ càng, cẩn thận và tư vấn nhiệt tình trước khi gói hàng giao cho Quý Khách\n\nHàng có sẵn, giao hàng ngay khi nhận được đơn \n\nChấp nhận đổi hàng khi size không vừa\n\nGiao hàng trên toàn quốc, nhận hàng trả tiền \n\n\n\n1. Điều kiện áp dụng (trong vòng 2 ngày kể từ khi nhận sản phẩm) \n\n- Hàng hoá vẫn còn mới, chưa qua sử dụng \n\n- Hàng hoá bị lỗi hoặc hư hỏng do vận chuyển hoặc do nhà sản xuất \n\n2. Trường hợp được chấp nhận: \n\n- Hàng không đúng size, mẫu mã như quý khách đặt hàng \n\n- Không đủ số lượng, không đủ bộ như trong đơn hàng \n\n3. Trường hợp không đủ điều kiện áp dụng chính sách: \n\n- Quá 02 ngày kể từ khi Quý khách nhận hàng \n\n- Gửi lại hàng không đúng mẫu mã, không phải sản phẩm của Shop\n\n- Không thích, không hợp, đặt nhầm mã, nhầm màu,... \n\nDo màn hình và điều kiện ánh sáng khác nhau, màu sắc thực tế của sản phẩm có thể chênh lệch khoảng 3-5%', 66000.0, 'https://down-vn.img.susercontent.com/file/vn-11134207-7ras8-m3cestztuaw8d0.webp', 'women', 'XL', 15)) completed
2026-03-03 14:04:57,836 - aiosqlite - DEBUG - executing functools.partial(<built-in method close of sqlite3.Cursor object at 0x00000237BF047540>)
2026-03-03 14:04:57,836 - aiosqlite - DEBUG - operation functools.partial(<built-in method close of sqlite3.Cursor object at 0x00000237BF047540>) completed
2026-03-03 14:04:57,841 - aiosqlite - DEBUG - executing functools.partial(<built-in method commit of sqlite3.Connection object at 0x00000237BEFDC7C0>)
2026-03-03 14:04:57,841 - aiosqlite - DEBUG - operation functools.partial(<built-in method commit of sqlite3.Connection object at 0x00000237BEFDC7C0>) completed
2026-03-03 14:04:57,846 - aiosqlite - DEBUG - executing functools.partial(<built-in method rollback of sqlite3.Connection object at 0x00000237BEFDC7C0>)
2026-03-03 14:04:57,847 - aiosqlite - DEBUG - operation functools.partial(<built-in method rollback of sqlite3.Connection object at 0x00000237BEFDC7C0>) completed
2026-03-03 14:04:57,847 - aiosqlite - DEBUG - executing functools.partial(<built-in method close of sqlite3.Connection object at 0x00000237BEFDC7C0>)
2026-03-03 14:04:57,847 - aiosqlite - DEBUG - operation functools.partial(<built-in method close of sqlite3.Connection object at 0x00000237BEFDC7C0>) completed
2026-03-03 14:04:57,847 - aiosqlite - DEBUG - executing <function connect.<locals>.connector at 0x00000237BF03BBA0>
2026-03-03 14:04:57,851 - aiosqlite - DEBUG - operation <function connect.<locals>.connector at 0x00000237BF03BBA0> completed
2026-03-03 14:04:57,851 - aiosqlite - DEBUG - executing functools.partial(<built-in method create_function of sqlite3.Connection object at 0x00000237BEFDC7C0>, 'regexp', 2, <function SQLiteDialect_pysqlite.on_connect.<locals>.regexp at 0x00000237BEFD8220>, deterministic=True)
2026-03-03 14:04:57,851 - aiosqlite - DEBUG - operation functools.partial(<built-in method create_function of sqlite3.Connection object at 0x00000237BEFDC7C0>, 'regexp', 2, <function SQLiteDialect_pysqlite.on_connect.<locals>.regexp at 0x00000237BEFD8220>, deterministic=True) completed
2026-03-03 14:04:57,851 - aiosqlite - DEBUG - executing functools.partial(<built-in method create_function of sqlite3.Connection object at 0x00000237BEFDC7C0>, 'floor', 1, <built-in function floor>, deterministic=True)
2026-03-03 14:04:57,851 - aiosqlite - DEBUG - operation functools.partial(<built-in method create_function of sqlite3.Connection object at 0x00000237BEFDC7C0>, 'floor', 1, <built-in function floor>, deterministic=True) completed
2026-03-03 14:04:57,851 - aiosqlite - DEBUG - executing functools.partial(<built-in method cursor of sqlite3.Connection object at 0x00000237BEFDC7C0>)
2026-03-03 14:04:57,851 - aiosqlite - DEBUG - operation functools.partial(<built-in method cursor of sqlite3.Connection object at 0x00000237BEFDC7C0>) completed
2026-03-03 14:04:57,851 - aiosqlite - DEBUG - executing functools.partial(<built-in method execute of sqlite3.Cursor object at 0x00000237BF047940>, 'SELECT products.id, products.name, products.description, products.price, products.image, products.category, products.size, products.color, products.stock, products.created_at \nFROM products \nWHERE products.id = ?', (15,))
2026-03-03 14:04:57,860 - aiosqlite - DEBUG - operation functools.partial(<built-in method execute of sqlite3.Cursor object at 0x00000237BF047940>, 'SELECT products.id, products.name, products.description, products.price, products.image, products.category, products.size, products.color, products.stock, products.created_at \nFROM products \nWHERE products.id = ?', (15,)) completed
2026-03-03 14:04:57,860 - aiosqlite - DEBUG - executing functools.partial(<built-in method fetchall of sqlite3.Cursor object at 0x00000237BF047940>)
2026-03-03 14:04:57,860 - aiosqlite - DEBUG - operation functools.partial(<built-in method fetchall of sqlite3.Cursor object at 0x00000237BF047940>) completed
2026-03-03 14:04:57,860 - aiosqlite - DEBUG - executing functools.partial(<built-in method close of sqlite3.Cursor object at 0x00000237BF047940>)
2026-03-03 14:04:57,860 - aiosqlite - DEBUG - operation functools.partial(<built-in method close of sqlite3.Cursor object at 0x00000237BF047940>) completed
2026-03-03 14:04:57,860 - services.products - INFO - Updated products 15
2026-03-03 14:04:57,860 - routers.products - INFO - Products 15 updated successfully
2026-03-03 14:04:57,860 - core.database - DEBUG - [DB_OP] Database session cleanup after 0.0509s
2026-03-03 14:04:57,860 - aiosqlite - DEBUG - executing functools.partial(<built-in method rollback of sqlite3.Connection object at 0x00000237BEFDC7C0>)
2026-03-03 14:04:57,860 - aiosqlite - DEBUG - operation functools.partial(<built-in method rollback of sqlite3.Connection object at 0x00000237BEFDC7C0>) completed
2026-03-03 14:04:57,860 - aiosqlite - DEBUG - executing functools.partial(<built-in method rollback of sqlite3.Connection object at 0x00000237BEFDC7C0>)
2026-03-03 14:04:57,860 - aiosqlite - DEBUG - operation functools.partial(<built-in method rollback of sqlite3.Connection object at 0x00000237BEFDC7C0>) completed
2026-03-03 14:04:57,860 - aiosqlite - DEBUG - executing functools.partial(<built-in method close of sqlite3.Connection object at 0x00000237BEFDC7C0>)
2026-03-03 14:04:57,871 - aiosqlite - DEBUG - operation functools.partial(<built-in method close of sqlite3.Connection object at 0x00000237BEFDC7C0>) completed
2026-03-03 14:04:57,876 - core.database - DEBUG - [DB_OP] Starting get_db session creation
2026-03-03 14:04:57,876 - core.database - DEBUG - [DB_OP] Database session created successfully in 0.0000s
2026-03-03 14:04:57,876 - routers.products - DEBUG - Querying productss: query=None, sort=None, skip=0, limit=100, fields=None
2026-03-03 14:04:57,876 - aiosqlite - DEBUG - executing <function connect.<locals>.connector at 0x00000237BF03B380>
2026-03-03 14:04:57,876 - aiosqlite - DEBUG - operation <function connect.<locals>.connector at 0x00000237BF03B380> completed
2026-03-03 14:04:57,881 - aiosqlite - DEBUG - executing functools.partial(<built-in method create_function of sqlite3.Connection object at 0x00000237BEFDEE30>, 'regexp', 2, <function SQLiteDialect_pysqlite.on_connect.<locals>.regexp at 0x00000237BEFD8220>, deterministic=True)
2026-03-03 14:04:57,881 - aiosqlite - DEBUG - operation functools.partial(<built-in method create_function of sqlite3.Connection object at 0x00000237BEFDEE30>, 'regexp', 2, <function SQLiteDialect_pysqlite.on_connect.<locals>.regexp at 0x00000237BEFD8220>, deterministic=True) completed
2026-03-03 14:04:57,881 - aiosqlite - DEBUG - executing functools.partial(<built-in method create_function of sqlite3.Connection object at 0x00000237BEFDEE30>, 'floor', 1, <built-in function floor>, deterministic=True)
2026-03-03 14:04:57,881 - aiosqlite - DEBUG - operation functools.partial(<built-in method create_function of sqlite3.Connection object at 0x00000237BEFDEE30>, 'floor', 1, <built-in function floor>, deterministic=True) completed
2026-03-03 14:04:57,886 - aiosqlite - DEBUG - executing functools.partial(<built-in method cursor of sqlite3.Connection object at 0x00000237BEFDEE30>)
2026-03-03 14:04:57,886 - aiosqlite - DEBUG - operation functools.partial(<built-in method cursor of sqlite3.Connection object at 0x00000237BEFDEE30>) completed
2026-03-03 14:04:57,886 - aiosqlite - DEBUG - executing functools.partial(<built-in method execute of sqlite3.Cursor object at 0x00000237BF0475C0>, 'SELECT count(products.id) AS count_1 \nFROM products', ())
2026-03-03 14:04:57,886 - aiosqlite - DEBUG - operation functools.partial(<built-in method execute of sqlite3.Cursor object at 0x00000237BF0475C0>, 'SELECT count(products.id) AS count_1 \nFROM products', ()) completed
2026-03-03 14:04:57,886 - aiosqlite - DEBUG - executing functools.partial(<built-in method fetchall of sqlite3.Cursor object at 0x00000237BF0475C0>)
2026-03-03 14:04:57,891 - aiosqlite - DEBUG - operation functools.partial(<built-in method fetchall of sqlite3.Cursor object at 0x00000237BF0475C0>) completed
2026-03-03 14:04:57,891 - aiosqlite - DEBUG - executing functools.partial(<built-in method close of sqlite3.Cursor object at 0x00000237BF0475C0>)
2026-03-03 14:04:57,891 - aiosqlite - DEBUG - operation functools.partial(<built-in method close of sqlite3.Cursor object at 0x00000237BF0475C0>) completed
2026-03-03 14:04:57,891 - aiosqlite - DEBUG - executing functools.partial(<built-in method cursor of sqlite3.Connection object at 0x00000237BEFDEE30>)
2026-03-03 14:04:57,891 - aiosqlite - DEBUG - operation functools.partial(<built-in method cursor of sqlite3.Connection object at 0x00000237BEFDEE30>) completed
2026-03-03 14:04:57,897 - aiosqlite - DEBUG - executing functools.partial(<built-in method execute of sqlite3.Cursor object at 0x00000237BF0475C0>, 'SELECT products.id, products.name, products.description, products.price, products.image, products.category, products.size, products.color, products.stock, products.created_at \nFROM products ORDER BY products.id DESC\n LIMIT ? OFFSET ?', (100, 0))
2026-03-03 14:04:57,897 - aiosqlite - DEBUG - operation functools.partial(<built-in method execute of sqlite3.Cursor object at 0x00000237BF0475C0>, 'SELECT products.id, products.name, products.description, products.price, products.image, products.category, products.size, products.color, products.stock, products.created_at \nFROM products ORDER BY products.id DESC\n LIMIT ? OFFSET ?', (100, 0)) completed
2026-03-03 14:04:57,897 - aiosqlite - DEBUG - executing functools.partial(<built-in method fetchall of sqlite3.Cursor object at 0x00000237BF0475C0>)
2026-03-03 14:04:57,901 - aiosqlite - DEBUG - operation functools.partial(<built-in method fetchall of sqlite3.Cursor object at 0x00000237BF0475C0>) completed
2026-03-03 14:04:57,901 - aiosqlite - DEBUG - executing functools.partial(<built-in method close of sqlite3.Cursor object at 0x00000237BF0475C0>)
2026-03-03 14:04:57,901 - aiosqlite - DEBUG - operation functools.partial(<built-in method close of sqlite3.Cursor object at 0x00000237BF0475C0>) completed
2026-03-03 14:04:57,901 - routers.products - DEBUG - Found 15 productss
2026-03-03 14:04:57,901 - core.database - DEBUG - [DB_OP] Database session cleanup after 0.0252s
2026-03-03 14:04:57,901 - aiosqlite - DEBUG - executing functools.partial(<built-in method rollback of sqlite3.Connection object at 0x00000237BEFDEE30>)
2026-03-03 14:04:57,901 - aiosqlite - DEBUG - operation functools.partial(<built-in method rollback of sqlite3.Connection object at 0x00000237BEFDEE30>) completed
2026-03-03 14:04:57,901 - aiosqlite - DEBUG - executing functools.partial(<built-in method rollback of sqlite3.Connection object at 0x00000237BEFDEE30>)
2026-03-03 14:04:57,901 - aiosqlite - DEBUG - operation functools.partial(<built-in method rollback of sqlite3.Connection object at 0x00000237BEFDEE30>) completed
2026-03-03 14:04:57,901 - aiosqlite - DEBUG - executing functools.partial(<built-in method close of sqlite3.Connection object at 0x00000237BEFDEE30>)
2026-03-03 14:04:57,901 - aiosqlite - DEBUG - operation functools.partial(<built-in method close of sqlite3.Connection object at 0x00000237BEFDEE30>) completed
2026-03-03 14:06:21,267 - core.database - DEBUG - [DB_OP] Starting get_db session creation
2026-03-03 14:06:21,267 - core.database - DEBUG - [DB_OP] Database session created successfully in 0.0000s
2026-03-03 14:06:21,268 - routers.products - DEBUG - Updating products 13 with data: name='Áo Thun Trơn Tiếng Anh cổ điển 100% Cotton Comfitex Hi Fabric 240Gsm Form Oversize Unisex Nam Nữ AT.500 VERDANT' description='Chào mừng bạn đến với cửa hàng thương hiệu VERDANT\n\n\n\nMô tả sản phẩm:\n\n\n\n- Chất liệu: 100% cotton, 200g\n\n\n\n- Họa tiết: In chất lượng cao\n\n\n\n- Màu sắc: Đen, trắng, đỏ, hồng, kem, xám, xám hoa, nâu, xanh lá đậm, xanh dương\n\n\n\n- Kiểu dáng: Dáng rộng - Dáng áo rộng rãi, phù hợp cho cả nam và nữ.\n\n\n\nBảng kích thước\n\n\n\n-S 68 cm 47 cm 19 cm 46 cm 1M50-1M60 37 kg-47 kg\n\n-M 70 cm 50 cm 20 cm 48 cm 1M60-1M70 45 kg-53 kg\n\n-L 72 cm 53 cm 21 cm 50 cm 1M70-1M75 53 kg-63 kg\n\n-XL 74 cm 56 cm 22 cm 52 cm 1M75-1M80 63 kg-75 kg\n\n-XXL 76 cm 59 cm 23 cm 54 cm 1M80-1M85 75 kg-85 kg\n\n-XXXL 78 cm 62 cm 24 cm 56 cm 1M85-1M90 85 kg-100 kg\n\n\n\nHướng dẫn sử dụng quần áo rộng rãi màu trơn Áo thun:\n\n\n\n- Nên giặt tay để áo bền lâu nhất.\n\n\n\n- Lộn trái áo khi giặt và không ngâm.\n\n\n\n- Có thể giặt máy.\n\n\n\n- Không sử dụng thuốc tẩy.\n\n\n\n- Phơi khô mặt trái và tránh ánh nắng trực tiếp.\n\n\n\nChính sách đổi trả đối với áo thun Unisex mua từ VERDANT\n\n\n\nĐiều khoản đổi trả:\n\n\n\n- Chấp nhận đổi hàng trong vòng 7 ngày kể từ ngày mua.\n\n\n\n- Vui lòng liên hệ với VERDANT trong các trường hợp sau: Hàng được đổi trả và hoàn tiền do lỗi của nhà sản xuất, lỗi vận chuyển hoặc hư hỏng trong quá trình vận chuyển.\n\n\n\n- Đối với các trường hợp đổi trả do nhu cầu hoặc kích thước cụ thể, người mua chịu chi phí vận chuyển.\n\n\n\n- Vui lòng kiểm tra bao bì vận chuyển do đơn vị vận chuyển cung cấp và quay video mở hộp chi tiết.\n\n\n\nLưu ý:\n\n\n\n- Tất cả hàng đổi trả và đổi trả phải chưa qua sử dụng và còn nguyên tem mác.\n\n\n\n- Do điều kiện ánh sáng hoặc màn hình hiển thị, màu sắc thực tế của sản phẩm có thể hơi khác so với hình ảnh.\n\nChào đón VERDANT! Chúng tôi không chỉ bán áo, chúng tôi trao bạn một tấm vé để thể hiện chính mình. Mỗi thiết kế của VERDANT là một câu chuyện, một tuyên ngôn thời trang dành riêng cho giới trẻ phá cách. Chất liệu siêu xịn, form chuẩn “sương sương”, cùng các họa tiết độc quyền chất ngầu, giúp bạn tỏa sáng theo cách riêng. VERDANT - lựa chọn của những người trẻ không ngừng cháy!' price=100000.0 image='https://down-vn.img.susercontent.com/file/sg-11134201-8261e-mj9j0mvc0b2a91.webp' category='men' size='L' color='Xám' stock=9 created_at=None
2026-03-03 14:06:21,270 - aiosqlite - DEBUG - executing <function connect.<locals>.connector at 0x00000237BF03A480>
2026-03-03 14:06:21,270 - aiosqlite - DEBUG - operation <function connect.<locals>.connector at 0x00000237BF03A480> completed
2026-03-03 14:06:21,270 - aiosqlite - DEBUG - executing functools.partial(<built-in method create_function of sqlite3.Connection object at 0x00000237BEFDEF20>, 'regexp', 2, <function SQLiteDialect_pysqlite.on_connect.<locals>.regexp at 0x00000237BEFD8220>, deterministic=True)
2026-03-03 14:06:21,270 - aiosqlite - DEBUG - operation functools.partial(<built-in method create_function of sqlite3.Connection object at 0x00000237BEFDEF20>, 'regexp', 2, <function SQLiteDialect_pysqlite.on_connect.<locals>.regexp at 0x00000237BEFD8220>, deterministic=True) completed
2026-03-03 14:06:21,270 - aiosqlite - DEBUG - executing functools.partial(<built-in method create_function of sqlite3.Connection object at 0x00000237BEFDEF20>, 'floor', 1, <built-in function floor>, deterministic=True)
2026-03-03 14:06:21,270 - aiosqlite - DEBUG - operation functools.partial(<built-in method create_function of sqlite3.Connection object at 0x00000237BEFDEF20>, 'floor', 1, <built-in function floor>, deterministic=True) completed
2026-03-03 14:06:21,270 - aiosqlite - DEBUG - executing functools.partial(<built-in method cursor of sqlite3.Connection object at 0x00000237BEFDEF20>)
2026-03-03 14:06:21,270 - aiosqlite - DEBUG - operation functools.partial(<built-in method cursor of sqlite3.Connection object at 0x00000237BEFDEF20>) completed
2026-03-03 14:06:21,270 - aiosqlite - DEBUG - executing functools.partial(<built-in method execute of sqlite3.Cursor object at 0x00000237BF060440>, 'SELECT products.id, products.name, products.description, products.price, products.image, products.category, products.size, products.color, products.stock, products.created_at \nFROM products \nWHERE products.id = ?', (13,))
2026-03-03 14:06:21,270 - aiosqlite - DEBUG - operation functools.partial(<built-in method execute of sqlite3.Cursor object at 0x00000237BF060440>, 'SELECT products.id, products.name, products.description, products.price, products.image, products.category, products.size, products.color, products.stock, products.created_at \nFROM products \nWHERE products.id = ?', (13,)) completed
2026-03-03 14:06:21,270 - aiosqlite - DEBUG - executing functools.partial(<built-in method fetchall of sqlite3.Cursor object at 0x00000237BF060440>)
2026-03-03 14:06:21,270 - aiosqlite - DEBUG - operation functools.partial(<built-in method fetchall of sqlite3.Cursor object at 0x00000237BF060440>) completed
2026-03-03 14:06:21,280 - aiosqlite - DEBUG - executing functools.partial(<built-in method close of sqlite3.Cursor object at 0x00000237BF060440>)
2026-03-03 14:06:21,280 - aiosqlite - DEBUG - operation functools.partial(<built-in method close of sqlite3.Cursor object at 0x00000237BF060440>) completed
2026-03-03 14:06:21,280 - aiosqlite - DEBUG - executing functools.partial(<built-in method cursor of sqlite3.Connection object at 0x00000237BEFDEF20>)
2026-03-03 14:06:21,280 - aiosqlite - DEBUG - operation functools.partial(<built-in method cursor of sqlite3.Connection object at 0x00000237BEFDEF20>) completed
2026-03-03 14:06:21,280 - aiosqlite - DEBUG - executing functools.partial(<built-in method execute of sqlite3.Cursor object at 0x00000237BF045A40>, 'UPDATE products SET name=?, description=?, price=?, image=?, category=?, size=?, color=?, stock=? WHERE products.id = ?', ('Áo Thun Trơn Tiếng Anh cổ điển 100% Cotton Comfitex Hi Fabric 240Gsm Form Oversize Unisex Nam Nữ AT.500 VERDANT', 'Chào mừng bạn đến với cửa hàng thương hiệu VERDANT\n\n\n\nMô tả sản phẩm:\n\n\n\n- Chất liệu: 100% cotton, 200g\n\n\n\n- Họa tiết: In chất lượng cao\n\n\n\n- Màu sắc: Đen, trắng, đỏ, hồng, kem, xám, xám hoa, nâu, xanh lá đậm, xanh dương\n\n\n\n- Kiểu dáng: Dáng rộng - Dáng áo rộng rãi, phù hợp cho cả nam và nữ.\n\n\n\nBảng kích thước\n\n\n\n-S 68 cm 47 cm 19 cm 46 cm 1M50-1M60 37 kg-47 kg\n\n-M 70 cm 50 cm 20 cm 48 cm 1M60-1M70 45 kg-53 kg\n\n-L 72 cm 53 cm 21 cm 50 cm 1M70-1M75 53 kg-63 kg\n\n-XL 74 cm 56 cm 22 cm 52 cm 1M75-1M80 63 kg-75 kg\n\n-XXL 76 cm 59 cm 23 cm 54 cm 1M80-1M85 75 kg-85 kg\n\n-XXXL 78 cm 62 cm 24 cm 56 cm 1M85-1M90 85 kg-100 kg\n\n\n\nHướng dẫn sử dụng quần áo rộng rãi màu trơn Áo thun:\n\n\n\n- Nên giặt tay để áo bền lâu nhất.\n\n\n\n- Lộn trái áo khi giặt và không ngâm.\n\n\n\n- Có thể giặt máy.\n\n\n\n- Không sử dụng thuốc tẩy.\n\n\n\n- Phơi khô mặt trái và tránh ánh nắng trực tiếp.\n\n\n\nChính sách đổi trả đối với áo thun Unisex mua từ VERDANT\n\n\n\nĐiều khoản đổi trả:\n\n\n\n- Chấp nhận đổi hàng trong vòng 7 ngày kể từ ngày mua.\n\n\n\n- Vui lòng liên hệ với VERDANT trong các trường hợp sau: Hàng được đổi trả và hoàn tiền do lỗi của nhà sản xuất, lỗi vận chuyển hoặc hư hỏng trong quá trình vận chuyển.\n\n\n\n- Đối với các trường hợp đổi trả do nhu cầu hoặc kích thước cụ thể, người mua chịu chi phí vận chuyển.\n\n\n\n- Vui lòng kiểm tra bao bì vận chuyển do đơn vị vận chuyển cung cấp và quay video mở hộp chi tiết.\n\n\n\nLưu ý:\n\n\n\n- Tất cả hàng đổi trả và đổi trả phải chưa qua sử dụng và còn nguyên tem mác.\n\n\n\n- Do điều kiện ánh sáng hoặc màn hình hiển thị, màu sắc thực tế của sản phẩm có thể hơi khác so với hình ảnh.\n\nChào đón VERDANT! Chúng tôi không chỉ bán áo, chúng tôi trao bạn một tấm vé để thể hiện chính mình. Mỗi thiết kế của VERDANT là một câu chuyện, một tuyên ngôn thời trang dành riêng cho giới trẻ phá cách. Chất liệu siêu xịn, form chuẩn “sương sương”, cùng các họa tiết độc quyền chất ngầu, giúp bạn tỏa sáng theo cách riêng. VERDANT - lựa chọn của những người trẻ không ngừng cháy!', 100000.0, 'https://down-vn.img.susercontent.com/file/sg-11134201-8261e-mj9j0mvc0b2a91.webp', 'men', 'L', 'Xám', 9, 13))
2026-03-03 14:06:21,288 - aiosqlite - DEBUG - operation functools.partial(<built-in method execute of sqlite3.Cursor object at 0x00000237BF045A40>, 'UPDATE products SET name=?, description=?, price=?, image=?, category=?, size=?, color=?, stock=? WHERE products.id = ?', ('Áo Thun Trơn Tiếng Anh cổ điển 100% Cotton Comfitex Hi Fabric 240Gsm Form Oversize Unisex Nam Nữ AT.500 VERDANT', 'Chào mừng bạn đến với cửa hàng thương hiệu VERDANT\n\n\n\nMô tả sản phẩm:\n\n\n\n- Chất liệu: 100% cotton, 200g\n\n\n\n- Họa tiết: In chất lượng cao\n\n\n\n- Màu sắc: Đen, trắng, đỏ, hồng, kem, xám, xám hoa, nâu, xanh lá đậm, xanh dương\n\n\n\n- Kiểu dáng: Dáng rộng - Dáng áo rộng rãi, phù hợp cho cả nam và nữ.\n\n\n\nBảng kích thước\n\n\n\n-S 68 cm 47 cm 19 cm 46 cm 1M50-1M60 37 kg-47 kg\n\n-M 70 cm 50 cm 20 cm 48 cm 1M60-1M70 45 kg-53 kg\n\n-L 72 cm 53 cm 21 cm 50 cm 1M70-1M75 53 kg-63 kg\n\n-XL 74 cm 56 cm 22 cm 52 cm 1M75-1M80 63 kg-75 kg\n\n-XXL 76 cm 59 cm 23 cm 54 cm 1M80-1M85 75 kg-85 kg\n\n-XXXL 78 cm 62 cm 24 cm 56 cm 1M85-1M90 85 kg-100 kg\n\n\n\nHướng dẫn sử dụng quần áo rộng rãi màu trơn Áo thun:\n\n\n\n- Nên giặt tay để áo bền lâu nhất.\n\n\n\n- Lộn trái áo khi giặt và không ngâm.\n\n\n\n- Có thể giặt máy.\n\n\n\n- Không sử dụng thuốc tẩy.\n\n\n\n- Phơi khô mặt trái và tránh ánh nắng trực tiếp.\n\n\n\nChính sách đổi trả đối với áo thun Unisex mua từ VERDANT\n\n\n\nĐiều khoản đổi trả:\n\n\n\n- Chấp nhận đổi hàng trong vòng 7 ngày kể từ ngày mua.\n\n\n\n- Vui lòng liên hệ với VERDANT trong các trường hợp sau: Hàng được đổi trả và hoàn tiền do lỗi của nhà sản xuất, lỗi vận chuyển hoặc hư hỏng trong quá trình vận chuyển.\n\n\n\n- Đối với các trường hợp đổi trả do nhu cầu hoặc kích thước cụ thể, người mua chịu chi phí vận chuyển.\n\n\n\n- Vui lòng kiểm tra bao bì vận chuyển do đơn vị vận chuyển cung cấp và quay video mở hộp chi tiết.\n\n\n\nLưu ý:\n\n\n\n- Tất cả hàng đổi trả và đổi trả phải chưa qua sử dụng và còn nguyên tem mác.\n\n\n\n- Do điều kiện ánh sáng hoặc màn hình hiển thị, màu sắc thực tế của sản phẩm có thể hơi khác so với hình ảnh.\n\nChào đón VERDANT! Chúng tôi không chỉ bán áo, chúng tôi trao bạn một tấm vé để thể hiện chính mình. Mỗi thiết kế của VERDANT là một câu chuyện, một tuyên ngôn thời trang dành riêng cho giới trẻ phá cách. Chất liệu siêu xịn, form chuẩn “sương sương”, cùng các họa tiết độc quyền chất ngầu, giúp bạn tỏa sáng theo cách riêng. VERDANT - lựa chọn của những người trẻ không ngừng cháy!', 100000.0, 'https://down-vn.img.susercontent.com/file/sg-11134201-8261e-mj9j0mvc0b2a91.webp', 'men', 'L', 'Xám', 9, 13)) completed
2026-03-03 14:06:21,288 - aiosqlite - DEBUG - executing functools.partial(<built-in method close of sqlite3.Cursor object at 0x00000237BF045A40>)
2026-03-03 14:06:21,288 - aiosqlite - DEBUG - operation functools.partial(<built-in method close of sqlite3.Cursor object at 0x00000237BF045A40>) completed
2026-03-03 14:06:21,288 - aiosqlite - DEBUG - executing functools.partial(<built-in method commit of sqlite3.Connection object at 0x00000237BEFDEF20>)
2026-03-03 14:06:21,288 - aiosqlite - DEBUG - operation functools.partial(<built-in method commit of sqlite3.Connection object at 0x00000237BEFDEF20>) completed
2026-03-03 14:06:21,297 - aiosqlite - DEBUG - executing functools.partial(<built-in method rollback of sqlite3.Connection object at 0x00000237BEFDEF20>)
2026-03-03 14:06:21,297 - aiosqlite - DEBUG - operation functools.partial(<built-in method rollback of sqlite3.Connection object at 0x00000237BEFDEF20>) completed
2026-03-03 14:06:21,297 - aiosqlite - DEBUG - executing functools.partial(<built-in method close of sqlite3.Connection object at 0x00000237BEFDEF20>)
2026-03-03 14:06:21,297 - aiosqlite - DEBUG - operation functools.partial(<built-in method close of sqlite3.Connection object at 0x00000237BEFDEF20>) completed
2026-03-03 14:06:21,300 - aiosqlite - DEBUG - executing <function connect.<locals>.connector at 0x00000237BF03B9C0>
2026-03-03 14:06:21,300 - aiosqlite - DEBUG - operation <function connect.<locals>.connector at 0x00000237BF03B9C0> completed
2026-03-03 14:06:21,300 - aiosqlite - DEBUG - executing functools.partial(<built-in method create_function of sqlite3.Connection object at 0x00000237BEFDEF20>, 'regexp', 2, <function SQLiteDialect_pysqlite.on_connect.<locals>.regexp at 0x00000237BEFD8220>, deterministic=True)
2026-03-03 14:06:21,300 - aiosqlite - DEBUG - operation functools.partial(<built-in method create_function of sqlite3.Connection object at 0x00000237BEFDEF20>, 'regexp', 2, <function SQLiteDialect_pysqlite.on_connect.<locals>.regexp at 0x00000237BEFD8220>, deterministic=True) completed
2026-03-03 14:06:21,300 - aiosqlite - DEBUG - executing functools.partial(<built-in method create_function of sqlite3.Connection object at 0x00000237BEFDEF20>, 'floor', 1, <built-in function floor>, deterministic=True)
2026-03-03 14:06:21,300 - aiosqlite - DEBUG - operation functools.partial(<built-in method create_function of sqlite3.Connection object at 0x00000237BEFDEF20>, 'floor', 1, <built-in function floor>, deterministic=True) completed
2026-03-03 14:06:21,300 - aiosqlite - DEBUG - executing functools.partial(<built-in method cursor of sqlite3.Connection object at 0x00000237BEFDEF20>)
2026-03-03 14:06:21,300 - aiosqlite - DEBUG - operation functools.partial(<built-in method cursor of sqlite3.Connection object at 0x00000237BEFDEF20>) completed
2026-03-03 14:06:21,300 - aiosqlite - DEBUG - executing functools.partial(<built-in method execute of sqlite3.Cursor object at 0x00000237BF060DC0>, 'SELECT products.id, products.name, products.description, products.price, products.image, products.category, products.size, products.color, products.stock, products.created_at \nFROM products \nWHERE products.id = ?', (13,))
2026-03-03 14:06:21,300 - aiosqlite - DEBUG - operation functools.partial(<built-in method execute of sqlite3.Cursor object at 0x00000237BF060DC0>, 'SELECT products.id, products.name, products.description, products.price, products.image, products.category, products.size, products.color, products.stock, products.created_at \nFROM products \nWHERE products.id = ?', (13,)) completed
2026-03-03 14:06:21,300 - aiosqlite - DEBUG - executing functools.partial(<built-in method fetchall of sqlite3.Cursor object at 0x00000237BF060DC0>)
2026-03-03 14:06:21,300 - aiosqlite - DEBUG - operation functools.partial(<built-in method fetchall of sqlite3.Cursor object at 0x00000237BF060DC0>) completed
2026-03-03 14:06:21,300 - aiosqlite - DEBUG - executing functools.partial(<built-in method close of sqlite3.Cursor object at 0x00000237BF060DC0>)
2026-03-03 14:06:21,300 - aiosqlite - DEBUG - operation functools.partial(<built-in method close of sqlite3.Cursor object at 0x00000237BF060DC0>) completed
2026-03-03 14:06:21,300 - services.products - INFO - Updated products 13
2026-03-03 14:06:21,300 - routers.products - INFO - Products 13 updated successfully
2026-03-03 14:06:21,300 - core.database - DEBUG - [DB_OP] Database session cleanup after 0.0337s
2026-03-03 14:06:21,300 - aiosqlite - DEBUG - executing functools.partial(<built-in method rollback of sqlite3.Connection object at 0x00000237BEFDEF20>)
2026-03-03 14:06:21,310 - aiosqlite - DEBUG - operation functools.partial(<built-in method rollback of sqlite3.Connection object at 0x00000237BEFDEF20>) completed
2026-03-03 14:06:21,310 - aiosqlite - DEBUG - executing functools.partial(<built-in method rollback of sqlite3.Connection object at 0x00000237BEFDEF20>)
2026-03-03 14:06:21,310 - aiosqlite - DEBUG - operation functools.partial(<built-in method rollback of sqlite3.Connection object at 0x00000237BEFDEF20>) completed
2026-03-03 14:06:21,310 - aiosqlite - DEBUG - executing functools.partial(<built-in method close of sqlite3.Connection object at 0x00000237BEFDEF20>)
2026-03-03 14:06:21,310 - aiosqlite - DEBUG - operation functools.partial(<built-in method close of sqlite3.Connection object at 0x00000237BEFDEF20>) completed
2026-03-03 14:06:21,321 - core.database - DEBUG - [DB_OP] Starting get_db session creation
2026-03-03 14:06:21,321 - core.database - DEBUG - [DB_OP] Database session created successfully in 0.0000s
2026-03-03 14:06:21,321 - routers.products - DEBUG - Querying productss: query=None, sort=None, skip=0, limit=100, fields=None
2026-03-03 14:06:21,321 - aiosqlite - DEBUG - executing <function connect.<locals>.connector at 0x00000237BF03BB00>
2026-03-03 14:06:21,321 - aiosqlite - DEBUG - operation <function connect.<locals>.connector at 0x00000237BF03BB00> completed
2026-03-03 14:06:21,321 - aiosqlite - DEBUG - executing functools.partial(<built-in method create_function of sqlite3.Connection object at 0x00000237BEFDD3F0>, 'regexp', 2, <function SQLiteDialect_pysqlite.on_connect.<locals>.regexp at 0x00000237BEFD8220>, deterministic=True)
2026-03-03 14:06:21,321 - aiosqlite - DEBUG - operation functools.partial(<built-in method create_function of sqlite3.Connection object at 0x00000237BEFDD3F0>, 'regexp', 2, <function SQLiteDialect_pysqlite.on_connect.<locals>.regexp at 0x00000237BEFD8220>, deterministic=True) completed
2026-03-03 14:06:21,321 - aiosqlite - DEBUG - executing functools.partial(<built-in method create_function of sqlite3.Connection object at 0x00000237BEFDD3F0>, 'floor', 1, <built-in function floor>, deterministic=True)
2026-03-03 14:06:21,321 - aiosqlite - DEBUG - operation functools.partial(<built-in method create_function of sqlite3.Connection object at 0x00000237BEFDD3F0>, 'floor', 1, <built-in function floor>, deterministic=True) completed
2026-03-03 14:06:21,321 - aiosqlite - DEBUG - executing functools.partial(<built-in method cursor of sqlite3.Connection object at 0x00000237BEFDD3F0>)
2026-03-03 14:06:21,321 - aiosqlite - DEBUG - operation functools.partial(<built-in method cursor of sqlite3.Connection object at 0x00000237BEFDD3F0>) completed
2026-03-03 14:06:21,321 - aiosqlite - DEBUG - executing functools.partial(<built-in method execute of sqlite3.Cursor object at 0x00000237BF047AC0>, 'SELECT count(products.id) AS count_1 \nFROM products', ())
2026-03-03 14:06:21,330 - aiosqlite - DEBUG - operation functools.partial(<built-in method execute of sqlite3.Cursor object at 0x00000237BF047AC0>, 'SELECT count(products.id) AS count_1 \nFROM products', ()) completed
2026-03-03 14:06:21,330 - aiosqlite - DEBUG - executing functools.partial(<built-in method fetchall of sqlite3.Cursor object at 0x00000237BF047AC0>)
2026-03-03 14:06:21,330 - aiosqlite - DEBUG - operation functools.partial(<built-in method fetchall of sqlite3.Cursor object at 0x00000237BF047AC0>) completed
2026-03-03 14:06:21,330 - aiosqlite - DEBUG - executing functools.partial(<built-in method close of sqlite3.Cursor object at 0x00000237BF047AC0>)
2026-03-03 14:06:21,330 - aiosqlite - DEBUG - operation functools.partial(<built-in method close of sqlite3.Cursor object at 0x00000237BF047AC0>) completed
2026-03-03 14:06:21,330 - aiosqlite - DEBUG - executing functools.partial(<built-in method cursor of sqlite3.Connection object at 0x00000237BEFDD3F0>)
2026-03-03 14:06:21,330 - aiosqlite - DEBUG - operation functools.partial(<built-in method cursor of sqlite3.Connection object at 0x00000237BEFDD3F0>) completed
2026-03-03 14:06:21,330 - aiosqlite - DEBUG - executing functools.partial(<built-in method execute of sqlite3.Cursor object at 0x00000237BF047AC0>, 'SELECT products.id, products.name, products.description, products.price, products.image, products.category, products.size, products.color, products.stock, products.created_at \nFROM products ORDER BY products.id DESC\n LIMIT ? OFFSET ?', (100, 0))
2026-03-03 14:06:21,330 - aiosqlite - DEBUG - operation functools.partial(<built-in method execute of sqlite3.Cursor object at 0x00000237BF047AC0>, 'SELECT products.id, products.name, products.description, products.price, products.image, products.category, products.size, products.color, products.stock, products.created_at \nFROM products ORDER BY products.id DESC\n LIMIT ? OFFSET ?', (100, 0)) completed
2026-03-03 14:06:21,330 - aiosqlite - DEBUG - executing functools.partial(<built-in method fetchall of sqlite3.Cursor object at 0x00000237BF047AC0>)
2026-03-03 14:06:21,338 - aiosqlite - DEBUG - operation functools.partial(<built-in method fetchall of sqlite3.Cursor object at 0x00000237BF047AC0>) completed
2026-03-03 14:06:21,338 - aiosqlite - DEBUG - executing functools.partial(<built-in method close of sqlite3.Cursor object at 0x00000237BF047AC0>)
2026-03-03 14:06:21,338 - aiosqlite - DEBUG - operation functools.partial(<built-in method close of sqlite3.Cursor object at 0x00000237BF047AC0>) completed
2026-03-03 14:06:21,340 - routers.products - DEBUG - Found 15 productss
2026-03-03 14:06:21,340 - core.database - DEBUG - [DB_OP] Database session cleanup after 0.0197s
2026-03-03 14:06:21,340 - aiosqlite - DEBUG - executing functools.partial(<built-in method rollback of sqlite3.Connection object at 0x00000237BEFDD3F0>)
2026-03-03 14:06:21,340 - aiosqlite - DEBUG - operation functools.partial(<built-in method rollback of sqlite3.Connection object at 0x00000237BEFDD3F0>) completed
2026-03-03 14:06:21,340 - aiosqlite - DEBUG - executing functools.partial(<built-in method rollback of sqlite3.Connection object at 0x00000237BEFDD3F0>)
2026-03-03 14:06:21,340 - aiosqlite - DEBUG - operation functools.partial(<built-in method rollback of sqlite3.Connection object at 0x00000237BEFDD3F0>) completed
2026-03-03 14:06:21,340 - aiosqlite - DEBUG - executing functools.partial(<built-in method close of sqlite3.Connection object at 0x00000237BEFDD3F0>)
2026-03-03 14:06:21,340 - aiosqlite - DEBUG - operation functools.partial(<built-in method close of sqlite3.Connection object at 0x00000237BEFDD3F0>) completed
2026-03-03 14:06:51,402 - core.database - DEBUG - [DB_OP] Starting get_db session creation
2026-03-03 14:06:51,406 - core.database - DEBUG - [DB_OP] Database session created successfully in 0.0000s
2026-03-03 14:06:51,406 - routers.products - DEBUG - Querying productss: query=None, sort=None, skip=0, limit=1000, fields=None
2026-03-03 14:06:51,406 - aiosqlite - DEBUG - executing <function connect.<locals>.connector at 0x00000237BF03BB00>
2026-03-03 14:06:51,409 - aiosqlite - DEBUG - operation <function connect.<locals>.connector at 0x00000237BF03BB00> completed
2026-03-03 14:06:51,409 - aiosqlite - DEBUG - executing functools.partial(<built-in method create_function of sqlite3.Connection object at 0x00000237BEFDEF20>, 'regexp', 2, <function SQLiteDialect_pysqlite.on_connect.<locals>.regexp at 0x00000237BEFD8220>, deterministic=True)
2026-03-03 14:06:51,409 - aiosqlite - DEBUG - operation functools.partial(<built-in method create_function of sqlite3.Connection object at 0x00000237BEFDEF20>, 'regexp', 2, <function SQLiteDialect_pysqlite.on_connect.<locals>.regexp at 0x00000237BEFD8220>, deterministic=True) completed
2026-03-03 14:06:51,409 - aiosqlite - DEBUG - executing functools.partial(<built-in method create_function of sqlite3.Connection object at 0x00000237BEFDEF20>, 'floor', 1, <built-in function floor>, deterministic=True)
2026-03-03 14:06:51,409 - aiosqlite - DEBUG - operation functools.partial(<built-in method create_function of sqlite3.Connection object at 0x00000237BEFDEF20>, 'floor', 1, <built-in function floor>, deterministic=True) completed
2026-03-03 14:06:51,409 - aiosqlite - DEBUG - executing functools.partial(<built-in method cursor of sqlite3.Connection object at 0x00000237BEFDEF20>)
2026-03-03 14:06:51,409 - aiosqlite - DEBUG - operation functools.partial(<built-in method cursor of sqlite3.Connection object at 0x00000237BEFDEF20>) completed
2026-03-03 14:06:51,409 - aiosqlite - DEBUG - executing functools.partial(<built-in method execute of sqlite3.Cursor object at 0x00000237BF047540>, 'SELECT count(products.id) AS count_1 \nFROM products', ())
2026-03-03 14:06:51,409 - aiosqlite - DEBUG - operation functools.partial(<built-in method execute of sqlite3.Cursor object at 0x00000237BF047540>, 'SELECT count(products.id) AS count_1 \nFROM products', ()) completed
2026-03-03 14:06:51,416 - aiosqlite - DEBUG - executing functools.partial(<built-in method fetchall of sqlite3.Cursor object at 0x00000237BF047540>)
2026-03-03 14:06:51,416 - aiosqlite - DEBUG - operation functools.partial(<built-in method fetchall of sqlite3.Cursor object at 0x00000237BF047540>) completed
2026-03-03 14:06:51,416 - aiosqlite - DEBUG - executing functools.partial(<built-in method close of sqlite3.Cursor object at 0x00000237BF047540>)
2026-03-03 14:06:51,416 - aiosqlite - DEBUG - operation functools.partial(<built-in method close of sqlite3.Cursor object at 0x00000237BF047540>) completed
2026-03-03 14:06:51,416 - aiosqlite - DEBUG - executing functools.partial(<built-in method cursor of sqlite3.Connection object at 0x00000237BEFDEF20>)
2026-03-03 14:06:51,416 - aiosqlite - DEBUG - operation functools.partial(<built-in method cursor of sqlite3.Connection object at 0x00000237BEFDEF20>) completed
2026-03-03 14:06:51,416 - aiosqlite - DEBUG - executing functools.partial(<built-in method execute of sqlite3.Cursor object at 0x00000237BF047540>, 'SELECT products.id, products.name, products.description, products.price, products.image, products.category, products.size, products.color, products.stock, products.created_at \nFROM products ORDER BY products.id DESC\n LIMIT ? OFFSET ?', (1000, 0))
2026-03-03 14:06:51,416 - aiosqlite - DEBUG - operation functools.partial(<built-in method execute of sqlite3.Cursor object at 0x00000237BF047540>, 'SELECT products.id, products.name, products.description, products.price, products.image, products.category, products.size, products.color, products.stock, products.created_at \nFROM products ORDER BY products.id DESC\n LIMIT ? OFFSET ?', (1000, 0)) completed
2026-03-03 14:06:51,416 - aiosqlite - DEBUG - executing functools.partial(<built-in method fetchall of sqlite3.Cursor object at 0x00000237BF047540>)
2026-03-03 14:06:51,416 - aiosqlite - DEBUG - operation functools.partial(<built-in method fetchall of sqlite3.Cursor object at 0x00000237BF047540>) completed
2026-03-03 14:06:51,416 - aiosqlite - DEBUG - executing functools.partial(<built-in method close of sqlite3.Cursor object at 0x00000237BF047540>)
2026-03-03 14:06:51,416 - aiosqlite - DEBUG - operation functools.partial(<built-in method close of sqlite3.Cursor object at 0x00000237BF047540>) completed
2026-03-03 14:06:51,426 - routers.products - DEBUG - Found 15 productss
2026-03-03 14:06:51,426 - core.database - DEBUG - [DB_OP] Database session cleanup after 0.0247s
2026-03-03 14:06:51,426 - aiosqlite - DEBUG - executing functools.partial(<built-in method rollback of sqlite3.Connection object at 0x00000237BEFDEF20>)
2026-03-03 14:06:51,426 - aiosqlite - DEBUG - operation functools.partial(<built-in method rollback of sqlite3.Connection object at 0x00000237BEFDEF20>) completed
2026-03-03 14:06:51,426 - aiosqlite - DEBUG - executing functools.partial(<built-in method rollback of sqlite3.Connection object at 0x00000237BEFDEF20>)
2026-03-03 14:06:51,426 - aiosqlite - DEBUG - operation functools.partial(<built-in method rollback of sqlite3.Connection object at 0x00000237BEFDEF20>) completed
2026-03-03 14:06:51,426 - aiosqlite - DEBUG - executing functools.partial(<built-in method close of sqlite3.Connection object at 0x00000237BEFDEF20>)
2026-03-03 14:06:51,426 - aiosqlite - DEBUG - operation functools.partial(<built-in method close of sqlite3.Connection object at 0x00000237BEFDEF20>) completed
2026-03-03 14:09:33,436 - core.database - DEBUG - [DB_OP] Starting get_db session creation
2026-03-03 14:09:33,436 - core.database - DEBUG - [DB_OP] Database session created successfully in 0.0000s
2026-03-03 14:09:33,436 - routers.products - DEBUG - Querying productss: query=None, sort=None, skip=0, limit=1000, fields=None
2026-03-03 14:09:33,436 - aiosqlite - DEBUG - executing <function connect.<locals>.connector at 0x00000237BF03BCE0>
2026-03-03 14:09:33,436 - aiosqlite - DEBUG - operation <function connect.<locals>.connector at 0x00000237BF03BCE0> completed
2026-03-03 14:09:33,436 - aiosqlite - DEBUG - executing functools.partial(<built-in method create_function of sqlite3.Connection object at 0x00000237BEFDD5D0>, 'regexp', 2, <function SQLiteDialect_pysqlite.on_connect.<locals>.regexp at 0x00000237BEFD8220>, deterministic=True)
2026-03-03 14:09:33,436 - aiosqlite - DEBUG - operation functools.partial(<built-in method create_function of sqlite3.Connection object at 0x00000237BEFDD5D0>, 'regexp', 2, <function SQLiteDialect_pysqlite.on_connect.<locals>.regexp at 0x00000237BEFD8220>, deterministic=True) completed
2026-03-03 14:09:33,436 - aiosqlite - DEBUG - executing functools.partial(<built-in method create_function of sqlite3.Connection object at 0x00000237BEFDD5D0>, 'floor', 1, <built-in function floor>, deterministic=True)
2026-03-03 14:09:33,436 - aiosqlite - DEBUG - operation functools.partial(<built-in method create_function of sqlite3.Connection object at 0x00000237BEFDD5D0>, 'floor', 1, <built-in function floor>, deterministic=True) completed
2026-03-03 14:09:33,436 - aiosqlite - DEBUG - executing functools.partial(<built-in method cursor of sqlite3.Connection object at 0x00000237BEFDD5D0>)
2026-03-03 14:09:33,436 - aiosqlite - DEBUG - operation functools.partial(<built-in method cursor of sqlite3.Connection object at 0x00000237BEFDD5D0>) completed
2026-03-03 14:09:33,445 - aiosqlite - DEBUG - executing functools.partial(<built-in method execute of sqlite3.Cursor object at 0x00000237BF060FC0>, 'SELECT count(products.id) AS count_1 \nFROM products', ())
2026-03-03 14:09:33,445 - aiosqlite - DEBUG - operation functools.partial(<built-in method execute of sqlite3.Cursor object at 0x00000237BF060FC0>, 'SELECT count(products.id) AS count_1 \nFROM products', ()) completed
2026-03-03 14:09:33,445 - aiosqlite - DEBUG - executing functools.partial(<built-in method fetchall of sqlite3.Cursor object at 0x00000237BF060FC0>)
2026-03-03 14:09:33,445 - aiosqlite - DEBUG - operation functools.partial(<built-in method fetchall of sqlite3.Cursor object at 0x00000237BF060FC0>) completed
2026-03-03 14:09:33,445 - aiosqlite - DEBUG - executing functools.partial(<built-in method close of sqlite3.Cursor object at 0x00000237BF060FC0>)
2026-03-03 14:09:33,445 - aiosqlite - DEBUG - operation functools.partial(<built-in method close of sqlite3.Cursor object at 0x00000237BF060FC0>) completed
2026-03-03 14:09:33,445 - aiosqlite - DEBUG - executing functools.partial(<built-in method cursor of sqlite3.Connection object at 0x00000237BEFDD5D0>)
2026-03-03 14:09:33,445 - aiosqlite - DEBUG - operation functools.partial(<built-in method cursor of sqlite3.Connection object at 0x00000237BEFDD5D0>) completed
2026-03-03 14:09:33,445 - aiosqlite - DEBUG - executing functools.partial(<built-in method execute of sqlite3.Cursor object at 0x00000237BF060FC0>, 'SELECT products.id, products.name, products.description, products.price, products.image, products.category, products.size, products.color, products.stock, products.created_at \nFROM products ORDER BY products.id DESC\n LIMIT ? OFFSET ?', (1000, 0))
2026-03-03 14:09:33,445 - aiosqlite - DEBUG - operation functools.partial(<built-in method execute of sqlite3.Cursor object at 0x00000237BF060FC0>, 'SELECT products.id, products.name, products.description, products.price, products.image, products.category, products.size, products.color, products.stock, products.created_at \nFROM products ORDER BY products.id DESC\n LIMIT ? OFFSET ?', (1000, 0)) completed
2026-03-03 14:09:33,445 - aiosqlite - DEBUG - executing functools.partial(<built-in method fetchall of sqlite3.Cursor object at 0x00000237BF060FC0>)
2026-03-03 14:09:33,445 - aiosqlite - DEBUG - operation functools.partial(<built-in method fetchall of sqlite3.Cursor object at 0x00000237BF060FC0>) completed
2026-03-03 14:09:33,445 - aiosqlite - DEBUG - executing functools.partial(<built-in method close of sqlite3.Cursor object at 0x00000237BF060FC0>)
2026-03-03 14:09:33,453 - aiosqlite - DEBUG - operation functools.partial(<built-in method close of sqlite3.Cursor object at 0x00000237BF060FC0>) completed
2026-03-03 14:09:33,453 - routers.products - DEBUG - Found 15 productss
2026-03-03 14:09:33,453 - core.database - DEBUG - [DB_OP] Database session cleanup after 0.0171s
2026-03-03 14:09:33,453 - aiosqlite - DEBUG - executing functools.partial(<built-in method rollback of sqlite3.Connection object at 0x00000237BEFDD5D0>)
2026-03-03 14:09:33,453 - aiosqlite - DEBUG - operation functools.partial(<built-in method rollback of sqlite3.Connection object at 0x00000237BEFDD5D0>) completed
2026-03-03 14:09:33,453 - aiosqlite - DEBUG - executing functools.partial(<built-in method rollback of sqlite3.Connection object at 0x00000237BEFDD5D0>)
2026-03-03 14:09:33,453 - aiosqlite - DEBUG - operation functools.partial(<built-in method rollback of sqlite3.Connection object at 0x00000237BEFDD5D0>) completed
2026-03-03 14:09:33,453 - aiosqlite - DEBUG - executing functools.partial(<built-in method close of sqlite3.Connection object at 0x00000237BEFDD5D0>)
2026-03-03 14:09:33,453 - aiosqlite - DEBUG - operation functools.partial(<built-in method close of sqlite3.Connection object at 0x00000237BEFDD5D0>) completed
2026-03-03 14:09:57,416 - core.database - DEBUG - [DB_OP] Starting get_db session creation
2026-03-03 14:09:57,416 - core.database - DEBUG - [DB_OP] Database session created successfully in 0.0000s
2026-03-03 14:09:57,416 - routers.products - DEBUG - Querying productss: query=None, sort=None, skip=0, limit=100, fields=None
2026-03-03 14:09:57,416 - aiosqlite - DEBUG - executing <function connect.<locals>.connector at 0x00000237BF03BD80>
2026-03-03 14:09:57,416 - aiosqlite - DEBUG - operation <function connect.<locals>.connector at 0x00000237BF03BD80> completed
2026-03-03 14:09:57,416 - aiosqlite - DEBUG - executing functools.partial(<built-in method create_function of sqlite3.Connection object at 0x00000237BEFDC4F0>, 'regexp', 2, <function SQLiteDialect_pysqlite.on_connect.<locals>.regexp at 0x00000237BEFD8220>, deterministic=True)
2026-03-03 14:09:57,416 - aiosqlite - DEBUG - operation functools.partial(<built-in method create_function of sqlite3.Connection object at 0x00000237BEFDC4F0>, 'regexp', 2, <function SQLiteDialect_pysqlite.on_connect.<locals>.regexp at 0x00000237BEFD8220>, deterministic=True) completed
2026-03-03 14:09:57,416 - aiosqlite - DEBUG - executing functools.partial(<built-in method create_function of sqlite3.Connection object at 0x00000237BEFDC4F0>, 'floor', 1, <built-in function floor>, deterministic=True)
2026-03-03 14:09:57,416 - aiosqlite - DEBUG - operation functools.partial(<built-in method create_function of sqlite3.Connection object at 0x00000237BEFDC4F0>, 'floor', 1, <built-in function floor>, deterministic=True) completed
2026-03-03 14:09:57,426 - aiosqlite - DEBUG - executing functools.partial(<built-in method cursor of sqlite3.Connection object at 0x00000237BEFDC4F0>)
2026-03-03 14:09:57,426 - aiosqlite - DEBUG - operation functools.partial(<built-in method cursor of sqlite3.Connection object at 0x00000237BEFDC4F0>) completed
2026-03-03 14:09:57,426 - aiosqlite - DEBUG - executing functools.partial(<built-in method execute of sqlite3.Cursor object at 0x00000237BF046740>, 'SELECT count(products.id) AS count_1 \nFROM products', ())
2026-03-03 14:09:57,426 - aiosqlite - DEBUG - operation functools.partial(<built-in method execute of sqlite3.Cursor object at 0x00000237BF046740>, 'SELECT count(products.id) AS count_1 \nFROM products', ()) completed
2026-03-03 14:09:57,430 - aiosqlite - DEBUG - executing functools.partial(<built-in method fetchall of sqlite3.Cursor object at 0x00000237BF046740>)
2026-03-03 14:09:57,430 - aiosqlite - DEBUG - operation functools.partial(<built-in method fetchall of sqlite3.Cursor object at 0x00000237BF046740>) completed
2026-03-03 14:09:57,430 - aiosqlite - DEBUG - executing functools.partial(<built-in method close of sqlite3.Cursor object at 0x00000237BF046740>)
2026-03-03 14:09:57,430 - aiosqlite - DEBUG - operation functools.partial(<built-in method close of sqlite3.Cursor object at 0x00000237BF046740>) completed
2026-03-03 14:09:57,430 - aiosqlite - DEBUG - executing functools.partial(<built-in method cursor of sqlite3.Connection object at 0x00000237BEFDC4F0>)
2026-03-03 14:09:57,430 - aiosqlite - DEBUG - operation functools.partial(<built-in method cursor of sqlite3.Connection object at 0x00000237BEFDC4F0>) completed
2026-03-03 14:09:57,436 - aiosqlite - DEBUG - executing functools.partial(<built-in method execute of sqlite3.Cursor object at 0x00000237BF046740>, 'SELECT products.id, products.name, products.description, products.price, products.image, products.category, products.size, products.color, products.stock, products.created_at \nFROM products ORDER BY products.id DESC\n LIMIT ? OFFSET ?', (100, 0))
2026-03-03 14:09:57,436 - aiosqlite - DEBUG - operation functools.partial(<built-in method execute of sqlite3.Cursor object at 0x00000237BF046740>, 'SELECT products.id, products.name, products.description, products.price, products.image, products.category, products.size, products.color, products.stock, products.created_at \nFROM products ORDER BY products.id DESC\n LIMIT ? OFFSET ?', (100, 0)) completed
2026-03-03 14:09:57,439 - aiosqlite - DEBUG - executing functools.partial(<built-in method fetchall of sqlite3.Cursor object at 0x00000237BF046740>)
2026-03-03 14:09:57,439 - aiosqlite - DEBUG - operation functools.partial(<built-in method fetchall of sqlite3.Cursor object at 0x00000237BF046740>) completed
2026-03-03 14:09:57,439 - aiosqlite - DEBUG - executing functools.partial(<built-in method close of sqlite3.Cursor object at 0x00000237BF046740>)
2026-03-03 14:09:57,439 - aiosqlite - DEBUG - operation functools.partial(<built-in method close of sqlite3.Cursor object at 0x00000237BF046740>) completed
2026-03-03 14:09:57,439 - routers.products - DEBUG - Found 15 productss
2026-03-03 14:09:57,439 - core.database - DEBUG - [DB_OP] Database session cleanup after 0.0234s
2026-03-03 14:09:57,447 - aiosqlite - DEBUG - executing functools.partial(<built-in method rollback of sqlite3.Connection object at 0x00000237BEFDC4F0>)
2026-03-03 14:09:57,447 - aiosqlite - DEBUG - operation functools.partial(<built-in method rollback of sqlite3.Connection object at 0x00000237BEFDC4F0>) completed
2026-03-03 14:09:57,448 - aiosqlite - DEBUG - executing functools.partial(<built-in method rollback of sqlite3.Connection object at 0x00000237BEFDC4F0>)
2026-03-03 14:09:57,448 - aiosqlite - DEBUG - operation functools.partial(<built-in method rollback of sqlite3.Connection object at 0x00000237BEFDC4F0>) completed
2026-03-03 14:09:57,448 - aiosqlite - DEBUG - executing functools.partial(<built-in method close of sqlite3.Connection object at 0x00000237BEFDC4F0>)
2026-03-03 14:09:57,448 - aiosqlite - DEBUG - operation functools.partial(<built-in method close of sqlite3.Connection object at 0x00000237BEFDC4F0>) completed
2026-03-03 14:10:03,246 - core.database - DEBUG - [DB_OP] Starting get_db session creation
2026-03-03 14:10:03,246 - core.database - DEBUG - [DB_OP] Database session created successfully in 0.0000s
2026-03-03 14:10:03,246 - routers.products - DEBUG - Querying productss: query=None, sort=None, skip=0, limit=1000, fields=None
2026-03-03 14:10:03,246 - aiosqlite - DEBUG - executing <function connect.<locals>.connector at 0x00000237BF03B1A0>
2026-03-03 14:10:03,246 - aiosqlite - DEBUG - operation <function connect.<locals>.connector at 0x00000237BF03B1A0> completed
2026-03-03 14:10:03,246 - aiosqlite - DEBUG - executing functools.partial(<built-in method create_function of sqlite3.Connection object at 0x00000237BEFDD5D0>, 'regexp', 2, <function SQLiteDialect_pysqlite.on_connect.<locals>.regexp at 0x00000237BEFD8220>, deterministic=True)
2026-03-03 14:10:03,246 - aiosqlite - DEBUG - operation functools.partial(<built-in method create_function of sqlite3.Connection object at 0x00000237BEFDD5D0>, 'regexp', 2, <function SQLiteDialect_pysqlite.on_connect.<locals>.regexp at 0x00000237BEFD8220>, deterministic=True) completed
2026-03-03 14:10:03,246 - aiosqlite - DEBUG - executing functools.partial(<built-in method create_function of sqlite3.Connection object at 0x00000237BEFDD5D0>, 'floor', 1, <built-in function floor>, deterministic=True)
2026-03-03 14:10:03,246 - aiosqlite - DEBUG - operation functools.partial(<built-in method create_function of sqlite3.Connection object at 0x00000237BEFDD5D0>, 'floor', 1, <built-in function floor>, deterministic=True) completed
2026-03-03 14:10:03,255 - aiosqlite - DEBUG - executing functools.partial(<built-in method cursor of sqlite3.Connection object at 0x00000237BEFDD5D0>)
2026-03-03 14:10:03,255 - aiosqlite - DEBUG - operation functools.partial(<built-in method cursor of sqlite3.Connection object at 0x00000237BEFDD5D0>) completed
2026-03-03 14:10:03,255 - aiosqlite - DEBUG - executing functools.partial(<built-in method execute of sqlite3.Cursor object at 0x00000237BF047540>, 'SELECT count(products.id) AS count_1 \nFROM products', ())
2026-03-03 14:10:03,255 - aiosqlite - DEBUG - operation functools.partial(<built-in method execute of sqlite3.Cursor object at 0x00000237BF047540>, 'SELECT count(products.id) AS count_1 \nFROM products', ()) completed
2026-03-03 14:10:03,255 - aiosqlite - DEBUG - executing functools.partial(<built-in method fetchall of sqlite3.Cursor object at 0x00000237BF047540>)
2026-03-03 14:10:03,255 - aiosqlite - DEBUG - operation functools.partial(<built-in method fetchall of sqlite3.Cursor object at 0x00000237BF047540>) completed
2026-03-03 14:10:03,255 - aiosqlite - DEBUG - executing functools.partial(<built-in method close of sqlite3.Cursor object at 0x00000237BF047540>)
2026-03-03 14:10:03,255 - aiosqlite - DEBUG - operation functools.partial(<built-in method close of sqlite3.Cursor object at 0x00000237BF047540>) completed
2026-03-03 14:10:03,255 - aiosqlite - DEBUG - executing functools.partial(<built-in method cursor of sqlite3.Connection object at 0x00000237BEFDD5D0>)
2026-03-03 14:10:03,255 - aiosqlite - DEBUG - operation functools.partial(<built-in method cursor of sqlite3.Connection object at 0x00000237BEFDD5D0>) completed
2026-03-03 14:10:03,255 - aiosqlite - DEBUG - executing functools.partial(<built-in method execute of sqlite3.Cursor object at 0x00000237BF047540>, 'SELECT products.id, products.name, products.description, products.price, products.image, products.category, products.size, products.color, products.stock, products.created_at \nFROM products ORDER BY products.id DESC\n LIMIT ? OFFSET ?', (1000, 0))
2026-03-03 14:10:03,255 - aiosqlite - DEBUG - operation functools.partial(<built-in method execute of sqlite3.Cursor object at 0x00000237BF047540>, 'SELECT products.id, products.name, products.description, products.price, products.image, products.category, products.size, products.color, products.stock, products.created_at \nFROM products ORDER BY products.id DESC\n LIMIT ? OFFSET ?', (1000, 0)) completed
2026-03-03 14:10:03,255 - aiosqlite - DEBUG - executing functools.partial(<built-in method fetchall of sqlite3.Cursor object at 0x00000237BF047540>)
2026-03-03 14:10:03,263 - aiosqlite - DEBUG - operation functools.partial(<built-in method fetchall of sqlite3.Cursor object at 0x00000237BF047540>) completed
2026-03-03 14:10:03,263 - aiosqlite - DEBUG - executing functools.partial(<built-in method close of sqlite3.Cursor object at 0x00000237BF047540>)
2026-03-03 14:10:03,263 - aiosqlite - DEBUG - operation functools.partial(<built-in method close of sqlite3.Cursor object at 0x00000237BF047540>) completed
2026-03-03 14:10:03,263 - routers.products - DEBUG - Found 15 productss
2026-03-03 14:10:03,263 - core.database - DEBUG - [DB_OP] Database session cleanup after 0.0171s
2026-03-03 14:10:03,263 - aiosqlite - DEBUG - executing functools.partial(<built-in method rollback of sqlite3.Connection object at 0x00000237BEFDD5D0>)
2026-03-03 14:10:03,263 - aiosqlite - DEBUG - operation functools.partial(<built-in method rollback of sqlite3.Connection object at 0x00000237BEFDD5D0>) completed
2026-03-03 14:10:03,263 - aiosqlite - DEBUG - executing functools.partial(<built-in method rollback of sqlite3.Connection object at 0x00000237BEFDD5D0>)
2026-03-03 14:10:03,263 - aiosqlite - DEBUG - operation functools.partial(<built-in method rollback of sqlite3.Connection object at 0x00000237BEFDD5D0>) completed
2026-03-03 14:10:03,263 - aiosqlite - DEBUG - executing functools.partial(<built-in method close of sqlite3.Connection object at 0x00000237BEFDD5D0>)
2026-03-03 14:10:03,263 - aiosqlite - DEBUG - operation functools.partial(<built-in method close of sqlite3.Connection object at 0x00000237BEFDD5D0>) completed
2026-03-03 14:14:10,902 - core.database - DEBUG - [DB_OP] Starting get_db session creation
2026-03-03 14:14:10,902 - core.database - DEBUG - [DB_OP] Database session created successfully in 0.0000s
2026-03-03 14:14:10,902 - routers.products - DEBUG - Querying productss: query=None, sort=None, skip=0, limit=100, fields=None
2026-03-03 14:14:10,906 - aiosqlite - DEBUG - executing <function connect.<locals>.connector at 0x00000237BF039F80>
2026-03-03 14:14:10,906 - aiosqlite - DEBUG - operation <function connect.<locals>.connector at 0x00000237BF039F80> completed
2026-03-03 14:14:10,906 - aiosqlite - DEBUG - executing functools.partial(<built-in method create_function of sqlite3.Connection object at 0x00000237BEFDC4F0>, 'regexp', 2, <function SQLiteDialect_pysqlite.on_connect.<locals>.regexp at 0x00000237BEFD8220>, deterministic=True)
2026-03-03 14:14:10,906 - aiosqlite - DEBUG - operation functools.partial(<built-in method create_function of sqlite3.Connection object at 0x00000237BEFDC4F0>, 'regexp', 2, <function SQLiteDialect_pysqlite.on_connect.<locals>.regexp at 0x00000237BEFD8220>, deterministic=True) completed
2026-03-03 14:14:10,906 - aiosqlite - DEBUG - executing functools.partial(<built-in method create_function of sqlite3.Connection object at 0x00000237BEFDC4F0>, 'floor', 1, <built-in function floor>, deterministic=True)
2026-03-03 14:14:10,906 - aiosqlite - DEBUG - operation functools.partial(<built-in method create_function of sqlite3.Connection object at 0x00000237BEFDC4F0>, 'floor', 1, <built-in function floor>, deterministic=True) completed
2026-03-03 14:14:10,906 - aiosqlite - DEBUG - executing functools.partial(<built-in method cursor of sqlite3.Connection object at 0x00000237BEFDC4F0>)
2026-03-03 14:14:10,906 - aiosqlite - DEBUG - operation functools.partial(<built-in method cursor of sqlite3.Connection object at 0x00000237BEFDC4F0>) completed
2026-03-03 14:14:10,906 - aiosqlite - DEBUG - executing functools.partial(<built-in method execute of sqlite3.Cursor object at 0x00000237BF060440>, 'SELECT count(products.id) AS count_1 \nFROM products', ())
2026-03-03 14:14:10,906 - aiosqlite - DEBUG - operation functools.partial(<built-in method execute of sqlite3.Cursor object at 0x00000237BF060440>, 'SELECT count(products.id) AS count_1 \nFROM products', ()) completed
2026-03-03 14:14:10,906 - aiosqlite - DEBUG - executing functools.partial(<built-in method fetchall of sqlite3.Cursor object at 0x00000237BF060440>)
2026-03-03 14:14:10,906 - aiosqlite - DEBUG - operation functools.partial(<built-in method fetchall of sqlite3.Cursor object at 0x00000237BF060440>) completed
2026-03-03 14:14:10,906 - aiosqlite - DEBUG - executing functools.partial(<built-in method close of sqlite3.Cursor object at 0x00000237BF060440>)
2026-03-03 14:14:10,916 - aiosqlite - DEBUG - operation functools.partial(<built-in method close of sqlite3.Cursor object at 0x00000237BF060440>) completed
2026-03-03 14:14:10,916 - aiosqlite - DEBUG - executing functools.partial(<built-in method cursor of sqlite3.Connection object at 0x00000237BEFDC4F0>)
2026-03-03 14:14:10,916 - aiosqlite - DEBUG - operation functools.partial(<built-in method cursor of sqlite3.Connection object at 0x00000237BEFDC4F0>) completed
2026-03-03 14:14:10,916 - aiosqlite - DEBUG - executing functools.partial(<built-in method execute of sqlite3.Cursor object at 0x00000237BF060440>, 'SELECT products.id, products.name, products.description, products.price, products.image, products.category, products.size, products.color, products.stock, products.created_at \nFROM products ORDER BY products.id DESC\n LIMIT ? OFFSET ?', (100, 0))
2026-03-03 14:14:10,916 - aiosqlite - DEBUG - operation functools.partial(<built-in method execute of sqlite3.Cursor object at 0x00000237BF060440>, 'SELECT products.id, products.name, products.description, products.price, products.image, products.category, products.size, products.color, products.stock, products.created_at \nFROM products ORDER BY products.id DESC\n LIMIT ? OFFSET ?', (100, 0)) completed
2026-03-03 14:14:10,916 - aiosqlite - DEBUG - executing functools.partial(<built-in method fetchall of sqlite3.Cursor object at 0x00000237BF060440>)
2026-03-03 14:14:10,916 - aiosqlite - DEBUG - operation functools.partial(<built-in method fetchall of sqlite3.Cursor object at 0x00000237BF060440>) completed
2026-03-03 14:14:10,916 - aiosqlite - DEBUG - executing functools.partial(<built-in method close of sqlite3.Cursor object at 0x00000237BF060440>)
2026-03-03 14:14:10,926 - aiosqlite - DEBUG - operation functools.partial(<built-in method close of sqlite3.Cursor object at 0x00000237BF060440>) completed
2026-03-03 14:14:10,926 - routers.products - DEBUG - Found 15 productss
2026-03-03 14:14:10,926 - core.database - DEBUG - [DB_OP] Database session cleanup after 0.0232s
2026-03-03 14:14:10,926 - aiosqlite - DEBUG - executing functools.partial(<built-in method rollback of sqlite3.Connection object at 0x00000237BEFDC4F0>)
2026-03-03 14:14:10,926 - aiosqlite - DEBUG - operation functools.partial(<built-in method rollback of sqlite3.Connection object at 0x00000237BEFDC4F0>) completed
2026-03-03 14:14:10,926 - aiosqlite - DEBUG - executing functools.partial(<built-in method rollback of sqlite3.Connection object at 0x00000237BEFDC4F0>)
2026-03-03 14:14:10,926 - aiosqlite - DEBUG - operation functools.partial(<built-in method rollback of sqlite3.Connection object at 0x00000237BEFDC4F0>) completed
2026-03-03 14:14:10,926 - aiosqlite - DEBUG - executing functools.partial(<built-in method close of sqlite3.Connection object at 0x00000237BEFDC4F0>)
2026-03-03 14:14:10,926 - aiosqlite - DEBUG - operation functools.partial(<built-in method close of sqlite3.Connection object at 0x00000237BEFDC4F0>) completed
2026-03-03 14:14:16,259 - core.database - DEBUG - [DB_OP] Starting get_db session creation
2026-03-03 14:14:16,259 - core.database - DEBUG - [DB_OP] Database session created successfully in 0.0000s
2026-03-03 14:14:16,259 - routers.products - DEBUG - Querying productss: query=None, sort=None, skip=0, limit=1000, fields=None
2026-03-03 14:14:16,259 - aiosqlite - DEBUG - executing <function connect.<locals>.connector at 0x00000237BF03A0C0>
2026-03-03 14:14:16,259 - aiosqlite - DEBUG - operation <function connect.<locals>.connector at 0x00000237BF03A0C0> completed
2026-03-03 14:14:16,259 - aiosqlite - DEBUG - executing functools.partial(<built-in method create_function of sqlite3.Connection object at 0x00000237BEFDD5D0>, 'regexp', 2, <function SQLiteDialect_pysqlite.on_connect.<locals>.regexp at 0x00000237BEFD8220>, deterministic=True)
2026-03-03 14:14:16,259 - aiosqlite - DEBUG - operation functools.partial(<built-in method create_function of sqlite3.Connection object at 0x00000237BEFDD5D0>, 'regexp', 2, <function SQLiteDialect_pysqlite.on_connect.<locals>.regexp at 0x00000237BEFD8220>, deterministic=True) completed
2026-03-03 14:14:16,259 - aiosqlite - DEBUG - executing functools.partial(<built-in method create_function of sqlite3.Connection object at 0x00000237BEFDD5D0>, 'floor', 1, <built-in function floor>, deterministic=True)
2026-03-03 14:14:16,259 - aiosqlite - DEBUG - operation functools.partial(<built-in method create_function of sqlite3.Connection object at 0x00000237BEFDD5D0>, 'floor', 1, <built-in function floor>, deterministic=True) completed
2026-03-03 14:14:16,267 - aiosqlite - DEBUG - executing functools.partial(<built-in method cursor of sqlite3.Connection object at 0x00000237BEFDD5D0>)
2026-03-03 14:14:16,267 - aiosqlite - DEBUG - operation functools.partial(<built-in method cursor of sqlite3.Connection object at 0x00000237BEFDD5D0>) completed
2026-03-03 14:14:16,267 - aiosqlite - DEBUG - executing functools.partial(<built-in method execute of sqlite3.Cursor object at 0x00000237BF060D40>, 'SELECT count(products.id) AS count_1 \nFROM products', ())
2026-03-03 14:14:16,267 - aiosqlite - DEBUG - operation functools.partial(<built-in method execute of sqlite3.Cursor object at 0x00000237BF060D40>, 'SELECT count(products.id) AS count_1 \nFROM products', ()) completed
2026-03-03 14:14:16,267 - aiosqlite - DEBUG - executing functools.partial(<built-in method fetchall of sqlite3.Cursor object at 0x00000237BF060D40>)
2026-03-03 14:14:16,267 - aiosqlite - DEBUG - operation functools.partial(<built-in method fetchall of sqlite3.Cursor object at 0x00000237BF060D40>) completed
2026-03-03 14:14:16,267 - aiosqlite - DEBUG - executing functools.partial(<built-in method close of sqlite3.Cursor object at 0x00000237BF060D40>)
2026-03-03 14:14:16,267 - aiosqlite - DEBUG - operation functools.partial(<built-in method close of sqlite3.Cursor object at 0x00000237BF060D40>) completed
2026-03-03 14:14:16,267 - aiosqlite - DEBUG - executing functools.partial(<built-in method cursor of sqlite3.Connection object at 0x00000237BEFDD5D0>)
2026-03-03 14:14:16,267 - aiosqlite - DEBUG - operation functools.partial(<built-in method cursor of sqlite3.Connection object at 0x00000237BEFDD5D0>) completed
2026-03-03 14:14:16,267 - aiosqlite - DEBUG - executing functools.partial(<built-in method execute of sqlite3.Cursor object at 0x00000237BF060D40>, 'SELECT products.id, products.name, products.description, products.price, products.image, products.category, products.size, products.color, products.stock, products.created_at \nFROM products ORDER BY products.id DESC\n LIMIT ? OFFSET ?', (1000, 0))
2026-03-03 14:14:16,267 - aiosqlite - DEBUG - operation functools.partial(<built-in method execute of sqlite3.Cursor object at 0x00000237BF060D40>, 'SELECT products.id, products.name, products.description, products.price, products.image, products.category, products.size, products.color, products.stock, products.created_at \nFROM products ORDER BY products.id DESC\n LIMIT ? OFFSET ?', (1000, 0)) completed
2026-03-03 14:14:16,275 - aiosqlite - DEBUG - executing functools.partial(<built-in method fetchall of sqlite3.Cursor object at 0x00000237BF060D40>)
2026-03-03 14:14:16,275 - aiosqlite - DEBUG - operation functools.partial(<built-in method fetchall of sqlite3.Cursor object at 0x00000237BF060D40>) completed
2026-03-03 14:14:16,275 - aiosqlite - DEBUG - executing functools.partial(<built-in method close of sqlite3.Cursor object at 0x00000237BF060D40>)
2026-03-03 14:14:16,275 - aiosqlite - DEBUG - operation functools.partial(<built-in method close of sqlite3.Cursor object at 0x00000237BF060D40>) completed
2026-03-03 14:14:16,275 - routers.products - DEBUG - Found 15 productss
2026-03-03 14:14:16,275 - core.database - DEBUG - [DB_OP] Database session cleanup after 0.0160s
2026-03-03 14:14:16,275 - aiosqlite - DEBUG - executing functools.partial(<built-in method rollback of sqlite3.Connection object at 0x00000237BEFDD5D0>)
2026-03-03 14:14:16,275 - aiosqlite - DEBUG - operation functools.partial(<built-in method rollback of sqlite3.Connection object at 0x00000237BEFDD5D0>) completed
2026-03-03 14:14:16,275 - aiosqlite - DEBUG - executing functools.partial(<built-in method rollback of sqlite3.Connection object at 0x00000237BEFDD5D0>)
2026-03-03 14:14:16,275 - aiosqlite - DEBUG - operation functools.partial(<built-in method rollback of sqlite3.Connection object at 0x00000237BEFDD5D0>) completed
2026-03-03 14:14:16,275 - aiosqlite - DEBUG - executing functools.partial(<built-in method close of sqlite3.Connection object at 0x00000237BEFDD5D0>)
2026-03-03 14:14:16,283 - aiosqlite - DEBUG - operation functools.partial(<built-in method close of sqlite3.Connection object at 0x00000237BEFDD5D0>) completed
2026-03-03 14:14:27,926 - core.database - DEBUG - [DB_OP] Starting get_db session creation
2026-03-03 14:14:27,926 - core.database - DEBUG - [DB_OP] Database session created successfully in 0.0000s
2026-03-03 14:14:27,926 - routers.products - DEBUG - Querying productss: query=None, sort=None, skip=0, limit=100, fields=None
2026-03-03 14:14:27,926 - aiosqlite - DEBUG - executing <function connect.<locals>.connector at 0x00000237BF03B9C0>
2026-03-03 14:14:27,926 - aiosqlite - DEBUG - operation <function connect.<locals>.connector at 0x00000237BF03B9C0> completed
2026-03-03 14:14:27,932 - aiosqlite - DEBUG - executing functools.partial(<built-in method create_function of sqlite3.Connection object at 0x00000237BEFDC4F0>, 'regexp', 2, <function SQLiteDialect_pysqlite.on_connect.<locals>.regexp at 0x00000237BEFD8220>, deterministic=True)
2026-03-03 14:14:27,936 - aiosqlite - DEBUG - operation functools.partial(<built-in method create_function of sqlite3.Connection object at 0x00000237BEFDC4F0>, 'regexp', 2, <function SQLiteDialect_pysqlite.on_connect.<locals>.regexp at 0x00000237BEFD8220>, deterministic=True) completed
2026-03-03 14:14:27,936 - aiosqlite - DEBUG - executing functools.partial(<built-in method create_function of sqlite3.Connection object at 0x00000237BEFDC4F0>, 'floor', 1, <built-in function floor>, deterministic=True)
2026-03-03 14:14:27,936 - aiosqlite - DEBUG - operation functools.partial(<built-in method create_function of sqlite3.Connection object at 0x00000237BEFDC4F0>, 'floor', 1, <built-in function floor>, deterministic=True) completed
2026-03-03 14:14:27,936 - aiosqlite - DEBUG - executing functools.partial(<built-in method cursor of sqlite3.Connection object at 0x00000237BEFDC4F0>)
2026-03-03 14:14:27,936 - aiosqlite - DEBUG - operation functools.partial(<built-in method cursor of sqlite3.Connection object at 0x00000237BEFDC4F0>) completed
2026-03-03 14:14:27,936 - aiosqlite - DEBUG - executing functools.partial(<built-in method execute of sqlite3.Cursor object at 0x00000237BF060040>, 'SELECT count(products.id) AS count_1 \nFROM products', ())
2026-03-03 14:14:27,936 - aiosqlite - DEBUG - operation functools.partial(<built-in method execute of sqlite3.Cursor object at 0x00000237BF060040>, 'SELECT count(products.id) AS count_1 \nFROM products', ()) completed
2026-03-03 14:14:27,936 - aiosqlite - DEBUG - executing functools.partial(<built-in method fetchall of sqlite3.Cursor object at 0x00000237BF060040>)
2026-03-03 14:14:27,946 - aiosqlite - DEBUG - operation functools.partial(<built-in method fetchall of sqlite3.Cursor object at 0x00000237BF060040>) completed
2026-03-03 14:14:27,946 - aiosqlite - DEBUG - executing functools.partial(<built-in method close of sqlite3.Cursor object at 0x00000237BF060040>)
2026-03-03 14:14:27,946 - aiosqlite - DEBUG - operation functools.partial(<built-in method close of sqlite3.Cursor object at 0x00000237BF060040>) completed
2026-03-03 14:14:27,946 - aiosqlite - DEBUG - executing functools.partial(<built-in method cursor of sqlite3.Connection object at 0x00000237BEFDC4F0>)
2026-03-03 14:14:27,946 - aiosqlite - DEBUG - operation functools.partial(<built-in method cursor of sqlite3.Connection object at 0x00000237BEFDC4F0>) completed
2026-03-03 14:14:27,951 - aiosqlite - DEBUG - executing functools.partial(<built-in method execute of sqlite3.Cursor object at 0x00000237BF060040>, 'SELECT products.id, products.name, products.description, products.price, products.image, products.category, products.size, products.color, products.stock, products.created_at \nFROM products ORDER BY products.id DESC\n LIMIT ? OFFSET ?', (100, 0))
2026-03-03 14:14:27,952 - aiosqlite - DEBUG - operation functools.partial(<built-in method execute of sqlite3.Cursor object at 0x00000237BF060040>, 'SELECT products.id, products.name, products.description, products.price, products.image, products.category, products.size, products.color, products.stock, products.created_at \nFROM products ORDER BY products.id DESC\n LIMIT ? OFFSET ?', (100, 0)) completed
2026-03-03 14:14:27,952 - aiosqlite - DEBUG - executing functools.partial(<built-in method fetchall of sqlite3.Cursor object at 0x00000237BF060040>)
2026-03-03 14:14:27,952 - aiosqlite - DEBUG - operation functools.partial(<built-in method fetchall of sqlite3.Cursor object at 0x00000237BF060040>) completed
2026-03-03 14:14:27,952 - aiosqlite - DEBUG - executing functools.partial(<built-in method close of sqlite3.Cursor object at 0x00000237BF060040>)
2026-03-03 14:14:27,952 - aiosqlite - DEBUG - operation functools.partial(<built-in method close of sqlite3.Cursor object at 0x00000237BF060040>) completed
2026-03-03 14:14:27,958 - routers.products - DEBUG - Found 15 productss
2026-03-03 14:14:27,959 - core.database - DEBUG - [DB_OP] Database session cleanup after 0.0334s
2026-03-03 14:14:27,961 - aiosqlite - DEBUG - executing functools.partial(<built-in method rollback of sqlite3.Connection object at 0x00000237BEFDC4F0>)
2026-03-03 14:14:27,962 - aiosqlite - DEBUG - operation functools.partial(<built-in method rollback of sqlite3.Connection object at 0x00000237BEFDC4F0>) completed
2026-03-03 14:14:27,962 - aiosqlite - DEBUG - executing functools.partial(<built-in method rollback of sqlite3.Connection object at 0x00000237BEFDC4F0>)
2026-03-03 14:14:27,962 - aiosqlite - DEBUG - operation functools.partial(<built-in method rollback of sqlite3.Connection object at 0x00000237BEFDC4F0>) completed
2026-03-03 14:14:27,962 - aiosqlite - DEBUG - executing functools.partial(<built-in method close of sqlite3.Connection object at 0x00000237BEFDC4F0>)
2026-03-03 14:14:27,962 - aiosqlite - DEBUG - operation functools.partial(<built-in method close of sqlite3.Connection object at 0x00000237BEFDC4F0>) completed
2026-03-03 14:14:54,296 - core.database - DEBUG - [DB_OP] Starting get_db session creation
2026-03-03 14:14:54,296 - core.database - DEBUG - [DB_OP] Database session created successfully in 0.0000s
2026-03-03 14:14:54,296 - routers.products - DEBUG - Querying productss: query=None, sort=None, skip=0, limit=1000, fields=None
2026-03-03 14:14:54,296 - aiosqlite - DEBUG - executing <function connect.<locals>.connector at 0x00000237BF03A200>
2026-03-03 14:14:54,305 - aiosqlite - DEBUG - operation <function connect.<locals>.connector at 0x00000237BF03A200> completed
2026-03-03 14:14:54,308 - aiosqlite - DEBUG - executing functools.partial(<built-in method create_function of sqlite3.Connection object at 0x00000237BEFDF2E0>, 'regexp', 2, <function SQLiteDialect_pysqlite.on_connect.<locals>.regexp at 0x00000237BEFD8220>, deterministic=True)
2026-03-03 14:14:54,308 - aiosqlite - DEBUG - operation functools.partial(<built-in method create_function of sqlite3.Connection object at 0x00000237BEFDF2E0>, 'regexp', 2, <function SQLiteDialect_pysqlite.on_connect.<locals>.regexp at 0x00000237BEFD8220>, deterministic=True) completed
2026-03-03 14:14:54,308 - aiosqlite - DEBUG - executing functools.partial(<built-in method create_function of sqlite3.Connection object at 0x00000237BEFDF2E0>, 'floor', 1, <built-in function floor>, deterministic=True)
2026-03-03 14:14:54,308 - aiosqlite - DEBUG - operation functools.partial(<built-in method create_function of sqlite3.Connection object at 0x00000237BEFDF2E0>, 'floor', 1, <built-in function floor>, deterministic=True) completed
2026-03-03 14:14:54,308 - aiosqlite - DEBUG - executing functools.partial(<built-in method cursor of sqlite3.Connection object at 0x00000237BEFDF2E0>)
2026-03-03 14:14:54,308 - aiosqlite - DEBUG - operation functools.partial(<built-in method cursor of sqlite3.Connection object at 0x00000237BEFDF2E0>) completed
2026-03-03 14:14:54,308 - aiosqlite - DEBUG - executing functools.partial(<built-in method execute of sqlite3.Cursor object at 0x00000237BF0606C0>, 'SELECT count(products.id) AS count_1 \nFROM products', ())
2026-03-03 14:14:54,308 - aiosqlite - DEBUG - operation functools.partial(<built-in method execute of sqlite3.Cursor object at 0x00000237BF0606C0>, 'SELECT count(products.id) AS count_1 \nFROM products', ()) completed
2026-03-03 14:14:54,308 - aiosqlite - DEBUG - executing functools.partial(<built-in method fetchall of sqlite3.Cursor object at 0x00000237BF0606C0>)
2026-03-03 14:14:54,308 - aiosqlite - DEBUG - operation functools.partial(<built-in method fetchall of sqlite3.Cursor object at 0x00000237BF0606C0>) completed
2026-03-03 14:14:54,308 - aiosqlite - DEBUG - executing functools.partial(<built-in method close of sqlite3.Cursor object at 0x00000237BF0606C0>)
2026-03-03 14:14:54,308 - aiosqlite - DEBUG - operation functools.partial(<built-in method close of sqlite3.Cursor object at 0x00000237BF0606C0>) completed
2026-03-03 14:14:54,316 - aiosqlite - DEBUG - executing functools.partial(<built-in method cursor of sqlite3.Connection object at 0x00000237BEFDF2E0>)
2026-03-03 14:14:54,316 - aiosqlite - DEBUG - operation functools.partial(<built-in method cursor of sqlite3.Connection object at 0x00000237BEFDF2E0>) completed
2026-03-03 14:14:54,316 - aiosqlite - DEBUG - executing functools.partial(<built-in method execute of sqlite3.Cursor object at 0x00000237BF0606C0>, 'SELECT products.id, products.name, products.description, products.price, products.image, products.category, products.size, products.color, products.stock, products.created_at \nFROM products ORDER BY products.id DESC\n LIMIT ? OFFSET ?', (1000, 0))
2026-03-03 14:14:54,316 - aiosqlite - DEBUG - operation functools.partial(<built-in method execute of sqlite3.Cursor object at 0x00000237BF0606C0>, 'SELECT products.id, products.name, products.description, products.price, products.image, products.category, products.size, products.color, products.stock, products.created_at \nFROM products ORDER BY products.id DESC\n LIMIT ? OFFSET ?', (1000, 0)) completed
2026-03-03 14:14:54,316 - aiosqlite - DEBUG - executing functools.partial(<built-in method fetchall of sqlite3.Cursor object at 0x00000237BF0606C0>)
2026-03-03 14:14:54,316 - aiosqlite - DEBUG - operation functools.partial(<built-in method fetchall of sqlite3.Cursor object at 0x00000237BF0606C0>) completed
2026-03-03 14:14:54,316 - aiosqlite - DEBUG - executing functools.partial(<built-in method close of sqlite3.Cursor object at 0x00000237BF0606C0>)
2026-03-03 14:14:54,316 - aiosqlite - DEBUG - operation functools.partial(<built-in method close of sqlite3.Cursor object at 0x00000237BF0606C0>) completed
2026-03-03 14:14:54,316 - routers.products - DEBUG - Found 15 productss
2026-03-03 14:14:54,316 - core.database - DEBUG - [DB_OP] Database session cleanup after 0.0198s
2026-03-03 14:14:54,316 - aiosqlite - DEBUG - executing functools.partial(<built-in method rollback of sqlite3.Connection object at 0x00000237BEFDF2E0>)
2026-03-03 14:14:54,316 - aiosqlite - DEBUG - operation functools.partial(<built-in method rollback of sqlite3.Connection object at 0x00000237BEFDF2E0>) completed
2026-03-03 14:14:54,316 - aiosqlite - DEBUG - executing functools.partial(<built-in method rollback of sqlite3.Connection object at 0x00000237BEFDF2E0>)
2026-03-03 14:14:54,316 - aiosqlite - DEBUG - operation functools.partial(<built-in method rollback of sqlite3.Connection object at 0x00000237BEFDF2E0>) completed
2026-03-03 14:14:54,316 - aiosqlite - DEBUG - executing functools.partial(<built-in method close of sqlite3.Connection object at 0x00000237BEFDF2E0>)
2026-03-03 14:14:54,316 - aiosqlite - DEBUG - operation functools.partial(<built-in method close of sqlite3.Connection object at 0x00000237BEFDF2E0>) completed
2026-03-03 14:15:11,196 - core.database - DEBUG - [DB_OP] Starting get_db session creation
2026-03-03 14:15:11,196 - core.database - DEBUG - [DB_OP] Database session created successfully in 0.0000s
2026-03-03 14:15:11,196 - routers.products - DEBUG - Querying productss: query=None, sort=None, skip=0, limit=100, fields=None
2026-03-03 14:15:11,196 - aiosqlite - DEBUG - executing <function connect.<locals>.connector at 0x00000237BF03BD80>
2026-03-03 14:15:11,196 - aiosqlite - DEBUG - operation <function connect.<locals>.connector at 0x00000237BF03BD80> completed
2026-03-03 14:15:11,196 - aiosqlite - DEBUG - executing functools.partial(<built-in method create_function of sqlite3.Connection object at 0x00000237BEFDD3F0>, 'regexp', 2, <function SQLiteDialect_pysqlite.on_connect.<locals>.regexp at 0x00000237BEFD8220>, deterministic=True)
2026-03-03 14:15:11,196 - aiosqlite - DEBUG - operation functools.partial(<built-in method create_function of sqlite3.Connection object at 0x00000237BEFDD3F0>, 'regexp', 2, <function SQLiteDialect_pysqlite.on_connect.<locals>.regexp at 0x00000237BEFD8220>, deterministic=True) completed
2026-03-03 14:15:11,196 - aiosqlite - DEBUG - executing functools.partial(<built-in method create_function of sqlite3.Connection object at 0x00000237BEFDD3F0>, 'floor', 1, <built-in function floor>, deterministic=True)
2026-03-03 14:15:11,196 - aiosqlite - DEBUG - operation functools.partial(<built-in method create_function of sqlite3.Connection object at 0x00000237BEFDD3F0>, 'floor', 1, <built-in function floor>, deterministic=True) completed
2026-03-03 14:15:11,196 - aiosqlite - DEBUG - executing functools.partial(<built-in method cursor of sqlite3.Connection object at 0x00000237BEFDD3F0>)
2026-03-03 14:15:11,204 - aiosqlite - DEBUG - operation functools.partial(<built-in method cursor of sqlite3.Connection object at 0x00000237BEFDD3F0>) completed
2026-03-03 14:15:11,204 - aiosqlite - DEBUG - executing functools.partial(<built-in method execute of sqlite3.Cursor object at 0x00000237BF060B40>, 'SELECT count(products.id) AS count_1 \nFROM products', ())
2026-03-03 14:15:11,204 - aiosqlite - DEBUG - operation functools.partial(<built-in method execute of sqlite3.Cursor object at 0x00000237BF060B40>, 'SELECT count(products.id) AS count_1 \nFROM products', ()) completed
2026-03-03 14:15:11,204 - aiosqlite - DEBUG - executing functools.partial(<built-in method fetchall of sqlite3.Cursor object at 0x00000237BF060B40>)
2026-03-03 14:15:11,204 - aiosqlite - DEBUG - operation functools.partial(<built-in method fetchall of sqlite3.Cursor object at 0x00000237BF060B40>) completed
2026-03-03 14:15:11,204 - aiosqlite - DEBUG - executing functools.partial(<built-in method close of sqlite3.Cursor object at 0x00000237BF060B40>)
2026-03-03 14:15:11,204 - aiosqlite - DEBUG - operation functools.partial(<built-in method close of sqlite3.Cursor object at 0x00000237BF060B40>) completed
2026-03-03 14:15:11,204 - aiosqlite - DEBUG - executing functools.partial(<built-in method cursor of sqlite3.Connection object at 0x00000237BEFDD3F0>)
2026-03-03 14:15:11,212 - aiosqlite - DEBUG - operation functools.partial(<built-in method cursor of sqlite3.Connection object at 0x00000237BEFDD3F0>) completed
2026-03-03 14:15:11,212 - aiosqlite - DEBUG - executing functools.partial(<built-in method execute of sqlite3.Cursor object at 0x00000237BF060B40>, 'SELECT products.id, products.name, products.description, products.price, products.image, products.category, products.size, products.color, products.stock, products.created_at \nFROM products ORDER BY products.id DESC\n LIMIT ? OFFSET ?', (100, 0))
2026-03-03 14:15:11,212 - aiosqlite - DEBUG - operation functools.partial(<built-in method execute of sqlite3.Cursor object at 0x00000237BF060B40>, 'SELECT products.id, products.name, products.description, products.price, products.image, products.category, products.size, products.color, products.stock, products.created_at \nFROM products ORDER BY products.id DESC\n LIMIT ? OFFSET ?', (100, 0)) completed
2026-03-03 14:15:11,212 - aiosqlite - DEBUG - executing functools.partial(<built-in method fetchall of sqlite3.Cursor object at 0x00000237BF060B40>)
2026-03-03 14:15:11,212 - aiosqlite - DEBUG - operation functools.partial(<built-in method fetchall of sqlite3.Cursor object at 0x00000237BF060B40>) completed
2026-03-03 14:15:11,212 - aiosqlite - DEBUG - executing functools.partial(<built-in method close of sqlite3.Cursor object at 0x00000237BF060B40>)
2026-03-03 14:15:11,212 - aiosqlite - DEBUG - operation functools.partial(<built-in method close of sqlite3.Cursor object at 0x00000237BF060B40>) completed
2026-03-03 14:15:11,212 - routers.products - DEBUG - Found 15 productss
2026-03-03 14:15:11,220 - core.database - DEBUG - [DB_OP] Database session cleanup after 0.0240s
2026-03-03 14:15:11,220 - aiosqlite - DEBUG - executing functools.partial(<built-in method rollback of sqlite3.Connection object at 0x00000237BEFDD3F0>)
2026-03-03 14:15:11,220 - aiosqlite - DEBUG - operation functools.partial(<built-in method rollback of sqlite3.Connection object at 0x00000237BEFDD3F0>) completed
2026-03-03 14:15:11,220 - aiosqlite - DEBUG - executing functools.partial(<built-in method rollback of sqlite3.Connection object at 0x00000237BEFDD3F0>)
2026-03-03 14:15:11,220 - aiosqlite - DEBUG - operation functools.partial(<built-in method rollback of sqlite3.Connection object at 0x00000237BEFDD3F0>) completed
2026-03-03 14:15:11,220 - aiosqlite - DEBUG - executing functools.partial(<built-in method close of sqlite3.Connection object at 0x00000237BEFDD3F0>)
2026-03-03 14:15:11,220 - aiosqlite - DEBUG - operation functools.partial(<built-in method close of sqlite3.Connection object at 0x00000237BEFDD3F0>) completed
2026-03-03 14:18:52,801 - core.database - DEBUG - [DB_OP] Starting get_db session creation
2026-03-03 14:18:52,801 - core.database - DEBUG - [DB_OP] Database session created successfully in 0.0000s
2026-03-03 14:18:52,801 - routers.products - DEBUG - Updating products 13 with data: name='Áo Thun Trơn Tiếng Anh cổ điển 100% Cotton Comfitex Hi Fabric 240Gsm Form Oversize Unisex Nam Nữ AT.500 VERDANT T-Shirts' description='Chào mừng bạn đến với cửa hàng thương hiệu VERDANT\n\n\n\nMô tả sản phẩm:\n\n\n\n- Chất liệu: 100% cotton, 200g\n\n\n\n- Họa tiết: In chất lượng cao\n\n\n\n- Màu sắc: Đen, trắng, đỏ, hồng, kem, xám, xám hoa, nâu, xanh lá đậm, xanh dương\n\n\n\n- Kiểu dáng: Dáng rộng - Dáng áo rộng rãi, phù hợp cho cả nam và nữ.\n\n\n\nBảng kích thước\n\n\n\n-S 68 cm 47 cm 19 cm 46 cm 1M50-1M60 37 kg-47 kg\n\n-M 70 cm 50 cm 20 cm 48 cm 1M60-1M70 45 kg-53 kg\n\n-L 72 cm 53 cm 21 cm 50 cm 1M70-1M75 53 kg-63 kg\n\n-XL 74 cm 56 cm 22 cm 52 cm 1M75-1M80 63 kg-75 kg\n\n-XXL 76 cm 59 cm 23 cm 54 cm 1M80-1M85 75 kg-85 kg\n\n-XXXL 78 cm 62 cm 24 cm 56 cm 1M85-1M90 85 kg-100 kg\n\n\n\nHướng dẫn sử dụng quần áo rộng rãi màu trơn Áo thun:\n\n\n\n- Nên giặt tay để áo bền lâu nhất.\n\n\n\n- Lộn trái áo khi giặt và không ngâm.\n\n\n\n- Có thể giặt máy.\n\n\n\n- Không sử dụng thuốc tẩy.\n\n\n\n- Phơi khô mặt trái và tránh ánh nắng trực tiếp.\n\n\n\nChính sách đổi trả đối với áo thun Unisex mua từ VERDANT\n\n\n\nĐiều khoản đổi trả:\n\n\n\n- Chấp nhận đổi hàng trong vòng 7 ngày kể từ ngày mua.\n\n\n\n- Vui lòng liên hệ với VERDANT trong các trường hợp sau: Hàng được đổi trả và hoàn tiền do lỗi của nhà sản xuất, lỗi vận chuyển hoặc hư hỏng trong quá trình vận chuyển.\n\n\n\n- Đối với các trường hợp đổi trả do nhu cầu hoặc kích thước cụ thể, người mua chịu chi phí vận chuyển.\n\n\n\n- Vui lòng kiểm tra bao bì vận chuyển do đơn vị vận chuyển cung cấp và quay video mở hộp chi tiết.\n\n\n\nLưu ý:\n\n\n\n- Tất cả hàng đổi trả và đổi trả phải chưa qua sử dụng và còn nguyên tem mác.\n\n\n\n- Do điều kiện ánh sáng hoặc màn hình hiển thị, màu sắc thực tế của sản phẩm có thể hơi khác so với hình ảnh.\n\nChào đón VERDANT! Chúng tôi không chỉ bán áo, chúng tôi trao bạn một tấm vé để thể hiện chính mình. Mỗi thiết kế của VERDANT là một câu chuyện, một tuyên ngôn thời trang dành riêng cho giới trẻ phá cách. Chất liệu siêu xịn, form chuẩn “sương sương”, cùng các họa tiết độc quyền chất ngầu, giúp bạn tỏa sáng theo cách riêng. VERDANT - lựa chọn của những người trẻ không ngừng cháy!' price=100000.0 image='https://down-vn.img.susercontent.com/file/sg-11134201-8261e-mj9j0mvc0b2a91.webp' category='men' size='L' color='Xám' stock=9 created_at=None
2026-03-03 14:18:52,801 - aiosqlite - DEBUG - executing <function connect.<locals>.connector at 0x00000237BF03BBA0>
2026-03-03 14:18:52,814 - aiosqlite - DEBUG - operation <function connect.<locals>.connector at 0x00000237BF03BBA0> completed
2026-03-03 14:18:52,814 - aiosqlite - DEBUG - executing functools.partial(<built-in method create_function of sqlite3.Connection object at 0x00000237BEFDD5D0>, 'regexp', 2, <function SQLiteDialect_pysqlite.on_connect.<locals>.regexp at 0x00000237BEFD8220>, deterministic=True)
2026-03-03 14:18:52,814 - aiosqlite - DEBUG - operation functools.partial(<built-in method create_function of sqlite3.Connection object at 0x00000237BEFDD5D0>, 'regexp', 2, <function SQLiteDialect_pysqlite.on_connect.<locals>.regexp at 0x00000237BEFD8220>, deterministic=True) completed
2026-03-03 14:18:52,816 - aiosqlite - DEBUG - executing functools.partial(<built-in method create_function of sqlite3.Connection object at 0x00000237BEFDD5D0>, 'floor', 1, <built-in function floor>, deterministic=True)
2026-03-03 14:18:52,816 - aiosqlite - DEBUG - operation functools.partial(<built-in method create_function of sqlite3.Connection object at 0x00000237BEFDD5D0>, 'floor', 1, <built-in function floor>, deterministic=True) completed
2026-03-03 14:18:52,816 - aiosqlite - DEBUG - executing functools.partial(<built-in method cursor of sqlite3.Connection object at 0x00000237BEFDD5D0>)
2026-03-03 14:18:52,816 - aiosqlite - DEBUG - operation functools.partial(<built-in method cursor of sqlite3.Connection object at 0x00000237BEFDD5D0>) completed
2026-03-03 14:18:52,816 - aiosqlite - DEBUG - executing functools.partial(<built-in method execute of sqlite3.Cursor object at 0x00000237BF0600C0>, 'SELECT products.id, products.name, products.description, products.price, products.image, products.category, products.size, products.color, products.stock, products.created_at \nFROM products \nWHERE products.id = ?', (13,))
2026-03-03 14:18:52,816 - aiosqlite - DEBUG - operation functools.partial(<built-in method execute of sqlite3.Cursor object at 0x00000237BF0600C0>, 'SELECT products.id, products.name, products.description, products.price, products.image, products.category, products.size, products.color, products.stock, products.created_at \nFROM products \nWHERE products.id = ?', (13,)) completed
2026-03-03 14:18:52,816 - aiosqlite - DEBUG - executing functools.partial(<built-in method fetchall of sqlite3.Cursor object at 0x00000237BF0600C0>)
2026-03-03 14:18:52,816 - aiosqlite - DEBUG - operation functools.partial(<built-in method fetchall of sqlite3.Cursor object at 0x00000237BF0600C0>) completed
2026-03-03 14:18:52,816 - aiosqlite - DEBUG - executing functools.partial(<built-in method close of sqlite3.Cursor object at 0x00000237BF0600C0>)
2026-03-03 14:18:52,816 - aiosqlite - DEBUG - operation functools.partial(<built-in method close of sqlite3.Cursor object at 0x00000237BF0600C0>) completed
2026-03-03 14:18:52,816 - aiosqlite - DEBUG - executing functools.partial(<built-in method cursor of sqlite3.Connection object at 0x00000237BEFDD5D0>)
2026-03-03 14:18:52,816 - aiosqlite - DEBUG - operation functools.partial(<built-in method cursor of sqlite3.Connection object at 0x00000237BEFDD5D0>) completed
2026-03-03 14:18:52,816 - aiosqlite - DEBUG - executing functools.partial(<built-in method execute of sqlite3.Cursor object at 0x00000237BF045340>, 'UPDATE products SET name=? WHERE products.id = ?', ('Áo Thun Trơn Tiếng Anh cổ điển 100% Cotton Comfitex Hi Fabric 240Gsm Form Oversize Unisex Nam Nữ AT.500 VERDANT T-Shirts', 13))
2026-03-03 14:18:52,825 - aiosqlite - DEBUG - operation functools.partial(<built-in method execute of sqlite3.Cursor object at 0x00000237BF045340>, 'UPDATE products SET name=? WHERE products.id = ?', ('Áo Thun Trơn Tiếng Anh cổ điển 100% Cotton Comfitex Hi Fabric 240Gsm Form Oversize Unisex Nam Nữ AT.500 VERDANT T-Shirts', 13)) completed
2026-03-03 14:18:52,825 - aiosqlite - DEBUG - executing functools.partial(<built-in method close of sqlite3.Cursor object at 0x00000237BF045340>)
2026-03-03 14:18:52,825 - aiosqlite - DEBUG - operation functools.partial(<built-in method close of sqlite3.Cursor object at 0x00000237BF045340>) completed
2026-03-03 14:18:52,825 - aiosqlite - DEBUG - executing functools.partial(<built-in method commit of sqlite3.Connection object at 0x00000237BEFDD5D0>)
2026-03-03 14:18:52,825 - aiosqlite - DEBUG - operation functools.partial(<built-in method commit of sqlite3.Connection object at 0x00000237BEFDD5D0>) completed
2026-03-03 14:18:52,825 - aiosqlite - DEBUG - executing functools.partial(<built-in method rollback of sqlite3.Connection object at 0x00000237BEFDD5D0>)
2026-03-03 14:18:52,825 - aiosqlite - DEBUG - operation functools.partial(<built-in method rollback of sqlite3.Connection object at 0x00000237BEFDD5D0>) completed
2026-03-03 14:18:52,833 - aiosqlite - DEBUG - executing functools.partial(<built-in method close of sqlite3.Connection object at 0x00000237BEFDD5D0>)
2026-03-03 14:18:52,833 - aiosqlite - DEBUG - operation functools.partial(<built-in method close of sqlite3.Connection object at 0x00000237BEFDD5D0>) completed
2026-03-03 14:18:52,833 - aiosqlite - DEBUG - executing <function connect.<locals>.connector at 0x00000237BF03BCE0>
2026-03-03 14:18:52,833 - aiosqlite - DEBUG - operation <function connect.<locals>.connector at 0x00000237BF03BCE0> completed
2026-03-03 14:18:52,833 - aiosqlite - DEBUG - executing functools.partial(<built-in method create_function of sqlite3.Connection object at 0x00000237BEFDD5D0>, 'regexp', 2, <function SQLiteDialect_pysqlite.on_connect.<locals>.regexp at 0x00000237BEFD8220>, deterministic=True)
2026-03-03 14:18:52,833 - aiosqlite - DEBUG - operation functools.partial(<built-in method create_function of sqlite3.Connection object at 0x00000237BEFDD5D0>, 'regexp', 2, <function SQLiteDialect_pysqlite.on_connect.<locals>.regexp at 0x00000237BEFD8220>, deterministic=True) completed
2026-03-03 14:18:52,833 - aiosqlite - DEBUG - executing functools.partial(<built-in method create_function of sqlite3.Connection object at 0x00000237BEFDD5D0>, 'floor', 1, <built-in function floor>, deterministic=True)
2026-03-03 14:18:52,833 - aiosqlite - DEBUG - operation functools.partial(<built-in method create_function of sqlite3.Connection object at 0x00000237BEFDD5D0>, 'floor', 1, <built-in function floor>, deterministic=True) completed
2026-03-03 14:18:52,833 - aiosqlite - DEBUG - executing functools.partial(<built-in method cursor of sqlite3.Connection object at 0x00000237BEFDD5D0>)
2026-03-03 14:18:52,833 - aiosqlite - DEBUG - operation functools.partial(<built-in method cursor of sqlite3.Connection object at 0x00000237BEFDD5D0>) completed
2026-03-03 14:18:52,833 - aiosqlite - DEBUG - executing functools.partial(<built-in method execute of sqlite3.Cursor object at 0x00000237BF061540>, 'SELECT products.id, products.name, products.description, products.price, products.image, products.category, products.size, products.color, products.stock, products.created_at \nFROM products \nWHERE products.id = ?', (13,))
2026-03-03 14:18:52,841 - aiosqlite - DEBUG - operation functools.partial(<built-in method execute of sqlite3.Cursor object at 0x00000237BF061540>, 'SELECT products.id, products.name, products.description, products.price, products.image, products.category, products.size, products.color, products.stock, products.created_at \nFROM products \nWHERE products.id = ?', (13,)) completed
2026-03-03 14:18:52,841 - aiosqlite - DEBUG - executing functools.partial(<built-in method fetchall of sqlite3.Cursor object at 0x00000237BF061540>)
2026-03-03 14:18:52,841 - aiosqlite - DEBUG - operation functools.partial(<built-in method fetchall of sqlite3.Cursor object at 0x00000237BF061540>) completed
2026-03-03 14:18:52,841 - aiosqlite - DEBUG - executing functools.partial(<built-in method close of sqlite3.Cursor object at 0x00000237BF061540>)
2026-03-03 14:18:52,841 - aiosqlite - DEBUG - operation functools.partial(<built-in method close of sqlite3.Cursor object at 0x00000237BF061540>) completed
2026-03-03 14:18:52,841 - services.products - INFO - Updated products 13
2026-03-03 14:18:52,841 - routers.products - INFO - Products 13 updated successfully
2026-03-03 14:18:52,841 - core.database - DEBUG - [DB_OP] Database session cleanup after 0.0399s
2026-03-03 14:18:52,841 - aiosqlite - DEBUG - executing functools.partial(<built-in method rollback of sqlite3.Connection object at 0x00000237BEFDD5D0>)
2026-03-03 14:18:52,841 - aiosqlite - DEBUG - operation functools.partial(<built-in method rollback of sqlite3.Connection object at 0x00000237BEFDD5D0>) completed
2026-03-03 14:18:52,841 - aiosqlite - DEBUG - executing functools.partial(<built-in method rollback of sqlite3.Connection object at 0x00000237BEFDD5D0>)
2026-03-03 14:18:52,841 - aiosqlite - DEBUG - operation functools.partial(<built-in method rollback of sqlite3.Connection object at 0x00000237BEFDD5D0>) completed
2026-03-03 14:18:52,841 - aiosqlite - DEBUG - executing functools.partial(<built-in method close of sqlite3.Connection object at 0x00000237BEFDD5D0>)
2026-03-03 14:18:52,841 - aiosqlite - DEBUG - operation functools.partial(<built-in method close of sqlite3.Connection object at 0x00000237BEFDD5D0>) completed
2026-03-03 14:18:52,849 - core.database - DEBUG - [DB_OP] Starting get_db session creation
2026-03-03 14:18:52,849 - core.database - DEBUG - [DB_OP] Database session created successfully in 0.0000s
2026-03-03 14:18:52,849 - routers.products - DEBUG - Querying productss: query=None, sort=None, skip=0, limit=100, fields=None
2026-03-03 14:18:52,849 - aiosqlite - DEBUG - executing <function connect.<locals>.connector at 0x00000237BF03BB00>
2026-03-03 14:18:52,849 - aiosqlite - DEBUG - operation <function connect.<locals>.connector at 0x00000237BF03BB00> completed
2026-03-03 14:18:52,849 - aiosqlite - DEBUG - executing functools.partial(<built-in method create_function of sqlite3.Connection object at 0x00000237BEFDC7C0>, 'regexp', 2, <function SQLiteDialect_pysqlite.on_connect.<locals>.regexp at 0x00000237BEFD8220>, deterministic=True)
2026-03-03 14:18:52,849 - aiosqlite - DEBUG - operation functools.partial(<built-in method create_function of sqlite3.Connection object at 0x00000237BEFDC7C0>, 'regexp', 2, <function SQLiteDialect_pysqlite.on_connect.<locals>.regexp at 0x00000237BEFD8220>, deterministic=True) completed
2026-03-03 14:18:52,864 - aiosqlite - DEBUG - executing functools.partial(<built-in method create_function of sqlite3.Connection object at 0x00000237BEFDC7C0>, 'floor', 1, <built-in function floor>, deterministic=True)
2026-03-03 14:18:52,864 - aiosqlite - DEBUG - operation functools.partial(<built-in method create_function of sqlite3.Connection object at 0x00000237BEFDC7C0>, 'floor', 1, <built-in function floor>, deterministic=True) completed
2026-03-03 14:18:52,866 - aiosqlite - DEBUG - executing functools.partial(<built-in method cursor of sqlite3.Connection object at 0x00000237BEFDC7C0>)
2026-03-03 14:18:52,866 - aiosqlite - DEBUG - operation functools.partial(<built-in method cursor of sqlite3.Connection object at 0x00000237BEFDC7C0>) completed
2026-03-03 14:18:52,866 - aiosqlite - DEBUG - executing functools.partial(<built-in method execute of sqlite3.Cursor object at 0x00000237BF045340>, 'SELECT count(products.id) AS count_1 \nFROM products', ())
2026-03-03 14:18:52,866 - aiosqlite - DEBUG - operation functools.partial(<built-in method execute of sqlite3.Cursor object at 0x00000237BF045340>, 'SELECT count(products.id) AS count_1 \nFROM products', ()) completed
2026-03-03 14:18:52,866 - aiosqlite - DEBUG - executing functools.partial(<built-in method fetchall of sqlite3.Cursor object at 0x00000237BF045340>)
2026-03-03 14:18:52,866 - aiosqlite - DEBUG - operation functools.partial(<built-in method fetchall of sqlite3.Cursor object at 0x00000237BF045340>) completed
2026-03-03 14:18:52,866 - aiosqlite - DEBUG - executing functools.partial(<built-in method close of sqlite3.Cursor object at 0x00000237BF045340>)
2026-03-03 14:18:52,866 - aiosqlite - DEBUG - operation functools.partial(<built-in method close of sqlite3.Cursor object at 0x00000237BF045340>) completed
2026-03-03 14:18:52,866 - aiosqlite - DEBUG - executing functools.partial(<built-in method cursor of sqlite3.Connection object at 0x00000237BEFDC7C0>)
2026-03-03 14:18:52,866 - aiosqlite - DEBUG - operation functools.partial(<built-in method cursor of sqlite3.Connection object at 0x00000237BEFDC7C0>) completed
2026-03-03 14:18:52,866 - aiosqlite - DEBUG - executing functools.partial(<built-in method execute of sqlite3.Cursor object at 0x00000237BF045340>, 'SELECT products.id, products.name, products.description, products.price, products.image, products.category, products.size, products.color, products.stock, products.created_at \nFROM products ORDER BY products.id DESC\n LIMIT ? OFFSET ?', (100, 0))
2026-03-03 14:18:52,866 - aiosqlite - DEBUG - operation functools.partial(<built-in method execute of sqlite3.Cursor object at 0x00000237BF045340>, 'SELECT products.id, products.name, products.description, products.price, products.image, products.category, products.size, products.color, products.stock, products.created_at \nFROM products ORDER BY products.id DESC\n LIMIT ? OFFSET ?', (100, 0)) completed
2026-03-03 14:18:52,866 - aiosqlite - DEBUG - executing functools.partial(<built-in method fetchall of sqlite3.Cursor object at 0x00000237BF045340>)
2026-03-03 14:18:52,866 - aiosqlite - DEBUG - operation functools.partial(<built-in method fetchall of sqlite3.Cursor object at 0x00000237BF045340>) completed
2026-03-03 14:18:52,866 - aiosqlite - DEBUG - executing functools.partial(<built-in method close of sqlite3.Cursor object at 0x00000237BF045340>)
2026-03-03 14:18:52,875 - aiosqlite - DEBUG - operation functools.partial(<built-in method close of sqlite3.Cursor object at 0x00000237BF045340>) completed
2026-03-03 14:18:52,876 - routers.products - DEBUG - Found 15 productss
2026-03-03 14:18:52,876 - core.database - DEBUG - [DB_OP] Database session cleanup after 0.0270s
2026-03-03 14:18:52,876 - aiosqlite - DEBUG - executing functools.partial(<built-in method rollback of sqlite3.Connection object at 0x00000237BEFDC7C0>)
2026-03-03 14:18:52,876 - aiosqlite - DEBUG - operation functools.partial(<built-in method rollback of sqlite3.Connection object at 0x00000237BEFDC7C0>) completed
2026-03-03 14:18:52,876 - aiosqlite - DEBUG - executing functools.partial(<built-in method rollback of sqlite3.Connection object at 0x00000237BEFDC7C0>)
2026-03-03 14:18:52,876 - aiosqlite - DEBUG - operation functools.partial(<built-in method rollback of sqlite3.Connection object at 0x00000237BEFDC7C0>) completed
2026-03-03 14:18:52,876 - aiosqlite - DEBUG - executing functools.partial(<built-in method close of sqlite3.Connection object at 0x00000237BEFDC7C0>)
2026-03-03 14:18:52,876 - aiosqlite - DEBUG - operation functools.partial(<built-in method close of sqlite3.Connection object at 0x00000237BEFDC7C0>) completed
2026-03-03 14:19:02,295 - core.database - DEBUG - [DB_OP] Starting get_db session creation
2026-03-03 14:19:02,295 - core.database - DEBUG - [DB_OP] Database session created successfully in 0.0000s
2026-03-03 14:19:02,303 - routers.products - DEBUG - Querying productss: query=None, sort=None, skip=0, limit=1000, fields=None
2026-03-03 14:19:02,303 - aiosqlite - DEBUG - executing <function connect.<locals>.connector at 0x00000237BF03AAC0>
2026-03-03 14:19:02,303 - aiosqlite - DEBUG - operation <function connect.<locals>.connector at 0x00000237BF03AAC0> completed
2026-03-03 14:19:02,306 - aiosqlite - DEBUG - executing functools.partial(<built-in method create_function of sqlite3.Connection object at 0x00000237BEFDD5D0>, 'regexp', 2, <function SQLiteDialect_pysqlite.on_connect.<locals>.regexp at 0x00000237BEFD8220>, deterministic=True)
2026-03-03 14:19:02,306 - aiosqlite - DEBUG - operation functools.partial(<built-in method create_function of sqlite3.Connection object at 0x00000237BEFDD5D0>, 'regexp', 2, <function SQLiteDialect_pysqlite.on_connect.<locals>.regexp at 0x00000237BEFD8220>, deterministic=True) completed
2026-03-03 14:19:02,306 - aiosqlite - DEBUG - executing functools.partial(<built-in method create_function of sqlite3.Connection object at 0x00000237BEFDD5D0>, 'floor', 1, <built-in function floor>, deterministic=True)
2026-03-03 14:19:02,306 - aiosqlite - DEBUG - operation functools.partial(<built-in method create_function of sqlite3.Connection object at 0x00000237BEFDD5D0>, 'floor', 1, <built-in function floor>, deterministic=True) completed
2026-03-03 14:19:02,308 - aiosqlite - DEBUG - executing functools.partial(<built-in method cursor of sqlite3.Connection object at 0x00000237BEFDD5D0>)
2026-03-03 14:19:02,308 - aiosqlite - DEBUG - operation functools.partial(<built-in method cursor of sqlite3.Connection object at 0x00000237BEFDD5D0>) completed
2026-03-03 14:19:02,308 - aiosqlite - DEBUG - executing functools.partial(<built-in method execute of sqlite3.Cursor object at 0x00000237BF061A40>, 'SELECT count(products.id) AS count_1 \nFROM products', ())
2026-03-03 14:19:02,308 - aiosqlite - DEBUG - operation functools.partial(<built-in method execute of sqlite3.Cursor object at 0x00000237BF061A40>, 'SELECT count(products.id) AS count_1 \nFROM products', ()) completed
2026-03-03 14:19:02,308 - aiosqlite - DEBUG - executing functools.partial(<built-in method fetchall of sqlite3.Cursor object at 0x00000237BF061A40>)
2026-03-03 14:19:02,308 - aiosqlite - DEBUG - operation functools.partial(<built-in method fetchall of sqlite3.Cursor object at 0x00000237BF061A40>) completed
2026-03-03 14:19:02,308 - aiosqlite - DEBUG - executing functools.partial(<built-in method close of sqlite3.Cursor object at 0x00000237BF061A40>)
2026-03-03 14:19:02,308 - aiosqlite - DEBUG - operation functools.partial(<built-in method close of sqlite3.Cursor object at 0x00000237BF061A40>) completed
2026-03-03 14:19:02,308 - aiosqlite - DEBUG - executing functools.partial(<built-in method cursor of sqlite3.Connection object at 0x00000237BEFDD5D0>)
2026-03-03 14:19:02,308 - aiosqlite - DEBUG - operation functools.partial(<built-in method cursor of sqlite3.Connection object at 0x00000237BEFDD5D0>) completed
2026-03-03 14:19:02,308 - aiosqlite - DEBUG - executing functools.partial(<built-in method execute of sqlite3.Cursor object at 0x00000237BF061A40>, 'SELECT products.id, products.name, products.description, products.price, products.image, products.category, products.size, products.color, products.stock, products.created_at \nFROM products ORDER BY products.id DESC\n LIMIT ? OFFSET ?', (1000, 0))
2026-03-03 14:19:02,308 - aiosqlite - DEBUG - operation functools.partial(<built-in method execute of sqlite3.Cursor object at 0x00000237BF061A40>, 'SELECT products.id, products.name, products.description, products.price, products.image, products.category, products.size, products.color, products.stock, products.created_at \nFROM products ORDER BY products.id DESC\n LIMIT ? OFFSET ?', (1000, 0)) completed
2026-03-03 14:19:02,316 - aiosqlite - DEBUG - executing functools.partial(<built-in method fetchall of sqlite3.Cursor object at 0x00000237BF061A40>)
2026-03-03 14:19:02,316 - aiosqlite - DEBUG - operation functools.partial(<built-in method fetchall of sqlite3.Cursor object at 0x00000237BF061A40>) completed
2026-03-03 14:19:02,316 - aiosqlite - DEBUG - executing functools.partial(<built-in method close of sqlite3.Cursor object at 0x00000237BF061A40>)
2026-03-03 14:19:02,316 - aiosqlite - DEBUG - operation functools.partial(<built-in method close of sqlite3.Cursor object at 0x00000237BF061A40>) completed
2026-03-03 14:19:02,316 - routers.products - DEBUG - Found 15 productss
2026-03-03 14:19:02,316 - core.database - DEBUG - [DB_OP] Database session cleanup after 0.0210s
2026-03-03 14:19:02,316 - aiosqlite - DEBUG - executing functools.partial(<built-in method rollback of sqlite3.Connection object at 0x00000237BEFDD5D0>)
2026-03-03 14:19:02,316 - aiosqlite - DEBUG - operation functools.partial(<built-in method rollback of sqlite3.Connection object at 0x00000237BEFDD5D0>) completed
2026-03-03 14:19:02,316 - aiosqlite - DEBUG - executing functools.partial(<built-in method rollback of sqlite3.Connection object at 0x00000237BEFDD5D0>)
2026-03-03 14:19:02,316 - aiosqlite - DEBUG - operation functools.partial(<built-in method rollback of sqlite3.Connection object at 0x00000237BEFDD5D0>) completed
2026-03-03 14:19:02,316 - aiosqlite - DEBUG - executing functools.partial(<built-in method close of sqlite3.Connection object at 0x00000237BEFDD5D0>)
2026-03-03 14:19:02,316 - aiosqlite - DEBUG - operation functools.partial(<built-in method close of sqlite3.Connection object at 0x00000237BEFDD5D0>) completed
2026-03-03 14:22:34,165 - core.database - DEBUG - [DB_OP] Starting get_db session creation
2026-03-03 14:22:34,165 - core.database - DEBUG - [DB_OP] Database session created successfully in 0.0000s
2026-03-03 14:22:34,165 - routers.products - DEBUG - Querying productss: query=None, sort=None, skip=0, limit=100, fields=None
2026-03-03 14:22:34,165 - aiosqlite - DEBUG - executing <function connect.<locals>.connector at 0x00000237BF03B240>
2026-03-03 14:22:34,165 - aiosqlite - DEBUG - operation <function connect.<locals>.connector at 0x00000237BF03B240> completed
2026-03-03 14:22:34,178 - aiosqlite - DEBUG - executing functools.partial(<built-in method create_function of sqlite3.Connection object at 0x00000237BEFDC7C0>, 'regexp', 2, <function SQLiteDialect_pysqlite.on_connect.<locals>.regexp at 0x00000237BEFD8220>, deterministic=True)
2026-03-03 14:22:34,178 - aiosqlite - DEBUG - operation functools.partial(<built-in method create_function of sqlite3.Connection object at 0x00000237BEFDC7C0>, 'regexp', 2, <function SQLiteDialect_pysqlite.on_connect.<locals>.regexp at 0x00000237BEFD8220>, deterministic=True) completed
2026-03-03 14:22:34,178 - aiosqlite - DEBUG - executing functools.partial(<built-in method create_function of sqlite3.Connection object at 0x00000237BEFDC7C0>, 'floor', 1, <built-in function floor>, deterministic=True)
2026-03-03 14:22:34,178 - aiosqlite - DEBUG - operation functools.partial(<built-in method create_function of sqlite3.Connection object at 0x00000237BEFDC7C0>, 'floor', 1, <built-in function floor>, deterministic=True) completed
2026-03-03 14:22:34,178 - aiosqlite - DEBUG - executing functools.partial(<built-in method cursor of sqlite3.Connection object at 0x00000237BEFDC7C0>)
2026-03-03 14:22:34,178 - aiosqlite - DEBUG - operation functools.partial(<built-in method cursor of sqlite3.Connection object at 0x00000237BEFDC7C0>) completed
2026-03-03 14:22:34,178 - aiosqlite - DEBUG - executing functools.partial(<built-in method execute of sqlite3.Cursor object at 0x00000237BF060B40>, 'SELECT count(products.id) AS count_1 \nFROM products', ())
2026-03-03 14:22:34,178 - aiosqlite - DEBUG - operation functools.partial(<built-in method execute of sqlite3.Cursor object at 0x00000237BF060B40>, 'SELECT count(products.id) AS count_1 \nFROM products', ()) completed
2026-03-03 14:22:34,178 - aiosqlite - DEBUG - executing functools.partial(<built-in method fetchall of sqlite3.Cursor object at 0x00000237BF060B40>)
2026-03-03 14:22:34,178 - aiosqlite - DEBUG - operation functools.partial(<built-in method fetchall of sqlite3.Cursor object at 0x00000237BF060B40>) completed
2026-03-03 14:22:34,178 - aiosqlite - DEBUG - executing functools.partial(<built-in method close of sqlite3.Cursor object at 0x00000237BF060B40>)
2026-03-03 14:22:34,178 - aiosqlite - DEBUG - operation functools.partial(<built-in method close of sqlite3.Cursor object at 0x00000237BF060B40>) completed
2026-03-03 14:22:34,187 - aiosqlite - DEBUG - executing functools.partial(<built-in method cursor of sqlite3.Connection object at 0x00000237BEFDC7C0>)
2026-03-03 14:22:34,187 - aiosqlite - DEBUG - operation functools.partial(<built-in method cursor of sqlite3.Connection object at 0x00000237BEFDC7C0>) completed
2026-03-03 14:22:34,187 - aiosqlite - DEBUG - executing functools.partial(<built-in method execute of sqlite3.Cursor object at 0x00000237BF060B40>, 'SELECT products.id, products.name, products.description, products.price, products.image, products.category, products.size, products.color, products.stock, products.created_at \nFROM products ORDER BY products.id DESC\n LIMIT ? OFFSET ?', (100, 0))
2026-03-03 14:22:34,187 - aiosqlite - DEBUG - operation functools.partial(<built-in method execute of sqlite3.Cursor object at 0x00000237BF060B40>, 'SELECT products.id, products.name, products.description, products.price, products.image, products.category, products.size, products.color, products.stock, products.created_at \nFROM products ORDER BY products.id DESC\n LIMIT ? OFFSET ?', (100, 0)) completed
2026-03-03 14:22:34,187 - aiosqlite - DEBUG - executing functools.partial(<built-in method fetchall of sqlite3.Cursor object at 0x00000237BF060B40>)
2026-03-03 14:22:34,187 - aiosqlite - DEBUG - operation functools.partial(<built-in method fetchall of sqlite3.Cursor object at 0x00000237BF060B40>) completed
2026-03-03 14:22:34,187 - aiosqlite - DEBUG - executing functools.partial(<built-in method close of sqlite3.Cursor object at 0x00000237BF060B40>)
2026-03-03 14:22:34,187 - aiosqlite - DEBUG - operation functools.partial(<built-in method close of sqlite3.Cursor object at 0x00000237BF060B40>) completed
2026-03-03 14:22:34,187 - routers.products - DEBUG - Found 15 productss
2026-03-03 14:22:34,193 - core.database - DEBUG - [DB_OP] Database session cleanup after 0.0283s
2026-03-03 14:22:34,193 - aiosqlite - DEBUG - executing functools.partial(<built-in method rollback of sqlite3.Connection object at 0x00000237BEFDC7C0>)
2026-03-03 14:22:34,193 - aiosqlite - DEBUG - operation functools.partial(<built-in method rollback of sqlite3.Connection object at 0x00000237BEFDC7C0>) completed
2026-03-03 14:22:34,193 - aiosqlite - DEBUG - executing functools.partial(<built-in method rollback of sqlite3.Connection object at 0x00000237BEFDC7C0>)
2026-03-03 14:22:34,193 - aiosqlite - DEBUG - operation functools.partial(<built-in method rollback of sqlite3.Connection object at 0x00000237BEFDC7C0>) completed
2026-03-03 14:22:34,193 - aiosqlite - DEBUG - executing functools.partial(<built-in method close of sqlite3.Connection object at 0x00000237BEFDC7C0>)
2026-03-03 14:22:34,193 - aiosqlite - DEBUG - operation functools.partial(<built-in method close of sqlite3.Connection object at 0x00000237BEFDC7C0>) completed
2026-03-03 14:27:59,125 - core.database - DEBUG - [DB_OP] Starting get_db session creation
2026-03-03 14:27:59,126 - core.database - DEBUG - [DB_OP] Database session created successfully in 0.0020s
2026-03-03 14:27:59,127 - routers.products - DEBUG - Querying productss: query=None, sort=None, skip=0, limit=100, fields=None
2026-03-03 14:27:59,129 - aiosqlite - DEBUG - executing <function connect.<locals>.connector at 0x00000237BF03A980>
2026-03-03 14:27:59,130 - aiosqlite - DEBUG - operation <function connect.<locals>.connector at 0x00000237BF03A980> completed
2026-03-03 14:27:59,131 - aiosqlite - DEBUG - executing functools.partial(<built-in method create_function of sqlite3.Connection object at 0x00000237BEFDD5D0>, 'regexp', 2, <function SQLiteDialect_pysqlite.on_connect.<locals>.regexp at 0x00000237BEFD8220>, deterministic=True)
2026-03-03 14:27:59,132 - aiosqlite - DEBUG - operation functools.partial(<built-in method create_function of sqlite3.Connection object at 0x00000237BEFDD5D0>, 'regexp', 2, <function SQLiteDialect_pysqlite.on_connect.<locals>.regexp at 0x00000237BEFD8220>, deterministic=True) completed
2026-03-03 14:27:59,136 - aiosqlite - DEBUG - executing functools.partial(<built-in method create_function of sqlite3.Connection object at 0x00000237BEFDD5D0>, 'floor', 1, <built-in function floor>, deterministic=True)
2026-03-03 14:27:59,138 - aiosqlite - DEBUG - operation functools.partial(<built-in method create_function of sqlite3.Connection object at 0x00000237BEFDD5D0>, 'floor', 1, <built-in function floor>, deterministic=True) completed
2026-03-03 14:27:59,157 - aiosqlite - DEBUG - executing functools.partial(<built-in method cursor of sqlite3.Connection object at 0x00000237BEFDD5D0>)
2026-03-03 14:27:59,158 - aiosqlite - DEBUG - operation functools.partial(<built-in method cursor of sqlite3.Connection object at 0x00000237BEFDD5D0>) completed
2026-03-03 14:27:59,160 - aiosqlite - DEBUG - executing functools.partial(<built-in method execute of sqlite3.Cursor object at 0x00000237BF0600C0>, 'SELECT count(products.id) AS count_1 \nFROM products', ())
2026-03-03 14:27:59,162 - aiosqlite - DEBUG - operation functools.partial(<built-in method execute of sqlite3.Cursor object at 0x00000237BF0600C0>, 'SELECT count(products.id) AS count_1 \nFROM products', ()) completed
2026-03-03 14:27:59,164 - aiosqlite - DEBUG - executing functools.partial(<built-in method fetchall of sqlite3.Cursor object at 0x00000237BF0600C0>)
2026-03-03 14:27:59,165 - aiosqlite - DEBUG - operation functools.partial(<built-in method fetchall of sqlite3.Cursor object at 0x00000237BF0600C0>) completed
2026-03-03 14:27:59,166 - aiosqlite - DEBUG - executing functools.partial(<built-in method close of sqlite3.Cursor object at 0x00000237BF0600C0>)
2026-03-03 14:27:59,167 - aiosqlite - DEBUG - operation functools.partial(<built-in method close of sqlite3.Cursor object at 0x00000237BF0600C0>) completed
2026-03-03 14:27:59,168 - aiosqlite - DEBUG - executing functools.partial(<built-in method cursor of sqlite3.Connection object at 0x00000237BEFDD5D0>)
2026-03-03 14:27:59,185 - aiosqlite - DEBUG - operation functools.partial(<built-in method cursor of sqlite3.Connection object at 0x00000237BEFDD5D0>) completed
2026-03-03 14:27:59,187 - aiosqlite - DEBUG - executing functools.partial(<built-in method execute of sqlite3.Cursor object at 0x00000237BF0600C0>, 'SELECT products.id, products.name, products.description, products.price, products.image, products.category, products.size, products.color, products.stock, products.created_at \nFROM products ORDER BY products.id DESC\n LIMIT ? OFFSET ?', (100, 0))
2026-03-03 14:27:59,187 - aiosqlite - DEBUG - operation functools.partial(<built-in method execute of sqlite3.Cursor object at 0x00000237BF0600C0>, 'SELECT products.id, products.name, products.description, products.price, products.image, products.category, products.size, products.color, products.stock, products.created_at \nFROM products ORDER BY products.id DESC\n LIMIT ? OFFSET ?', (100, 0)) completed
2026-03-03 14:27:59,189 - aiosqlite - DEBUG - executing functools.partial(<built-in method fetchall of sqlite3.Cursor object at 0x00000237BF0600C0>)
2026-03-03 14:27:59,189 - aiosqlite - DEBUG - operation functools.partial(<built-in method fetchall of sqlite3.Cursor object at 0x00000237BF0600C0>) completed
2026-03-03 14:27:59,189 - aiosqlite - DEBUG - executing functools.partial(<built-in method close of sqlite3.Cursor object at 0x00000237BF0600C0>)
2026-03-03 14:27:59,190 - aiosqlite - DEBUG - operation functools.partial(<built-in method close of sqlite3.Cursor object at 0x00000237BF0600C0>) completed
2026-03-03 14:27:59,191 - routers.products - DEBUG - Found 15 productss
2026-03-03 14:27:59,192 - core.database - DEBUG - [DB_OP] Database session cleanup after 0.0683s
2026-03-03 14:27:59,193 - aiosqlite - DEBUG - executing functools.partial(<built-in method rollback of sqlite3.Connection object at 0x00000237BEFDD5D0>)
2026-03-03 14:27:59,194 - aiosqlite - DEBUG - operation functools.partial(<built-in method rollback of sqlite3.Connection object at 0x00000237BEFDD5D0>) completed
2026-03-03 14:27:59,195 - aiosqlite - DEBUG - executing functools.partial(<built-in method rollback of sqlite3.Connection object at 0x00000237BEFDD5D0>)
2026-03-03 14:27:59,195 - aiosqlite - DEBUG - operation functools.partial(<built-in method rollback of sqlite3.Connection object at 0x00000237BEFDD5D0>) completed
2026-03-03 14:27:59,196 - aiosqlite - DEBUG - executing functools.partial(<built-in method close of sqlite3.Connection object at 0x00000237BEFDD5D0>)
2026-03-03 14:27:59,196 - aiosqlite - DEBUG - operation functools.partial(<built-in method close of sqlite3.Connection object at 0x00000237BEFDD5D0>) completed
2026-03-03 14:28:05,062 - core.database - DEBUG - [DB_OP] Starting get_db session creation
2026-03-03 14:28:05,063 - core.database - DEBUG - [DB_OP] Database session created successfully in 0.0010s
2026-03-03 14:28:05,064 - routers.products - DEBUG - Querying productss: query=None, sort=None, skip=0, limit=100, fields=None
2026-03-03 14:28:05,065 - aiosqlite - DEBUG - executing <function connect.<locals>.connector at 0x00000237BF03A980>
2026-03-03 14:28:05,065 - aiosqlite - DEBUG - operation <function connect.<locals>.connector at 0x00000237BF03A980> completed
2026-03-03 14:28:05,066 - aiosqlite - DEBUG - executing functools.partial(<built-in method create_function of sqlite3.Connection object at 0x00000237BEFDEE30>, 'regexp', 2, <function SQLiteDialect_pysqlite.on_connect.<locals>.regexp at 0x00000237BEFD8220>, deterministic=True)
2026-03-03 14:28:05,066 - aiosqlite - DEBUG - operation functools.partial(<built-in method create_function of sqlite3.Connection object at 0x00000237BEFDEE30>, 'regexp', 2, <function SQLiteDialect_pysqlite.on_connect.<locals>.regexp at 0x00000237BEFD8220>, deterministic=True) completed
2026-03-03 14:28:05,067 - aiosqlite - DEBUG - executing functools.partial(<built-in method create_function of sqlite3.Connection object at 0x00000237BEFDEE30>, 'floor', 1, <built-in function floor>, deterministic=True)
2026-03-03 14:28:05,068 - aiosqlite - DEBUG - operation functools.partial(<built-in method create_function of sqlite3.Connection object at 0x00000237BEFDEE30>, 'floor', 1, <built-in function floor>, deterministic=True) completed
2026-03-03 14:28:05,068 - aiosqlite - DEBUG - executing functools.partial(<built-in method cursor of sqlite3.Connection object at 0x00000237BEFDEE30>)
2026-03-03 14:28:05,069 - aiosqlite - DEBUG - operation functools.partial(<built-in method cursor of sqlite3.Connection object at 0x00000237BEFDEE30>) completed
2026-03-03 14:28:05,069 - aiosqlite - DEBUG - executing functools.partial(<built-in method execute of sqlite3.Cursor object at 0x00000237BF060B40>, 'SELECT count(products.id) AS count_1 \nFROM products', ())
2026-03-03 14:28:05,070 - aiosqlite - DEBUG - operation functools.partial(<built-in method execute of sqlite3.Cursor object at 0x00000237BF060B40>, 'SELECT count(products.id) AS count_1 \nFROM products', ()) completed
2026-03-03 14:28:05,070 - aiosqlite - DEBUG - executing functools.partial(<built-in method fetchall of sqlite3.Cursor object at 0x00000237BF060B40>)
2026-03-03 14:28:05,071 - aiosqlite - DEBUG - operation functools.partial(<built-in method fetchall of sqlite3.Cursor object at 0x00000237BF060B40>) completed
2026-03-03 14:28:05,071 - aiosqlite - DEBUG - executing functools.partial(<built-in method close of sqlite3.Cursor object at 0x00000237BF060B40>)
2026-03-03 14:28:05,071 - aiosqlite - DEBUG - operation functools.partial(<built-in method close of sqlite3.Cursor object at 0x00000237BF060B40>) completed
2026-03-03 14:28:05,072 - aiosqlite - DEBUG - executing functools.partial(<built-in method cursor of sqlite3.Connection object at 0x00000237BEFDEE30>)
2026-03-03 14:28:05,072 - aiosqlite - DEBUG - operation functools.partial(<built-in method cursor of sqlite3.Connection object at 0x00000237BEFDEE30>) completed
2026-03-03 14:28:05,072 - aiosqlite - DEBUG - executing functools.partial(<built-in method execute of sqlite3.Cursor object at 0x00000237BF060B40>, 'SELECT products.id, products.name, products.description, products.price, products.image, products.category, products.size, products.color, products.stock, products.created_at \nFROM products ORDER BY products.id DESC\n LIMIT ? OFFSET ?', (100, 0))
2026-03-03 14:28:05,073 - aiosqlite - DEBUG - operation functools.partial(<built-in method execute of sqlite3.Cursor object at 0x00000237BF060B40>, 'SELECT products.id, products.name, products.description, products.price, products.image, products.category, products.size, products.color, products.stock, products.created_at \nFROM products ORDER BY products.id DESC\n LIMIT ? OFFSET ?', (100, 0)) completed
2026-03-03 14:28:05,074 - aiosqlite - DEBUG - executing functools.partial(<built-in method fetchall of sqlite3.Cursor object at 0x00000237BF060B40>)
2026-03-03 14:28:05,074 - aiosqlite - DEBUG - operation functools.partial(<built-in method fetchall of sqlite3.Cursor object at 0x00000237BF060B40>) completed
2026-03-03 14:28:05,075 - aiosqlite - DEBUG - executing functools.partial(<built-in method close of sqlite3.Cursor object at 0x00000237BF060B40>)
2026-03-03 14:28:05,075 - aiosqlite - DEBUG - operation functools.partial(<built-in method close of sqlite3.Cursor object at 0x00000237BF060B40>) completed
2026-03-03 14:28:05,076 - routers.products - DEBUG - Found 15 productss
2026-03-03 14:28:05,076 - core.database - DEBUG - [DB_OP] Database session cleanup after 0.0140s
2026-03-03 14:28:05,077 - aiosqlite - DEBUG - executing functools.partial(<built-in method rollback of sqlite3.Connection object at 0x00000237BEFDEE30>)
2026-03-03 14:28:05,077 - aiosqlite - DEBUG - operation functools.partial(<built-in method rollback of sqlite3.Connection object at 0x00000237BEFDEE30>) completed
2026-03-03 14:28:05,077 - aiosqlite - DEBUG - executing functools.partial(<built-in method rollback of sqlite3.Connection object at 0x00000237BEFDEE30>)
2026-03-03 14:28:05,078 - aiosqlite - DEBUG - operation functools.partial(<built-in method rollback of sqlite3.Connection object at 0x00000237BEFDEE30>) completed
2026-03-03 14:28:05,078 - aiosqlite - DEBUG - executing functools.partial(<built-in method close of sqlite3.Connection object at 0x00000237BEFDEE30>)
2026-03-03 14:28:05,078 - aiosqlite - DEBUG - operation functools.partial(<built-in method close of sqlite3.Connection object at 0x00000237BEFDEE30>) completed
2026-03-03 14:28:14,006 - core.database - DEBUG - [DB_OP] Starting get_db session creation
2026-03-03 14:28:14,006 - core.database - DEBUG - [DB_OP] Database session created successfully in 0.0000s
2026-03-03 14:28:14,007 - routers.products - DEBUG - Updating products 10 with data: name='Áo Sweater' description='🍭 Vải: Vải co giãn Cotton,  không vón cục, vải mịn và tinh tế \n\n\n\n🌸 Quần áo rộng rãi ，Được may cẩn thận, các đường khâu chắc chắn ，Cắt mịn, hầu như không có kết thúc chỉ bổ sung \n\n\n\n🥑 Cửa hàng luôn kiểm tra lại sản phẩm trước khi đóng gói (Liên kết này mà các đơn vị khác hiếm khi làm được)\n\nVì vậy, sản phẩm bạn nhận được gần như hoàn hảo\n\n\n\n🌸 Hàng Được Sản Xuất Tại Nhà Máy Và Bán Trong Kho Nên Giá Tốt Nhất Và Ưu đãi Tốt Nhất \n\n\n\n😘Hướng dẫn lựa chọn kích thước (Lời khuyên về kích thước lỏng lẻo) \n\nSize S：35kg-45kg，高度 1m 50-1m 55\n\nSize M：45kg-55kg，高度 1m 55-1m 60\n\nSize L：55kg-65kg，高度 1m 60-1m 70\n\nSize XL：65kg-75kg，高度 1m 70-1m 75\n\nSize 2XL：75kg-85kg，高度 1m 75-1m 80\n\nSize 3XL：85kg-95kg，高度 1m 80-1m 90 \n\n\n\n️🏅 Cửa hàng luôn coi chất lượng sản phẩm và dịch vụ khách hàng làm ưu tiên \n\n💯 Nếu Không Thích Hợp Sau Khi Nhận Hàng, Cửa Hàng Hỗ Trợ Thay Đổi Kích Thước / Màu Sắc. \n\n💯 Hỗ trợ tiền mặt khi giao hàng trên toàn quốc 🅒🅞🅓  ' price=777777.0 image='https://down-vn.img.susercontent.com/file/cn-11134207-7ras8-m1ntnub8d25pde.webp' category='Sweaters' size='M' color='Màu Xanh' stock=777 created_at=None
2026-03-03 14:28:14,008 - aiosqlite - DEBUG - executing <function connect.<locals>.connector at 0x00000237BF03BB00>
2026-03-03 14:28:14,008 - aiosqlite - DEBUG - operation <function connect.<locals>.connector at 0x00000237BF03BB00> completed
2026-03-03 14:28:14,008 - aiosqlite - DEBUG - executing functools.partial(<built-in method create_function of sqlite3.Connection object at 0x00000237BEFDD3F0>, 'regexp', 2, <function SQLiteDialect_pysqlite.on_connect.<locals>.regexp at 0x00000237BEFD8220>, deterministic=True)
2026-03-03 14:28:14,008 - aiosqlite - DEBUG - operation functools.partial(<built-in method create_function of sqlite3.Connection object at 0x00000237BEFDD3F0>, 'regexp', 2, <function SQLiteDialect_pysqlite.on_connect.<locals>.regexp at 0x00000237BEFD8220>, deterministic=True) completed
2026-03-03 14:28:14,009 - aiosqlite - DEBUG - executing functools.partial(<built-in method create_function of sqlite3.Connection object at 0x00000237BEFDD3F0>, 'floor', 1, <built-in function floor>, deterministic=True)
2026-03-03 14:28:14,009 - aiosqlite - DEBUG - operation functools.partial(<built-in method create_function of sqlite3.Connection object at 0x00000237BEFDD3F0>, 'floor', 1, <built-in function floor>, deterministic=True) completed
2026-03-03 14:28:14,009 - aiosqlite - DEBUG - executing functools.partial(<built-in method cursor of sqlite3.Connection object at 0x00000237BEFDD3F0>)
2026-03-03 14:28:14,010 - aiosqlite - DEBUG - operation functools.partial(<built-in method cursor of sqlite3.Connection object at 0x00000237BEFDD3F0>) completed
2026-03-03 14:28:14,010 - aiosqlite - DEBUG - executing functools.partial(<built-in method execute of sqlite3.Cursor object at 0x00000237BF0600C0>, 'SELECT products.id, products.name, products.description, products.price, products.image, products.category, products.size, products.color, products.stock, products.created_at \nFROM products \nWHERE products.id = ?', (10,))
2026-03-03 14:28:14,011 - aiosqlite - DEBUG - operation functools.partial(<built-in method execute of sqlite3.Cursor object at 0x00000237BF0600C0>, 'SELECT products.id, products.name, products.description, products.price, products.image, products.category, products.size, products.color, products.stock, products.created_at \nFROM products \nWHERE products.id = ?', (10,)) completed
2026-03-03 14:28:14,011 - aiosqlite - DEBUG - executing functools.partial(<built-in method fetchall of sqlite3.Cursor object at 0x00000237BF0600C0>)
2026-03-03 14:28:14,011 - aiosqlite - DEBUG - operation functools.partial(<built-in method fetchall of sqlite3.Cursor object at 0x00000237BF0600C0>) completed
2026-03-03 14:28:14,012 - aiosqlite - DEBUG - executing functools.partial(<built-in method close of sqlite3.Cursor object at 0x00000237BF0600C0>)
2026-03-03 14:28:14,012 - aiosqlite - DEBUG - operation functools.partial(<built-in method close of sqlite3.Cursor object at 0x00000237BF0600C0>) completed
2026-03-03 14:28:14,013 - aiosqlite - DEBUG - executing functools.partial(<built-in method cursor of sqlite3.Connection object at 0x00000237BEFDD3F0>)
2026-03-03 14:28:14,013 - aiosqlite - DEBUG - operation functools.partial(<built-in method cursor of sqlite3.Connection object at 0x00000237BEFDD3F0>) completed
2026-03-03 14:28:14,013 - aiosqlite - DEBUG - executing functools.partial(<built-in method execute of sqlite3.Cursor object at 0x00000237BF045DC0>, 'UPDATE products SET category=? WHERE products.id = ?', ('Sweaters', 10))
2026-03-03 14:28:14,014 - aiosqlite - DEBUG - operation functools.partial(<built-in method execute of sqlite3.Cursor object at 0x00000237BF045DC0>, 'UPDATE products SET category=? WHERE products.id = ?', ('Sweaters', 10)) completed
2026-03-03 14:28:14,015 - aiosqlite - DEBUG - executing functools.partial(<built-in method close of sqlite3.Cursor object at 0x00000237BF045DC0>)
2026-03-03 14:28:14,015 - aiosqlite - DEBUG - operation functools.partial(<built-in method close of sqlite3.Cursor object at 0x00000237BF045DC0>) completed
2026-03-03 14:28:14,015 - aiosqlite - DEBUG - executing functools.partial(<built-in method commit of sqlite3.Connection object at 0x00000237BEFDD3F0>)
2026-03-03 14:28:14,018 - aiosqlite - DEBUG - operation functools.partial(<built-in method commit of sqlite3.Connection object at 0x00000237BEFDD3F0>) completed
2026-03-03 14:28:14,019 - aiosqlite - DEBUG - executing functools.partial(<built-in method rollback of sqlite3.Connection object at 0x00000237BEFDD3F0>)
2026-03-03 14:28:14,019 - aiosqlite - DEBUG - operation functools.partial(<built-in method rollback of sqlite3.Connection object at 0x00000237BEFDD3F0>) completed
2026-03-03 14:28:14,019 - aiosqlite - DEBUG - executing functools.partial(<built-in method close of sqlite3.Connection object at 0x00000237BEFDD3F0>)
2026-03-03 14:28:14,020 - aiosqlite - DEBUG - operation functools.partial(<built-in method close of sqlite3.Connection object at 0x00000237BEFDD3F0>) completed
2026-03-03 14:28:14,020 - aiosqlite - DEBUG - executing <function connect.<locals>.connector at 0x00000237BF03AAC0>
2026-03-03 14:28:14,022 - aiosqlite - DEBUG - operation <function connect.<locals>.connector at 0x00000237BF03AAC0> completed
2026-03-03 14:28:14,022 - aiosqlite - DEBUG - executing functools.partial(<built-in method create_function of sqlite3.Connection object at 0x00000237BEFDD3F0>, 'regexp', 2, <function SQLiteDialect_pysqlite.on_connect.<locals>.regexp at 0x00000237BEFD8220>, deterministic=True)
2026-03-03 14:28:14,022 - aiosqlite - DEBUG - operation functools.partial(<built-in method create_function of sqlite3.Connection object at 0x00000237BEFDD3F0>, 'regexp', 2, <function SQLiteDialect_pysqlite.on_connect.<locals>.regexp at 0x00000237BEFD8220>, deterministic=True) completed
2026-03-03 14:28:14,022 - aiosqlite - DEBUG - executing functools.partial(<built-in method create_function of sqlite3.Connection object at 0x00000237BEFDD3F0>, 'floor', 1, <built-in function floor>, deterministic=True)
2026-03-03 14:28:14,023 - aiosqlite - DEBUG - operation functools.partial(<built-in method create_function of sqlite3.Connection object at 0x00000237BEFDD3F0>, 'floor', 1, <built-in function floor>, deterministic=True) completed
2026-03-03 14:28:14,023 - aiosqlite - DEBUG - executing functools.partial(<built-in method cursor of sqlite3.Connection object at 0x00000237BEFDD3F0>)
2026-03-03 14:28:14,023 - aiosqlite - DEBUG - operation functools.partial(<built-in method cursor of sqlite3.Connection object at 0x00000237BEFDD3F0>) completed
2026-03-03 14:28:14,024 - aiosqlite - DEBUG - executing functools.partial(<built-in method execute of sqlite3.Cursor object at 0x00000237BF061140>, 'SELECT products.id, products.name, products.description, products.price, products.image, products.category, products.size, products.color, products.stock, products.created_at \nFROM products \nWHERE products.id = ?', (10,))
2026-03-03 14:28:14,024 - aiosqlite - DEBUG - operation functools.partial(<built-in method execute of sqlite3.Cursor object at 0x00000237BF061140>, 'SELECT products.id, products.name, products.description, products.price, products.image, products.category, products.size, products.color, products.stock, products.created_at \nFROM products \nWHERE products.id = ?', (10,)) completed
2026-03-03 14:28:14,025 - aiosqlite - DEBUG - executing functools.partial(<built-in method fetchall of sqlite3.Cursor object at 0x00000237BF061140>)
2026-03-03 14:28:14,025 - aiosqlite - DEBUG - operation functools.partial(<built-in method fetchall of sqlite3.Cursor object at 0x00000237BF061140>) completed
2026-03-03 14:28:14,025 - aiosqlite - DEBUG - executing functools.partial(<built-in method close of sqlite3.Cursor object at 0x00000237BF061140>)
2026-03-03 14:28:14,026 - aiosqlite - DEBUG - operation functools.partial(<built-in method close of sqlite3.Cursor object at 0x00000237BF061140>) completed
2026-03-03 14:28:14,026 - services.products - INFO - Updated products 10
2026-03-03 14:28:14,026 - routers.products - INFO - Products 10 updated successfully
2026-03-03 14:28:14,027 - core.database - DEBUG - [DB_OP] Database session cleanup after 0.0209s
2026-03-03 14:28:14,027 - aiosqlite - DEBUG - executing functools.partial(<built-in method rollback of sqlite3.Connection object at 0x00000237BEFDD3F0>)
2026-03-03 14:28:14,027 - aiosqlite - DEBUG - operation functools.partial(<built-in method rollback of sqlite3.Connection object at 0x00000237BEFDD3F0>) completed
2026-03-03 14:28:14,027 - aiosqlite - DEBUG - executing functools.partial(<built-in method rollback of sqlite3.Connection object at 0x00000237BEFDD3F0>)
2026-03-03 14:28:14,027 - aiosqlite - DEBUG - operation functools.partial(<built-in method rollback of sqlite3.Connection object at 0x00000237BEFDD3F0>) completed
2026-03-03 14:28:14,028 - aiosqlite - DEBUG - executing functools.partial(<built-in method close of sqlite3.Connection object at 0x00000237BEFDD3F0>)
2026-03-03 14:28:14,028 - aiosqlite - DEBUG - operation functools.partial(<built-in method close of sqlite3.Connection object at 0x00000237BEFDD3F0>) completed
2026-03-03 14:28:14,036 - core.database - DEBUG - [DB_OP] Starting get_db session creation
2026-03-03 14:28:14,037 - core.database - DEBUG - [DB_OP] Database session created successfully in 0.0010s
2026-03-03 14:28:14,037 - routers.products - DEBUG - Querying productss: query=None, sort=None, skip=0, limit=100, fields=None
2026-03-03 14:28:14,038 - aiosqlite - DEBUG - executing <function connect.<locals>.connector at 0x00000237BF03BCE0>
2026-03-03 14:28:14,039 - aiosqlite - DEBUG - operation <function connect.<locals>.connector at 0x00000237BF03BCE0> completed
2026-03-03 14:28:14,040 - aiosqlite - DEBUG - executing functools.partial(<built-in method create_function of sqlite3.Connection object at 0x00000237BEFDEE30>, 'regexp', 2, <function SQLiteDialect_pysqlite.on_connect.<locals>.regexp at 0x00000237BEFD8220>, deterministic=True)
2026-03-03 14:28:14,040 - aiosqlite - DEBUG - operation functools.partial(<built-in method create_function of sqlite3.Connection object at 0x00000237BEFDEE30>, 'regexp', 2, <function SQLiteDialect_pysqlite.on_connect.<locals>.regexp at 0x00000237BEFD8220>, deterministic=True) completed
2026-03-03 14:28:14,040 - aiosqlite - DEBUG - executing functools.partial(<built-in method create_function of sqlite3.Connection object at 0x00000237BEFDEE30>, 'floor', 1, <built-in function floor>, deterministic=True)
2026-03-03 14:28:14,041 - aiosqlite - DEBUG - operation functools.partial(<built-in method create_function of sqlite3.Connection object at 0x00000237BEFDEE30>, 'floor', 1, <built-in function floor>, deterministic=True) completed
2026-03-03 14:28:14,041 - aiosqlite - DEBUG - executing functools.partial(<built-in method cursor of sqlite3.Connection object at 0x00000237BEFDEE30>)
2026-03-03 14:28:14,042 - aiosqlite - DEBUG - operation functools.partial(<built-in method cursor of sqlite3.Connection object at 0x00000237BEFDEE30>) completed
2026-03-03 14:28:14,042 - aiosqlite - DEBUG - executing functools.partial(<built-in method execute of sqlite3.Cursor object at 0x00000237BF0607C0>, 'SELECT count(products.id) AS count_1 \nFROM products', ())
2026-03-03 14:28:14,043 - aiosqlite - DEBUG - operation functools.partial(<built-in method execute of sqlite3.Cursor object at 0x00000237BF0607C0>, 'SELECT count(products.id) AS count_1 \nFROM products', ()) completed
2026-03-03 14:28:14,044 - aiosqlite - DEBUG - executing functools.partial(<built-in method fetchall of sqlite3.Cursor object at 0x00000237BF0607C0>)
2026-03-03 14:28:14,044 - aiosqlite - DEBUG - operation functools.partial(<built-in method fetchall of sqlite3.Cursor object at 0x00000237BF0607C0>) completed
2026-03-03 14:28:14,044 - aiosqlite - DEBUG - executing functools.partial(<built-in method close of sqlite3.Cursor object at 0x00000237BF0607C0>)
2026-03-03 14:28:14,045 - aiosqlite - DEBUG - operation functools.partial(<built-in method close of sqlite3.Cursor object at 0x00000237BF0607C0>) completed
2026-03-03 14:28:14,046 - aiosqlite - DEBUG - executing functools.partial(<built-in method cursor of sqlite3.Connection object at 0x00000237BEFDEE30>)
2026-03-03 14:28:14,046 - aiosqlite - DEBUG - operation functools.partial(<built-in method cursor of sqlite3.Connection object at 0x00000237BEFDEE30>) completed
2026-03-03 14:28:14,046 - aiosqlite - DEBUG - executing functools.partial(<built-in method execute of sqlite3.Cursor object at 0x00000237BF0607C0>, 'SELECT products.id, products.name, products.description, products.price, products.image, products.category, products.size, products.color, products.stock, products.created_at \nFROM products ORDER BY products.id DESC\n LIMIT ? OFFSET ?', (100, 0))
2026-03-03 14:28:14,047 - aiosqlite - DEBUG - operation functools.partial(<built-in method execute of sqlite3.Cursor object at 0x00000237BF0607C0>, 'SELECT products.id, products.name, products.description, products.price, products.image, products.category, products.size, products.color, products.stock, products.created_at \nFROM products ORDER BY products.id DESC\n LIMIT ? OFFSET ?', (100, 0)) completed
2026-03-03 14:28:14,047 - aiosqlite - DEBUG - executing functools.partial(<built-in method fetchall of sqlite3.Cursor object at 0x00000237BF0607C0>)
2026-03-03 14:28:14,048 - aiosqlite - DEBUG - operation functools.partial(<built-in method fetchall of sqlite3.Cursor object at 0x00000237BF0607C0>) completed
2026-03-03 14:28:14,048 - aiosqlite - DEBUG - executing functools.partial(<built-in method close of sqlite3.Cursor object at 0x00000237BF0607C0>)
2026-03-03 14:28:14,048 - aiosqlite - DEBUG - operation functools.partial(<built-in method close of sqlite3.Cursor object at 0x00000237BF0607C0>) completed
2026-03-03 14:28:14,049 - routers.products - DEBUG - Found 15 productss
2026-03-03 14:28:14,049 - core.database - DEBUG - [DB_OP] Database session cleanup after 0.0130s
2026-03-03 14:28:14,050 - aiosqlite - DEBUG - executing functools.partial(<built-in method rollback of sqlite3.Connection object at 0x00000237BEFDEE30>)
2026-03-03 14:28:14,050 - aiosqlite - DEBUG - operation functools.partial(<built-in method rollback of sqlite3.Connection object at 0x00000237BEFDEE30>) completed
2026-03-03 14:28:14,050 - aiosqlite - DEBUG - executing functools.partial(<built-in method rollback of sqlite3.Connection object at 0x00000237BEFDEE30>)
2026-03-03 14:28:14,050 - aiosqlite - DEBUG - operation functools.partial(<built-in method rollback of sqlite3.Connection object at 0x00000237BEFDEE30>) completed
2026-03-03 14:28:14,051 - aiosqlite - DEBUG - executing functools.partial(<built-in method close of sqlite3.Connection object at 0x00000237BEFDEE30>)
2026-03-03 14:28:14,051 - aiosqlite - DEBUG - operation functools.partial(<built-in method close of sqlite3.Connection object at 0x00000237BEFDEE30>) completed
2026-03-03 14:28:18,255 - core.database - DEBUG - [DB_OP] Starting get_db session creation
2026-03-03 14:28:18,255 - core.database - DEBUG - [DB_OP] Database session created successfully in 0.0000s
2026-03-03 14:28:18,256 - routers.products - DEBUG - Querying productss: query=None, sort=None, skip=0, limit=1000, fields=None
2026-03-03 14:28:18,256 - aiosqlite - DEBUG - executing <function connect.<locals>.connector at 0x00000237BF03BCE0>
2026-03-03 14:28:18,257 - aiosqlite - DEBUG - operation <function connect.<locals>.connector at 0x00000237BF03BCE0> completed
2026-03-03 14:28:18,257 - aiosqlite - DEBUG - executing functools.partial(<built-in method create_function of sqlite3.Connection object at 0x00000237BEFDD5D0>, 'regexp', 2, <function SQLiteDialect_pysqlite.on_connect.<locals>.regexp at 0x00000237BEFD8220>, deterministic=True)
2026-03-03 14:28:18,257 - aiosqlite - DEBUG - operation functools.partial(<built-in method create_function of sqlite3.Connection object at 0x00000237BEFDD5D0>, 'regexp', 2, <function SQLiteDialect_pysqlite.on_connect.<locals>.regexp at 0x00000237BEFD8220>, deterministic=True) completed
2026-03-03 14:28:18,258 - aiosqlite - DEBUG - executing functools.partial(<built-in method create_function of sqlite3.Connection object at 0x00000237BEFDD5D0>, 'floor', 1, <built-in function floor>, deterministic=True)
2026-03-03 14:28:18,258 - aiosqlite - DEBUG - operation functools.partial(<built-in method create_function of sqlite3.Connection object at 0x00000237BEFDD5D0>, 'floor', 1, <built-in function floor>, deterministic=True) completed
2026-03-03 14:28:18,258 - aiosqlite - DEBUG - executing functools.partial(<built-in method cursor of sqlite3.Connection object at 0x00000237BEFDD5D0>)
2026-03-03 14:28:18,258 - aiosqlite - DEBUG - operation functools.partial(<built-in method cursor of sqlite3.Connection object at 0x00000237BEFDD5D0>) completed
2026-03-03 14:28:18,259 - aiosqlite - DEBUG - executing functools.partial(<built-in method execute of sqlite3.Cursor object at 0x00000237BF060B40>, 'SELECT count(products.id) AS count_1 \nFROM products', ())
2026-03-03 14:28:18,259 - aiosqlite - DEBUG - operation functools.partial(<built-in method execute of sqlite3.Cursor object at 0x00000237BF060B40>, 'SELECT count(products.id) AS count_1 \nFROM products', ()) completed
2026-03-03 14:28:18,259 - aiosqlite - DEBUG - executing functools.partial(<built-in method fetchall of sqlite3.Cursor object at 0x00000237BF060B40>)
2026-03-03 14:28:18,260 - aiosqlite - DEBUG - operation functools.partial(<built-in method fetchall of sqlite3.Cursor object at 0x00000237BF060B40>) completed
2026-03-03 14:28:18,260 - aiosqlite - DEBUG - executing functools.partial(<built-in method close of sqlite3.Cursor object at 0x00000237BF060B40>)
2026-03-03 14:28:18,260 - aiosqlite - DEBUG - operation functools.partial(<built-in method close of sqlite3.Cursor object at 0x00000237BF060B40>) completed
2026-03-03 14:28:18,262 - aiosqlite - DEBUG - executing functools.partial(<built-in method cursor of sqlite3.Connection object at 0x00000237BEFDD5D0>)
2026-03-03 14:28:18,262 - aiosqlite - DEBUG - operation functools.partial(<built-in method cursor of sqlite3.Connection object at 0x00000237BEFDD5D0>) completed
2026-03-03 14:28:18,262 - aiosqlite - DEBUG - executing functools.partial(<built-in method execute of sqlite3.Cursor object at 0x00000237BF060B40>, 'SELECT products.id, products.name, products.description, products.price, products.image, products.category, products.size, products.color, products.stock, products.created_at \nFROM products ORDER BY products.id DESC\n LIMIT ? OFFSET ?', (1000, 0))
2026-03-03 14:28:18,263 - aiosqlite - DEBUG - operation functools.partial(<built-in method execute of sqlite3.Cursor object at 0x00000237BF060B40>, 'SELECT products.id, products.name, products.description, products.price, products.image, products.category, products.size, products.color, products.stock, products.created_at \nFROM products ORDER BY products.id DESC\n LIMIT ? OFFSET ?', (1000, 0)) completed
2026-03-03 14:28:18,264 - aiosqlite - DEBUG - executing functools.partial(<built-in method fetchall of sqlite3.Cursor object at 0x00000237BF060B40>)
2026-03-03 14:28:18,264 - aiosqlite - DEBUG - operation functools.partial(<built-in method fetchall of sqlite3.Cursor object at 0x00000237BF060B40>) completed
2026-03-03 14:28:18,264 - aiosqlite - DEBUG - executing functools.partial(<built-in method close of sqlite3.Cursor object at 0x00000237BF060B40>)
2026-03-03 14:28:18,264 - aiosqlite - DEBUG - operation functools.partial(<built-in method close of sqlite3.Cursor object at 0x00000237BF060B40>) completed
2026-03-03 14:28:18,265 - routers.products - DEBUG - Found 15 productss
2026-03-03 14:28:18,265 - core.database - DEBUG - [DB_OP] Database session cleanup after 0.0100s
2026-03-03 14:28:18,266 - aiosqlite - DEBUG - executing functools.partial(<built-in method rollback of sqlite3.Connection object at 0x00000237BEFDD5D0>)
2026-03-03 14:28:18,266 - aiosqlite - DEBUG - operation functools.partial(<built-in method rollback of sqlite3.Connection object at 0x00000237BEFDD5D0>) completed
2026-03-03 14:28:18,266 - aiosqlite - DEBUG - executing functools.partial(<built-in method rollback of sqlite3.Connection object at 0x00000237BEFDD5D0>)
2026-03-03 14:28:18,267 - aiosqlite - DEBUG - operation functools.partial(<built-in method rollback of sqlite3.Connection object at 0x00000237BEFDD5D0>) completed
2026-03-03 14:28:18,267 - aiosqlite - DEBUG - executing functools.partial(<built-in method close of sqlite3.Connection object at 0x00000237BEFDD5D0>)
2026-03-03 14:28:18,268 - aiosqlite - DEBUG - operation functools.partial(<built-in method close of sqlite3.Connection object at 0x00000237BEFDD5D0>) completed
2026-03-03 14:28:29,139 - core.database - DEBUG - [DB_OP] Starting get_db session creation
2026-03-03 14:28:29,139 - core.database - DEBUG - [DB_OP] Database session created successfully in 0.0000s
2026-03-03 14:28:29,140 - routers.products - DEBUG - Querying productss: query=None, sort=None, skip=0, limit=100, fields=None
2026-03-03 14:28:29,141 - aiosqlite - DEBUG - executing <function connect.<locals>.connector at 0x00000237BF03BCE0>
2026-03-03 14:28:29,141 - aiosqlite - DEBUG - operation <function connect.<locals>.connector at 0x00000237BF03BCE0> completed
2026-03-03 14:28:29,141 - aiosqlite - DEBUG - executing functools.partial(<built-in method create_function of sqlite3.Connection object at 0x00000237BEFDC7C0>, 'regexp', 2, <function SQLiteDialect_pysqlite.on_connect.<locals>.regexp at 0x00000237BEFD8220>, deterministic=True)
2026-03-03 14:28:29,141 - aiosqlite - DEBUG - operation functools.partial(<built-in method create_function of sqlite3.Connection object at 0x00000237BEFDC7C0>, 'regexp', 2, <function SQLiteDialect_pysqlite.on_connect.<locals>.regexp at 0x00000237BEFD8220>, deterministic=True) completed
2026-03-03 14:28:29,142 - aiosqlite - DEBUG - executing functools.partial(<built-in method create_function of sqlite3.Connection object at 0x00000237BEFDC7C0>, 'floor', 1, <built-in function floor>, deterministic=True)
2026-03-03 14:28:29,142 - aiosqlite - DEBUG - operation functools.partial(<built-in method create_function of sqlite3.Connection object at 0x00000237BEFDC7C0>, 'floor', 1, <built-in function floor>, deterministic=True) completed
2026-03-03 14:28:29,143 - aiosqlite - DEBUG - executing functools.partial(<built-in method cursor of sqlite3.Connection object at 0x00000237BEFDC7C0>)
2026-03-03 14:28:29,143 - aiosqlite - DEBUG - operation functools.partial(<built-in method cursor of sqlite3.Connection object at 0x00000237BEFDC7C0>) completed
2026-03-03 14:28:29,144 - aiosqlite - DEBUG - executing functools.partial(<built-in method execute of sqlite3.Cursor object at 0x00000237BF060440>, 'SELECT count(products.id) AS count_1 \nFROM products', ())
2026-03-03 14:28:29,145 - aiosqlite - DEBUG - operation functools.partial(<built-in method execute of sqlite3.Cursor object at 0x00000237BF060440>, 'SELECT count(products.id) AS count_1 \nFROM products', ()) completed
2026-03-03 14:28:29,145 - aiosqlite - DEBUG - executing functools.partial(<built-in method fetchall of sqlite3.Cursor object at 0x00000237BF060440>)
2026-03-03 14:28:29,145 - aiosqlite - DEBUG - operation functools.partial(<built-in method fetchall of sqlite3.Cursor object at 0x00000237BF060440>) completed
2026-03-03 14:28:29,146 - aiosqlite - DEBUG - executing functools.partial(<built-in method close of sqlite3.Cursor object at 0x00000237BF060440>)
2026-03-03 14:28:29,146 - aiosqlite - DEBUG - operation functools.partial(<built-in method close of sqlite3.Cursor object at 0x00000237BF060440>) completed
2026-03-03 14:28:29,147 - aiosqlite - DEBUG - executing functools.partial(<built-in method cursor of sqlite3.Connection object at 0x00000237BEFDC7C0>)
2026-03-03 14:28:29,147 - aiosqlite - DEBUG - operation functools.partial(<built-in method cursor of sqlite3.Connection object at 0x00000237BEFDC7C0>) completed
2026-03-03 14:28:29,147 - aiosqlite - DEBUG - executing functools.partial(<built-in method execute of sqlite3.Cursor object at 0x00000237BF060440>, 'SELECT products.id, products.name, products.description, products.price, products.image, products.category, products.size, products.color, products.stock, products.created_at \nFROM products ORDER BY products.id DESC\n LIMIT ? OFFSET ?', (100, 0))
2026-03-03 14:28:29,148 - aiosqlite - DEBUG - operation functools.partial(<built-in method execute of sqlite3.Cursor object at 0x00000237BF060440>, 'SELECT products.id, products.name, products.description, products.price, products.image, products.category, products.size, products.color, products.stock, products.created_at \nFROM products ORDER BY products.id DESC\n LIMIT ? OFFSET ?', (100, 0)) completed
2026-03-03 14:28:29,148 - aiosqlite - DEBUG - executing functools.partial(<built-in method fetchall of sqlite3.Cursor object at 0x00000237BF060440>)
2026-03-03 14:28:29,149 - aiosqlite - DEBUG - operation functools.partial(<built-in method fetchall of sqlite3.Cursor object at 0x00000237BF060440>) completed
2026-03-03 14:28:29,151 - aiosqlite - DEBUG - executing functools.partial(<built-in method close of sqlite3.Cursor object at 0x00000237BF060440>)
2026-03-03 14:28:29,151 - aiosqlite - DEBUG - operation functools.partial(<built-in method close of sqlite3.Cursor object at 0x00000237BF060440>) completed
2026-03-03 14:28:29,153 - routers.products - DEBUG - Found 15 productss
2026-03-03 14:28:29,153 - core.database - DEBUG - [DB_OP] Database session cleanup after 0.0140s
2026-03-03 14:28:29,154 - aiosqlite - DEBUG - executing functools.partial(<built-in method rollback of sqlite3.Connection object at 0x00000237BEFDC7C0>)
2026-03-03 14:28:29,155 - aiosqlite - DEBUG - operation functools.partial(<built-in method rollback of sqlite3.Connection object at 0x00000237BEFDC7C0>) completed
2026-03-03 14:28:29,155 - aiosqlite - DEBUG - executing functools.partial(<built-in method rollback of sqlite3.Connection object at 0x00000237BEFDC7C0>)
2026-03-03 14:28:29,156 - aiosqlite - DEBUG - operation functools.partial(<built-in method rollback of sqlite3.Connection object at 0x00000237BEFDC7C0>) completed
2026-03-03 14:28:29,157 - aiosqlite - DEBUG - executing functools.partial(<built-in method close of sqlite3.Connection object at 0x00000237BEFDC7C0>)
2026-03-03 14:28:29,158 - aiosqlite - DEBUG - operation functools.partial(<built-in method close of sqlite3.Connection object at 0x00000237BEFDC7C0>) completed
2026-03-03 14:28:39,323 - core.database - DEBUG - [DB_OP] Starting get_db session creation
2026-03-03 14:28:39,323 - core.database - DEBUG - [DB_OP] Database session created successfully in 0.0000s
2026-03-03 14:28:39,323 - routers.products - DEBUG - Updating products 13 with data: name='Áo Thun Trơn Tiếng Anh cổ điển 100% Cotton Comfitex Hi Fabric 240Gsm Form Oversize Unisex Nam Nữ AT.500 VERDANT T-Shirts' description='Chào mừng bạn đến với cửa hàng thương hiệu VERDANT\n\n\n\nMô tả sản phẩm:\n\n\n\n- Chất liệu: 100% cotton, 200g\n\n\n\n- Họa tiết: In chất lượng cao\n\n\n\n- Màu sắc: Đen, trắng, đỏ, hồng, kem, xám, xám hoa, nâu, xanh lá đậm, xanh dương\n\n\n\n- Kiểu dáng: Dáng rộng - Dáng áo rộng rãi, phù hợp cho cả nam và nữ.\n\n\n\nBảng kích thước\n\n\n\n-S 68 cm 47 cm 19 cm 46 cm 1M50-1M60 37 kg-47 kg\n\n-M 70 cm 50 cm 20 cm 48 cm 1M60-1M70 45 kg-53 kg\n\n-L 72 cm 53 cm 21 cm 50 cm 1M70-1M75 53 kg-63 kg\n\n-XL 74 cm 56 cm 22 cm 52 cm 1M75-1M80 63 kg-75 kg\n\n-XXL 76 cm 59 cm 23 cm 54 cm 1M80-1M85 75 kg-85 kg\n\n-XXXL 78 cm 62 cm 24 cm 56 cm 1M85-1M90 85 kg-100 kg\n\n\n\nHướng dẫn sử dụng quần áo rộng rãi màu trơn Áo thun:\n\n\n\n- Nên giặt tay để áo bền lâu nhất.\n\n\n\n- Lộn trái áo khi giặt và không ngâm.\n\n\n\n- Có thể giặt máy.\n\n\n\n- Không sử dụng thuốc tẩy.\n\n\n\n- Phơi khô mặt trái và tránh ánh nắng trực tiếp.\n\n\n\nChính sách đổi trả đối với áo thun Unisex mua từ VERDANT\n\n\n\nĐiều khoản đổi trả:\n\n\n\n- Chấp nhận đổi hàng trong vòng 7 ngày kể từ ngày mua.\n\n\n\n- Vui lòng liên hệ với VERDANT trong các trường hợp sau: Hàng được đổi trả và hoàn tiền do lỗi của nhà sản xuất, lỗi vận chuyển hoặc hư hỏng trong quá trình vận chuyển.\n\n\n\n- Đối với các trường hợp đổi trả do nhu cầu hoặc kích thước cụ thể, người mua chịu chi phí vận chuyển.\n\n\n\n- Vui lòng kiểm tra bao bì vận chuyển do đơn vị vận chuyển cung cấp và quay video mở hộp chi tiết.\n\n\n\nLưu ý:\n\n\n\n- Tất cả hàng đổi trả và đổi trả phải chưa qua sử dụng và còn nguyên tem mác.\n\n\n\n- Do điều kiện ánh sáng hoặc màn hình hiển thị, màu sắc thực tế của sản phẩm có thể hơi khác so với hình ảnh.\n\nChào đón VERDANT! Chúng tôi không chỉ bán áo, chúng tôi trao bạn một tấm vé để thể hiện chính mình. Mỗi thiết kế của VERDANT là một câu chuyện, một tuyên ngôn thời trang dành riêng cho giới trẻ phá cách. Chất liệu siêu xịn, form chuẩn “sương sương”, cùng các họa tiết độc quyền chất ngầu, giúp bạn tỏa sáng theo cách riêng. VERDANT - lựa chọn của những người trẻ không ngừng cháy!' price=100000.0 image='https://down-vn.img.susercontent.com/file/sg-11134201-8261e-mj9j0mvc0b2a91.webp' category='T-Shirts' size='L' color='Xám' stock=9 created_at=None
2026-03-03 14:28:39,325 - aiosqlite - DEBUG - executing <function connect.<locals>.connector at 0x00000237BF03BBA0>
2026-03-03 14:28:39,326 - aiosqlite - DEBUG - operation <function connect.<locals>.connector at 0x00000237BF03BBA0> completed
2026-03-03 14:28:39,326 - aiosqlite - DEBUG - executing functools.partial(<built-in method create_function of sqlite3.Connection object at 0x00000237BEFDF2E0>, 'regexp', 2, <function SQLiteDialect_pysqlite.on_connect.<locals>.regexp at 0x00000237BEFD8220>, deterministic=True)
2026-03-03 14:28:39,326 - aiosqlite - DEBUG - operation functools.partial(<built-in method create_function of sqlite3.Connection object at 0x00000237BEFDF2E0>, 'regexp', 2, <function SQLiteDialect_pysqlite.on_connect.<locals>.regexp at 0x00000237BEFD8220>, deterministic=True) completed
2026-03-03 14:28:39,326 - aiosqlite - DEBUG - executing functools.partial(<built-in method create_function of sqlite3.Connection object at 0x00000237BEFDF2E0>, 'floor', 1, <built-in function floor>, deterministic=True)
2026-03-03 14:28:39,327 - aiosqlite - DEBUG - operation functools.partial(<built-in method create_function of sqlite3.Connection object at 0x00000237BEFDF2E0>, 'floor', 1, <built-in function floor>, deterministic=True) completed
2026-03-03 14:28:39,327 - aiosqlite - DEBUG - executing functools.partial(<built-in method cursor of sqlite3.Connection object at 0x00000237BEFDF2E0>)
2026-03-03 14:28:39,327 - aiosqlite - DEBUG - operation functools.partial(<built-in method cursor of sqlite3.Connection object at 0x00000237BEFDF2E0>) completed
2026-03-03 14:28:39,328 - aiosqlite - DEBUG - executing functools.partial(<built-in method execute of sqlite3.Cursor object at 0x00000237BF060440>, 'SELECT products.id, products.name, products.description, products.price, products.image, products.category, products.size, products.color, products.stock, products.created_at \nFROM products \nWHERE products.id = ?', (13,))
2026-03-03 14:28:39,328 - aiosqlite - DEBUG - operation functools.partial(<built-in method execute of sqlite3.Cursor object at 0x00000237BF060440>, 'SELECT products.id, products.name, products.description, products.price, products.image, products.category, products.size, products.color, products.stock, products.created_at \nFROM products \nWHERE products.id = ?', (13,)) completed
2026-03-03 14:28:39,328 - aiosqlite - DEBUG - executing functools.partial(<built-in method fetchall of sqlite3.Cursor object at 0x00000237BF060440>)
2026-03-03 14:28:39,329 - aiosqlite - DEBUG - operation functools.partial(<built-in method fetchall of sqlite3.Cursor object at 0x00000237BF060440>) completed
2026-03-03 14:28:39,329 - aiosqlite - DEBUG - executing functools.partial(<built-in method close of sqlite3.Cursor object at 0x00000237BF060440>)
2026-03-03 14:28:39,329 - aiosqlite - DEBUG - operation functools.partial(<built-in method close of sqlite3.Cursor object at 0x00000237BF060440>) completed
2026-03-03 14:28:39,330 - aiosqlite - DEBUG - executing functools.partial(<built-in method cursor of sqlite3.Connection object at 0x00000237BEFDF2E0>)
2026-03-03 14:28:39,330 - aiosqlite - DEBUG - operation functools.partial(<built-in method cursor of sqlite3.Connection object at 0x00000237BEFDF2E0>) completed
2026-03-03 14:28:39,330 - aiosqlite - DEBUG - executing functools.partial(<built-in method execute of sqlite3.Cursor object at 0x00000237BF060440>, 'UPDATE products SET category=? WHERE products.id = ?', ('T-Shirts', 13))
2026-03-03 14:28:39,331 - aiosqlite - DEBUG - operation functools.partial(<built-in method execute of sqlite3.Cursor object at 0x00000237BF060440>, 'UPDATE products SET category=? WHERE products.id = ?', ('T-Shirts', 13)) completed
2026-03-03 14:28:39,331 - aiosqlite - DEBUG - executing functools.partial(<built-in method close of sqlite3.Cursor object at 0x00000237BF060440>)
2026-03-03 14:28:39,332 - aiosqlite - DEBUG - operation functools.partial(<built-in method close of sqlite3.Cursor object at 0x00000237BF060440>) completed
2026-03-03 14:28:39,332 - aiosqlite - DEBUG - executing functools.partial(<built-in method commit of sqlite3.Connection object at 0x00000237BEFDF2E0>)
2026-03-03 14:28:39,335 - aiosqlite - DEBUG - operation functools.partial(<built-in method commit of sqlite3.Connection object at 0x00000237BEFDF2E0>) completed
2026-03-03 14:28:39,335 - aiosqlite - DEBUG - executing functools.partial(<built-in method rollback of sqlite3.Connection object at 0x00000237BEFDF2E0>)
2026-03-03 14:28:39,335 - aiosqlite - DEBUG - operation functools.partial(<built-in method rollback of sqlite3.Connection object at 0x00000237BEFDF2E0>) completed
2026-03-03 14:28:39,336 - aiosqlite - DEBUG - executing functools.partial(<built-in method close of sqlite3.Connection object at 0x00000237BEFDF2E0>)
2026-03-03 14:28:39,336 - aiosqlite - DEBUG - operation functools.partial(<built-in method close of sqlite3.Connection object at 0x00000237BEFDF2E0>) completed
2026-03-03 14:28:39,337 - aiosqlite - DEBUG - executing <function connect.<locals>.connector at 0x00000237BF039F80>
2026-03-03 14:28:39,338 - aiosqlite - DEBUG - operation <function connect.<locals>.connector at 0x00000237BF039F80> completed
2026-03-03 14:28:39,338 - aiosqlite - DEBUG - executing functools.partial(<built-in method create_function of sqlite3.Connection object at 0x00000237BEFDF2E0>, 'regexp', 2, <function SQLiteDialect_pysqlite.on_connect.<locals>.regexp at 0x00000237BEFD8220>, deterministic=True)
2026-03-03 14:28:39,339 - aiosqlite - DEBUG - operation functools.partial(<built-in method create_function of sqlite3.Connection object at 0x00000237BEFDF2E0>, 'regexp', 2, <function SQLiteDialect_pysqlite.on_connect.<locals>.regexp at 0x00000237BEFD8220>, deterministic=True) completed
2026-03-03 14:28:39,339 - aiosqlite - DEBUG - executing functools.partial(<built-in method create_function of sqlite3.Connection object at 0x00000237BEFDF2E0>, 'floor', 1, <built-in function floor>, deterministic=True)
2026-03-03 14:28:39,339 - aiosqlite - DEBUG - operation functools.partial(<built-in method create_function of sqlite3.Connection object at 0x00000237BEFDF2E0>, 'floor', 1, <built-in function floor>, deterministic=True) completed
2026-03-03 14:28:39,340 - aiosqlite - DEBUG - executing functools.partial(<built-in method cursor of sqlite3.Connection object at 0x00000237BEFDF2E0>)
2026-03-03 14:28:39,340 - aiosqlite - DEBUG - operation functools.partial(<built-in method cursor of sqlite3.Connection object at 0x00000237BEFDF2E0>) completed
2026-03-03 14:28:39,340 - aiosqlite - DEBUG - executing functools.partial(<built-in method execute of sqlite3.Cursor object at 0x00000237BF060CC0>, 'SELECT products.id, products.name, products.description, products.price, products.image, products.category, products.size, products.color, products.stock, products.created_at \nFROM products \nWHERE products.id = ?', (13,))
2026-03-03 14:28:39,341 - aiosqlite - DEBUG - operation functools.partial(<built-in method execute of sqlite3.Cursor object at 0x00000237BF060CC0>, 'SELECT products.id, products.name, products.description, products.price, products.image, products.category, products.size, products.color, products.stock, products.created_at \nFROM products \nWHERE products.id = ?', (13,)) completed
2026-03-03 14:28:39,342 - aiosqlite - DEBUG - executing functools.partial(<built-in method fetchall of sqlite3.Cursor object at 0x00000237BF060CC0>)
2026-03-03 14:28:39,342 - aiosqlite - DEBUG - operation functools.partial(<built-in method fetchall of sqlite3.Cursor object at 0x00000237BF060CC0>) completed
2026-03-03 14:28:39,342 - aiosqlite - DEBUG - executing functools.partial(<built-in method close of sqlite3.Cursor object at 0x00000237BF060CC0>)
2026-03-03 14:28:39,343 - aiosqlite - DEBUG - operation functools.partial(<built-in method close of sqlite3.Cursor object at 0x00000237BF060CC0>) completed
2026-03-03 14:28:39,343 - services.products - INFO - Updated products 13
2026-03-03 14:28:39,344 - routers.products - INFO - Products 13 updated successfully
2026-03-03 14:28:39,344 - core.database - DEBUG - [DB_OP] Database session cleanup after 0.0209s
2026-03-03 14:28:39,344 - aiosqlite - DEBUG - executing functools.partial(<built-in method rollback of sqlite3.Connection object at 0x00000237BEFDF2E0>)
2026-03-03 14:28:39,344 - aiosqlite - DEBUG - operation functools.partial(<built-in method rollback of sqlite3.Connection object at 0x00000237BEFDF2E0>) completed
2026-03-03 14:28:39,345 - aiosqlite - DEBUG - executing functools.partial(<built-in method rollback of sqlite3.Connection object at 0x00000237BEFDF2E0>)
2026-03-03 14:28:39,345 - aiosqlite - DEBUG - operation functools.partial(<built-in method rollback of sqlite3.Connection object at 0x00000237BEFDF2E0>) completed
2026-03-03 14:28:39,346 - aiosqlite - DEBUG - executing functools.partial(<built-in method close of sqlite3.Connection object at 0x00000237BEFDF2E0>)
2026-03-03 14:28:39,346 - aiosqlite - DEBUG - operation functools.partial(<built-in method close of sqlite3.Connection object at 0x00000237BEFDF2E0>) completed
2026-03-03 14:28:39,355 - core.database - DEBUG - [DB_OP] Starting get_db session creation
2026-03-03 14:28:39,356 - core.database - DEBUG - [DB_OP] Database session created successfully in 0.0010s
2026-03-03 14:28:39,356 - routers.products - DEBUG - Querying productss: query=None, sort=None, skip=0, limit=100, fields=None
2026-03-03 14:28:39,357 - aiosqlite - DEBUG - executing <function connect.<locals>.connector at 0x00000237BF039F80>
2026-03-03 14:28:39,357 - aiosqlite - DEBUG - operation <function connect.<locals>.connector at 0x00000237BF039F80> completed
2026-03-03 14:28:39,358 - aiosqlite - DEBUG - executing functools.partial(<built-in method create_function of sqlite3.Connection object at 0x00000237BEFDEE30>, 'regexp', 2, <function SQLiteDialect_pysqlite.on_connect.<locals>.regexp at 0x00000237BEFD8220>, deterministic=True)
2026-03-03 14:28:39,358 - aiosqlite - DEBUG - operation functools.partial(<built-in method create_function of sqlite3.Connection object at 0x00000237BEFDEE30>, 'regexp', 2, <function SQLiteDialect_pysqlite.on_connect.<locals>.regexp at 0x00000237BEFD8220>, deterministic=True) completed
2026-03-03 14:28:39,359 - aiosqlite - DEBUG - executing functools.partial(<built-in method create_function of sqlite3.Connection object at 0x00000237BEFDEE30>, 'floor', 1, <built-in function floor>, deterministic=True)
2026-03-03 14:28:39,359 - aiosqlite - DEBUG - operation functools.partial(<built-in method create_function of sqlite3.Connection object at 0x00000237BEFDEE30>, 'floor', 1, <built-in function floor>, deterministic=True) completed
2026-03-03 14:28:39,360 - aiosqlite - DEBUG - executing functools.partial(<built-in method cursor of sqlite3.Connection object at 0x00000237BEFDEE30>)
2026-03-03 14:28:39,360 - aiosqlite - DEBUG - operation functools.partial(<built-in method cursor of sqlite3.Connection object at 0x00000237BEFDEE30>) completed
2026-03-03 14:28:39,361 - aiosqlite - DEBUG - executing functools.partial(<built-in method execute of sqlite3.Cursor object at 0x00000237BF060AC0>, 'SELECT count(products.id) AS count_1 \nFROM products', ())
2026-03-03 14:28:39,362 - aiosqlite - DEBUG - operation functools.partial(<built-in method execute of sqlite3.Cursor object at 0x00000237BF060AC0>, 'SELECT count(products.id) AS count_1 \nFROM products', ()) completed
2026-03-03 14:28:39,362 - aiosqlite - DEBUG - executing functools.partial(<built-in method fetchall of sqlite3.Cursor object at 0x00000237BF060AC0>)
2026-03-03 14:28:39,363 - aiosqlite - DEBUG - operation functools.partial(<built-in method fetchall of sqlite3.Cursor object at 0x00000237BF060AC0>) completed
2026-03-03 14:28:39,363 - aiosqlite - DEBUG - executing functools.partial(<built-in method close of sqlite3.Cursor object at 0x00000237BF060AC0>)
2026-03-03 14:28:39,363 - aiosqlite - DEBUG - operation functools.partial(<built-in method close of sqlite3.Cursor object at 0x00000237BF060AC0>) completed
2026-03-03 14:28:39,364 - aiosqlite - DEBUG - executing functools.partial(<built-in method cursor of sqlite3.Connection object at 0x00000237BEFDEE30>)
2026-03-03 14:28:39,365 - aiosqlite - DEBUG - operation functools.partial(<built-in method cursor of sqlite3.Connection object at 0x00000237BEFDEE30>) completed
2026-03-03 14:28:39,365 - aiosqlite - DEBUG - executing functools.partial(<built-in method execute of sqlite3.Cursor object at 0x00000237BF060AC0>, 'SELECT products.id, products.name, products.description, products.price, products.image, products.category, products.size, products.color, products.stock, products.created_at \nFROM products ORDER BY products.id DESC\n LIMIT ? OFFSET ?', (100, 0))
2026-03-03 14:28:39,366 - aiosqlite - DEBUG - operation functools.partial(<built-in method execute of sqlite3.Cursor object at 0x00000237BF060AC0>, 'SELECT products.id, products.name, products.description, products.price, products.image, products.category, products.size, products.color, products.stock, products.created_at \nFROM products ORDER BY products.id DESC\n LIMIT ? OFFSET ?', (100, 0)) completed
2026-03-03 14:28:39,367 - aiosqlite - DEBUG - executing functools.partial(<built-in method fetchall of sqlite3.Cursor object at 0x00000237BF060AC0>)
2026-03-03 14:28:39,367 - aiosqlite - DEBUG - operation functools.partial(<built-in method fetchall of sqlite3.Cursor object at 0x00000237BF060AC0>) completed
2026-03-03 14:28:39,368 - aiosqlite - DEBUG - executing functools.partial(<built-in method close of sqlite3.Cursor object at 0x00000237BF060AC0>)
2026-03-03 14:28:39,368 - aiosqlite - DEBUG - operation functools.partial(<built-in method close of sqlite3.Cursor object at 0x00000237BF060AC0>) completed
2026-03-03 14:28:39,369 - routers.products - DEBUG - Found 15 productss
2026-03-03 14:28:39,369 - core.database - DEBUG - [DB_OP] Database session cleanup after 0.0140s
2026-03-03 14:28:39,370 - aiosqlite - DEBUG - executing functools.partial(<built-in method rollback of sqlite3.Connection object at 0x00000237BEFDEE30>)
2026-03-03 14:28:39,370 - aiosqlite - DEBUG - operation functools.partial(<built-in method rollback of sqlite3.Connection object at 0x00000237BEFDEE30>) completed
2026-03-03 14:28:39,370 - aiosqlite - DEBUG - executing functools.partial(<built-in method rollback of sqlite3.Connection object at 0x00000237BEFDEE30>)
2026-03-03 14:28:39,371 - aiosqlite - DEBUG - operation functools.partial(<built-in method rollback of sqlite3.Connection object at 0x00000237BEFDEE30>) completed
2026-03-03 14:28:39,372 - aiosqlite - DEBUG - executing functools.partial(<built-in method close of sqlite3.Connection object at 0x00000237BEFDEE30>)
2026-03-03 14:28:39,373 - aiosqlite - DEBUG - operation functools.partial(<built-in method close of sqlite3.Connection object at 0x00000237BEFDEE30>) completed
2026-03-03 14:28:40,880 - core.database - DEBUG - [DB_OP] Starting get_db session creation
2026-03-03 14:28:40,880 - core.database - DEBUG - [DB_OP] Database session created successfully in 0.0000s
2026-03-03 14:28:40,881 - routers.products - DEBUG - Querying productss: query=None, sort=None, skip=0, limit=1000, fields=None
2026-03-03 14:28:40,882 - aiosqlite - DEBUG - executing <function connect.<locals>.connector at 0x00000237BF03A340>
2026-03-03 14:28:40,882 - aiosqlite - DEBUG - operation <function connect.<locals>.connector at 0x00000237BF03A340> completed
2026-03-03 14:28:40,883 - aiosqlite - DEBUG - executing functools.partial(<built-in method create_function of sqlite3.Connection object at 0x00000237BEFDF010>, 'regexp', 2, <function SQLiteDialect_pysqlite.on_connect.<locals>.regexp at 0x00000237BEFD8220>, deterministic=True)
2026-03-03 14:28:40,883 - aiosqlite - DEBUG - operation functools.partial(<built-in method create_function of sqlite3.Connection object at 0x00000237BEFDF010>, 'regexp', 2, <function SQLiteDialect_pysqlite.on_connect.<locals>.regexp at 0x00000237BEFD8220>, deterministic=True) completed
2026-03-03 14:28:40,883 - aiosqlite - DEBUG - executing functools.partial(<built-in method create_function of sqlite3.Connection object at 0x00000237BEFDF010>, 'floor', 1, <built-in function floor>, deterministic=True)
2026-03-03 14:28:40,883 - aiosqlite - DEBUG - operation functools.partial(<built-in method create_function of sqlite3.Connection object at 0x00000237BEFDF010>, 'floor', 1, <built-in function floor>, deterministic=True) completed
2026-03-03 14:28:40,884 - aiosqlite - DEBUG - executing functools.partial(<built-in method cursor of sqlite3.Connection object at 0x00000237BEFDF010>)
2026-03-03 14:28:40,884 - aiosqlite - DEBUG - operation functools.partial(<built-in method cursor of sqlite3.Connection object at 0x00000237BEFDF010>) completed
2026-03-03 14:28:40,885 - aiosqlite - DEBUG - executing functools.partial(<built-in method execute of sqlite3.Cursor object at 0x00000237BF060B40>, 'SELECT count(products.id) AS count_1 \nFROM products', ())
2026-03-03 14:28:40,885 - aiosqlite - DEBUG - operation functools.partial(<built-in method execute of sqlite3.Cursor object at 0x00000237BF060B40>, 'SELECT count(products.id) AS count_1 \nFROM products', ()) completed
2026-03-03 14:28:40,886 - aiosqlite - DEBUG - executing functools.partial(<built-in method fetchall of sqlite3.Cursor object at 0x00000237BF060B40>)
2026-03-03 14:28:40,886 - aiosqlite - DEBUG - operation functools.partial(<built-in method fetchall of sqlite3.Cursor object at 0x00000237BF060B40>) completed
2026-03-03 14:28:40,887 - aiosqlite - DEBUG - executing functools.partial(<built-in method close of sqlite3.Cursor object at 0x00000237BF060B40>)
2026-03-03 14:28:40,887 - aiosqlite - DEBUG - operation functools.partial(<built-in method close of sqlite3.Cursor object at 0x00000237BF060B40>) completed
2026-03-03 14:28:40,888 - aiosqlite - DEBUG - executing functools.partial(<built-in method cursor of sqlite3.Connection object at 0x00000237BEFDF010>)
2026-03-03 14:28:40,888 - aiosqlite - DEBUG - operation functools.partial(<built-in method cursor of sqlite3.Connection object at 0x00000237BEFDF010>) completed
2026-03-03 14:28:40,889 - aiosqlite - DEBUG - executing functools.partial(<built-in method execute of sqlite3.Cursor object at 0x00000237BF060B40>, 'SELECT products.id, products.name, products.description, products.price, products.image, products.category, products.size, products.color, products.stock, products.created_at \nFROM products ORDER BY products.id DESC\n LIMIT ? OFFSET ?', (1000, 0))
2026-03-03 14:28:40,889 - aiosqlite - DEBUG - operation functools.partial(<built-in method execute of sqlite3.Cursor object at 0x00000237BF060B40>, 'SELECT products.id, products.name, products.description, products.price, products.image, products.category, products.size, products.color, products.stock, products.created_at \nFROM products ORDER BY products.id DESC\n LIMIT ? OFFSET ?', (1000, 0)) completed
2026-03-03 14:28:40,890 - aiosqlite - DEBUG - executing functools.partial(<built-in method fetchall of sqlite3.Cursor object at 0x00000237BF060B40>)
2026-03-03 14:28:40,890 - aiosqlite - DEBUG - operation functools.partial(<built-in method fetchall of sqlite3.Cursor object at 0x00000237BF060B40>) completed
2026-03-03 14:28:40,890 - aiosqlite - DEBUG - executing functools.partial(<built-in method close of sqlite3.Cursor object at 0x00000237BF060B40>)
2026-03-03 14:28:40,891 - aiosqlite - DEBUG - operation functools.partial(<built-in method close of sqlite3.Cursor object at 0x00000237BF060B40>) completed
2026-03-03 14:28:40,891 - routers.products - DEBUG - Found 15 productss
2026-03-03 14:28:40,892 - core.database - DEBUG - [DB_OP] Database session cleanup after 0.0120s
2026-03-03 14:28:40,892 - aiosqlite - DEBUG - executing functools.partial(<built-in method rollback of sqlite3.Connection object at 0x00000237BEFDF010>)
2026-03-03 14:28:40,893 - aiosqlite - DEBUG - operation functools.partial(<built-in method rollback of sqlite3.Connection object at 0x00000237BEFDF010>) completed
2026-03-03 14:28:40,893 - aiosqlite - DEBUG - executing functools.partial(<built-in method rollback of sqlite3.Connection object at 0x00000237BEFDF010>)
2026-03-03 14:28:40,894 - aiosqlite - DEBUG - operation functools.partial(<built-in method rollback of sqlite3.Connection object at 0x00000237BEFDF010>) completed
2026-03-03 14:28:40,894 - aiosqlite - DEBUG - executing functools.partial(<built-in method close of sqlite3.Connection object at 0x00000237BEFDF010>)
2026-03-03 14:28:40,894 - aiosqlite - DEBUG - operation functools.partial(<built-in method close of sqlite3.Connection object at 0x00000237BEFDF010>) completed
2026-03-03 14:34:42,091 - core.database - DEBUG - [DB_OP] Starting get_db session creation
2026-03-03 14:34:42,092 - core.database - DEBUG - [DB_OP] Database session created successfully in 0.0010s
2026-03-03 14:34:42,092 - routers.products - DEBUG - Querying productss: query=None, sort=None, skip=0, limit=1000, fields=None
2026-03-03 14:34:42,093 - aiosqlite - DEBUG - executing <function connect.<locals>.connector at 0x00000237BF03BBA0>
2026-03-03 14:34:42,094 - aiosqlite - DEBUG - operation <function connect.<locals>.connector at 0x00000237BF03BBA0> completed
2026-03-03 14:34:42,094 - aiosqlite - DEBUG - executing functools.partial(<built-in method create_function of sqlite3.Connection object at 0x00000237BEFDD3F0>, 'regexp', 2, <function SQLiteDialect_pysqlite.on_connect.<locals>.regexp at 0x00000237BEFD8220>, deterministic=True)
2026-03-03 14:34:42,095 - aiosqlite - DEBUG - operation functools.partial(<built-in method create_function of sqlite3.Connection object at 0x00000237BEFDD3F0>, 'regexp', 2, <function SQLiteDialect_pysqlite.on_connect.<locals>.regexp at 0x00000237BEFD8220>, deterministic=True) completed
2026-03-03 14:34:42,095 - aiosqlite - DEBUG - executing functools.partial(<built-in method create_function of sqlite3.Connection object at 0x00000237BEFDD3F0>, 'floor', 1, <built-in function floor>, deterministic=True)
2026-03-03 14:34:42,096 - aiosqlite - DEBUG - operation functools.partial(<built-in method create_function of sqlite3.Connection object at 0x00000237BEFDD3F0>, 'floor', 1, <built-in function floor>, deterministic=True) completed
2026-03-03 14:34:42,097 - aiosqlite - DEBUG - executing functools.partial(<built-in method cursor of sqlite3.Connection object at 0x00000237BEFDD3F0>)
2026-03-03 14:34:42,097 - aiosqlite - DEBUG - operation functools.partial(<built-in method cursor of sqlite3.Connection object at 0x00000237BEFDD3F0>) completed
2026-03-03 14:34:42,097 - aiosqlite - DEBUG - executing functools.partial(<built-in method execute of sqlite3.Cursor object at 0x00000237BF060040>, 'SELECT count(products.id) AS count_1 \nFROM products', ())
2026-03-03 14:34:42,098 - aiosqlite - DEBUG - operation functools.partial(<built-in method execute of sqlite3.Cursor object at 0x00000237BF060040>, 'SELECT count(products.id) AS count_1 \nFROM products', ()) completed
2026-03-03 14:34:42,099 - aiosqlite - DEBUG - executing functools.partial(<built-in method fetchall of sqlite3.Cursor object at 0x00000237BF060040>)
2026-03-03 14:34:42,099 - aiosqlite - DEBUG - operation functools.partial(<built-in method fetchall of sqlite3.Cursor object at 0x00000237BF060040>) completed
2026-03-03 14:34:42,099 - aiosqlite - DEBUG - executing functools.partial(<built-in method close of sqlite3.Cursor object at 0x00000237BF060040>)
2026-03-03 14:34:42,100 - aiosqlite - DEBUG - operation functools.partial(<built-in method close of sqlite3.Cursor object at 0x00000237BF060040>) completed
2026-03-03 14:34:42,101 - aiosqlite - DEBUG - executing functools.partial(<built-in method cursor of sqlite3.Connection object at 0x00000237BEFDD3F0>)
2026-03-03 14:34:42,101 - aiosqlite - DEBUG - operation functools.partial(<built-in method cursor of sqlite3.Connection object at 0x00000237BEFDD3F0>) completed
2026-03-03 14:34:42,101 - aiosqlite - DEBUG - executing functools.partial(<built-in method execute of sqlite3.Cursor object at 0x00000237BF060040>, 'SELECT products.id, products.name, products.description, products.price, products.image, products.category, products.size, products.color, products.stock, products.created_at \nFROM products ORDER BY products.id DESC\n LIMIT ? OFFSET ?', (1000, 0))
2026-03-03 14:34:42,102 - aiosqlite - DEBUG - operation functools.partial(<built-in method execute of sqlite3.Cursor object at 0x00000237BF060040>, 'SELECT products.id, products.name, products.description, products.price, products.image, products.category, products.size, products.color, products.stock, products.created_at \nFROM products ORDER BY products.id DESC\n LIMIT ? OFFSET ?', (1000, 0)) completed
2026-03-03 14:34:42,103 - aiosqlite - DEBUG - executing functools.partial(<built-in method fetchall of sqlite3.Cursor object at 0x00000237BF060040>)
2026-03-03 14:34:42,103 - aiosqlite - DEBUG - operation functools.partial(<built-in method fetchall of sqlite3.Cursor object at 0x00000237BF060040>) completed
2026-03-03 14:34:42,103 - aiosqlite - DEBUG - executing functools.partial(<built-in method close of sqlite3.Cursor object at 0x00000237BF060040>)
2026-03-03 14:34:42,104 - aiosqlite - DEBUG - operation functools.partial(<built-in method close of sqlite3.Cursor object at 0x00000237BF060040>) completed
2026-03-03 14:34:42,104 - routers.products - DEBUG - Found 15 productss
2026-03-03 14:34:42,105 - core.database - DEBUG - [DB_OP] Database session cleanup after 0.0140s
2026-03-03 14:34:42,105 - aiosqlite - DEBUG - executing functools.partial(<built-in method rollback of sqlite3.Connection object at 0x00000237BEFDD3F0>)
2026-03-03 14:34:42,105 - aiosqlite - DEBUG - operation functools.partial(<built-in method rollback of sqlite3.Connection object at 0x00000237BEFDD3F0>) completed
2026-03-03 14:34:42,105 - aiosqlite - DEBUG - executing functools.partial(<built-in method rollback of sqlite3.Connection object at 0x00000237BEFDD3F0>)
2026-03-03 14:34:42,106 - aiosqlite - DEBUG - operation functools.partial(<built-in method rollback of sqlite3.Connection object at 0x00000237BEFDD3F0>) completed
2026-03-03 14:34:42,106 - aiosqlite - DEBUG - executing functools.partial(<built-in method close of sqlite3.Connection object at 0x00000237BEFDD3F0>)
2026-03-03 14:34:42,106 - aiosqlite - DEBUG - operation functools.partial(<built-in method close of sqlite3.Connection object at 0x00000237BEFDD3F0>) completed
2026-03-03 14:34:50,283 - core.database - DEBUG - [DB_OP] Starting get_db session creation
2026-03-03 14:34:50,283 - core.database - DEBUG - [DB_OP] Database session created successfully in 0.0000s
2026-03-03 14:34:50,284 - routers.products - DEBUG - Querying productss: query=None, sort=None, skip=0, limit=1000, fields=None
2026-03-03 14:34:50,285 - aiosqlite - DEBUG - executing <function connect.<locals>.connector at 0x00000237BF03AAC0>
2026-03-03 14:34:50,285 - aiosqlite - DEBUG - operation <function connect.<locals>.connector at 0x00000237BF03AAC0> completed
2026-03-03 14:34:50,287 - aiosqlite - DEBUG - executing functools.partial(<built-in method create_function of sqlite3.Connection object at 0x00000237BEFDC4F0>, 'regexp', 2, <function SQLiteDialect_pysqlite.on_connect.<locals>.regexp at 0x00000237BEFD8220>, deterministic=True)
2026-03-03 14:34:50,287 - aiosqlite - DEBUG - operation functools.partial(<built-in method create_function of sqlite3.Connection object at 0x00000237BEFDC4F0>, 'regexp', 2, <function SQLiteDialect_pysqlite.on_connect.<locals>.regexp at 0x00000237BEFD8220>, deterministic=True) completed
2026-03-03 14:34:50,288 - aiosqlite - DEBUG - executing functools.partial(<built-in method create_function of sqlite3.Connection object at 0x00000237BEFDC4F0>, 'floor', 1, <built-in function floor>, deterministic=True)
2026-03-03 14:34:50,289 - aiosqlite - DEBUG - operation functools.partial(<built-in method create_function of sqlite3.Connection object at 0x00000237BEFDC4F0>, 'floor', 1, <built-in function floor>, deterministic=True) completed
2026-03-03 14:34:50,289 - aiosqlite - DEBUG - executing functools.partial(<built-in method cursor of sqlite3.Connection object at 0x00000237BEFDC4F0>)
2026-03-03 14:34:50,290 - aiosqlite - DEBUG - operation functools.partial(<built-in method cursor of sqlite3.Connection object at 0x00000237BEFDC4F0>) completed
2026-03-03 14:34:50,290 - aiosqlite - DEBUG - executing functools.partial(<built-in method execute of sqlite3.Cursor object at 0x00000237BF0621C0>, 'SELECT count(products.id) AS count_1 \nFROM products', ())
2026-03-03 14:34:50,291 - aiosqlite - DEBUG - operation functools.partial(<built-in method execute of sqlite3.Cursor object at 0x00000237BF0621C0>, 'SELECT count(products.id) AS count_1 \nFROM products', ()) completed
2026-03-03 14:34:50,291 - aiosqlite - DEBUG - executing functools.partial(<built-in method fetchall of sqlite3.Cursor object at 0x00000237BF0621C0>)
2026-03-03 14:34:50,292 - aiosqlite - DEBUG - operation functools.partial(<built-in method fetchall of sqlite3.Cursor object at 0x00000237BF0621C0>) completed
2026-03-03 14:34:50,292 - aiosqlite - DEBUG - executing functools.partial(<built-in method close of sqlite3.Cursor object at 0x00000237BF0621C0>)
2026-03-03 14:34:50,292 - aiosqlite - DEBUG - operation functools.partial(<built-in method close of sqlite3.Cursor object at 0x00000237BF0621C0>) completed
2026-03-03 14:34:50,293 - aiosqlite - DEBUG - executing functools.partial(<built-in method cursor of sqlite3.Connection object at 0x00000237BEFDC4F0>)
2026-03-03 14:34:50,293 - aiosqlite - DEBUG - operation functools.partial(<built-in method cursor of sqlite3.Connection object at 0x00000237BEFDC4F0>) completed
2026-03-03 14:34:50,294 - aiosqlite - DEBUG - executing functools.partial(<built-in method execute of sqlite3.Cursor object at 0x00000237BF0621C0>, 'SELECT products.id, products.name, products.description, products.price, products.image, products.category, products.size, products.color, products.stock, products.created_at \nFROM products ORDER BY products.id DESC\n LIMIT ? OFFSET ?', (1000, 0))
2026-03-03 14:34:50,294 - aiosqlite - DEBUG - operation functools.partial(<built-in method execute of sqlite3.Cursor object at 0x00000237BF0621C0>, 'SELECT products.id, products.name, products.description, products.price, products.image, products.category, products.size, products.color, products.stock, products.created_at \nFROM products ORDER BY products.id DESC\n LIMIT ? OFFSET ?', (1000, 0)) completed
2026-03-03 14:34:50,295 - aiosqlite - DEBUG - executing functools.partial(<built-in method fetchall of sqlite3.Cursor object at 0x00000237BF0621C0>)
2026-03-03 14:34:50,296 - aiosqlite - DEBUG - operation functools.partial(<built-in method fetchall of sqlite3.Cursor object at 0x00000237BF0621C0>) completed
2026-03-03 14:34:50,296 - aiosqlite - DEBUG - executing functools.partial(<built-in method close of sqlite3.Cursor object at 0x00000237BF0621C0>)
2026-03-03 14:34:50,296 - aiosqlite - DEBUG - operation functools.partial(<built-in method close of sqlite3.Cursor object at 0x00000237BF0621C0>) completed
2026-03-03 14:34:50,297 - routers.products - DEBUG - Found 15 productss
2026-03-03 14:34:50,298 - core.database - DEBUG - [DB_OP] Database session cleanup after 0.0150s
2026-03-03 14:34:50,298 - aiosqlite - DEBUG - executing functools.partial(<built-in method rollback of sqlite3.Connection object at 0x00000237BEFDC4F0>)
2026-03-03 14:34:50,298 - aiosqlite - DEBUG - operation functools.partial(<built-in method rollback of sqlite3.Connection object at 0x00000237BEFDC4F0>) completed
2026-03-03 14:34:50,298 - aiosqlite - DEBUG - executing functools.partial(<built-in method rollback of sqlite3.Connection object at 0x00000237BEFDC4F0>)
2026-03-03 14:34:50,299 - aiosqlite - DEBUG - operation functools.partial(<built-in method rollback of sqlite3.Connection object at 0x00000237BEFDC4F0>) completed
2026-03-03 14:34:50,299 - aiosqlite - DEBUG - executing functools.partial(<built-in method close of sqlite3.Connection object at 0x00000237BEFDC4F0>)
2026-03-03 14:34:50,299 - aiosqlite - DEBUG - operation functools.partial(<built-in method close of sqlite3.Connection object at 0x00000237BEFDC4F0>) completed
2026-03-03 14:39:25,090 - core.database - DEBUG - [DB_OP] Starting get_db session creation
2026-03-03 14:39:25,090 - core.database - DEBUG - [DB_OP] Database session created successfully in 0.0000s
2026-03-03 14:39:25,091 - routers.products - DEBUG - Querying productss: query=None, sort=None, skip=0, limit=1000, fields=None
2026-03-03 14:39:25,091 - aiosqlite - DEBUG - executing <function connect.<locals>.connector at 0x00000237BF03BD80>
2026-03-03 14:39:25,091 - aiosqlite - DEBUG - operation <function connect.<locals>.connector at 0x00000237BF03BD80> completed
2026-03-03 14:39:25,092 - aiosqlite - DEBUG - executing functools.partial(<built-in method create_function of sqlite3.Connection object at 0x00000237BEFDF100>, 'regexp', 2, <function SQLiteDialect_pysqlite.on_connect.<locals>.regexp at 0x00000237BEFD8220>, deterministic=True)
2026-03-03 14:39:25,092 - aiosqlite - DEBUG - operation functools.partial(<built-in method create_function of sqlite3.Connection object at 0x00000237BEFDF100>, 'regexp', 2, <function SQLiteDialect_pysqlite.on_connect.<locals>.regexp at 0x00000237BEFD8220>, deterministic=True) completed
2026-03-03 14:39:25,092 - aiosqlite - DEBUG - executing functools.partial(<built-in method create_function of sqlite3.Connection object at 0x00000237BEFDF100>, 'floor', 1, <built-in function floor>, deterministic=True)
2026-03-03 14:39:25,093 - aiosqlite - DEBUG - operation functools.partial(<built-in method create_function of sqlite3.Connection object at 0x00000237BEFDF100>, 'floor', 1, <built-in function floor>, deterministic=True) completed
2026-03-03 14:39:25,093 - aiosqlite - DEBUG - executing functools.partial(<built-in method cursor of sqlite3.Connection object at 0x00000237BEFDF100>)
2026-03-03 14:39:25,093 - aiosqlite - DEBUG - operation functools.partial(<built-in method cursor of sqlite3.Connection object at 0x00000237BEFDF100>) completed
2026-03-03 14:39:25,094 - aiosqlite - DEBUG - executing functools.partial(<built-in method execute of sqlite3.Cursor object at 0x00000237BF060E40>, 'SELECT count(products.id) AS count_1 \nFROM products', ())
2026-03-03 14:39:25,094 - aiosqlite - DEBUG - operation functools.partial(<built-in method execute of sqlite3.Cursor object at 0x00000237BF060E40>, 'SELECT count(products.id) AS count_1 \nFROM products', ()) completed
2026-03-03 14:39:25,094 - aiosqlite - DEBUG - executing functools.partial(<built-in method fetchall of sqlite3.Cursor object at 0x00000237BF060E40>)
2026-03-03 14:39:25,094 - aiosqlite - DEBUG - operation functools.partial(<built-in method fetchall of sqlite3.Cursor object at 0x00000237BF060E40>) completed
2026-03-03 14:39:25,095 - aiosqlite - DEBUG - executing functools.partial(<built-in method close of sqlite3.Cursor object at 0x00000237BF060E40>)
2026-03-03 14:39:25,095 - aiosqlite - DEBUG - operation functools.partial(<built-in method close of sqlite3.Cursor object at 0x00000237BF060E40>) completed
2026-03-03 14:39:25,096 - aiosqlite - DEBUG - executing functools.partial(<built-in method cursor of sqlite3.Connection object at 0x00000237BEFDF100>)
2026-03-03 14:39:25,096 - aiosqlite - DEBUG - operation functools.partial(<built-in method cursor of sqlite3.Connection object at 0x00000237BEFDF100>) completed
2026-03-03 14:39:25,097 - aiosqlite - DEBUG - executing functools.partial(<built-in method execute of sqlite3.Cursor object at 0x00000237BF060E40>, 'SELECT products.id, products.name, products.description, products.price, products.image, products.category, products.size, products.color, products.stock, products.created_at \nFROM products ORDER BY products.id DESC\n LIMIT ? OFFSET ?', (1000, 0))
2026-03-03 14:39:25,097 - aiosqlite - DEBUG - operation functools.partial(<built-in method execute of sqlite3.Cursor object at 0x00000237BF060E40>, 'SELECT products.id, products.name, products.description, products.price, products.image, products.category, products.size, products.color, products.stock, products.created_at \nFROM products ORDER BY products.id DESC\n LIMIT ? OFFSET ?', (1000, 0)) completed
2026-03-03 14:39:25,097 - aiosqlite - DEBUG - executing functools.partial(<built-in method fetchall of sqlite3.Cursor object at 0x00000237BF060E40>)
2026-03-03 14:39:25,098 - aiosqlite - DEBUG - operation functools.partial(<built-in method fetchall of sqlite3.Cursor object at 0x00000237BF060E40>) completed
2026-03-03 14:39:25,098 - aiosqlite - DEBUG - executing functools.partial(<built-in method close of sqlite3.Cursor object at 0x00000237BF060E40>)
2026-03-03 14:39:25,098 - aiosqlite - DEBUG - operation functools.partial(<built-in method close of sqlite3.Cursor object at 0x00000237BF060E40>) completed
2026-03-03 14:39:25,099 - routers.products - DEBUG - Found 15 productss
2026-03-03 14:39:25,099 - core.database - DEBUG - [DB_OP] Database session cleanup after 0.0090s
2026-03-03 14:39:25,100 - aiosqlite - DEBUG - executing functools.partial(<built-in method rollback of sqlite3.Connection object at 0x00000237BEFDF100>)
2026-03-03 14:39:25,100 - aiosqlite - DEBUG - operation functools.partial(<built-in method rollback of sqlite3.Connection object at 0x00000237BEFDF100>) completed
2026-03-03 14:39:25,100 - aiosqlite - DEBUG - executing functools.partial(<built-in method rollback of sqlite3.Connection object at 0x00000237BEFDF100>)
2026-03-03 14:39:25,100 - aiosqlite - DEBUG - operation functools.partial(<built-in method rollback of sqlite3.Connection object at 0x00000237BEFDF100>) completed
2026-03-03 14:39:25,101 - aiosqlite - DEBUG - executing functools.partial(<built-in method close of sqlite3.Connection object at 0x00000237BEFDF100>)
2026-03-03 14:39:25,101 - aiosqlite - DEBUG - operation functools.partial(<built-in method close of sqlite3.Connection object at 0x00000237BEFDF100>) completed
2026-03-03 14:39:27,745 - core.database - DEBUG - [DB_OP] Starting get_db session creation
2026-03-03 14:39:27,746 - core.database - DEBUG - [DB_OP] Database session created successfully in 0.0010s
2026-03-03 14:39:27,746 - routers.products - DEBUG - Querying productss: query=None, sort=None, skip=0, limit=1000, fields=None
2026-03-03 14:39:27,747 - aiosqlite - DEBUG - executing <function connect.<locals>.connector at 0x00000237BF03BD80>
2026-03-03 14:39:27,747 - aiosqlite - DEBUG - operation <function connect.<locals>.connector at 0x00000237BF03BD80> completed
2026-03-03 14:39:27,748 - aiosqlite - DEBUG - executing functools.partial(<built-in method create_function of sqlite3.Connection object at 0x00000237BEFDF4C0>, 'regexp', 2, <function SQLiteDialect_pysqlite.on_connect.<locals>.regexp at 0x00000237BEFD8220>, deterministic=True)
2026-03-03 14:39:27,749 - aiosqlite - DEBUG - operation functools.partial(<built-in method create_function of sqlite3.Connection object at 0x00000237BEFDF4C0>, 'regexp', 2, <function SQLiteDialect_pysqlite.on_connect.<locals>.regexp at 0x00000237BEFD8220>, deterministic=True) completed
2026-03-03 14:39:27,749 - aiosqlite - DEBUG - executing functools.partial(<built-in method create_function of sqlite3.Connection object at 0x00000237BEFDF4C0>, 'floor', 1, <built-in function floor>, deterministic=True)
2026-03-03 14:39:27,749 - aiosqlite - DEBUG - operation functools.partial(<built-in method create_function of sqlite3.Connection object at 0x00000237BEFDF4C0>, 'floor', 1, <built-in function floor>, deterministic=True) completed
2026-03-03 14:39:27,750 - aiosqlite - DEBUG - executing functools.partial(<built-in method cursor of sqlite3.Connection object at 0x00000237BEFDF4C0>)
2026-03-03 14:39:27,750 - aiosqlite - DEBUG - operation functools.partial(<built-in method cursor of sqlite3.Connection object at 0x00000237BEFDF4C0>) completed
2026-03-03 14:39:27,750 - aiosqlite - DEBUG - executing functools.partial(<built-in method execute of sqlite3.Cursor object at 0x00000237BF060FC0>, 'SELECT count(products.id) AS count_1 \nFROM products', ())
2026-03-03 14:39:27,751 - aiosqlite - DEBUG - operation functools.partial(<built-in method execute of sqlite3.Cursor object at 0x00000237BF060FC0>, 'SELECT count(products.id) AS count_1 \nFROM products', ()) completed
2026-03-03 14:39:27,751 - aiosqlite - DEBUG - executing functools.partial(<built-in method fetchall of sqlite3.Cursor object at 0x00000237BF060FC0>)
2026-03-03 14:39:27,752 - aiosqlite - DEBUG - operation functools.partial(<built-in method fetchall of sqlite3.Cursor object at 0x00000237BF060FC0>) completed
2026-03-03 14:39:27,752 - aiosqlite - DEBUG - executing functools.partial(<built-in method close of sqlite3.Cursor object at 0x00000237BF060FC0>)
2026-03-03 14:39:27,752 - aiosqlite - DEBUG - operation functools.partial(<built-in method close of sqlite3.Cursor object at 0x00000237BF060FC0>) completed
2026-03-03 14:39:27,753 - aiosqlite - DEBUG - executing functools.partial(<built-in method cursor of sqlite3.Connection object at 0x00000237BEFDF4C0>)
2026-03-03 14:39:27,753 - aiosqlite - DEBUG - operation functools.partial(<built-in method cursor of sqlite3.Connection object at 0x00000237BEFDF4C0>) completed
2026-03-03 14:39:27,753 - aiosqlite - DEBUG - executing functools.partial(<built-in method execute of sqlite3.Cursor object at 0x00000237BF060FC0>, 'SELECT products.id, products.name, products.description, products.price, products.image, products.category, products.size, products.color, products.stock, products.created_at \nFROM products ORDER BY products.id DESC\n LIMIT ? OFFSET ?', (1000, 0))
2026-03-03 14:39:27,754 - aiosqlite - DEBUG - operation functools.partial(<built-in method execute of sqlite3.Cursor object at 0x00000237BF060FC0>, 'SELECT products.id, products.name, products.description, products.price, products.image, products.category, products.size, products.color, products.stock, products.created_at \nFROM products ORDER BY products.id DESC\n LIMIT ? OFFSET ?', (1000, 0)) completed
2026-03-03 14:39:27,754 - aiosqlite - DEBUG - executing functools.partial(<built-in method fetchall of sqlite3.Cursor object at 0x00000237BF060FC0>)
2026-03-03 14:39:27,755 - aiosqlite - DEBUG - operation functools.partial(<built-in method fetchall of sqlite3.Cursor object at 0x00000237BF060FC0>) completed
2026-03-03 14:39:27,755 - aiosqlite - DEBUG - executing functools.partial(<built-in method close of sqlite3.Cursor object at 0x00000237BF060FC0>)
2026-03-03 14:39:27,755 - aiosqlite - DEBUG - operation functools.partial(<built-in method close of sqlite3.Cursor object at 0x00000237BF060FC0>) completed
2026-03-03 14:39:27,756 - routers.products - DEBUG - Found 15 productss
2026-03-03 14:39:27,756 - core.database - DEBUG - [DB_OP] Database session cleanup after 0.0110s
2026-03-03 14:39:27,756 - aiosqlite - DEBUG - executing functools.partial(<built-in method rollback of sqlite3.Connection object at 0x00000237BEFDF4C0>)
2026-03-03 14:39:27,757 - aiosqlite - DEBUG - operation functools.partial(<built-in method rollback of sqlite3.Connection object at 0x00000237BEFDF4C0>) completed
2026-03-03 14:39:27,757 - aiosqlite - DEBUG - executing functools.partial(<built-in method rollback of sqlite3.Connection object at 0x00000237BEFDF4C0>)
2026-03-03 14:39:27,757 - aiosqlite - DEBUG - operation functools.partial(<built-in method rollback of sqlite3.Connection object at 0x00000237BEFDF4C0>) completed
2026-03-03 14:39:27,757 - aiosqlite - DEBUG - executing functools.partial(<built-in method close of sqlite3.Connection object at 0x00000237BEFDF4C0>)
2026-03-03 14:39:27,758 - aiosqlite - DEBUG - operation functools.partial(<built-in method close of sqlite3.Connection object at 0x00000237BEFDF4C0>) completed
2026-03-03 14:39:56,610 - core.database - DEBUG - [DB_OP] Starting get_db session creation
2026-03-03 14:39:56,610 - core.database - DEBUG - [DB_OP] Database session created successfully in 0.0000s
2026-03-03 14:39:56,610 - routers.products - DEBUG - Querying productss: query=None, sort=None, skip=0, limit=1000, fields=None
2026-03-03 14:39:56,610 - aiosqlite - DEBUG - executing <function connect.<locals>.connector at 0x00000237BF039F80>
2026-03-03 14:39:56,611 - aiosqlite - DEBUG - operation <function connect.<locals>.connector at 0x00000237BF039F80> completed
2026-03-03 14:39:56,611 - aiosqlite - DEBUG - executing functools.partial(<built-in method create_function of sqlite3.Connection object at 0x00000237BEFDF2E0>, 'regexp', 2, <function SQLiteDialect_pysqlite.on_connect.<locals>.regexp at 0x00000237BEFD8220>, deterministic=True)
2026-03-03 14:39:56,611 - aiosqlite - DEBUG - operation functools.partial(<built-in method create_function of sqlite3.Connection object at 0x00000237BEFDF2E0>, 'regexp', 2, <function SQLiteDialect_pysqlite.on_connect.<locals>.regexp at 0x00000237BEFD8220>, deterministic=True) completed
2026-03-03 14:39:56,611 - aiosqlite - DEBUG - executing functools.partial(<built-in method create_function of sqlite3.Connection object at 0x00000237BEFDF2E0>, 'floor', 1, <built-in function floor>, deterministic=True)
2026-03-03 14:39:56,612 - aiosqlite - DEBUG - operation functools.partial(<built-in method create_function of sqlite3.Connection object at 0x00000237BEFDF2E0>, 'floor', 1, <built-in function floor>, deterministic=True) completed
2026-03-03 14:39:56,612 - aiosqlite - DEBUG - executing functools.partial(<built-in method cursor of sqlite3.Connection object at 0x00000237BEFDF2E0>)
2026-03-03 14:39:56,612 - aiosqlite - DEBUG - operation functools.partial(<built-in method cursor of sqlite3.Connection object at 0x00000237BEFDF2E0>) completed
2026-03-03 14:39:56,612 - aiosqlite - DEBUG - executing functools.partial(<built-in method execute of sqlite3.Cursor object at 0x00000237BF0600C0>, 'SELECT count(products.id) AS count_1 \nFROM products', ())
2026-03-03 14:39:56,613 - aiosqlite - DEBUG - operation functools.partial(<built-in method execute of sqlite3.Cursor object at 0x00000237BF0600C0>, 'SELECT count(products.id) AS count_1 \nFROM products', ()) completed
2026-03-03 14:39:56,613 - aiosqlite - DEBUG - executing functools.partial(<built-in method fetchall of sqlite3.Cursor object at 0x00000237BF0600C0>)
2026-03-03 14:39:56,613 - aiosqlite - DEBUG - operation functools.partial(<built-in method fetchall of sqlite3.Cursor object at 0x00000237BF0600C0>) completed
2026-03-03 14:39:56,614 - aiosqlite - DEBUG - executing functools.partial(<built-in method close of sqlite3.Cursor object at 0x00000237BF0600C0>)
2026-03-03 14:39:56,614 - aiosqlite - DEBUG - operation functools.partial(<built-in method close of sqlite3.Cursor object at 0x00000237BF0600C0>) completed
2026-03-03 14:39:56,614 - aiosqlite - DEBUG - executing functools.partial(<built-in method cursor of sqlite3.Connection object at 0x00000237BEFDF2E0>)
2026-03-03 14:39:56,615 - aiosqlite - DEBUG - operation functools.partial(<built-in method cursor of sqlite3.Connection object at 0x00000237BEFDF2E0>) completed
2026-03-03 14:39:56,615 - aiosqlite - DEBUG - executing functools.partial(<built-in method execute of sqlite3.Cursor object at 0x00000237BF0600C0>, 'SELECT products.id, products.name, products.description, products.price, products.image, products.category, products.size, products.color, products.stock, products.created_at \nFROM products ORDER BY products.id DESC\n LIMIT ? OFFSET ?', (1000, 0))
2026-03-03 14:39:56,615 - aiosqlite - DEBUG - operation functools.partial(<built-in method execute of sqlite3.Cursor object at 0x00000237BF0600C0>, 'SELECT products.id, products.name, products.description, products.price, products.image, products.category, products.size, products.color, products.stock, products.created_at \nFROM products ORDER BY products.id DESC\n LIMIT ? OFFSET ?', (1000, 0)) completed
2026-03-03 14:39:56,616 - aiosqlite - DEBUG - executing functools.partial(<built-in method fetchall of sqlite3.Cursor object at 0x00000237BF0600C0>)
2026-03-03 14:39:56,616 - aiosqlite - DEBUG - operation functools.partial(<built-in method fetchall of sqlite3.Cursor object at 0x00000237BF0600C0>) completed
2026-03-03 14:39:56,617 - aiosqlite - DEBUG - executing functools.partial(<built-in method close of sqlite3.Cursor object at 0x00000237BF0600C0>)
2026-03-03 14:39:56,617 - aiosqlite - DEBUG - operation functools.partial(<built-in method close of sqlite3.Cursor object at 0x00000237BF0600C0>) completed
2026-03-03 14:39:56,617 - routers.products - DEBUG - Found 15 productss
2026-03-03 14:39:56,618 - core.database - DEBUG - [DB_OP] Database session cleanup after 0.0085s
2026-03-03 14:39:56,618 - aiosqlite - DEBUG - executing functools.partial(<built-in method rollback of sqlite3.Connection object at 0x00000237BEFDF2E0>)
2026-03-03 14:39:56,618 - aiosqlite - DEBUG - operation functools.partial(<built-in method rollback of sqlite3.Connection object at 0x00000237BEFDF2E0>) completed
2026-03-03 14:39:56,618 - aiosqlite - DEBUG - executing functools.partial(<built-in method rollback of sqlite3.Connection object at 0x00000237BEFDF2E0>)
2026-03-03 14:39:56,618 - aiosqlite - DEBUG - operation functools.partial(<built-in method rollback of sqlite3.Connection object at 0x00000237BEFDF2E0>) completed
2026-03-03 14:39:56,619 - aiosqlite - DEBUG - executing functools.partial(<built-in method close of sqlite3.Connection object at 0x00000237BEFDF2E0>)
2026-03-03 14:39:56,619 - aiosqlite - DEBUG - operation functools.partial(<built-in method close of sqlite3.Connection object at 0x00000237BEFDF2E0>) completed
2026-03-03 14:40:01,246 - core.database - DEBUG - [DB_OP] Starting get_db session creation
2026-03-03 14:40:01,246 - core.database - DEBUG - [DB_OP] Database session created successfully in 0.0000s
2026-03-03 14:40:01,247 - routers.products - DEBUG - Querying productss: query=None, sort=None, skip=0, limit=1000, fields=None
2026-03-03 14:40:01,248 - aiosqlite - DEBUG - executing <function connect.<locals>.connector at 0x00000237BF039F80>
2026-03-03 14:40:01,248 - aiosqlite - DEBUG - operation <function connect.<locals>.connector at 0x00000237BF039F80> completed
2026-03-03 14:40:01,248 - aiosqlite - DEBUG - executing functools.partial(<built-in method create_function of sqlite3.Connection object at 0x00000237BEFDEF20>, 'regexp', 2, <function SQLiteDialect_pysqlite.on_connect.<locals>.regexp at 0x00000237BEFD8220>, deterministic=True)
2026-03-03 14:40:01,249 - aiosqlite - DEBUG - operation functools.partial(<built-in method create_function of sqlite3.Connection object at 0x00000237BEFDEF20>, 'regexp', 2, <function SQLiteDialect_pysqlite.on_connect.<locals>.regexp at 0x00000237BEFD8220>, deterministic=True) completed
2026-03-03 14:40:01,249 - aiosqlite - DEBUG - executing functools.partial(<built-in method create_function of sqlite3.Connection object at 0x00000237BEFDEF20>, 'floor', 1, <built-in function floor>, deterministic=True)
2026-03-03 14:40:01,249 - aiosqlite - DEBUG - operation functools.partial(<built-in method create_function of sqlite3.Connection object at 0x00000237BEFDEF20>, 'floor', 1, <built-in function floor>, deterministic=True) completed
2026-03-03 14:40:01,250 - aiosqlite - DEBUG - executing functools.partial(<built-in method cursor of sqlite3.Connection object at 0x00000237BEFDEF20>)
2026-03-03 14:40:01,250 - aiosqlite - DEBUG - operation functools.partial(<built-in method cursor of sqlite3.Connection object at 0x00000237BEFDEF20>) completed
2026-03-03 14:40:01,250 - aiosqlite - DEBUG - executing functools.partial(<built-in method execute of sqlite3.Cursor object at 0x00000237BF0603C0>, 'SELECT count(products.id) AS count_1 \nFROM products', ())
2026-03-03 14:40:01,251 - aiosqlite - DEBUG - operation functools.partial(<built-in method execute of sqlite3.Cursor object at 0x00000237BF0603C0>, 'SELECT count(products.id) AS count_1 \nFROM products', ()) completed
2026-03-03 14:40:01,251 - aiosqlite - DEBUG - executing functools.partial(<built-in method fetchall of sqlite3.Cursor object at 0x00000237BF0603C0>)
2026-03-03 14:40:01,252 - aiosqlite - DEBUG - operation functools.partial(<built-in method fetchall of sqlite3.Cursor object at 0x00000237BF0603C0>) completed
2026-03-03 14:40:01,252 - aiosqlite - DEBUG - executing functools.partial(<built-in method close of sqlite3.Cursor object at 0x00000237BF0603C0>)
2026-03-03 14:40:01,253 - aiosqlite - DEBUG - operation functools.partial(<built-in method close of sqlite3.Cursor object at 0x00000237BF0603C0>) completed
2026-03-03 14:40:01,254 - aiosqlite - DEBUG - executing functools.partial(<built-in method cursor of sqlite3.Connection object at 0x00000237BEFDEF20>)
2026-03-03 14:40:01,254 - aiosqlite - DEBUG - operation functools.partial(<built-in method cursor of sqlite3.Connection object at 0x00000237BEFDEF20>) completed
2026-03-03 14:40:01,255 - aiosqlite - DEBUG - executing functools.partial(<built-in method execute of sqlite3.Cursor object at 0x00000237BF0603C0>, 'SELECT products.id, products.name, products.description, products.price, products.image, products.category, products.size, products.color, products.stock, products.created_at \nFROM products ORDER BY products.id DESC\n LIMIT ? OFFSET ?', (1000, 0))
2026-03-03 14:40:01,256 - aiosqlite - DEBUG - operation functools.partial(<built-in method execute of sqlite3.Cursor object at 0x00000237BF0603C0>, 'SELECT products.id, products.name, products.description, products.price, products.image, products.category, products.size, products.color, products.stock, products.created_at \nFROM products ORDER BY products.id DESC\n LIMIT ? OFFSET ?', (1000, 0)) completed
2026-03-03 14:40:01,256 - aiosqlite - DEBUG - executing functools.partial(<built-in method fetchall of sqlite3.Cursor object at 0x00000237BF0603C0>)
2026-03-03 14:40:01,257 - aiosqlite - DEBUG - operation functools.partial(<built-in method fetchall of sqlite3.Cursor object at 0x00000237BF0603C0>) completed
2026-03-03 14:40:01,257 - aiosqlite - DEBUG - executing functools.partial(<built-in method close of sqlite3.Cursor object at 0x00000237BF0603C0>)
2026-03-03 14:40:01,257 - aiosqlite - DEBUG - operation functools.partial(<built-in method close of sqlite3.Cursor object at 0x00000237BF0603C0>) completed
2026-03-03 14:40:01,258 - routers.products - DEBUG - Found 15 productss
2026-03-03 14:40:01,259 - core.database - DEBUG - [DB_OP] Database session cleanup after 0.0130s
2026-03-03 14:40:01,260 - aiosqlite - DEBUG - executing functools.partial(<built-in method rollback of sqlite3.Connection object at 0x00000237BEFDEF20>)
2026-03-03 14:40:01,260 - aiosqlite - DEBUG - operation functools.partial(<built-in method rollback of sqlite3.Connection object at 0x00000237BEFDEF20>) completed
2026-03-03 14:40:01,261 - aiosqlite - DEBUG - executing functools.partial(<built-in method rollback of sqlite3.Connection object at 0x00000237BEFDEF20>)
2026-03-03 14:40:01,261 - aiosqlite - DEBUG - operation functools.partial(<built-in method rollback of sqlite3.Connection object at 0x00000237BEFDEF20>) completed
2026-03-03 14:40:01,261 - aiosqlite - DEBUG - executing functools.partial(<built-in method close of sqlite3.Connection object at 0x00000237BEFDEF20>)
2026-03-03 14:40:01,262 - aiosqlite - DEBUG - operation functools.partial(<built-in method close of sqlite3.Connection object at 0x00000237BEFDEF20>) completed
2026-03-03 14:40:15,754 - core.database - DEBUG - [DB_OP] Starting get_db session creation
2026-03-03 14:40:15,754 - core.database - DEBUG - [DB_OP] Database session created successfully in 0.0000s
2026-03-03 14:40:15,754 - routers.products - DEBUG - Querying productss: query=None, sort=None, skip=0, limit=100, fields=None
2026-03-03 14:40:15,755 - aiosqlite - DEBUG - executing <function connect.<locals>.connector at 0x00000237BF039F80>
2026-03-03 14:40:15,755 - aiosqlite - DEBUG - operation <function connect.<locals>.connector at 0x00000237BF039F80> completed
2026-03-03 14:40:15,756 - aiosqlite - DEBUG - executing functools.partial(<built-in method create_function of sqlite3.Connection object at 0x00000237BEFDD5D0>, 'regexp', 2, <function SQLiteDialect_pysqlite.on_connect.<locals>.regexp at 0x00000237BEFD8220>, deterministic=True)
2026-03-03 14:40:15,756 - aiosqlite - DEBUG - operation functools.partial(<built-in method create_function of sqlite3.Connection object at 0x00000237BEFDD5D0>, 'regexp', 2, <function SQLiteDialect_pysqlite.on_connect.<locals>.regexp at 0x00000237BEFD8220>, deterministic=True) completed
2026-03-03 14:40:15,756 - aiosqlite - DEBUG - executing functools.partial(<built-in method create_function of sqlite3.Connection object at 0x00000237BEFDD5D0>, 'floor', 1, <built-in function floor>, deterministic=True)
2026-03-03 14:40:15,756 - aiosqlite - DEBUG - operation functools.partial(<built-in method create_function of sqlite3.Connection object at 0x00000237BEFDD5D0>, 'floor', 1, <built-in function floor>, deterministic=True) completed
2026-03-03 14:40:15,757 - aiosqlite - DEBUG - executing functools.partial(<built-in method cursor of sqlite3.Connection object at 0x00000237BEFDD5D0>)
2026-03-03 14:40:15,757 - aiosqlite - DEBUG - operation functools.partial(<built-in method cursor of sqlite3.Connection object at 0x00000237BEFDD5D0>) completed
2026-03-03 14:40:15,757 - aiosqlite - DEBUG - executing functools.partial(<built-in method execute of sqlite3.Cursor object at 0x00000237BF061440>, 'SELECT count(products.id) AS count_1 \nFROM products', ())
2026-03-03 14:40:15,758 - aiosqlite - DEBUG - operation functools.partial(<built-in method execute of sqlite3.Cursor object at 0x00000237BF061440>, 'SELECT count(products.id) AS count_1 \nFROM products', ()) completed
2026-03-03 14:40:15,758 - aiosqlite - DEBUG - executing functools.partial(<built-in method fetchall of sqlite3.Cursor object at 0x00000237BF061440>)
2026-03-03 14:40:15,759 - aiosqlite - DEBUG - operation functools.partial(<built-in method fetchall of sqlite3.Cursor object at 0x00000237BF061440>) completed
2026-03-03 14:40:15,759 - aiosqlite - DEBUG - executing functools.partial(<built-in method close of sqlite3.Cursor object at 0x00000237BF061440>)
2026-03-03 14:40:15,760 - aiosqlite - DEBUG - operation functools.partial(<built-in method close of sqlite3.Cursor object at 0x00000237BF061440>) completed
2026-03-03 14:40:15,761 - aiosqlite - DEBUG - executing functools.partial(<built-in method cursor of sqlite3.Connection object at 0x00000237BEFDD5D0>)
2026-03-03 14:40:15,762 - aiosqlite - DEBUG - operation functools.partial(<built-in method cursor of sqlite3.Connection object at 0x00000237BEFDD5D0>) completed
2026-03-03 14:40:15,762 - aiosqlite - DEBUG - executing functools.partial(<built-in method execute of sqlite3.Cursor object at 0x00000237BF061440>, 'SELECT products.id, products.name, products.description, products.price, products.image, products.category, products.size, products.color, products.stock, products.created_at \nFROM products ORDER BY products.id DESC\n LIMIT ? OFFSET ?', (100, 0))
2026-03-03 14:40:15,762 - aiosqlite - DEBUG - operation functools.partial(<built-in method execute of sqlite3.Cursor object at 0x00000237BF061440>, 'SELECT products.id, products.name, products.description, products.price, products.image, products.category, products.size, products.color, products.stock, products.created_at \nFROM products ORDER BY products.id DESC\n LIMIT ? OFFSET ?', (100, 0)) completed
2026-03-03 14:40:15,763 - aiosqlite - DEBUG - executing functools.partial(<built-in method fetchall of sqlite3.Cursor object at 0x00000237BF061440>)
2026-03-03 14:40:15,763 - aiosqlite - DEBUG - operation functools.partial(<built-in method fetchall of sqlite3.Cursor object at 0x00000237BF061440>) completed
2026-03-03 14:40:15,764 - aiosqlite - DEBUG - executing functools.partial(<built-in method close of sqlite3.Cursor object at 0x00000237BF061440>)
2026-03-03 14:40:15,764 - aiosqlite - DEBUG - operation functools.partial(<built-in method close of sqlite3.Cursor object at 0x00000237BF061440>) completed
2026-03-03 14:40:15,765 - routers.products - DEBUG - Found 15 productss
2026-03-03 14:40:15,766 - core.database - DEBUG - [DB_OP] Database session cleanup after 0.0120s
2026-03-03 14:40:15,767 - aiosqlite - DEBUG - executing functools.partial(<built-in method rollback of sqlite3.Connection object at 0x00000237BEFDD5D0>)
2026-03-03 14:40:15,768 - aiosqlite - DEBUG - operation functools.partial(<built-in method rollback of sqlite3.Connection object at 0x00000237BEFDD5D0>) completed
2026-03-03 14:40:15,768 - aiosqlite - DEBUG - executing functools.partial(<built-in method rollback of sqlite3.Connection object at 0x00000237BEFDD5D0>)
2026-03-03 14:40:15,768 - aiosqlite - DEBUG - operation functools.partial(<built-in method rollback of sqlite3.Connection object at 0x00000237BEFDD5D0>) completed
2026-03-03 14:40:15,769 - aiosqlite - DEBUG - executing functools.partial(<built-in method close of sqlite3.Connection object at 0x00000237BEFDD5D0>)
2026-03-03 14:40:15,769 - aiosqlite - DEBUG - operation functools.partial(<built-in method close of sqlite3.Connection object at 0x00000237BEFDD5D0>) completed
2026-03-03 14:40:21,440 - core.database - DEBUG - [DB_OP] Starting get_db session creation
2026-03-03 14:40:21,440 - core.database - DEBUG - [DB_OP] Database session created successfully in 0.0000s
2026-03-03 14:40:21,441 - routers.products - DEBUG - Querying productss: query=None, sort=None, skip=0, limit=1000, fields=None
2026-03-03 14:40:21,441 - aiosqlite - DEBUG - executing <function connect.<locals>.connector at 0x00000237BF03BBA0>
2026-03-03 14:40:21,442 - aiosqlite - DEBUG - operation <function connect.<locals>.connector at 0x00000237BF03BBA0> completed
2026-03-03 14:40:21,442 - aiosqlite - DEBUG - executing functools.partial(<built-in method create_function of sqlite3.Connection object at 0x00000237BEFDD3F0>, 'regexp', 2, <function SQLiteDialect_pysqlite.on_connect.<locals>.regexp at 0x00000237BEFD8220>, deterministic=True)
2026-03-03 14:40:21,443 - aiosqlite - DEBUG - operation functools.partial(<built-in method create_function of sqlite3.Connection object at 0x00000237BEFDD3F0>, 'regexp', 2, <function SQLiteDialect_pysqlite.on_connect.<locals>.regexp at 0x00000237BEFD8220>, deterministic=True) completed
2026-03-03 14:40:21,443 - aiosqlite - DEBUG - executing functools.partial(<built-in method create_function of sqlite3.Connection object at 0x00000237BEFDD3F0>, 'floor', 1, <built-in function floor>, deterministic=True)
2026-03-03 14:40:21,443 - aiosqlite - DEBUG - operation functools.partial(<built-in method create_function of sqlite3.Connection object at 0x00000237BEFDD3F0>, 'floor', 1, <built-in function floor>, deterministic=True) completed
2026-03-03 14:40:21,444 - aiosqlite - DEBUG - executing functools.partial(<built-in method cursor of sqlite3.Connection object at 0x00000237BEFDD3F0>)
2026-03-03 14:40:21,444 - aiosqlite - DEBUG - operation functools.partial(<built-in method cursor of sqlite3.Connection object at 0x00000237BEFDD3F0>) completed
2026-03-03 14:40:21,444 - aiosqlite - DEBUG - executing functools.partial(<built-in method execute of sqlite3.Cursor object at 0x00000237BF0600C0>, 'SELECT count(products.id) AS count_1 \nFROM products', ())
2026-03-03 14:40:21,444 - aiosqlite - DEBUG - operation functools.partial(<built-in method execute of sqlite3.Cursor object at 0x00000237BF0600C0>, 'SELECT count(products.id) AS count_1 \nFROM products', ()) completed
2026-03-03 14:40:21,445 - aiosqlite - DEBUG - executing functools.partial(<built-in method fetchall of sqlite3.Cursor object at 0x00000237BF0600C0>)
2026-03-03 14:40:21,445 - aiosqlite - DEBUG - operation functools.partial(<built-in method fetchall of sqlite3.Cursor object at 0x00000237BF0600C0>) completed
2026-03-03 14:40:21,445 - aiosqlite - DEBUG - executing functools.partial(<built-in method close of sqlite3.Cursor object at 0x00000237BF0600C0>)
2026-03-03 14:40:21,445 - aiosqlite - DEBUG - operation functools.partial(<built-in method close of sqlite3.Cursor object at 0x00000237BF0600C0>) completed
2026-03-03 14:40:21,446 - aiosqlite - DEBUG - executing functools.partial(<built-in method cursor of sqlite3.Connection object at 0x00000237BEFDD3F0>)
2026-03-03 14:40:21,447 - aiosqlite - DEBUG - operation functools.partial(<built-in method cursor of sqlite3.Connection object at 0x00000237BEFDD3F0>) completed
2026-03-03 14:40:21,447 - aiosqlite - DEBUG - executing functools.partial(<built-in method execute of sqlite3.Cursor object at 0x00000237BF0600C0>, 'SELECT products.id, products.name, products.description, products.price, products.image, products.category, products.size, products.color, products.stock, products.created_at \nFROM products ORDER BY products.id DESC\n LIMIT ? OFFSET ?', (1000, 0))
2026-03-03 14:40:21,447 - aiosqlite - DEBUG - operation functools.partial(<built-in method execute of sqlite3.Cursor object at 0x00000237BF0600C0>, 'SELECT products.id, products.name, products.description, products.price, products.image, products.category, products.size, products.color, products.stock, products.created_at \nFROM products ORDER BY products.id DESC\n LIMIT ? OFFSET ?', (1000, 0)) completed
2026-03-03 14:40:21,448 - aiosqlite - DEBUG - executing functools.partial(<built-in method fetchall of sqlite3.Cursor object at 0x00000237BF0600C0>)
2026-03-03 14:40:21,448 - aiosqlite - DEBUG - operation functools.partial(<built-in method fetchall of sqlite3.Cursor object at 0x00000237BF0600C0>) completed
2026-03-03 14:40:21,449 - aiosqlite - DEBUG - executing functools.partial(<built-in method close of sqlite3.Cursor object at 0x00000237BF0600C0>)
2026-03-03 14:40:21,449 - aiosqlite - DEBUG - operation functools.partial(<built-in method close of sqlite3.Cursor object at 0x00000237BF0600C0>) completed
2026-03-03 14:40:21,449 - routers.products - DEBUG - Found 15 productss
2026-03-03 14:40:21,450 - core.database - DEBUG - [DB_OP] Database session cleanup after 0.0100s
2026-03-03 14:40:21,450 - aiosqlite - DEBUG - executing functools.partial(<built-in method rollback of sqlite3.Connection object at 0x00000237BEFDD3F0>)
2026-03-03 14:40:21,450 - aiosqlite - DEBUG - operation functools.partial(<built-in method rollback of sqlite3.Connection object at 0x00000237BEFDD3F0>) completed
2026-03-03 14:40:21,450 - aiosqlite - DEBUG - executing functools.partial(<built-in method rollback of sqlite3.Connection object at 0x00000237BEFDD3F0>)
2026-03-03 14:40:21,451 - aiosqlite - DEBUG - operation functools.partial(<built-in method rollback of sqlite3.Connection object at 0x00000237BEFDD3F0>) completed
2026-03-03 14:40:21,451 - aiosqlite - DEBUG - executing functools.partial(<built-in method close of sqlite3.Connection object at 0x00000237BEFDD3F0>)
2026-03-03 14:40:21,451 - aiosqlite - DEBUG - operation functools.partial(<built-in method close of sqlite3.Connection object at 0x00000237BEFDD3F0>) completed
2026-03-03 14:43:31,721 - core.database - DEBUG - [DB_OP] Starting get_db session creation
2026-03-03 14:43:31,721 - core.database - DEBUG - [DB_OP] Database session created successfully in 0.0000s
2026-03-03 14:43:31,722 - routers.products - DEBUG - Querying productss: query=None, sort=None, skip=0, limit=100, fields=None
2026-03-03 14:43:31,722 - aiosqlite - DEBUG - executing <function connect.<locals>.connector at 0x00000237BF03A200>
2026-03-03 14:43:31,723 - aiosqlite - DEBUG - operation <function connect.<locals>.connector at 0x00000237BF03A200> completed
2026-03-03 14:43:31,723 - aiosqlite - DEBUG - executing functools.partial(<built-in method create_function of sqlite3.Connection object at 0x00000237BEFDC4F0>, 'regexp', 2, <function SQLiteDialect_pysqlite.on_connect.<locals>.regexp at 0x00000237BEFD8220>, deterministic=True)
2026-03-03 14:43:31,724 - aiosqlite - DEBUG - operation functools.partial(<built-in method create_function of sqlite3.Connection object at 0x00000237BEFDC4F0>, 'regexp', 2, <function SQLiteDialect_pysqlite.on_connect.<locals>.regexp at 0x00000237BEFD8220>, deterministic=True) completed
2026-03-03 14:43:31,725 - aiosqlite - DEBUG - executing functools.partial(<built-in method create_function of sqlite3.Connection object at 0x00000237BEFDC4F0>, 'floor', 1, <built-in function floor>, deterministic=True)
2026-03-03 14:43:31,725 - aiosqlite - DEBUG - operation functools.partial(<built-in method create_function of sqlite3.Connection object at 0x00000237BEFDC4F0>, 'floor', 1, <built-in function floor>, deterministic=True) completed
2026-03-03 14:43:31,726 - aiosqlite - DEBUG - executing functools.partial(<built-in method cursor of sqlite3.Connection object at 0x00000237BEFDC4F0>)
2026-03-03 14:43:31,726 - aiosqlite - DEBUG - operation functools.partial(<built-in method cursor of sqlite3.Connection object at 0x00000237BEFDC4F0>) completed
2026-03-03 14:43:31,726 - aiosqlite - DEBUG - executing functools.partial(<built-in method execute of sqlite3.Cursor object at 0x00000237BF060540>, 'SELECT count(products.id) AS count_1 \nFROM products', ())
2026-03-03 14:43:31,727 - aiosqlite - DEBUG - operation functools.partial(<built-in method execute of sqlite3.Cursor object at 0x00000237BF060540>, 'SELECT count(products.id) AS count_1 \nFROM products', ()) completed
2026-03-03 14:43:31,728 - aiosqlite - DEBUG - executing functools.partial(<built-in method fetchall of sqlite3.Cursor object at 0x00000237BF060540>)
2026-03-03 14:43:31,728 - aiosqlite - DEBUG - operation functools.partial(<built-in method fetchall of sqlite3.Cursor object at 0x00000237BF060540>) completed
2026-03-03 14:43:31,728 - aiosqlite - DEBUG - executing functools.partial(<built-in method close of sqlite3.Cursor object at 0x00000237BF060540>)
2026-03-03 14:43:31,728 - aiosqlite - DEBUG - operation functools.partial(<built-in method close of sqlite3.Cursor object at 0x00000237BF060540>) completed
2026-03-03 14:43:31,729 - aiosqlite - DEBUG - executing functools.partial(<built-in method cursor of sqlite3.Connection object at 0x00000237BEFDC4F0>)
2026-03-03 14:43:31,729 - aiosqlite - DEBUG - operation functools.partial(<built-in method cursor of sqlite3.Connection object at 0x00000237BEFDC4F0>) completed
2026-03-03 14:43:31,729 - aiosqlite - DEBUG - executing functools.partial(<built-in method execute of sqlite3.Cursor object at 0x00000237BF060540>, 'SELECT products.id, products.name, products.description, products.price, products.image, products.category, products.size, products.color, products.stock, products.created_at \nFROM products ORDER BY products.id DESC\n LIMIT ? OFFSET ?', (100, 0))
2026-03-03 14:43:31,730 - aiosqlite - DEBUG - operation functools.partial(<built-in method execute of sqlite3.Cursor object at 0x00000237BF060540>, 'SELECT products.id, products.name, products.description, products.price, products.image, products.category, products.size, products.color, products.stock, products.created_at \nFROM products ORDER BY products.id DESC\n LIMIT ? OFFSET ?', (100, 0)) completed
2026-03-03 14:43:31,731 - aiosqlite - DEBUG - executing functools.partial(<built-in method fetchall of sqlite3.Cursor object at 0x00000237BF060540>)
2026-03-03 14:43:31,732 - aiosqlite - DEBUG - operation functools.partial(<built-in method fetchall of sqlite3.Cursor object at 0x00000237BF060540>) completed
2026-03-03 14:43:31,733 - aiosqlite - DEBUG - executing functools.partial(<built-in method close of sqlite3.Cursor object at 0x00000237BF060540>)
2026-03-03 14:43:31,733 - aiosqlite - DEBUG - operation functools.partial(<built-in method close of sqlite3.Cursor object at 0x00000237BF060540>) completed
2026-03-03 14:43:31,734 - routers.products - DEBUG - Found 15 productss
2026-03-03 14:43:31,735 - core.database - DEBUG - [DB_OP] Database session cleanup after 0.0140s
2026-03-03 14:43:31,735 - aiosqlite - DEBUG - executing functools.partial(<built-in method rollback of sqlite3.Connection object at 0x00000237BEFDC4F0>)
2026-03-03 14:43:31,735 - aiosqlite - DEBUG - operation functools.partial(<built-in method rollback of sqlite3.Connection object at 0x00000237BEFDC4F0>) completed
2026-03-03 14:43:31,736 - aiosqlite - DEBUG - executing functools.partial(<built-in method rollback of sqlite3.Connection object at 0x00000237BEFDC4F0>)
2026-03-03 14:43:31,736 - aiosqlite - DEBUG - operation functools.partial(<built-in method rollback of sqlite3.Connection object at 0x00000237BEFDC4F0>) completed
2026-03-03 14:43:31,736 - aiosqlite - DEBUG - executing functools.partial(<built-in method close of sqlite3.Connection object at 0x00000237BEFDC4F0>)
2026-03-03 14:43:31,737 - aiosqlite - DEBUG - operation functools.partial(<built-in method close of sqlite3.Connection object at 0x00000237BEFDC4F0>) completed
2026-03-03 14:43:36,917 - core.database - DEBUG - [DB_OP] Starting get_db session creation
2026-03-03 14:43:36,917 - core.database - DEBUG - [DB_OP] Database session created successfully in 0.0000s
2026-03-03 14:43:36,918 - routers.products - DEBUG - Querying productss: query=None, sort=None, skip=0, limit=1000, fields=None
2026-03-03 14:43:36,918 - aiosqlite - DEBUG - executing <function connect.<locals>.connector at 0x00000237BF03BD80>
2026-03-03 14:43:36,919 - aiosqlite - DEBUG - operation <function connect.<locals>.connector at 0x00000237BF03BD80> completed
2026-03-03 14:43:36,919 - aiosqlite - DEBUG - executing functools.partial(<built-in method create_function of sqlite3.Connection object at 0x00000237BEFDF100>, 'regexp', 2, <function SQLiteDialect_pysqlite.on_connect.<locals>.regexp at 0x00000237BEFD8220>, deterministic=True)
2026-03-03 14:43:36,920 - aiosqlite - DEBUG - operation functools.partial(<built-in method create_function of sqlite3.Connection object at 0x00000237BEFDF100>, 'regexp', 2, <function SQLiteDialect_pysqlite.on_connect.<locals>.regexp at 0x00000237BEFD8220>, deterministic=True) completed
2026-03-03 14:43:36,920 - aiosqlite - DEBUG - executing functools.partial(<built-in method create_function of sqlite3.Connection object at 0x00000237BEFDF100>, 'floor', 1, <built-in function floor>, deterministic=True)
2026-03-03 14:43:36,920 - aiosqlite - DEBUG - operation functools.partial(<built-in method create_function of sqlite3.Connection object at 0x00000237BEFDF100>, 'floor', 1, <built-in function floor>, deterministic=True) completed
2026-03-03 14:43:36,921 - aiosqlite - DEBUG - executing functools.partial(<built-in method cursor of sqlite3.Connection object at 0x00000237BEFDF100>)
2026-03-03 14:43:36,921 - aiosqlite - DEBUG - operation functools.partial(<built-in method cursor of sqlite3.Connection object at 0x00000237BEFDF100>) completed
2026-03-03 14:43:36,921 - aiosqlite - DEBUG - executing functools.partial(<built-in method execute of sqlite3.Cursor object at 0x00000237BF047940>, 'SELECT count(products.id) AS count_1 \nFROM products', ())
2026-03-03 14:43:36,921 - aiosqlite - DEBUG - operation functools.partial(<built-in method execute of sqlite3.Cursor object at 0x00000237BF047940>, 'SELECT count(products.id) AS count_1 \nFROM products', ()) completed
2026-03-03 14:43:36,922 - aiosqlite - DEBUG - executing functools.partial(<built-in method fetchall of sqlite3.Cursor object at 0x00000237BF047940>)
2026-03-03 14:43:36,922 - aiosqlite - DEBUG - operation functools.partial(<built-in method fetchall of sqlite3.Cursor object at 0x00000237BF047940>) completed
2026-03-03 14:43:36,922 - aiosqlite - DEBUG - executing functools.partial(<built-in method close of sqlite3.Cursor object at 0x00000237BF047940>)
2026-03-03 14:43:36,922 - aiosqlite - DEBUG - operation functools.partial(<built-in method close of sqlite3.Cursor object at 0x00000237BF047940>) completed
2026-03-03 14:43:36,923 - aiosqlite - DEBUG - executing functools.partial(<built-in method cursor of sqlite3.Connection object at 0x00000237BEFDF100>)
2026-03-03 14:43:36,923 - aiosqlite - DEBUG - operation functools.partial(<built-in method cursor of sqlite3.Connection object at 0x00000237BEFDF100>) completed
2026-03-03 14:43:36,924 - aiosqlite - DEBUG - executing functools.partial(<built-in method execute of sqlite3.Cursor object at 0x00000237BF047940>, 'SELECT products.id, products.name, products.description, products.price, products.image, products.category, products.size, products.color, products.stock, products.created_at \nFROM products ORDER BY products.id DESC\n LIMIT ? OFFSET ?', (1000, 0))
2026-03-03 14:43:36,924 - aiosqlite - DEBUG - operation functools.partial(<built-in method execute of sqlite3.Cursor object at 0x00000237BF047940>, 'SELECT products.id, products.name, products.description, products.price, products.image, products.category, products.size, products.color, products.stock, products.created_at \nFROM products ORDER BY products.id DESC\n LIMIT ? OFFSET ?', (1000, 0)) completed
2026-03-03 14:43:36,924 - aiosqlite - DEBUG - executing functools.partial(<built-in method fetchall of sqlite3.Cursor object at 0x00000237BF047940>)
2026-03-03 14:43:36,925 - aiosqlite - DEBUG - operation functools.partial(<built-in method fetchall of sqlite3.Cursor object at 0x00000237BF047940>) completed
2026-03-03 14:43:36,925 - aiosqlite - DEBUG - executing functools.partial(<built-in method close of sqlite3.Cursor object at 0x00000237BF047940>)
2026-03-03 14:43:36,925 - aiosqlite - DEBUG - operation functools.partial(<built-in method close of sqlite3.Cursor object at 0x00000237BF047940>) completed
2026-03-03 14:43:36,926 - routers.products - DEBUG - Found 15 productss
2026-03-03 14:43:36,927 - core.database - DEBUG - [DB_OP] Database session cleanup after 0.0100s
2026-03-03 14:43:36,927 - aiosqlite - DEBUG - executing functools.partial(<built-in method rollback of sqlite3.Connection object at 0x00000237BEFDF100>)
2026-03-03 14:43:36,927 - aiosqlite - DEBUG - operation functools.partial(<built-in method rollback of sqlite3.Connection object at 0x00000237BEFDF100>) completed
2026-03-03 14:43:36,927 - aiosqlite - DEBUG - executing functools.partial(<built-in method rollback of sqlite3.Connection object at 0x00000237BEFDF100>)
2026-03-03 14:43:36,928 - aiosqlite - DEBUG - operation functools.partial(<built-in method rollback of sqlite3.Connection object at 0x00000237BEFDF100>) completed
2026-03-03 14:43:36,928 - aiosqlite - DEBUG - executing functools.partial(<built-in method close of sqlite3.Connection object at 0x00000237BEFDF100>)
2026-03-03 14:43:36,928 - aiosqlite - DEBUG - operation functools.partial(<built-in method close of sqlite3.Connection object at 0x00000237BEFDF100>) completed
